  0
SECTION
  2
HEADER
  9
$ACADVER
  1
AC1018
  9
$ACADMAINTVER
 70
     0
  9
$DWGCODEPAGE
  3
ANSI_1252
  9
$LASTSAVEDBY
  1
cloudconvert
  9
$INSBASE
 10
0.0
 20
0.0
 30
0.0
  9
$EXTMIN
 10
694.5161634939977
 20
604.4048868691566
 30
-0.0015258207003583
  9
$EXTMAX
 10
1327.430856086959
 20
1122.658933791134
 30
0.0000000349246037
  9
$LIMMIN
 10
0.0
 20
0.0
  9
$LIMMAX
 10
1200.0
 20
1200.0
  9
$ORTHOMODE
 70
     1
  9
$REGENMODE
 70
     1
  9
$FILLMODE
 70
     1
  9
$QTEXTMODE
 70
     0
  9
$MIRRTEXT
 70
     0
  9
$LTSCALE
 40
1.0
  9
$ATTMODE
 70
     1
  9
$TEXTSIZE
 40
2.5
  9
$TRACEWID
 40
1.0
  9
$TEXTSTYLE
  7
Standard
  9
$CLAYER
  8
DIM
  9
$CELTYPE
  6
ByLayer
  9
$CECOLOR
 62
   256
  9
$CELTSCALE
 40
1.0
  9
$DISPSILH
 70
     0
  9
$DIMSCALE
 40
1.0
  9
$DIMASZ
 40
2.5
  9
$DIMEXO
 40
0.625
  9
$DIMDLI
 40
3.75
  9
$DIMRND
 40
0.0
  9
$DIMDLE
 40
0.0
  9
$DIMEXE
 40
1.25
  9
$DIMTP
 40
0.0
  9
$DIMTM
 40
0.0
  9
$DIMTXT
 40
2.5
  9
$DIMCEN
 40
2.5
  9
$DIMTSZ
 40
0.0
  9
$DIMTOL
 70
     0
  9
$DIMLIM
 70
     0
  9
$DIMTIH
 70
     0
  9
$DIMTOH
 70
     0
  9
$DIMSE1
 70
     0
  9
$DIMSE2
 70
     0
  9
$DIMTAD
 70
     1
  9
$DIMZIN
 70
     8
  9
$DIMBLK
  1
ArchTick
  9
$DIMASO
 70
     1
  9
$DIMSHO
 70
     1
  9
$DIMPOST
  1

  9
$DIMAPOST
  1

  9
$DIMALT
 70
     0
  9
$DIMALTD
 70
     3
  9
$DIMALTF
 40
0.03937007874016
  9
$DIMLFAC
 40
1.0
  9
$DIMTOFL
 70
     1
  9
$DIMTVP
 40
0.0
  9
$DIMTIX
 70
     0
  9
$DIMSOXD
 70
     0
  9
$DIMSAH
 70
     0
  9
$DIMBLK1
  1

  9
$DIMBLK2
  1

  9
$DIMSTYLE
  2
ISO-25
  9
$DIMCLRD
 70
     0
  9
$DIMCLRE
 70
     0
  9
$DIMCLRT
 70
     0
  9
$DIMTFAC
 40
1.0
  9
$DIMGAP
 40
0.625
  9
$DIMJUST
 70
     0
  9
$DIMSD1
 70
     0
  9
$DIMSD2
 70
     0
  9
$DIMTOLJ
 70
     0
  9
$DIMTZIN
 70
     8
  9
$DIMALTZ
 70
     0
  9
$DIMALTTZ
 70
     0
  9
$DIMUPT
 70
     0
  9
$DIMDEC
 70
     2
  9
$DIMTDEC
 70
     2
  9
$DIMALTU
 70
     2
  9
$DIMALTTD
 70
     3
  9
$DIMTXSTY
  7
Standard
  9
$DIMAUNIT
 70
     0
  9
$DIMADEC
 70
     0
  9
$DIMALTRND
 40
0.0
  9
$DIMAZIN
 70
     0
  9
$DIMDSEP
 70
    44
  9
$DIMATFIT
 70
     3
  9
$DIMFRAC
 70
     0
  9
$DIMLDRBLK
  1

  9
$DIMLUNIT
 70
     4
  9
$DIMLWD
 70
    -2
  9
$DIMLWE
 70
    -2
  9
$DIMTMOVE
 70
     0
  9
$LUNITS
 70
     4
  9
$LUPREC
 70
     2
  9
$SKETCHINC
 40
1.0
  9
$FILLETRAD
 40
24.0
  9
$AUNITS
 70
     0
  9
$AUPREC
 70
     0
  9
$MENU
  1
.
  9
$ELEVATION
 40
0.0
  9
$PELEVATION
 40
0.0
  9
$THICKNESS
 40
0.0
  9
$LIMCHECK
 70
     0
  9
$CHAMFERA
 40
0.0
  9
$CHAMFERB
 40
0.0
  9
$CHAMFERC
 40
0.0
  9
$CHAMFERD
 40
0.0
  9
$SKPOLY
 70
     0
  9
$TDCREATE
 40
2460998.232928241
  9
$TDUCREATE
 40
2460998.232928241
  9
$TDUPDATE
 40
2461167.419088692
  9
$TDUUPDATE
 40
2461167.419088692
  9
$TDINDWG
 40
0.4025925926
  9
$TDUSRTIMER
 40
0.4025925926
  9
$USRTIMER
 70
     1
  9
$ANGBASE
 50
0.0
  9
$ANGDIR
 70
     0
  9
$PDMODE
 70
     0
  9
$PDSIZE
 40
0.0
  9
$PLINEWID
 40
0.0
  9
$SPLFRAME
 70
     0
  9
$SPLINETYPE
 70
     6
  9
$SPLINESEGS
 70
     8
  9
$HANDSEED
  5
970
  9
$SURFTAB1
 70
     6
  9
$SURFTAB2
 70
     6
  9
$SURFTYPE
 70
     6
  9
$SURFU
 70
     6
  9
$SURFV
 70
     6
  9
$UCSBASE
  2

  9
$UCSNAME
  2

  9
$UCSORG
 10
0.0
 20
0.0
 30
0.0
  9
$UCSXDIR
 10
1.0
 20
0.0
 30
0.0
  9
$UCSYDIR
 10
0.0
 20
1.0
 30
0.0
  9
$UCSORTHOREF
  2

  9
$UCSORTHOVIEW
 70
     0
  9
$UCSORGTOP
 10
0.0
 20
0.0
 30
0.0
  9
$UCSORGBOTTOM
 10
0.0
 20
0.0
 30
0.0
  9
$UCSORGLEFT
 10
0.0
 20
0.0
 30
0.0
  9
$UCSORGRIGHT
 10
0.0
 20
0.0
 30
0.0
  9
$UCSORGFRONT
 10
0.0
 20
0.0
 30
0.0
  9
$UCSORGBACK
 10
0.0
 20
0.0
 30
0.0
  9
$PUCSBASE
  2

  9
$PUCSNAME
  2

  9
$PUCSORG
 10
0.0
 20
0.0
 30
0.0
  9
$PUCSXDIR
 10
1.0
 20
0.0
 30
0.0
  9
$PUCSYDIR
 10
0.0
 20
1.0
 30
0.0
  9
$PUCSORTHOREF
  2

  9
$PUCSORTHOVIEW
 70
     0
  9
$PUCSORGTOP
 10
0.0
 20
0.0
 30
0.0
  9
$PUCSORGBOTTOM
 10
0.0
 20
0.0
 30
0.0
  9
$PUCSORGLEFT
 10
0.0
 20
0.0
 30
0.0
  9
$PUCSORGRIGHT
 10
0.0
 20
0.0
 30
0.0
  9
$PUCSORGFRONT
 10
0.0
 20
0.0
 30
0.0
  9
$PUCSORGBACK
 10
0.0
 20
0.0
 30
0.0
  9
$USERI1
 70
     0
  9
$USERI2
 70
     0
  9
$USERI3
 70
     0
  9
$USERI4
 70
     0
  9
$USERI5
 70
     0
  9
$USERR1
 40
0.0
  9
$USERR2
 40
0.0
  9
$USERR3
 40
0.0
  9
$USERR4
 40
0.0
  9
$USERR5
 40
0.0
  9
$WORLDVIEW
 70
     1
  9
$SHADEDGE
 70
     3
  9
$SHADEDIF
 70
    70
  9
$TILEMODE
 70
     1
  9
$MAXACTVP
 70
    64
  9
$PINSBASE
 10
0.0
 20
0.0
 30
0.0
  9
$PLIMCHECK
 70
     0
  9
$PEXTMIN
 10
0.0
 20
0.0
 30
0.0
  9
$PEXTMAX
 10
0.0
 20
0.0
 30
0.0
  9
$PLIMMIN
 10
0.0
 20
0.0
  9
$PLIMMAX
 10
12.0
 20
9.0
  9
$UNITMODE
 70
     0
  9
$VISRETAIN
 70
     1
  9
$PLINEGEN
 70
     0
  9
$PSLTSCALE
 70
     1
  9
$TREEDEPTH
 70
  3020
  9
$CMLSTYLE
  2
Standard
  9
$CMLJUST
 70
     0
  9
$CMLSCALE
 40
20.0
  9
$PROXYGRAPHICS
 70
     1
  9
$MEASUREMENT
 70
     1
  9
$CELWEIGHT
370
    -1
  9
$ENDCAPS
280
     0
  9
$JOINSTYLE
280
     0
  9
$LWDISPLAY
290
     0
  9
$INSUNITS
 70
     2
  9
$HYPERLINKBASE
  1

  9
$STYLESHEET
  1
monochrome.ctb
  9
$XEDIT
290
     1
  9
$CEPSNTYPE
380
     0
  9
$PSTYLEMODE
290
     1
  9
$FINGERPRINTGUID
  2
{56BCD66B-6AB6-5D47-BD92-0791F6EEBC14}
  9
$VERSIONGUID
  2
{96653966-231C-8A4C-9466-2EB18D727DCC}
  9
$EXTNAMES
290
     1
  9
$PSVPSCALE
 40
0.0
  9
$OLESTARTUP
290
     0
  9
$SORTENTS
280
   127
  9
$INDEXCTL
280
     0
  9
$HIDETEXT
280
     1
  9
$XCLIPFRAME
290
     0
  9
$HALOGAP
280
     0
  9
$OBSCOLOR
 70
   257
  9
$OBSLTYPE
280
     0
  9
$INTERSECTIONDISPLAY
280
     0
  9
$INTERSECTIONCOLOR
 70
   257
  9
$DIMASSOC
280
     2
  9
$PROJECTNAME
  1

  0
ENDSEC
  0
SECTION
  2
CLASSES
  0
CLASS
  1
ACDBDICTIONARYWDFLT
  2
AcDbDictionaryWithDefault
  3
ObjectDBX Classes
 90
        0
 91
        3
280
     0
281
     0
  0
CLASS
  1
ACDBPLACEHOLDER
  2
AcDbPlaceHolder
  3
ObjectDBX Classes
 90
        0
 91
        1
280
     0
281
     0
  0
CLASS
  1
LAYOUT
  2
AcDbLayout
  3
ObjectDBX Classes
 90
        0
 91
        1
280
     0
281
     0
  0
CLASS
  1
DICTIONARYVAR
  2
AcDbDictionaryVar
  3
ObjectDBX Classes
 90
        0
 91
        3
280
     0
281
     0
  0
CLASS
  1
TABLESTYLE
  2
AcDbTableStyle
  3
ObjectDBX Classes
 90
     4095
 91
        3
280
     0
281
     0
  0
CLASS
  1
MATERIAL
  2
AcDbMaterial
  3
ObjectDBX Classes
 90
     1153
 91
        3
280
     0
281
     0
  0
CLASS
  1
VISUALSTYLE
  2
AcDbVisualStyle
  3
ObjectDBX Classes
 90
     4095
 91
        3
280
     0
281
     0
  0
CLASS
  1
SCALE
  2
AcDbScale
  3
ObjectDBX Classes
 90
     1153
 91
        3
280
     0
281
     0
  0
CLASS
  1
MLEADERSTYLE
  2
AcDbMLeaderStyle
  3
ACDB_MLEADERSTYLE_CLASS
 90
     4095
 91
        3
280
     0
281
     0
  0
CLASS
  1
CELLSTYLEMAP
  2
AcDbCellStyleMap
  3
ObjectDBX Classes
 90
     1152
 91
        3
280
     0
281
     0
  0
CLASS
  1
EXACXREFPANELOBJECT
  2
ExAcXREFPanelObject
  3
EXAC_ESW
 90
     1025
 91
        1
280
     1
281
     0
  0
CLASS
  1
NPOCOLLECTION
  2
AcDbImpNonPersistentObjectsCollection
  3
ObjectDBX Classes
 90
     1153
 91
        1
280
     1
281
     0
  0
CLASS
  1
LAYER_INDEX
  2
AcDbLayerIndex
  3
ObjectDBX Classes
 90
        0
 91
        3
280
     0
281
     0
  0
CLASS
  1
SPATIAL_INDEX
  2
AcDbSpatialIndex
  3
AutoCAD 2000
 90
        0
 91
        3
280
     0
281
     0
  0
CLASS
  1
IDBUFFER
  2
AcDbIdBuffer
  3
ObjectDBX Classes
 90
        0
 91
        3
280
     0
281
     0
  0
CLASS
  1
ACDBSECTIONVIEWSTYLE
  2
AcDbSectionViewStyle
  3
ObjectDBX Classes
 90
     1025
 91
        3
280
     0
281
     0
  0
CLASS
  1
ACDBDETAILVIEWSTYLE
  2
AcDbDetailViewStyle
  3
ObjectDBX Classes
 90
     1025
 91
        3
280
     0
281
     0
  0
CLASS
  1
SORTENTSTABLE
  2
AcDbSortentsTable
  3
ObjectDBX Classes
 90
        0
 91
        3
280
     0
281
     0
  0
CLASS
  1
DIMASSOC
  2
AcDbDimAssoc
  3
"AcDbDimAssoc|Product Desc:     AcDim ARX App For Dimension|Company:          Autodesk, Inc.|WEB Address:      www.autodesk.com"
 90
        0
 91
        3
280
     0
281
     0
  0
CLASS
  1
PLOTSETTINGS
  2
AcDbPlotSettings
  3
ObjectDBX Classes
 90
        0
 91
        3
280
     0
281
     0
  0
CLASS
  1
RAPIDRTRENDERSETTINGS
  2
AcDbRapidRTRenderSettings
  3
ObjectDBX Classes
 90
     1024
 91
        3
280
     0
281
     0
  0
CLASS
  1
ACDBASSOCNETWORK
  2
AcDbAssocNetwork
  3
ObjectDBX Classes
 90
     1025
 91
        1
280
     1
281
     0
  0
CLASS
  1
ACDBASSOC2DCONSTRAINTGROUP
  2
AcDbAssoc2dConstraintGroup
  3
ObjectDBX Classes
 90
     1025
 91
        1
280
     1
281
     0
  0
CLASS
  1
ACDBASSOCGEOMDEPENDENCY
  2
AcDbAssocGeomDependency
  3
ObjectDBX Classes
 90
     1025
 91
        1
280
     1
281
     0
  0
ENDSEC
  0
SECTION
  2
TABLES
  0
TABLE
  2
VPORT
  5
8
102
{ACAD_XDICTIONARY
360
923
102
}
330
0
100
AcDbSymbolTable
 70
     1
  0
VPORT
  5
EA
330
8
100
AcDbSymbolTableRecord
100
AcDbViewportTableRecord
  2
*Active
 70
     0
 10
0.0
 20
0.0
 11
1.0
 21
1.0
 12
1125.79322575433
 22
820.9942668926433
 13
0.0
 23
0.0
 14
10.0
 24
10.0
 15
10.0
 25
10.0
 16
0.0
 26
0.0
 36
1.0
 17
0.0
 27
0.0
 37
0.0
 40
806.0302606106577
 41
2.55525965379494
 42
50.0
 43
0.0
 44
0.0
 50
0.0
 51
0.0
 71
     0
 72
  1000
 73
     1
 74
     3
 75
     0
 76
     1
 77
     0
 78
     0
281
     0
 65
     1
110
0.0
120
0.0
130
0.0
111
1.0
121
0.0
131
0.0
112
0.0
122
1.0
132
0.0
 79
     0
146
0.0
1001
ACAD_NAV_VCDISPLAY
1070
     3
  0
ENDTAB
  0
TABLE
  2
LTYPE
  5
5
330
0
100
AcDbSymbolTable
 70
     2
  0
LTYPE
  5
14
330
5
100
AcDbSymbolTableRecord
100
AcDbLinetypeTableRecord
  2
ByBlock
 70
     0
  3

 72
    65
 73
     0
 40
0.0
  0
LTYPE
  5
15
330
5
100
AcDbSymbolTableRecord
100
AcDbLinetypeTableRecord
  2
ByLayer
 70
     0
  3

 72
    65
 73
     0
 40
0.0
  0
LTYPE
  5
16
330
5
100
AcDbSymbolTableRecord
100
AcDbLinetypeTableRecord
  2
Continuous
 70
     0
  3
Solid line
 72
    65
 73
     0
 40
0.0
  0
LTYPE
  5
2DB
330
5
100
AcDbSymbolTableRecord
100
AcDbLinetypeTableRecord
  2
HIDDEN
 70
     0
  3
Hidden __ __ __ __ __ __ __ __ __ __ __ __ __ _
 72
    65
 73
     2
 40
9.524999999999999
 49
6.35
 74
     0
 49
-3.175
 74
     0
  0
ENDTAB
  0
TABLE
  2
LAYER
  5
2
102
{ACAD_XDICTIONARY
360
1FF
102
}
330
0
100
AcDbSymbolTable
 70
    12
  0
LAYER
  5
10
330
2
100
AcDbSymbolTableRecord
100
AcDbLayerTableRecord
  2
0
 70
     0
 62
     7
  6
Continuous
370
    -3
390
F
  0
LAYER
  5
2CC
330
2
100
AcDbSymbolTableRecord
100
AcDbLayerTableRecord
  2
WALL
 70
     0
 62
     3
  6
Continuous
370
    -3
390
F
1001
AcAecLayerStandard
1000

1000

1001
AcCmTransparency
1071
        0
  0
LAYER
  5
2D0
330
2
100
AcDbSymbolTableRecord
100
AcDbLayerTableRecord
  2
DOOR
 70
     0
 62
    10
  6
Continuous
370
    -3
390
F
1001
AcAecLayerStandard
1000

1000

1001
AcCmTransparency
1071
        0
  0
LAYER
  5
2D1
330
2
100
AcDbSymbolTableRecord
100
AcDbLayerTableRecord
  2
WINDOWS
 70
     0
 62
   224
  6
Continuous
370
    -3
390
F
1001
AcAecLayerStandard
1000

1000

1001
AcCmTransparency
1071
        0
  0
LAYER
  5
2D2
330
2
100
AcDbSymbolTableRecord
100
AcDbLayerTableRecord
  2
CHAJJA
 70
     0
 62
     4
  6
HIDDEN
370
    -3
390
F
1001
AcAecLayerStandard
1000

1000

1001
AcCmTransparency
1071
        0
  0
LAYER
  5
2D3
330
2
100
AcDbSymbolTableRecord
100
AcDbLayerTableRecord
  2
DIM
 70
     0
 62
     7
  6
Continuous
370
    -3
390
F
1001
AcAecLayerStandard
1000

1000

1001
AcCmTransparency
1071
        0
  0
LAYER
  5
2D4
330
2
100
AcDbSymbolTableRecord
100
AcDbLayerTableRecord
  2
STAIRS
 70
     0
 62
     4
  6
Continuous
370
    -3
390
F
1001
AcAecLayerStandard
1000

1000

1001
AcCmTransparency
1071
        0
  0
LAYER
  5
2D5
330
2
100
AcDbSymbolTableRecord
100
AcDbLayerTableRecord
  2
LINE
 70
     0
 62
     7
  6
Continuous
370
    -3
390
F
1001
AcAecLayerStandard
1000

1000

1001
AcCmTransparency
1071
        0
  0
LAYER
  5
2D6
330
2
100
AcDbSymbolTableRecord
100
AcDbLayerTableRecord
  2
COLUMN
 70
     0
 62
     6
  6
Continuous
370
    -3
390
F
1001
AcAecLayerStandard
1000

1000

1001
AcCmTransparency
1071
        0
  0
LAYER
  5
2D7
330
2
100
AcDbSymbolTableRecord
100
AcDbLayerTableRecord
  2
TEXT
 70
     0
 62
     7
  6
Continuous
370
    -3
390
F
1001
AcAecLayerStandard
1000

1000

1001
AcCmTransparency
1071
        0
  0
LAYER
  5
2D8
330
2
100
AcDbSymbolTableRecord
100
AcDbLayerTableRecord
  2
FURNITURE
 70
     0
 62
     7
  6
Continuous
370
    -3
390
F
1001
AcAecLayerStandard
1000

1000

1001
AcCmTransparency
1071
        0
  0
LAYER
  5
4B9
330
2
100
AcDbSymbolTableRecord
100
AcDbLayerTableRecord
  2
Defpoints
 70
     0
 62
     7
  6
Continuous
290
     0
370
    -3
390
F
  0
ENDTAB
  0
TABLE
  2
STYLE
  5
3
330
0
100
AcDbSymbolTable
 70
     3
  0
STYLE
  5
11
330
3
100
AcDbSymbolTableRecord
100
AcDbTextStyleTableRecord
  2
Standard
 70
     0
 40
0.0
 41
1.0
 50
0.0
 71
     0
 42
2.5
  3
arial.ttf
  4

1001
ACAD
1000
Arial
1071
       34
  0
STYLE
  5
132
330
3
100
AcDbSymbolTableRecord
100
AcDbTextStyleTableRecord
  2
Annotative
 70
     0
 40
0.0
 41
1.0
 50
0.0
 71
     0
 42
2.5
  3
arial.ttf
  4

1001
AcadAnnotative
1000
AnnotativeData
1002
{
1070
     1
1070
     1
1002
}
1001
ACAD
1000
Arial
1071
       34
  0
STYLE
  5
2DA
330
3
100
AcDbSymbolTableRecord
100
AcDbTextStyleTableRecord
  2

 70
     1
 40
0.0
 41
1.0
 50
0.0
 71
     0
 42
2.5
  3
ltypeshp.shx
  4

  0
ENDTAB
  0
TABLE
  2
VIEW
  5
6
330
0
100
AcDbSymbolTable
 70
     0
  0
ENDTAB
  0
TABLE
  2
UCS
  5
7
330
0
100
AcDbSymbolTable
 70
     0
  0
ENDTAB
  0
TABLE
  2
APPID
  5
9
330
0
100
AcDbSymbolTable
 70
    14
  0
APPID
  5
12
330
9
100
AcDbSymbolTableRecord
100
AcDbRegAppTableRecord
  2
ACAD
 70
     0
  0
APPID
  5
9E
330
9
100
AcDbSymbolTableRecord
100
AcDbRegAppTableRecord
  2
ACAD_PSEXT
 70
     0
  0
APPID
  5
133
330
9
100
AcDbSymbolTableRecord
100
AcDbRegAppTableRecord
  2
AcadAnnoPO
 70
     0
  0
APPID
  5
134
330
9
100
AcDbSymbolTableRecord
100
AcDbRegAppTableRecord
  2
AcadAnnotative
 70
     0
  0
APPID
  5
135
330
9
100
AcDbSymbolTableRecord
100
AcDbRegAppTableRecord
  2
ACAD_DSTYLE_DIMJAG
 70
     0
  0
APPID
  5
136
330
9
100
AcDbSymbolTableRecord
100
AcDbRegAppTableRecord
  2
ACAD_DSTYLE_DIMTALN
 70
     0
  0
APPID
  5
165
330
9
100
AcDbSymbolTableRecord
100
AcDbRegAppTableRecord
  2
ACAD_MLEADERVER
 70
     0
  0
APPID
  5
217
330
9
100
AcDbSymbolTableRecord
100
AcDbRegAppTableRecord
  2
ACAD_NAV_VCDISPLAY
 70
     0
  0
APPID
  5
2CD
330
9
100
AcDbSymbolTableRecord
100
AcDbRegAppTableRecord
  2
AcAecLayerStandard
 70
     0
  0
APPID
  5
2CE
330
9
100
AcDbSymbolTableRecord
100
AcDbRegAppTableRecord
  2
AcCmTransparency
 70
     0
  0
APPID
  5
2DC
330
9
100
AcDbSymbolTableRecord
100
AcDbRegAppTableRecord
  2
ACAD_EXEMPT_FROM_CAD_STANDARDS
 70
     0
  0
APPID
  5
721
330
9
100
AcDbSymbolTableRecord
100
AcDbRegAppTableRecord
  2
GradientColor1ACI
 70
     0
  0
APPID
  5
722
330
9
100
AcDbSymbolTableRecord
100
AcDbRegAppTableRecord
  2
GradientColor2ACI
 70
     0
  0
APPID
  5
772
330
9
100
AcDbSymbolTableRecord
100
AcDbRegAppTableRecord
  2
Acad_TC
 70
     0
  0
ENDTAB
  0
TABLE
  2
DIMSTYLE
  5
A
330
0
100
AcDbSymbolTable
 70
     3
100
AcDbDimStyleTable
  0
DIMSTYLE
105
1B0
330
A
100
AcDbSymbolTableRecord
100
AcDbDimStyleTableRecord
  2
Standard
 70
     0
178
     0
340
11
  0
DIMSTYLE
105
137
330
A
100
AcDbSymbolTableRecord
100
AcDbDimStyleTableRecord
  2
Annotative
 70
     0
 40
0.0
 41
2.5
 42
0.625
 43
3.75
 44
1.25
 73
     0
 74
     0
 77
     1
 78
     8
140
2.5
141
2.5
143
0.03937007874016
147
0.625
171
     3
172
     1
178
     0
271
     2
272
     2
274
     3
278
    44
283
     0
284
     8
340
11
1001
AcadAnnotative
1000
AnnotativeData
1002
{
1070
     1
1070
     1
1002
}
1001
ACAD_DSTYLE_DIMJAG
1070
   388
1040
1.5
1001
ACAD_DSTYLE_DIMTALN
1070
   392
1070
     0
  0
DIMSTYLE
105
27
102
{ACAD_REACTORS
330
4B8
330
4DA
330
4F2
330
51C
330
534
330
54C
330
564
330
57C
330
594
330
5AC
330
773
330
79D
330
7B5
330
7CD
330
7E5
330
7FD
330
815
330
82D
330
845
330
85D
330
875
102
}
330
A
100
AcDbSymbolTableRecord
100
AcDbDimStyleTableRecord
  2
ISO-25
 70
     0
 41
2.5
 42
0.625
 43
3.75
 44
1.25
 73
     0
 74
     0
 77
     1
 78
     8
140
2.5
141
2.5
143
0.03937007874016
147
0.625
171
     3
172
     1
178
     0
271
     2
272
     2
274
     3
277
     4
278
    44
283
     0
284
     8
340
11
342
4B4
1001
ACAD_DSTYLE_DIMJAG
1070
   388
1040
1.5
1001
ACAD_DSTYLE_DIMTALN
1070
   392
1070
     0
  0
ENDTAB
  0
TABLE
  2
BLOCK_RECORD
  5
1
330
0
100
AcDbSymbolTable
 70
    27
  0
BLOCK_RECORD
  5
1F
102
{ACAD_XDICTIONARY
360
1CE
102
}
330
1
100
AcDbSymbolTableRecord
100
AcDbBlockTableRecord
  2
*Model_Space
340
22
  0
BLOCK_RECORD
  5
D2
330
1
100
AcDbSymbolTableRecord
100
AcDbBlockTableRecord
  2
*Paper_Space
340
D3
  0
BLOCK_RECORD
  5
D6
330
1
100
AcDbSymbolTableRecord
100
AcDbBlockTableRecord
  2
*Paper_Space0
340
D7
  0
BLOCK_RECORD
  5
3A2
330
1
100
AcDbSymbolTableRecord
100
AcDbBlockTableRecord
  2
door 1
340
0
310
28000000280000002800000001002000000000000019000001000000010000000000000000000000302821FF302821FF302821FF302821FF302821FF302821FF302821FF302821FF302821FF302821FF302821FF302821FF302821FF302821FF302821FF302821FF302821FF302821FF302821FF302821FF302821FF302821
310
FF302821FF302821FF302821FF302821FF302821FF302821FF302821FF302821FF302821FF302821FF302821FF302821FF302821FF302821FF302821FF302821FF302821FF302821FF302821FF302821FF302821FF302821FF302821FF302821FF302821FF302821FF302821FF302821FF302821FF302821FF302821FF3028
310
21FF302821FF302821FF302821FF302821FF302821FF302821FF302821FF302821FF302821FF302821FF302821FF302821FF302821FF302821FF302821FF302821FF302821FF302821FF302821FF302821FF302821FF302821FF302821FF302821FF302821FF302821FF302821FF302821FF302821FF302821FF302821FF30
310
2821FF302821FF302821FF302821FF302821FF302821FF302821FF302821FF302821FF302821FF302821FF302821FF302821FF302821FF302821FF302821FF302821FF302821FF302821FF302821FF302821FF302821FF302821FF302821FF302821FF302821FF302821FF302821FF302821FF302821FF302821FF302821FF
310
302821FF302821FF302821FF302821FF302821FF302821FF302821FF302821FF302821FF302821FF302821FF302821FF302821FF302821FF302821FF302821FF302821FF302821FF302821FF302821FF302821FF302821FF302821FF302821FF302821FF302821FF302821FF302821FF302821FF302821FF302821FF302821
310
FF302821FF302821FF302821FF302821FF302821FF302821FF302821FF302821FF302821FF302821FF302821FF302821FF302821FF302821FF302821FF302821FFBF00FFFFBF00FFFFBF00FFFFBF00FFFFBF00FFFFBF00FFFFBF00FFFFBF00FFFFBF00FFFFBF00FFFFBF00FFFFBF00FFFFBF00FFFFBF00FFFFBF00FFFFBF00
310
FFFFBF00FFFFBF00FFFFBF00FFFFBF00FFFFBF00FFFFBF00FFFFBF00FFFFBF00FFFFBF00FFFFBF00FFFFBF00FFFFBF00FFFFBF00FFFFBF00FFFFBF00FFFFBF00FFFFBF00FFFF302821FF302821FF302821FF302821FF302821FF302821FF302821FFBF00FFFF302821FF302821FFBF00FFFF302821FF302821FF302821FF30
310
2821FF302821FF302821FF302821FF302821FF302821FF302821FF302821FF302821FF302821FF302821FF302821FF302821FF302821FF302821FF302821FF302821FF302821FF302821FF302821FF302821FF302821FF302821FF302821FF302821FFBF00FFFF302821FF302821FF302821FF302821FF302821FF302821FF
310
302821FFBF00FFFF302821FF302821FFBF00FFFF302821FF302821FF302821FF302821FF302821FF302821FF302821FF302821FF302821FF302821FF302821FF302821FF302821FF302821FF302821FF302821FF302821FF302821FF302821FF302821FF302821FF302821FF302821FF302821FF302821FF302821FF302821
310
FF302821FFBF00FFFF302821FF302821FF302821FF302821FF302821FF302821FF302821FFBF00FFFF302821FF302821FFBF00FFFF302821FF302821FF302821FF302821FF302821FF302821FF302821FF302821FF302821FF302821FF302821FF302821FF302821FF302821FF302821FF302821FF302821FF302821FF3028
310
21FF302821FF302821FF302821FF302821FF302821FF302821FF302821FF302821FF302821FFBF00FFFF302821FF302821FF302821FF302821FF302821FF302821FF302821FFBF00FFFF302821FF302821FFBF00FFFF302821FF302821FF302821FF302821FF302821FF302821FF302821FF302821FF302821FF302821FF30
310
2821FF302821FF302821FF302821FF302821FF302821FF302821FF302821FF302821FF302821FF302821FF302821FF302821FF302821FF302821FF302821FF302821FF302821FFBF00FFFF302821FF302821FF302821FF302821FF302821FF302821FF302821FFBF00FFFF302821FF302821FFBF00FFFF302821FF302821FF
310
302821FF302821FF302821FF302821FF302821FF302821FF302821FF302821FF302821FF302821FF302821FF302821FF302821FF302821FF302821FF302821FF302821FF302821FF302821FF302821FF302821FF302821FF302821FF302821FF302821FF302821FFBF00FFFF302821FF302821FF302821FF302821FF302821
310
FF302821FF302821FFBF00FFFF302821FF302821FFBF00FFFF302821FF302821FF302821FF302821FF302821FF302821FF302821FF302821FF302821FF302821FF302821FF302821FF302821FF302821FF302821FF302821FF302821FF302821FF302821FF302821FF302821FF302821FF302821FF302821FF302821FF3028
310
21FF302821FF302821FFBF00FFFF302821FF302821FF302821FF302821FF302821FF302821FF302821FFBF00FFFF302821FF302821FFBF00FFFF302821FF302821FF302821FF302821FF302821FF302821FF302821FF302821FF302821FF302821FF302821FF302821FF302821FF302821FF302821FF302821FF302821FF30
310
2821FF302821FF302821FF302821FF302821FF302821FF302821FF302821FF302821FF302821FFBF00FFFF302821FF302821FF302821FF302821FF302821FF302821FF302821FF302821FFBF00FFFF302821FF302821FFBF00FFFF302821FF302821FF302821FF302821FF302821FF302821FF302821FF302821FF302821FF
310
302821FF302821FF302821FF302821FF302821FF302821FF302821FF302821FF302821FF302821FF302821FF302821FF302821FF302821FF302821FF302821FF302821FF302821FFBF00FFFF302821FF302821FF302821FF302821FF302821FF302821FF302821FF302821FFBF00FFFF302821FF302821FFBF00FFFF302821
310
FF302821FF302821FF302821FF302821FF302821FF302821FF302821FF302821FF302821FF302821FF302821FF302821FF302821FF302821FF302821FF302821FF302821FF302821FF302821FF302821FF302821FF302821FF302821FF302821FF302821FF302821FFBF00FFFF302821FF302821FF302821FF302821FF3028
310
21FF302821FF302821FF302821FFBF00FFFF302821FF302821FFBF00FFFF302821FF302821FF302821FF302821FF302821FF302821FF302821FF302821FF302821FF302821FF302821FF302821FF302821FF302821FF302821FF302821FF302821FF302821FF302821FF302821FF302821FF302821FF302821FF302821FF30
310
2821FF302821FF302821FFBF00FFFF302821FF302821FF302821FF302821FF302821FF302821FF302821FF302821FFBF00FFFF302821FF302821FFBF00FFFF302821FF302821FF302821FF302821FF302821FF302821FF302821FF302821FF302821FF302821FF302821FF302821FF302821FF302821FF302821FF302821FF
310
302821FF302821FF302821FF302821FF302821FF302821FF302821FF302821FF302821FF302821FFBF00FFFF302821FF302821FF302821FF302821FF302821FF302821FF302821FF302821FF302821FFBF00FFFF302821FF302821FFBF00FFFF302821FF302821FF302821FF302821FF302821FF302821FF302821FF302821
310
FF302821FF302821FF302821FF302821FF302821FF302821FF302821FF302821FF302821FF302821FF302821FF302821FF302821FF302821FF302821FF302821FF302821FF302821FFBF00FFFF302821FF302821FF302821FF302821FF302821FF302821FF302821FF302821FF302821FFBF00FFFF302821FF302821FFBF00
310
FFFF302821FF302821FF302821FF302821FF302821FF302821FF302821FF302821FF302821FF302821FF302821FF302821FF302821FF302821FF302821FF302821FF302821FF302821FF302821FF302821FF302821FF302821FF302821FF302821FF302821FFBF00FFFF302821FF302821FF302821FF302821FF302821FF30
310
2821FF302821FF302821FF302821FF302821FFBF00FFFF302821FF302821FFBF00FFFF302821FF302821FF302821FF302821FF302821FF302821FF302821FF302821FF302821FF302821FF302821FF302821FF302821FF302821FF302821FF302821FF302821FF302821FF302821FF302821FF302821FF302821FF302821FF
310
302821FF302821FFBF00FFFF302821FF302821FF302821FF302821FF302821FF302821FF302821FF302821FF302821FF302821FFBF00FFFF302821FF302821FFBF00FFFF302821FF302821FF302821FF302821FF302821FF302821FF302821FF302821FF302821FF302821FF302821FF302821FF302821FF302821FF302821
310
FF302821FF302821FF302821FF302821FF302821FF302821FF302821FF302821FF302821FFBF00FFFF302821FF302821FF302821FF302821FF302821FF302821FF302821FF302821FF302821FF302821FF302821FFBF00FFFF302821FF302821FFBF00FFFF302821FF302821FF302821FF302821FF302821FF302821FF3028
310
21FF302821FF302821FF302821FF302821FF302821FF302821FF302821FF302821FF302821FF302821FF302821FF302821FF302821FF302821FF302821FF302821FF302821FFBF00FFFF302821FF302821FF302821FF302821FF302821FF302821FF302821FF302821FF302821FF302821FF302821FFBF00FFFF302821FF30
310
2821FFBF00FFFF302821FF302821FF302821FF302821FF302821FF302821FF302821FF302821FF302821FF302821FF302821FF302821FF302821FF302821FF302821FF302821FF302821FF302821FF302821FF302821FF302821FF302821FF302821FFBF00FFFF302821FF302821FF302821FF302821FF302821FF302821FF
310
302821FF302821FF302821FF302821FF302821FF302821FFBF00FFFF302821FF302821FFBF00FFFF302821FF302821FF302821FF302821FF302821FF302821FF302821FF302821FF302821FF302821FF302821FF302821FF302821FF302821FF302821FF302821FF302821FF302821FF302821FF302821FF302821FF302821
310
FFBF00FFFF302821FF302821FF302821FF302821FF302821FF302821FF302821FF302821FF302821FF302821FF302821FF302821FF302821FFBF00FFFF302821FF302821FFBF00FFFF302821FF302821FF302821FF302821FF302821FF302821FF302821FF302821FF302821FF302821FF302821FF302821FF302821FF3028
310
21FF302821FF302821FF302821FF302821FF302821FF302821FF302821FFBF00FFFF302821FF302821FF302821FF302821FF302821FF302821FF302821FF302821FF302821FF302821FF302821FF302821FF302821FF302821FFBF00FFFF302821FF302821FFBF00FFFF302821FF302821FF302821FF302821FF302821FF30
310
2821FF302821FF302821FF302821FF302821FF302821FF302821FF302821FF302821FF302821FF302821FF302821FF302821FF302821FF302821FF302821FFBF00FFFF302821FF302821FF302821FF302821FF302821FF302821FF302821FF302821FF302821FF302821FF302821FF302821FF302821FF302821FFBF00FFFF
310
302821FF302821FFBF00FFFF302821FF302821FF302821FF302821FF302821FF302821FF302821FF302821FF302821FF302821FF302821FF302821FF302821FF302821FF302821FF302821FF302821FF302821FF302821FF302821FFBF00FFFF302821FF302821FF302821FF302821FF302821FF302821FF302821FF302821
310
FF302821FF302821FF302821FF302821FF302821FF302821FF302821FFBF00FFFF302821FF302821FFBF00FFFF302821FF302821FF302821FF302821FF302821FF302821FF302821FF302821FF302821FF302821FF302821FF302821FF302821FF302821FF302821FF302821FF302821FF302821FF302821FFBF00FFFF3028
310
21FF302821FF302821FF302821FF302821FF302821FF302821FF302821FF302821FF302821FF302821FF302821FF302821FFBF00FFFFBF00FFFF302821FFBF00FFFF302821FF302821FFBF00FFFF302821FF302821FF302821FF302821FF302821FF302821FF302821FF302821FF302821FF302821FF302821FF302821FF30
310
2821FF302821FF302821FF302821FF302821FF302821FFBF00FFFF302821FF302821FF302821FF302821FF302821FF302821FF302821FF302821FF302821FF302821FF302821FF302821FF302821FF302821FFBF00FFFFBF00FFFF302821FFBF00FFFF302821FF302821FFBF00FFFF302821FF302821FF302821FF302821FF
310
302821FF302821FF302821FF302821FF302821FF302821FF302821FF302821FF302821FF302821FF302821FF302821FF302821FFBF00FFFF302821FF302821FF302821FF302821FF302821FF302821FF302821FF302821FF302821FF302821FF302821FF302821FF302821FF302821FF302821FFBF00FFFFBF00FFFF302821
310
FFBF00FFFF302821FF302821FFBF00FFFF302821FF302821FF302821FF302821FF302821FF302821FF302821FF302821FF302821FF302821FF302821FF302821FF302821FF302821FF302821FF302821FFBF00FFFF302821FF302821FF302821FF302821FF302821FF302821FF302821FF302821FF302821FF302821FF3028
310
21FF302821FF302821FF302821FF302821FF302821FFBF00FFFFBF00FFFF302821FFBF00FFFF302821FF302821FFBF00FFFF302821FF302821FF302821FF302821FF302821FF302821FF302821FF302821FF302821FF302821FF302821FF302821FF302821FF302821FF302821FFBF00FFFF302821FF302821FF302821FF30
310
2821FF302821FF302821FF302821FF302821FF302821FF302821FF302821FF302821FF302821FF302821FF302821FF302821FF302821FFBF00FFFFBF00FFFF302821FFBF00FFFF302821FF302821FFBF00FFFF302821FF302821FF302821FF302821FF302821FF302821FF302821FF302821FF302821FF302821FF302821FF
310
302821FF302821FFBF00FFFFBF00FFFF302821FF302821FF302821FF302821FF302821FF302821FF302821FF302821FF302821FF302821FF302821FF302821FF302821FF302821FF302821FF302821FF302821FF302821FFBF00FFFFBF00FFFF302821FFBF00FFFF302821FF302821FFBF00FFFF302821FF302821FF302821
310
FF302821FF302821FF302821FF302821FF302821FF302821FF302821FF302821FFBF00FFFFBF00FFFF302821FF302821FF302821FF302821FF302821FF302821FF302821FF302821FF302821FF302821FF302821FF302821FF302821FF302821FF302821FF302821FF302821FF302821FF302821FF302821FFBF00FFFFBF00
310
FFFF302821FFBF00FFFF302821FF302821FFBF00FFFF302821FF302821FF302821FF302821FF302821FF302821FF302821FF302821FF302821FFBF00FFFFBF00FFFF302821FF302821FF302821FF302821FF302821FF302821FF302821FF302821FF302821FF302821FF302821FF302821FF302821FF302821FF302821FF30
310
2821FF302821FF302821FF302821FF302821FF302821FF302821FFBF00FFFFBF00FFFFBF00FFFFBF00FFFF302821FF302821FFBF00FFFF302821FF302821FF302821FF302821FF302821FFBF00FFFFBF00FFFFBF00FFFFBF00FFFF302821FF302821FF302821FF302821FF302821FF302821FF302821FF302821FF302821FF
310
302821FF302821FF302821FF302821FF302821FF302821FF302821FF302821FF302821FF302821FF302821FF302821FF302821FF302821FF302821FFBF00FFFFBF00FFFFBF00FFFFBF00FFFFBF00FFFFBF00FFFFBF00FFFFBF00FFFFBF00FFFFBF00FFFFBF00FFFFBF00FFFF302821FF302821FF302821FF302821FF302821
310
FF302821FF302821FF302821FF302821FF302821FF302821FF302821FF302821FF302821FF302821FF302821FF302821FF302821FF302821FF302821FF302821FF302821FF302821FF302821FF302821FF302821FF302821FF302821FF302821FF302821FF302821FF302821FF302821FF302821FF302821FF302821FF3028
310
21FF302821FF302821FF302821FF302821FF302821FF302821FF302821FF302821FF302821FF302821FF302821FF302821FF302821FF302821FF302821FF302821FF302821FF302821FF302821FF302821FF302821FF302821FF302821FF302821FF302821FF302821FF302821FF302821FF302821FF302821FF302821FF30
310
2821FF302821FF302821FF302821FF302821FF302821FF302821FF302821FF302821FF302821FF302821FF302821FF302821FF302821FF302821FF302821FF302821FF302821FF302821FF302821FF302821FF302821FF302821FF302821FF302821FF302821FF302821FF302821FF302821FF302821FF302821FF302821FF
310
302821FF302821FF302821FF302821FF302821FF302821FF302821FF302821FF302821FF302821FF302821FF302821FF302821FF302821FF302821FF302821FF302821FF302821FF302821FF302821FF302821FF302821FF302821FF302821FF302821FF302821FF302821FF302821FF302821FF302821FF302821FF302821
310
FF302821FF302821FF302821FF302821FF302821FF302821FF302821FF302821FF302821FF302821FF302821FF302821FF302821FF302821FF302821FF302821FF302821FF302821FF302821FF302821FF302821FF302821FF302821FF302821FF302821FF302821FF302821FF302821FF302821FF302821FF302821FF3028
310
21FF302821FF302821FF302821FF302821FF302821FF302821FF302821FF302821FF302821FF302821FF302821FF302821FF302821FF302821FF302821FF302821FF302821FF302821FF302821FF302821FF302821FF302821FF
102
{BLKREFS
331
3B6
331
3B7
331
3B8
331
3B9
331
3BA
331
3BB
331
3BC
331
3BD
331
3BF
331
3C0
102
}
1001
ACAD
1000
DesignCenter Data
1002
{
1070
     1
1070
     2
1002
}
  0
BLOCK_RECORD
  5
414
330
1
100
AcDbSymbolTableRecord
100
AcDbBlockTableRecord
  2
W1
340
0
310
28000000280000002800000001002000000000000019000001000000010000000000000000000000302821FF302821FF302821FF302821FF302821FF302821FF302821FF302821FF302821FF302821FF302821FF302821FF302821FF302821FF302821FF302821FF302821FF302821FF302821FF302821FF302821FF302821
310
FF302821FF302821FF302821FF302821FF302821FF302821FF302821FF302821FF302821FF302821FF302821FF302821FF302821FF302821FF302821FF302821FF302821FF302821FF302821FF302821FF302821FF302821FF302821FF302821FF302821FF302821FF302821FF302821FF302821FF302821FF302821FF3028
310
21FF302821FF302821FF302821FF302821FF302821FF302821FF302821FF302821FF302821FF302821FF302821FF302821FF302821FF302821FF302821FF302821FF302821FF302821FF302821FF302821FF302821FF302821FF302821FF302821FF302821FF302821FF302821FF302821FF302821FF302821FF302821FF30
310
2821FF302821FF302821FF302821FF302821FF302821FF302821FF302821FF302821FF302821FF302821FF302821FF302821FF302821FF302821FF302821FF302821FF302821FF302821FF302821FF302821FF302821FF302821FF302821FF302821FF302821FF302821FF302821FF302821FF302821FF302821FF302821FF
310
302821FF302821FF302821FF302821FF302821FF302821FF302821FF302821FF302821FF302821FF302821FF302821FF302821FF302821FF302821FF302821FF302821FF302821FF302821FF302821FF302821FF302821FF302821FF302821FF302821FF302821FF302821FF302821FF302821FF302821FF302821FF302821
310
FF302821FF302821FF302821FF302821FF302821FF302821FF302821FF302821FF302821FF302821FF302821FF302821FF302821FF302821FF302821FF302821FF302821FF302821FF302821FF302821FF302821FF302821FF302821FF302821FF302821FF302821FF302821FF302821FF302821FF302821FF302821FF3028
310
21FF302821FF302821FF302821FF302821FF302821FF302821FF302821FF302821FF302821FF302821FF302821FF302821FF302821FF302821FF302821FF302821FF302821FF302821FF302821FF302821FF302821FF302821FF302821FF302821FF302821FF302821FF302821FF302821FF302821FF302821FF302821FF30
310
2821FF302821FF302821FF302821FF302821FF302821FF302821FF302821FF302821FF302821FF302821FF302821FF302821FF302821FF302821FF302821FF302821FF302821FF302821FF302821FF302821FF302821FF302821FF302821FF302821FF302821FF302821FF302821FF302821FF302821FF302821FF302821FF
310
302821FF302821FF302821FF302821FF302821FF302821FF302821FF302821FF302821FF302821FF302821FF302821FF302821FF302821FF302821FF302821FF302821FF302821FF302821FF302821FF302821FF302821FF302821FF302821FF302821FF302821FF302821FF302821FF302821FF302821FF302821FF302821
310
FF302821FF302821FF302821FF302821FF302821FF302821FF302821FF302821FF302821FF302821FF302821FF302821FF302821FF302821FF302821FF302821FF302821FF302821FF302821FF302821FF302821FF302821FF302821FF302821FF302821FF302821FF302821FF302821FF302821FF302821FF302821FF3028
310
21FF302821FF302821FF302821FF302821FF302821FF302821FF302821FF302821FF302821FF302821FF302821FF302821FF302821FF302821FF302821FF302821FF302821FF302821FF302821FF302821FF302821FF302821FF302821FF302821FF302821FF302821FF302821FF302821FF302821FF302821FF302821FF30
310
2821FF302821FF302821FF302821FF302821FF302821FF302821FF302821FF302821FF302821FF302821FF302821FF302821FF302821FF302821FF302821FF302821FF302821FF302821FF302821FF302821FF302821FF302821FF302821FF302821FF302821FF302821FF302821FF302821FF302821FF302821FF302821FF
310
302821FF302821FF302821FF302821FF302821FF302821FF302821FF302821FF302821FF302821FF302821FF302821FF302821FF302821FF302821FF302821FF302821FF302821FF302821FF302821FF302821FF302821FF302821FF302821FF302821FF302821FF302821FF302821FF302821FF302821FF302821FF302821
310
FF302821FF302821FF302821FF302821FF302821FF302821FF302821FF302821FF302821FF302821FF302821FF302821FF302821FF302821FF302821FF302821FF302821FF302821FF302821FF302821FF302821FF302821FF302821FF302821FF302821FF302821FF302821FF302821FF302821FF302821FF302821FF3028
310
21FF302821FF302821FF302821FF302821FF302821FF302821FF302821FF302821FF302821FF302821FF302821FF302821FF302821FF302821FF302821FF302821FF302821FF302821FF302821FF302821FF302821FF302821FF302821FF302821FF302821FF302821FF302821FF302821FF302821FF302821FF302821FF30
310
2821FF302821FF302821FF302821FF302821FF302821FF302821FF302821FF302821FF302821FF302821FF302821FF302821FF302821FF302821FF302821FF302821FF302821FF302821FF302821FF5F007FFF5F007FFF5F007FFF5F007FFF5F007FFF5F007FFF5F007FFF5F007FFF5F007FFF5F007FFF5F007FFF5F007FFF
310
5F007FFF5F007FFF5F007FFF5F007FFF5F007FFF5F007FFF5F007FFF5F007FFF5F007FFF5F007FFF5F007FFF5F007FFF5F007FFF5F007FFF5F007FFF5F007FFF302821FF302821FF302821FF302821FF302821FF302821FF302821FF302821FF302821FF302821FF302821FF302821FF5F007FFF302821FF302821FF302821
310
FF302821FF302821FF302821FF302821FF302821FF302821FF302821FF302821FF302821FF302821FF302821FF302821FF302821FF302821FF302821FF302821FF302821FF302821FF302821FF302821FF302821FF302821FF302821FF5F007FFF302821FF302821FF302821FF302821FF302821FF302821FF302821FF3028
310
21FF302821FF302821FF302821FF302821FF5F007FFF5F007FFF5F007FFF5F007FFF5F007FFF5F007FFF5F007FFF5F007FFF5F007FFF5F007FFF5F007FFF5F007FFF5F007FFF5F007FFF5F007FFF5F007FFF5F007FFF5F007FFF5F007FFF5F007FFF5F007FFF5F007FFF5F007FFF5F007FFF5F007FFF5F007FFF5F007FFF5F
310
007FFF302821FF302821FF302821FF302821FF302821FF302821FF302821FF302821FF302821FF302821FF302821FF302821FF5F007FFF302821FF302821FF302821FF302821FF302821FF302821FF302821FF302821FF302821FF302821FF302821FF302821FF302821FF302821FF302821FF302821FF302821FF302821FF
310
302821FF302821FF302821FF302821FF302821FF302821FF302821FF302821FF5F007FFF302821FF302821FF302821FF302821FF302821FF302821FF302821FF302821FF302821FF302821FF302821FF302821FF5F007FFF5F007FFF5F007FFF5F007FFF5F007FFF5F007FFF5F007FFF5F007FFF5F007FFF5F007FFF5F007F
310
FF5F007FFF5F007FFF5F007FFF5F007FFF5F007FFF5F007FFF5F007FFF5F007FFF5F007FFF5F007FFF5F007FFF5F007FFF5F007FFF5F007FFF5F007FFF5F007FFF5F007FFF302821FF302821FF302821FF302821FF302821FF302821FF302821FF302821FF302821FF302821FF302821FF302821FF5F007FFF302821FF3028
310
21FF302821FF302821FF302821FF302821FF302821FF302821FF302821FF302821FF302821FF302821FF302821FF302821FF302821FF302821FF302821FF302821FF302821FF302821FF302821FF302821FF302821FF302821FF302821FF302821FF5F007FFF302821FF302821FF302821FF302821FF302821FF302821FF30
310
2821FF302821FFA52900FF302821FF302821FF302821FF5F007FFF5F007FFF5F007FFF5F007FFF5F007FFF5F007FFF5F007FFF5F007FFF5F007FFF5F007FFF5F007FFF5F007FFF5F007FFF5F007FFF5F007FFF5F007FFF5F007FFF5F007FFF5F007FFF5F007FFF5F007FFF5F007FFF5F007FFF5F007FFF5F007FFF5F007FFF
310
5F007FFF5F007FFF302821FF302821FF302821FFA52900FF302821FF302821FF302821FF302821FFA52900FF302821FF302821FF302821FF302821FF302821FF302821FF302821FF302821FF302821FF302821FF302821FF302821FF302821FF302821FF302821FF302821FF302821FF302821FF302821FF302821FF302821
310
FF302821FF302821FF302821FF302821FF302821FF302821FF302821FF302821FF302821FF302821FF302821FF302821FF302821FFA52900FF302821FF302821FF302821FF302821FFA52900FF302821FF302821FF302821FF302821FF302821FF302821FF302821FF302821FF302821FF302821FF302821FF302821FF3028
310
21FF302821FF302821FF302821FF302821FF302821FF302821FF302821FF302821FF302821FF302821FF302821FF302821FF302821FF302821FF302821FF302821FF302821FF302821FF302821FF302821FF302821FFA52900FF302821FF302821FF302821FF302821FFA52900FF302821FF302821FF302821FF302821FF30
310
2821FF302821FF302821FF302821FF302821FF302821FF302821FF302821FF302821FF302821FF302821FF302821FF302821FF302821FF302821FF302821FF302821FF302821FF302821FF302821FF302821FF302821FF302821FF302821FF302821FF302821FF302821FF302821FF302821FF302821FFA52900FF302821FF
310
302821FF302821FF302821FFA52900FF302821FF302821FF302821FF302821FF302821FF302821FF302821FF302821FF302821FF302821FF302821FF302821FF302821FF302821FF302821FF302821FF302821FF302821FF302821FF302821FF302821FF302821FF302821FF302821FF302821FF302821FF302821FF302821
310
FF302821FF302821FF302821FF302821FF302821FF302821FFA52900FF302821FF302821FF302821FF302821FFA52900FF302821FF302821FF302821FF302821FF302821FF302821FF302821FF302821FF302821FF302821FF302821FF302821FF302821FF302821FF302821FF302821FF302821FF302821FF302821FF3028
310
21FF302821FF302821FF302821FF302821FF302821FF302821FF302821FF302821FF302821FF302821FF302821FF302821FF302821FF302821FFA52900FF302821FF302821FF302821FF302821FFA52900FF302821FF302821FF302821FF302821FF302821FF302821FF302821FF302821FF302821FF302821FF302821FF30
310
2821FF302821FF302821FF302821FF302821FF302821FF302821FF302821FF302821FF302821FF302821FF302821FF302821FF302821FF302821FF302821FF302821FF302821FF302821FF302821FF302821FF302821FF302821FFA52900FF302821FF302821FF302821FF302821FFA52900FF302821FF302821FF302821FF
310
302821FF302821FF302821FF302821FF302821FF302821FF302821FF302821FF302821FF302821FF302821FF302821FF302821FF302821FF302821FF302821FF302821FF302821FF302821FF302821FF302821FF302821FF302821FF302821FF302821FF302821FF302821FF302821FF302821FF302821FF302821FFA52900
310
FF302821FF302821FF302821FF302821FFA52900FF302821FF302821FF302821FF302821FF302821FF302821FF302821FF302821FF302821FF302821FF302821FF302821FF302821FF302821FF302821FF302821FF302821FF302821FF302821FF302821FF302821FF302821FF302821FF302821FF302821FF302821FF3028
310
21FF302821FF302821FF302821FF302821FF302821FF302821FF302821FFA52900FF302821FF302821FF302821FF302821FFA52900FFA52900FFA52900FFA52900FFA52900FFA52900FFA52900FFA52900FFA52900FFA52900FFA52900FFA52900FFA52900FFA52900FFA52900FFA52900FFA52900FFA52900FFA52900FFA5
310
2900FFA52900FFA52900FFA52900FFA52900FFA52900FFA52900FFA52900FFA52900FFA52900FFA52900FFA52900FFA52900FFA52900FFA52900FFA52900FFA52900FF302821FF302821FF302821FF302821FF302821FF302821FF302821FF302821FF302821FF302821FF302821FF302821FF302821FF302821FF302821FF
310
302821FF302821FF302821FF302821FF302821FF302821FF302821FF302821FF302821FF302821FF302821FF302821FF302821FF302821FF302821FF302821FF302821FF302821FF302821FF302821FF302821FF302821FF302821FF302821FF302821FF302821FF302821FF302821FF302821FF302821FF302821FF302821
310
FF302821FF302821FF302821FF302821FF302821FF302821FF302821FF302821FF302821FF302821FF302821FF302821FF302821FF302821FF302821FF302821FF302821FF302821FF302821FF302821FF302821FF302821FF302821FF302821FF302821FF302821FF302821FF302821FF302821FF302821FF302821FF3028
310
21FF302821FF302821FF302821FF302821FF302821FF302821FF302821FF302821FF302821FF302821FF302821FF302821FF302821FF302821FF302821FF302821FF302821FF302821FF302821FF302821FF302821FF302821FF302821FF302821FF302821FF302821FF302821FF302821FF302821FF302821FF302821FF30
310
2821FF302821FF302821FF302821FF302821FF302821FF302821FF302821FF302821FF302821FF302821FF302821FF302821FF302821FF302821FF302821FF302821FF302821FF302821FF302821FF302821FF302821FF302821FF302821FF302821FF302821FF302821FF302821FF302821FF302821FF302821FF302821FF
310
302821FF302821FF302821FF302821FF302821FF302821FF302821FF302821FF302821FF302821FF302821FF302821FF302821FF302821FF302821FF302821FF302821FF302821FF302821FF302821FF302821FF302821FF302821FF302821FF302821FF302821FF302821FF302821FF302821FF302821FF302821FF302821
310
FF302821FF302821FF302821FF302821FF302821FF302821FF302821FF302821FF302821FF302821FF302821FF302821FF302821FF302821FF302821FF302821FF302821FF302821FF302821FF302821FF302821FF302821FF302821FF302821FF302821FF302821FF302821FF302821FF302821FF302821FF302821FF3028
310
21FF302821FF302821FF302821FF302821FF302821FF302821FF302821FF302821FF302821FF302821FF302821FF302821FF302821FF302821FF302821FF302821FF302821FF302821FF302821FF302821FF302821FF302821FF302821FF302821FF302821FF302821FF302821FF302821FF302821FF302821FF302821FF30
310
2821FF302821FF302821FF302821FF302821FF302821FF302821FF302821FF302821FF302821FF302821FF302821FF302821FF302821FF302821FF302821FF302821FF302821FF302821FF302821FF302821FF302821FF302821FF302821FF302821FF302821FF302821FF302821FF302821FF302821FF302821FF302821FF
310
302821FF302821FF302821FF302821FF302821FF302821FF302821FF302821FF302821FF302821FF302821FF302821FF302821FF302821FF302821FF302821FF302821FF302821FF302821FF302821FF302821FF302821FF302821FF302821FF302821FF302821FF302821FF302821FF302821FF302821FF302821FF302821
310
FF302821FF302821FF302821FF302821FF302821FF302821FF302821FF302821FF302821FF302821FF302821FF302821FF302821FF302821FF302821FF302821FF302821FF302821FF302821FF302821FF302821FF302821FF302821FF302821FF302821FF302821FF302821FF302821FF302821FF302821FF302821FF3028
310
21FF302821FF302821FF302821FF302821FF302821FF302821FF302821FF302821FF302821FF302821FF302821FF302821FF302821FF302821FF302821FF302821FF302821FF302821FF302821FF302821FF302821FF302821FF302821FF302821FF302821FF302821FF302821FF302821FF302821FF302821FF302821FF30
310
2821FF302821FF302821FF302821FF302821FF302821FF302821FF302821FF302821FF302821FF302821FF302821FF302821FF302821FF302821FF302821FF302821FF302821FF302821FF302821FF302821FF302821FF302821FF302821FF302821FF302821FF302821FF302821FF302821FF302821FF302821FF302821FF
310
302821FF302821FF302821FF302821FF302821FF302821FF302821FF302821FF302821FF302821FF302821FF302821FF302821FF302821FF302821FF302821FF302821FF302821FF302821FF302821FF302821FF302821FF302821FF302821FF302821FF302821FF302821FF302821FF302821FF302821FF302821FF302821
310
FF302821FF302821FF302821FF302821FF302821FF302821FF302821FF302821FF302821FF302821FF302821FF302821FF302821FF302821FF302821FF302821FF302821FF302821FF302821FF302821FF302821FF302821FF302821FF302821FF302821FF302821FF302821FF302821FF302821FF302821FF302821FF3028
310
21FF302821FF302821FF302821FF302821FF302821FF302821FF302821FF302821FF302821FF302821FF302821FF302821FF302821FF302821FF302821FF302821FF302821FF302821FF302821FF302821FF302821FF302821FF
102
{BLKREFS
331
451
331
452
331
453
331
456
331
457
102
}
1001
ACAD
1000
DesignCenter Data
1002
{
1070
     1
1070
     2
1002
}
  0
BLOCK_RECORD
  5
436
330
1
100
AcDbSymbolTableRecord
100
AcDbBlockTableRecord
  2
V1
340
0
310
28000000280000002800000001002000000000000019000001000000010000000000000000000000302821FF302821FF302821FF302821FF302821FF302821FF302821FF302821FF302821FF302821FF302821FF302821FF302821FF302821FF302821FF302821FF302821FF302821FF302821FF302821FF302821FF302821
310
FF302821FF302821FF302821FF302821FF302821FF302821FF302821FF302821FF302821FF302821FF302821FF302821FF302821FF302821FF302821FF302821FF302821FF302821FF302821FF302821FF302821FF302821FF302821FF302821FF302821FF302821FF302821FF302821FF302821FF302821FF302821FF3028
310
21FF302821FF302821FF302821FF302821FF302821FF302821FF302821FF302821FF302821FF302821FF302821FF302821FF302821FF302821FF302821FF302821FF302821FF302821FF302821FF302821FF302821FF302821FF302821FF302821FF302821FF302821FF302821FF302821FF302821FF302821FF302821FF30
310
2821FF302821FF302821FF302821FF302821FF302821FF302821FF302821FF302821FF302821FF302821FF302821FF302821FF302821FF302821FF302821FF302821FF302821FF302821FF302821FF302821FF302821FF302821FF302821FF302821FF302821FF302821FF302821FF302821FF302821FF302821FF302821FF
310
302821FF302821FF302821FF302821FF302821FF302821FF302821FF302821FF302821FF302821FF302821FF302821FF302821FF302821FF302821FF302821FF302821FF302821FF302821FF302821FF302821FF302821FF302821FF302821FF302821FF302821FF302821FF302821FF302821FF302821FF302821FF302821
310
FF302821FF302821FF302821FF302821FF302821FF302821FF302821FF302821FF302821FF302821FF302821FF302821FF302821FF302821FF302821FF302821FF302821FF302821FF302821FF302821FF302821FF302821FF302821FF302821FF302821FF302821FF302821FF302821FF302821FF302821FF302821FF3028
310
21FF302821FF302821FF302821FF302821FF302821FF302821FF302821FF302821FF302821FF302821FF302821FF302821FF302821FF302821FF302821FF302821FF302821FF302821FF302821FF302821FF302821FF302821FF302821FF302821FF302821FF302821FF302821FF302821FF302821FF302821FF302821FF30
310
2821FF302821FF302821FF302821FF302821FF302821FF302821FF302821FF302821FF302821FF302821FF302821FF302821FF302821FF302821FF302821FF302821FF302821FF302821FF302821FF302821FF302821FF302821FF302821FF302821FF302821FF302821FF302821FF302821FF302821FF302821FF302821FF
310
302821FF302821FF302821FF302821FF302821FF302821FF302821FF302821FF302821FF302821FF302821FF302821FF302821FF302821FF302821FF302821FF302821FF302821FF302821FF302821FF302821FF302821FF302821FF302821FF302821FF302821FF302821FF302821FF302821FF302821FF302821FF302821
310
FF302821FF302821FF302821FF302821FF302821FF302821FF302821FF302821FF302821FF302821FF302821FF302821FF302821FF302821FF302821FF302821FF302821FF302821FF302821FF302821FF302821FF302821FF302821FF302821FF302821FF302821FF302821FF302821FF302821FF302821FF302821FF3028
310
21FF302821FF302821FF302821FF302821FF302821FF302821FF302821FF302821FF302821FF302821FF302821FF302821FF302821FF302821FF302821FF302821FF302821FF302821FF302821FF302821FF302821FF302821FF302821FF302821FF302821FF302821FF302821FF302821FF302821FF302821FF302821FF30
310
2821FF302821FF302821FF302821FF302821FF302821FF302821FF302821FF302821FF302821FF302821FF302821FF302821FF302821FF302821FF302821FF302821FF302821FF302821FF302821FF302821FF302821FF302821FF302821FF302821FF302821FF302821FF302821FF302821FF302821FF302821FF302821FF
310
302821FF302821FF302821FF302821FF302821FF302821FF302821FF302821FF302821FF302821FF302821FF302821FF302821FF302821FF302821FF302821FF302821FF302821FF302821FF302821FF302821FF302821FF302821FF302821FF302821FF302821FF302821FF302821FF302821FF302821FF302821FF302821
310
FF302821FF302821FF302821FF302821FF302821FF302821FF302821FF302821FF302821FF302821FF302821FF302821FF302821FF302821FF302821FF302821FF302821FF302821FF302821FF302821FF302821FF302821FF302821FF302821FF302821FF302821FF302821FF302821FF302821FF302821FF302821FF3028
310
21FF302821FF302821FF302821FF302821FF302821FF302821FF302821FF302821FF302821FF302821FF302821FF302821FF302821FF302821FF302821FF302821FF302821FF302821FF302821FF302821FF302821FF302821FF302821FF302821FF302821FF302821FF302821FF302821FF302821FF302821FF302821FF30
310
2821FF302821FF302821FF302821FF302821FF302821FF302821FF302821FF302821FF302821FF302821FF302821FF302821FF302821FF302821FF302821FF302821FF302821FF302821FF302821FF302821FF302821FF302821FF302821FF302821FF302821FF302821FF302821FF302821FF302821FF302821FF302821FF
310
302821FF302821FF302821FF302821FF302821FF302821FF302821FF302821FF302821FF302821FF302821FF302821FF302821FF302821FF302821FF302821FF302821FF302821FF302821FF302821FF302821FF302821FF302821FF302821FF5F007FFF302821FF302821FF302821FF302821FF302821FF302821FF302821
310
FF302821FF302821FF302821FF302821FF302821FF302821FF302821FF302821FF302821FF302821FF302821FF302821FF302821FF302821FF302821FF302821FF302821FF302821FF302821FF302821FF302821FF302821FF302821FF302821FF302821FF302821FF302821FF5F007FFF302821FF302821FF302821FF3028
310
21FF5F007FFF302821FF302821FF302821FF302821FF302821FF302821FF302821FF302821FF302821FF302821FF302821FF302821FF302821FF302821FF302821FF302821FF302821FF302821FF302821FF302821FF302821FF302821FF302821FF302821FF302821FF302821FF302821FF302821FF302821FF302821FF30
310
2821FF302821FF302821FF302821FF5F007FFF302821FF302821FF302821FF302821FF5F007FFF302821FF302821FF302821FF302821FF302821FF302821FF302821FF302821FF302821FF302821FF302821FF302821FF302821FF302821FF302821FF302821FF302821FF302821FF302821FF302821FF302821FF302821FF
310
302821FF302821FF302821FF302821FF302821FF302821FF302821FF302821FF302821FF302821FF302821FF302821FF5F007FFF302821FF302821FF302821FF302821FF5F007FFF302821FF302821FF302821FF302821FF302821FF302821FF302821FF302821FF302821FF302821FF302821FF302821FF302821FF302821
310
FF302821FF302821FF302821FF302821FF302821FF302821FF302821FF302821FF302821FF302821FF302821FF302821FF302821FF302821FF302821FF302821FF302821FF302821FF302821FF302821FF5F007FFF302821FF302821FF302821FF302821FF5F007FFF302821FF302821FF302821FF302821FF302821FF3028
310
21FF302821FF302821FF302821FF302821FF302821FF302821FF302821FF302821FF302821FF302821FF302821FF302821FF302821FF302821FF302821FF302821FF302821FF302821FF302821FF302821FF302821FF302821FF302821FF302821FF302821FF302821FF302821FF302821FF5F007FFF302821FF302821FF30
310
2821FF302821FF5F007FFF5F007FFF5F007FFF5F007FFF5F007FFF5F007FFF5F007FFF5F007FFF5F007FFF5F007FFF5F007FFF5F007FFF5F007FFF5F007FFF5F007FFF5F007FFF5F007FFF5F007FFF5F007FFF5F007FFF5F007FFF5F007FFF5F007FFF5F007FFF5F007FFF5F007FFF5F007FFF5F007FFF5F007FFF5F007FFF
310
5F007FFF5F007FFF5F007FFF5F007FFF5F007FFF5F007FFF302821FF302821FF302821FF302821FF5F007FFF302821FF302821FF302821FF302821FF302821FF302821FF302821FF302821FF302821FF302821FF302821FF302821FF302821FF302821FF302821FF302821FF302821FF302821FF302821FF302821FF302821
310
FF302821FF302821FF302821FF302821FF302821FF302821FF302821FF302821FF302821FF302821FF302821FF302821FF302821FF5F007FFF302821FF302821FF302821FF302821FF5F007FFF302821FF302821FF302821FF302821FF302821FF302821FF302821FF302821FF302821FF302821FF302821FF302821FF3028
310
21FF302821FF302821FF302821FF302821FF302821FF302821FF302821FF302821FF302821FF302821FF302821FF302821FF302821FF302821FF302821FF302821FF302821FF302821FF302821FF302821FF302821FF5F007FFF302821FF302821FF302821FF302821FF5F007FFF5F007FFF5F007FFF5F007FFF5F007FFF5F
310
007FFF5F007FFF5F007FFF5F007FFF5F007FFF5F007FFF5F007FFF5F007FFF5F007FFF5F007FFF5F007FFF5F007FFF5F007FFF5F007FFF5F007FFF5F007FFF5F007FFF5F007FFF5F007FFF5F007FFF5F007FFF5F007FFF5F007FFF5F007FFF5F007FFF5F007FFF5F007FFF5F007FFF5F007FFF5F007FFF5F007FFF302821FF
310
302821FF302821FF302821FF5F007FFF302821FF302821FF302821FF302821FF302821FF302821FF302821FF302821FF302821FF302821FF302821FF302821FF302821FF302821FF302821FF302821FF302821FF302821FF302821FF302821FF302821FF302821FF302821FF302821FF302821FF302821FF302821FF302821
310
FF302821FF302821FF302821FF302821FF302821FF302821FF5F007FFF302821FF302821FF302821FF302821FF5F007FFF302821FF302821FF302821FF302821FF302821FF302821FF302821FF302821FF302821FF302821FF302821FF302821FF302821FF302821FF302821FF302821FF302821FF302821FF302821FF3028
310
21FF302821FF302821FF302821FF302821FF302821FF302821FF302821FF302821FF302821FF302821FF302821FF302821FF302821FF302821FF5F007FFF302821FF302821FF302821FF302821FF5F007FFF302821FF302821FF302821FF302821FF302821FF302821FF302821FF302821FF302821FF302821FF302821FF30
310
2821FF302821FF302821FF302821FF302821FF302821FF302821FF302821FF302821FF302821FF302821FF302821FF302821FF302821FF302821FF302821FF302821FF302821FF302821FF302821FF302821FF302821FF302821FF5F007FFF302821FF302821FF302821FF302821FF5F007FFF302821FF302821FF302821FF
310
302821FF302821FF302821FF302821FF302821FF302821FF302821FF302821FF302821FF302821FF302821FF302821FF302821FF302821FF302821FF302821FF302821FF302821FF302821FF302821FF302821FF302821FF302821FF302821FF302821FF302821FF302821FF302821FF302821FF302821FF302821FF5F007F
310
FF302821FF302821FF302821FF302821FF5F007FFF302821FF302821FF302821FF302821FF302821FF302821FF302821FF302821FF302821FF302821FF302821FF302821FF302821FF302821FF302821FF302821FF302821FF302821FF302821FF302821FF302821FF302821FF302821FF302821FF302821FF302821FF3028
310
21FF302821FF302821FF302821FF302821FF302821FF302821FF302821FF5F007FFF302821FF302821FF302821FF302821FF302821FF302821FF302821FF302821FF302821FF302821FF302821FF302821FF302821FF302821FF302821FF302821FF302821FF302821FF302821FF302821FF302821FF302821FF302821FF30
310
2821FF302821FF302821FF302821FF302821FF302821FF302821FF302821FF302821FF302821FF302821FF302821FF302821FF302821FF302821FF302821FF302821FF302821FF302821FF302821FF302821FF302821FF302821FF302821FF302821FF302821FF302821FF302821FF302821FF302821FF302821FF302821FF
310
302821FF302821FF302821FF302821FF302821FF302821FF302821FF302821FF302821FF302821FF302821FF302821FF302821FF302821FF302821FF302821FF302821FF302821FF302821FF302821FF302821FF302821FF302821FF302821FF302821FF302821FF302821FF302821FF302821FF302821FF302821FF302821
310
FF302821FF302821FF302821FF302821FF302821FF302821FF302821FF302821FF302821FF302821FF302821FF302821FF302821FF302821FF302821FF302821FF302821FF302821FF302821FF302821FF302821FF302821FF302821FF302821FF302821FF302821FF302821FF302821FF302821FF302821FF302821FF3028
310
21FF302821FF302821FF302821FF302821FF302821FF302821FF302821FF302821FF302821FF302821FF302821FF302821FF302821FF302821FF302821FF302821FF302821FF302821FF302821FF302821FF302821FF302821FF302821FF302821FF302821FF302821FF302821FF302821FF302821FF302821FF302821FF30
310
2821FF302821FF302821FF302821FF302821FF302821FF302821FF302821FF302821FF302821FF302821FF302821FF302821FF302821FF302821FF302821FF302821FF302821FF302821FF302821FF302821FF302821FF302821FF302821FF302821FF302821FF302821FF302821FF302821FF302821FF302821FF302821FF
310
302821FF302821FF302821FF302821FF302821FF302821FF302821FF302821FF302821FF302821FF302821FF302821FF302821FF302821FF302821FF302821FF302821FF302821FF302821FF302821FF302821FF302821FF302821FF302821FF302821FF302821FF302821FF302821FF302821FF302821FF302821FF302821
310
FF302821FF302821FF302821FF302821FF302821FF302821FF302821FF302821FF302821FF302821FF302821FF302821FF302821FF302821FF302821FF302821FF302821FF302821FF302821FF302821FF302821FF302821FF302821FF302821FF302821FF302821FF302821FF302821FF302821FF302821FF302821FF3028
310
21FF302821FF302821FF302821FF302821FF302821FF302821FF302821FF302821FF302821FF302821FF302821FF302821FF302821FF302821FF302821FF302821FF302821FF302821FF302821FF302821FF302821FF302821FF302821FF302821FF302821FF302821FF302821FF302821FF302821FF302821FF302821FF30
310
2821FF302821FF302821FF302821FF302821FF302821FF302821FF302821FF302821FF302821FF302821FF302821FF302821FF302821FF302821FF302821FF302821FF302821FF302821FF302821FF302821FF302821FF302821FF302821FF302821FF302821FF302821FF302821FF302821FF302821FF302821FF302821FF
310
302821FF302821FF302821FF302821FF302821FF302821FF302821FF302821FF302821FF302821FF302821FF302821FF302821FF302821FF302821FF302821FF302821FF302821FF302821FF302821FF302821FF302821FF302821FF302821FF302821FF302821FF302821FF302821FF302821FF302821FF302821FF302821
310
FF302821FF302821FF302821FF302821FF302821FF302821FF302821FF302821FF302821FF302821FF302821FF302821FF302821FF302821FF302821FF302821FF302821FF302821FF302821FF302821FF302821FF302821FF302821FF302821FF302821FF302821FF302821FF302821FF302821FF302821FF302821FF3028
310
21FF302821FF302821FF302821FF302821FF302821FF302821FF302821FF302821FF302821FF302821FF302821FF302821FF302821FF302821FF302821FF302821FF302821FF302821FF302821FF302821FF302821FF302821FF302821FF302821FF302821FF302821FF302821FF302821FF302821FF302821FF302821FF30
310
2821FF302821FF302821FF302821FF302821FF302821FF302821FF302821FF302821FF302821FF302821FF302821FF302821FF302821FF302821FF302821FF302821FF302821FF302821FF302821FF302821FF302821FF302821FF302821FF302821FF302821FF302821FF302821FF302821FF302821FF302821FF302821FF
310
302821FF302821FF302821FF302821FF302821FF302821FF302821FF302821FF302821FF302821FF302821FF302821FF302821FF302821FF302821FF302821FF302821FF302821FF302821FF302821FF302821FF302821FF302821FF302821FF302821FF302821FF302821FF302821FF302821FF302821FF302821FF302821
310
FF302821FF302821FF302821FF302821FF302821FF302821FF302821FF302821FF302821FF302821FF302821FF302821FF302821FF302821FF302821FF302821FF302821FF302821FF302821FF302821FF302821FF302821FF302821FF302821FF302821FF302821FF302821FF302821FF302821FF302821FF302821FF3028
310
21FF302821FF302821FF302821FF302821FF302821FF302821FF302821FF302821FF302821FF302821FF302821FF302821FF302821FF302821FF302821FF302821FF302821FF302821FF302821FF302821FF302821FF302821FF
102
{BLKREFS
331
44B
331
44D
331
44E
331
45A
102
}
1001
ACAD
1000
DesignCenter Data
1002
{
1070
     1
1070
     2
1002
}
  0
BLOCK_RECORD
  5
43E
330
1
100
AcDbSymbolTableRecord
100
AcDbBlockTableRecord
  2
W2
340
0
310
28000000280000002800000001002000000000000019000001000000010000000000000000000000302821FF302821FF302821FF302821FF302821FF302821FF302821FF302821FF302821FF302821FF302821FF302821FF302821FF302821FF302821FF302821FF302821FF302821FF302821FF302821FF302821FF302821
310
FF302821FF302821FF302821FF302821FF302821FF302821FF302821FF302821FF302821FF302821FF302821FF302821FF302821FF302821FF302821FF302821FF302821FF302821FF302821FF302821FF302821FF302821FF302821FF302821FF302821FF302821FF302821FF302821FF302821FF302821FF302821FF3028
310
21FF302821FF302821FF302821FF302821FF302821FF302821FF302821FF302821FF302821FF302821FF302821FF302821FF302821FF302821FF302821FF302821FF302821FF302821FF302821FF302821FF302821FF302821FF302821FF302821FF302821FF302821FF302821FF302821FF302821FF302821FF302821FF30
310
2821FF302821FF302821FF302821FF302821FF302821FF302821FF302821FF302821FF302821FF302821FF302821FF302821FF302821FF302821FF302821FF302821FF302821FF302821FF302821FF302821FF302821FF302821FF302821FF302821FF302821FF302821FF302821FF302821FF302821FF302821FF302821FF
310
302821FF302821FF302821FF302821FF302821FF302821FF302821FF302821FF302821FF302821FF302821FF302821FF302821FF302821FF302821FF302821FF302821FF302821FF302821FF302821FF302821FF302821FF302821FF302821FF302821FF302821FF302821FF302821FF302821FF302821FF302821FF302821
310
FF302821FF302821FF302821FF302821FF302821FF302821FF302821FF302821FF302821FF302821FF302821FF302821FF302821FF302821FF302821FF302821FF302821FF302821FF302821FF302821FF302821FF302821FF302821FF302821FF302821FF302821FF302821FF302821FF302821FF302821FF302821FF3028
310
21FF302821FF302821FF302821FF302821FF302821FF302821FF302821FF302821FF302821FF302821FF302821FF302821FF302821FF302821FF302821FF302821FF302821FF302821FF302821FF302821FF302821FF302821FF302821FF302821FF302821FF302821FF302821FF302821FF302821FF302821FF302821FF30
310
2821FF302821FF302821FF302821FF302821FF302821FF302821FF302821FF302821FF302821FF302821FF302821FF302821FF302821FF302821FF302821FF302821FF302821FF302821FF302821FF302821FF302821FF302821FF302821FF302821FF302821FF302821FF302821FF302821FF302821FF302821FF302821FF
310
302821FF302821FF302821FF302821FF302821FF302821FF302821FF302821FF302821FF302821FF302821FF302821FF302821FF302821FF302821FF302821FF302821FF302821FF302821FF302821FF302821FF302821FF302821FF302821FF302821FF302821FF302821FF302821FF302821FF302821FF302821FF302821
310
FF302821FF302821FF302821FF302821FF302821FF302821FF302821FF302821FF302821FF302821FF302821FF302821FF302821FF302821FF302821FF302821FF302821FF302821FF302821FF302821FF302821FF302821FF302821FF302821FF302821FF302821FF302821FF302821FF302821FF302821FF302821FF3028
310
21FF302821FF302821FF302821FF302821FF302821FF302821FF302821FF302821FF302821FF302821FF302821FF302821FF302821FF302821FF302821FF302821FF302821FF302821FF302821FF302821FF302821FF302821FF302821FF302821FF302821FF302821FF302821FF302821FF302821FF302821FF302821FF30
310
2821FF302821FF302821FF302821FF302821FF302821FF302821FF302821FF302821FF302821FF302821FF302821FF302821FF302821FF302821FF302821FF302821FF302821FF302821FF302821FF302821FF302821FF302821FF302821FF302821FF302821FF302821FF302821FF302821FF302821FF302821FF302821FF
310
302821FF302821FF302821FF302821FF302821FF302821FF302821FF302821FF302821FF302821FF302821FF302821FF302821FF302821FF302821FF302821FF302821FF302821FF302821FF302821FF302821FF302821FF302821FF302821FF302821FF302821FF302821FF302821FF302821FF302821FF302821FF302821
310
FF302821FF302821FF302821FF302821FF302821FF302821FF302821FF302821FF302821FF302821FF302821FF302821FF302821FF302821FF302821FF302821FF302821FF302821FF302821FF302821FF302821FF302821FF302821FF302821FF302821FF302821FF302821FF302821FF302821FF302821FF302821FF3028
310
21FF302821FF302821FF302821FF302821FF302821FF302821FF302821FF302821FF302821FF302821FF302821FF302821FF302821FF302821FF302821FF302821FF302821FF302821FF302821FF302821FF302821FF302821FF302821FF302821FF302821FF302821FF302821FF302821FF302821FF302821FF302821FF30
310
2821FF302821FF302821FF302821FF302821FF302821FF302821FF302821FF302821FF302821FF302821FF302821FF302821FF302821FF302821FF302821FF302821FF302821FF302821FF302821FF302821FF302821FF302821FF302821FF302821FF302821FF302821FF302821FF302821FF302821FF302821FF302821FF
310
302821FF302821FF302821FF302821FF302821FF302821FF302821FF302821FF302821FF302821FF302821FF302821FF302821FF302821FF302821FF302821FF302821FF302821FF302821FF302821FF302821FF302821FF302821FF302821FF302821FF302821FF302821FF302821FF302821FF302821FF302821FF302821
310
FF302821FF302821FF302821FF302821FF302821FF302821FF302821FF302821FF302821FF302821FF302821FF302821FF302821FF302821FF302821FF302821FF302821FF302821FF302821FF302821FF302821FF302821FF302821FF302821FF302821FF302821FF302821FF302821FF302821FF302821FF302821FF3028
310
21FF302821FF302821FF302821FF5F007FFF5F007FFF5F007FFF5F007FFF5F007FFF5F007FFF5F007FFF5F007FFF5F007FFF5F007FFF5F007FFF5F007FFF5F007FFF5F007FFF5F007FFF5F007FFF5F007FFF5F007FFF5F007FFF5F007FFF5F007FFF5F007FFF5F007FFF5F007FFF5F007FFF5F007FFF5F007FFF5F007FFF5F
310
007FFF5F007FFF302821FF302821FF302821FF302821FF302821FF302821FF302821FF302821FF302821FF302821FF5F007FFF302821FF302821FF302821FF302821FF302821FF302821FF302821FF302821FF302821FF302821FF302821FF302821FF302821FF302821FF302821FF302821FF302821FF302821FF302821FF
310
302821FF302821FF302821FF302821FF302821FF302821FF302821FF302821FF302821FF5F007FFF302821FF302821FF302821FF302821FF302821FF302821FF302821FF302821FF302821FF302821FF5F007FFF5F007FFF5F007FFF5F007FFF5F007FFF5F007FFF5F007FFF5F007FFF5F007FFF5F007FFF5F007FFF5F007F
310
FF5F007FFF5F007FFF5F007FFF5F007FFF5F007FFF5F007FFF5F007FFF5F007FFF5F007FFF5F007FFF5F007FFF5F007FFF5F007FFF5F007FFF5F007FFF5F007FFF5F007FFF5F007FFF302821FF302821FF302821FF302821FF302821FF302821FF302821FF302821FF302821FF302821FF5F007FFF5F007FFF5F007FFF5F00
310
7FFF5F007FFF5F007FFF5F007FFF5F007FFF5F007FFF5F007FFF5F007FFF5F007FFF5F007FFF5F007FFF5F007FFF5F007FFF5F007FFF5F007FFF5F007FFF5F007FFF5F007FFF5F007FFF5F007FFF5F007FFF5F007FFF5F007FFF5F007FFF5F007FFF5F007FFF5F007FFF302821FF302821FF302821FF302821FF302821FF30
310
2821FF302821FF302821FF302821FF302821FF5F007FFF302821FF302821FF302821FF302821FF302821FF302821FF302821FF302821FF302821FF302821FF302821FF302821FF302821FF302821FF302821FF302821FF302821FF302821FF302821FF302821FF302821FF302821FF302821FF302821FF302821FF302821FF
310
302821FF302821FF5F007FFF302821FF302821FF302821FF302821FF302821FF302821FF302821FFA52900FF302821FF302821FF5F007FFF5F007FFF5F007FFF5F007FFF5F007FFF5F007FFF5F007FFF5F007FFF5F007FFF5F007FFF5F007FFF5F007FFF5F007FFF5F007FFF5F007FFF5F007FFF5F007FFF5F007FFF5F007F
310
FF5F007FFF5F007FFF5F007FFF5F007FFF5F007FFF5F007FFF5F007FFF5F007FFF5F007FFF5F007FFF5F007FFF302821FF302821FFA52900FF302821FF302821FF302821FF302821FFA52900FF302821FF302821FF302821FF302821FF302821FF302821FF302821FF302821FF302821FF302821FF302821FF302821FF3028
310
21FF302821FF302821FF302821FF302821FF302821FF302821FF302821FF302821FF302821FF302821FF302821FF302821FF302821FF302821FF302821FF302821FF302821FF302821FF302821FF302821FF302821FFA52900FF302821FF302821FF302821FF302821FFA52900FF302821FF302821FF302821FF302821FF30
310
2821FF302821FF302821FF302821FF302821FF302821FF302821FF302821FF302821FF302821FF302821FF302821FF302821FF302821FF302821FF302821FF302821FF302821FF302821FF302821FF302821FF302821FF302821FF302821FF302821FF302821FF302821FF302821FF302821FF302821FFA52900FF302821FF
310
302821FF302821FF302821FFA52900FF302821FF302821FF302821FF302821FF302821FF302821FF302821FF302821FF302821FF302821FF302821FF302821FF302821FF302821FF302821FF302821FF302821FF302821FF302821FF302821FF302821FF302821FF302821FF302821FF302821FF302821FF302821FF302821
310
FF302821FF302821FF302821FF302821FF302821FF302821FFA52900FF302821FF302821FF302821FF302821FFA52900FF302821FF302821FF302821FF302821FF302821FF302821FF302821FF302821FF302821FF302821FF302821FF302821FF302821FF302821FF302821FF302821FF302821FF302821FF302821FF3028
310
21FF302821FF302821FF302821FF302821FF302821FF302821FF302821FF302821FF302821FF302821FF302821FF302821FF302821FF302821FFA52900FF302821FF302821FF302821FF302821FFA52900FF302821FF302821FF302821FF302821FF302821FF302821FF302821FF302821FF302821FF302821FF302821FF30
310
2821FF302821FF302821FF302821FF302821FF302821FF302821FF302821FF302821FF302821FF302821FF302821FF302821FF302821FF302821FF302821FF302821FF302821FF302821FF302821FF302821FF302821FF302821FFA52900FF302821FF302821FF302821FF302821FFA52900FFA52900FFA52900FFA52900FF
310
A52900FFA52900FFA52900FFA52900FFA52900FFA52900FFA52900FFA52900FFA52900FFA52900FFA52900FFA52900FFA52900FFA52900FFA52900FFA52900FFA52900FFA52900FFA52900FFA52900FFA52900FFA52900FFA52900FFA52900FFA52900FFA52900FFA52900FFA52900FFA52900FFA52900FFA52900FFA52900
310
FF302821FF302821FF302821FF302821FF302821FF302821FF302821FF302821FF302821FF302821FF302821FF302821FF302821FF302821FF302821FF302821FF302821FF302821FF302821FF302821FF302821FF302821FF302821FF302821FF302821FF302821FF302821FF302821FF302821FF302821FF302821FF3028
310
21FF302821FF302821FF302821FF302821FF302821FF302821FF302821FF302821FF302821FF302821FF302821FF302821FF302821FF302821FF302821FF302821FF302821FF302821FF302821FF302821FF302821FF302821FF302821FF302821FF302821FF302821FF302821FF302821FF302821FF302821FF302821FF30
310
2821FF302821FF302821FF302821FF302821FF302821FF302821FF302821FF302821FF302821FF302821FF302821FF302821FF302821FF302821FF302821FF302821FF302821FF302821FF302821FF302821FF302821FF302821FF302821FF302821FF302821FF302821FF302821FF302821FF302821FF302821FF302821FF
310
302821FF302821FF302821FF302821FF302821FF302821FF302821FF302821FF302821FF302821FF302821FF302821FF302821FF302821FF302821FF302821FF302821FF302821FF302821FF302821FF302821FF302821FF302821FF302821FF302821FF302821FF302821FF302821FF302821FF302821FF302821FF302821
310
FF302821FF302821FF302821FF302821FF302821FF302821FF302821FF302821FF302821FF302821FF302821FF302821FF302821FF302821FF302821FF302821FF302821FF302821FF302821FF302821FF302821FF302821FF302821FF302821FF302821FF302821FF302821FF302821FF302821FF302821FF302821FF3028
310
21FF302821FF302821FF302821FF302821FF302821FF302821FF302821FF302821FF302821FF302821FF302821FF302821FF302821FF302821FF302821FF302821FF302821FF302821FF302821FF302821FF302821FF302821FF302821FF302821FF302821FF302821FF302821FF302821FF302821FF302821FF302821FF30
310
2821FF302821FF302821FF302821FF302821FF302821FF302821FF302821FF302821FF302821FF302821FF302821FF302821FF302821FF302821FF302821FF302821FF302821FF302821FF302821FF302821FF302821FF302821FF302821FF302821FF302821FF302821FF302821FF302821FF302821FF302821FF302821FF
310
302821FF302821FF302821FF302821FF302821FF302821FF302821FF302821FF302821FF302821FF302821FF302821FF302821FF302821FF302821FF302821FF302821FF302821FF302821FF302821FF302821FF302821FF302821FF302821FF302821FF302821FF302821FF302821FF302821FF302821FF302821FF302821
310
FF302821FF302821FF302821FF302821FF302821FF302821FF302821FF302821FF302821FF302821FF302821FF302821FF302821FF302821FF302821FF302821FF302821FF302821FF302821FF302821FF302821FF302821FF302821FF302821FF302821FF302821FF302821FF302821FF302821FF302821FF302821FF3028
310
21FF302821FF302821FF302821FF302821FF302821FF302821FF302821FF302821FF302821FF302821FF302821FF302821FF302821FF302821FF302821FF302821FF302821FF302821FF302821FF302821FF302821FF302821FF302821FF302821FF302821FF302821FF302821FF302821FF302821FF302821FF302821FF30
310
2821FF302821FF302821FF302821FF302821FF302821FF302821FF302821FF302821FF302821FF302821FF302821FF302821FF302821FF302821FF302821FF302821FF302821FF302821FF302821FF302821FF302821FF302821FF302821FF302821FF302821FF302821FF302821FF302821FF302821FF302821FF302821FF
310
302821FF302821FF302821FF302821FF302821FF302821FF302821FF302821FF302821FF302821FF302821FF302821FF302821FF302821FF302821FF302821FF302821FF302821FF302821FF302821FF302821FF302821FF302821FF302821FF302821FF302821FF302821FF302821FF302821FF302821FF302821FF302821
310
FF302821FF302821FF302821FF302821FF302821FF302821FF302821FF302821FF302821FF302821FF302821FF302821FF302821FF302821FF302821FF302821FF302821FF302821FF302821FF302821FF302821FF302821FF302821FF302821FF302821FF302821FF302821FF302821FF302821FF302821FF302821FF3028
310
21FF302821FF302821FF302821FF302821FF302821FF302821FF302821FF302821FF302821FF302821FF302821FF302821FF302821FF302821FF302821FF302821FF302821FF302821FF302821FF302821FF302821FF302821FF302821FF302821FF302821FF302821FF302821FF302821FF302821FF302821FF302821FF30
310
2821FF302821FF302821FF302821FF302821FF302821FF302821FF302821FF302821FF302821FF302821FF302821FF302821FF302821FF302821FF302821FF302821FF302821FF302821FF302821FF302821FF302821FF302821FF302821FF302821FF302821FF302821FF302821FF302821FF302821FF302821FF302821FF
310
302821FF302821FF302821FF302821FF302821FF302821FF302821FF302821FF302821FF302821FF302821FF302821FF302821FF302821FF302821FF302821FF302821FF302821FF302821FF302821FF302821FF302821FF302821FF302821FF302821FF302821FF302821FF302821FF302821FF302821FF302821FF302821
310
FF302821FF302821FF302821FF302821FF302821FF302821FF302821FF302821FF302821FF302821FF302821FF302821FF302821FF302821FF302821FF302821FF302821FF302821FF302821FF302821FF302821FF302821FF302821FF302821FF302821FF302821FF302821FF302821FF302821FF302821FF302821FF3028
310
21FF302821FF302821FF302821FF302821FF302821FF302821FF302821FF302821FF302821FF302821FF302821FF302821FF302821FF302821FF302821FF302821FF302821FF302821FF302821FF302821FF302821FF302821FF
102
{BLKREFS
331
450
331
458
331
459
331
45B
102
}
1001
ACAD
1000
DesignCenter Data
1002
{
1070
     1
1070
     2
1002
}
  0
BLOCK_RECORD
  5
4B4
330
1
100
AcDbSymbolTableRecord
100
AcDbBlockTableRecord
  2
_ArchTick
340
0
102
{BLKREFS
331
4D4
331
4D5
331
516
331
517
331
50D
331
50E
331
5C7
331
5C8
331
5FD
331
5FE
331
5F4
331
5F5
331
5EB
331
5EC
331
5D9
331
5DA
331
5E2
331
5E3
331
5D0
331
5D1
331
797
331
798
331
8CA
331
8CB
331
8C1
331
8C2
331
8B8
331
8B9
331
8AF
331
8B0
331
8DC
331
8DD
331
8D3
331
8D4
331
8EE
331
8EF
331
8E5
331
8E6
331
8F7
331
8F8
331
902
331
903
102
}
  0
BLOCK_RECORD
  5
4BA
330
1
100
AcDbSymbolTableRecord
100
AcDbBlockTableRecord
  2
*D6
340
0
  0
BLOCK_RECORD
  5
4DB
330
1
100
AcDbSymbolTableRecord
100
AcDbBlockTableRecord
  2
*D7
340
0
  0
BLOCK_RECORD
  5
4F3
330
1
100
AcDbSymbolTableRecord
100
AcDbBlockTableRecord
  2
*D8
340
0
  0
BLOCK_RECORD
  5
51D
330
1
100
AcDbSymbolTableRecord
100
AcDbBlockTableRecord
  2
*D9
340
0
  0
BLOCK_RECORD
  5
535
330
1
100
AcDbSymbolTableRecord
100
AcDbBlockTableRecord
  2
*D10
340
0
  0
BLOCK_RECORD
  5
54D
330
1
100
AcDbSymbolTableRecord
100
AcDbBlockTableRecord
  2
*D11
340
0
  0
BLOCK_RECORD
  5
565
330
1
100
AcDbSymbolTableRecord
100
AcDbBlockTableRecord
  2
*D12
340
0
  0
BLOCK_RECORD
  5
57D
330
1
100
AcDbSymbolTableRecord
100
AcDbBlockTableRecord
  2
*D13
340
0
  0
BLOCK_RECORD
  5
595
330
1
100
AcDbSymbolTableRecord
100
AcDbBlockTableRecord
  2
*D14
340
0
  0
BLOCK_RECORD
  5
5AD
330
1
100
AcDbSymbolTableRecord
100
AcDbBlockTableRecord
  2
*D15
340
0
  0
BLOCK_RECORD
  5
774
330
1
100
AcDbSymbolTableRecord
100
AcDbBlockTableRecord
  2
*D17
340
0
  0
BLOCK_RECORD
  5
79E
330
1
100
AcDbSymbolTableRecord
100
AcDbBlockTableRecord
  2
*D18
340
0
  0
BLOCK_RECORD
  5
7B6
330
1
100
AcDbSymbolTableRecord
100
AcDbBlockTableRecord
  2
*D19
340
0
  0
BLOCK_RECORD
  5
7CE
330
1
100
AcDbSymbolTableRecord
100
AcDbBlockTableRecord
  2
*D20
340
0
  0
BLOCK_RECORD
  5
7E6
330
1
100
AcDbSymbolTableRecord
100
AcDbBlockTableRecord
  2
*D21
340
0
  0
BLOCK_RECORD
  5
7FE
330
1
100
AcDbSymbolTableRecord
100
AcDbBlockTableRecord
  2
*D22
340
0
  0
BLOCK_RECORD
  5
816
330
1
100
AcDbSymbolTableRecord
100
AcDbBlockTableRecord
  2
*D23
340
0
  0
BLOCK_RECORD
  5
82E
330
1
100
AcDbSymbolTableRecord
100
AcDbBlockTableRecord
  2
*D24
340
0
  0
BLOCK_RECORD
  5
846
330
1
100
AcDbSymbolTableRecord
100
AcDbBlockTableRecord
  2
*D25
340
0
  0
BLOCK_RECORD
  5
85E
330
1
100
AcDbSymbolTableRecord
100
AcDbBlockTableRecord
  2
*D26
340
0
  0
BLOCK_RECORD
  5
876
330
1
100
AcDbSymbolTableRecord
100
AcDbBlockTableRecord
  2
*D27
340
0
  0
ENDTAB
  0
ENDSEC
  0
SECTION
  2
BLOCKS
  0
BLOCK
  5
20
330
1F
100
AcDbEntity
  8
0
100
AcDbBlockBegin
  2
*Model_Space
 70
     0
 10
0.0
 20
0.0
 30
0.0
  3
*Model_Space
  1

  0
ENDBLK
  5
21
330
1F
100
AcDbEntity
  8
0
100
AcDbBlockEnd
  0
BLOCK
  5
D4
330
D2
100
AcDbEntity
 67
     1
  8
0
100
AcDbBlockBegin
  2
*Paper_Space
 70
     0
 10
0.0
 20
0.0
 30
0.0
  3
*Paper_Space
  1

  0
ENDBLK
  5
D5
330
D2
100
AcDbEntity
 67
     1
  8
0
100
AcDbBlockEnd
  0
BLOCK
  5
D8
330
D6
100
AcDbEntity
  8
0
100
AcDbBlockBegin
  2
*Paper_Space0
 70
     0
 10
0.0
 20
0.0
 30
0.0
  3
*Paper_Space0
  1

  0
ENDBLK
  5
D9
330
D6
100
AcDbEntity
  8
0
100
AcDbBlockEnd
  0
BLOCK
  5
3A3
330
3A2
100
AcDbEntity
  8
0
100
AcDbBlockBegin
  2
door 1
 70
     0
 10
0.0
 20
0.0
 30
0.0
  3
door 1
  1

  0
LINE
  5
3A5
330
3A2
100
AcDbEntity
  8
DOOR
100
AcDbLine
 10
0.0
 20
0.0
 30
0.0
 11
36.0
 21
0.0
 31
0.0
  0
LINE
  5
3A6
330
3A2
100
AcDbEntity
  8
DOOR
100
AcDbLine
 10
0.0
 20
0.0
 30
0.0
 11
0.0
 21
36.0
 31
0.0
  0
LINE
  5
3A7
330
3A2
100
AcDbEntity
  8
DOOR
100
AcDbLine
 10
0.0
 20
36.0
 30
0.0
 11
3.0
 21
36.0
 31
0.0
  0
LINE
  5
3A8
330
3A2
100
AcDbEntity
  8
DOOR
100
AcDbLine
 10
3.0
 20
36.0
 30
0.0
 11
3.0
 21
0.0
 31
0.0
  0
LINE
  5
3A9
330
3A2
100
AcDbEntity
  8
DOOR
100
AcDbLine
 10
0.0
 20
36.0
 30
0.0
 11
-4.0
 21
36.0
 31
0.0
  0
LINE
  5
3AA
330
3A2
100
AcDbEntity
  8
DOOR
100
AcDbLine
 10
-4.0
 20
36.0
 30
0.0
 11
-4.0
 21
28.0
 31
0.0
  0
LINE
  5
3AB
330
3A2
100
AcDbEntity
  8
DOOR
100
AcDbLine
 10
-4.0
 20
28.0
 30
0.0
 11
-4.0
 21
27.0
 31
0.0
  0
LINE
  5
3AC
330
3A2
100
AcDbEntity
  8
DOOR
100
AcDbLine
 10
-4.0
 20
27.0
 30
0.0
 11
-3.0
 21
27.0
 31
0.0
  0
LINE
  5
3AD
330
3A2
100
AcDbEntity
  8
DOOR
100
AcDbLine
 10
-3.0
 20
27.0
 30
0.0
 11
-3.0
 21
34.0
 31
0.0
  0
LINE
  5
3AE
330
3A2
100
AcDbEntity
  8
DOOR
100
AcDbLine
 10
-3.0
 20
34.0
 30
0.0
 11
0.0
 21
34.0
 31
0.0
  0
ARC
  5
3AF
330
3A2
100
AcDbEntity
  8
DOOR
100
AcDbCircle
 10
0.0
 20
0.0
 30
0.0
 40
36.0
100
AcDbArc
 50
0.0
 51
96.37937020844278
  0
ENDBLK
  5
3A4
330
3A2
100
AcDbEntity
  8
0
100
AcDbBlockEnd
  0
BLOCK
  5
415
330
414
100
AcDbEntity
  8
0
100
AcDbBlockBegin
  2
W1
 70
     0
 10
0.0
 20
0.0
 30
0.0
  3
W1
  1

  0
LINE
  5
417
330
414
100
AcDbEntity
  8
WINDOWS
100
AcDbLine
 10
-18.0
 20
9.0
 30
0.0
 11
18.0
 21
9.0
 31
0.0
  0
LINE
  5
418
330
414
100
AcDbEntity
  8
WINDOWS
100
AcDbLine
 10
18.0
 20
9.0
 30
0.0
 11
18.0
 21
0.0
 31
0.0
  0
LINE
  5
419
330
414
100
AcDbEntity
  8
WINDOWS
100
AcDbLine
 10
18.0
 20
0.0
 30
0.0
 11
-18.0
 21
0.0
 31
0.0
  0
LINE
  5
41A
330
414
100
AcDbEntity
  8
WINDOWS
100
AcDbLine
 10
-18.0
 20
0.0
 30
0.0
 11
-18.0
 21
9.0
 31
0.0
  0
LINE
  5
41B
330
414
100
AcDbEntity
  8
WINDOWS
100
AcDbLine
 10
-18.0
 20
5.5
 30
0.0
 11
18.0
 21
5.5
 31
0.0
  0
LINE
  5
41C
330
414
100
AcDbEntity
  8
WINDOWS
100
AcDbLine
 10
-18.0
 20
3.5
 30
0.0
 11
18.0
 21
3.5
 31
0.0
  0
LINE
  5
41D
330
414
100
AcDbEntity
  8
CHAJJA
100
AcDbLine
 10
24.0
 20
9.0
 30
0.0
 11
24.0
 21
21.0
 31
0.0
  0
LINE
  5
41E
330
414
100
AcDbEntity
  8
CHAJJA
100
AcDbLine
 10
24.0
 20
21.0
 30
0.0
 11
-24.0
 21
21.0
 31
0.0
  0
LINE
  5
41F
330
414
100
AcDbEntity
  8
CHAJJA
100
AcDbLine
 10
-24.0
 20
21.0
 30
0.0
 11
-24.0
 21
9.0
 31
0.0
  0
ENDBLK
  5
416
330
414
100
AcDbEntity
  8
0
100
AcDbBlockEnd
  0
BLOCK
  5
437
330
436
100
AcDbEntity
  8
0
100
AcDbBlockBegin
  2
V1
 70
     0
 10
0.0
 20
0.0
 30
0.0
  3
V1
  1

  0
LINE
  5
439
330
436
100
AcDbEntity
  8
WINDOWS
100
AcDbLine
 10
24.0
 20
9.0
 30
0.0
 11
24.0
 21
0.0
 31
0.0
  0
LINE
  5
43A
330
436
100
AcDbEntity
  8
WINDOWS
100
AcDbLine
 10
0.0
 20
0.0
 30
0.0
 11
0.0
 21
9.0
 31
0.0
  0
LINE
  5
43B
330
436
100
AcDbEntity
  8
WINDOWS
100
AcDbLine
 10
0.0
 20
5.5
 30
0.0
 11
24.0
 21
5.5
 31
0.0
  0
LINE
  5
43C
330
436
100
AcDbEntity
  8
WINDOWS
100
AcDbLine
 10
0.0
 20
3.5
 30
0.0
 11
24.0
 21
3.5
 31
0.0
  0
ENDBLK
  5
438
330
436
100
AcDbEntity
  8
0
100
AcDbBlockEnd
  0
BLOCK
  5
43F
330
43E
100
AcDbEntity
  8
0
100
AcDbBlockBegin
  2
W2
 70
     0
 10
0.0
 20
0.0
 30
0.0
  3
W2
  1

  0
LINE
  5
441
330
43E
100
AcDbEntity
  8
WINDOWS
100
AcDbLine
 10
-30.0
 20
9.0
 30
0.0
 11
30.0
 21
9.0
 31
0.0
  0
LINE
  5
442
330
43E
100
AcDbEntity
  8
WINDOWS
100
AcDbLine
 10
30.0
 20
9.0
 30
0.0
 11
30.0
 21
0.0
 31
0.0
  0
LINE
  5
443
330
43E
100
AcDbEntity
  8
WINDOWS
100
AcDbLine
 10
30.0
 20
0.0
 30
0.0
 11
-30.0
 21
0.0
 31
0.0
  0
LINE
  5
444
330
43E
100
AcDbEntity
  8
WINDOWS
100
AcDbLine
 10
-30.0
 20
0.0
 30
0.0
 11
-30.0
 21
9.0
 31
0.0
  0
LINE
  5
445
330
43E
100
AcDbEntity
  8
WINDOWS
100
AcDbLine
 10
-30.0
 20
5.5
 30
0.0
 11
30.0
 21
5.5
 31
0.0
  0
LINE
  5
446
330
43E
100
AcDbEntity
  8
WINDOWS
100
AcDbLine
 10
-30.0
 20
3.5
 30
0.0
 11
30.0
 21
3.5
 31
0.0
  0
LINE
  5
447
330
43E
100
AcDbEntity
  8
CHAJJA
100
AcDbLine
 10
36.0
 20
9.0
 30
0.0
 11
36.0
 21
21.0
 31
0.0
  0
LINE
  5
448
330
43E
100
AcDbEntity
  8
CHAJJA
100
AcDbLine
 10
36.0
 20
21.0
 30
0.0
 11
-36.0
 21
21.0
 31
0.0
  0
LINE
  5
449
330
43E
100
AcDbEntity
  8
CHAJJA
100
AcDbLine
 10
-36.0
 20
21.0
 30
0.0
 11
-36.0
 21
9.0
 31
0.0
  0
ENDBLK
  5
440
330
43E
100
AcDbEntity
  8
0
100
AcDbBlockEnd
  0
BLOCK
  5
4B6
330
4B4
100
AcDbEntity
  8
0
100
AcDbBlockBegin
  2
_ArchTick
 70
     0
 10
0.0
 20
0.0
 30
0.0
  3
_ArchTick
  1

  0
LWPOLYLINE
  5
4B5
330
4B4
100
AcDbEntity
  8
0
  6
ByBlock
 62
     0
100
AcDbPolyline
 90
        2
 70
     0
 43
0.15
 10
-0.5
 20
-0.5
 10
0.5
 20
0.5
  0
ENDBLK
  5
4B7
330
4B4
100
AcDbEntity
  8
0
100
AcDbBlockEnd
  0
BLOCK
  5
4BB
330
4BA
100
AcDbEntity
  8
0
100
AcDbBlockBegin
  2
*D6
 70
     1
 10
0.0
 20
0.0
 30
0.0
  3
*D6
  1

  0
LINE
  5
4D1
330
4BA
100
AcDbEntity
  8
DIM
 62
     0
440
 16777216
370
    -2
100
AcDbLine
 10
722.5905604964039
 20
1085.794240109226
 30
0.0
 11
704.2072082582605
 21
1085.794240109226
 31
0.0
  0
LINE
  5
4D2
330
4BA
100
AcDbEntity
  8
DIM
 62
     0
440
 16777216
370
    -2
100
AcDbLine
 10
722.5905604964039
 20
605.7942401092257
 30
0.0
 11
704.2072082582606
 21
605.7942401092257
 31
0.0
  0
LINE
  5
4D3
330
4BA
100
AcDbEntity
  8
DIM
 62
     0
440
 16777216
370
    -2
100
AcDbLine
 10
705.4572082582605
 20
1085.794240109226
 30
0.0
 11
705.4572082582606
 21
605.7942401092257
 31
0.0
  0
INSERT
  5
4D4
330
4BA
100
AcDbEntity
  8
DIM
 62
     0
440
 16777216
370
    -2
100
AcDbBlockReference
  2
_ArchTick
 10
705.4572082582605
 20
1085.794240109226
 30
0.0
 41
2.5
 42
2.5
 43
2.5
 50
90.0
  0
INSERT
  5
4D5
330
4BA
100
AcDbEntity
  8
DIM
 62
     0
440
 16777216
370
    -2
100
AcDbBlockReference
  2
_ArchTick
 10
705.4572082582606
 20
605.7942401092257
 30
0.0
 41
2.5
 42
2.5
 43
2.5
 50
270.0
  0
MTEXT
  5
4D6
330
4BA
100
AcDbEntity
  8
DIM
 62
     0
440
 16777216
100
AcDbMText
 10
700.7476243564871
 20
845.7942401092255
 30
0.0
 40
8.0
 41
0.0
 71
     5
 72
     1
  1
40'
 11
6.123233995736766E-17
 21
1.0
 31
0.0
 73
     1
 44
1.0
  0
POINT
  5
4D7
330
4BA
100
AcDbEntity
  8
Defpoints
 62
     0
440
 16777216
100
AcDbPoint
 10
723.2155604964039
 20
1085.794240109226
 30
0.0
  0
POINT
  5
4D8
330
4BA
100
AcDbEntity
  8
Defpoints
 62
     0
440
 16777216
100
AcDbPoint
 10
723.2155604964039
 20
605.7942401092257
 30
0.0
  0
POINT
  5
4D9
330
4BA
100
AcDbEntity
  8
Defpoints
 62
     0
440
 16777216
100
AcDbPoint
 10
705.4572082582606
 20
605.7942401092257
 30
0.0
  0
ENDBLK
  5
4BC
330
4BA
100
AcDbEntity
  8
0
100
AcDbBlockEnd
  0
BLOCK
  5
4DC
330
4DB
100
AcDbEntity
  8
0
100
AcDbBlockBegin
  2
*D7
 70
     1
 10
0.0
 20
0.0
 30
0.0
  3
*D7
  1

  0
LINE
  5
513
330
4DB
100
AcDbEntity
  8
DIM
 62
     0
440
 16777216
370
    -2
100
AcDbLine
 10
819.2155604964036
 20
1029.335668956886
 30
0.0
 11
819.2155604964036
 21
1029.960668956886
 31
0.0
  0
LINE
  5
514
330
4DB
100
AcDbEntity
  8
DIM
 62
     0
440
 16777216
370
    -2
100
AcDbLine
 10
951.2155604964038
 20
1029.335668956886
 30
0.0
 11
951.2155604964038
 21
1029.960668956886
 31
0.0
  0
LINE
  5
515
330
4DB
100
AcDbEntity
  8
DIM
 62
     0
440
 16777216
370
    -2
100
AcDbLine
 10
819.2155604964036
 20
1028.710668956886
 30
0.0
 11
951.2155604964038
 21
1028.710668956886
 31
0.0
  0
INSERT
  5
516
330
4DB
100
AcDbEntity
  8
DIM
 62
     0
440
 16777216
370
    -2
100
AcDbBlockReference
  2
_ArchTick
 10
819.2155604964036
 20
1028.710668956886
 30
0.0
 41
2.5
 42
2.5
 43
2.5
 50
180.0
  0
INSERT
  5
517
330
4DB
100
AcDbEntity
  8
DIM
 62
     0
440
 16777216
370
    -2
100
AcDbBlockReference
  2
_ArchTick
 10
951.2155604964038
 20
1028.710668956886
 30
0.0
 41
2.5
 42
2.5
 43
2.5
  0
MTEXT
  5
518
330
4DB
100
AcDbEntity
  8
DIM
 62
     0
440
 16777216
100
AcDbMText
 10
885.2155604964037
 20
1033.352040034649
 30
0.0
 40
8.0
 41
0.0
 71
     5
 72
     1
  1
11'
 73
     1
 44
1.0
  0
POINT
  5
519
330
4DB
100
AcDbEntity
  8
Defpoints
 62
     0
440
 16777216
100
AcDbPoint
 10
819.2155604964036
 20
1028.710668956886
 30
0.0
  0
POINT
  5
51A
330
4DB
100
AcDbEntity
  8
Defpoints
 62
     0
440
 16777216
100
AcDbPoint
 10
951.2155604964038
 20
1028.710668956886
 30
0.0
  0
POINT
  5
51B
330
4DB
100
AcDbEntity
  8
Defpoints
 62
     0
440
 16777216
100
AcDbPoint
 10
951.2155604964038
 20
1028.710668956886
 30
0.0
  0
ENDBLK
  5
4DD
330
4DB
100
AcDbEntity
  8
0
100
AcDbBlockEnd
  0
BLOCK
  5
4F4
330
4F3
100
AcDbEntity
  8
0
100
AcDbBlockBegin
  2
*D8
 70
     1
 10
0.0
 20
0.0
 30
0.0
  3
*D8
  1

  0
LINE
  5
50A
330
4F3
100
AcDbEntity
  8
DIM
 62
     0
440
 16777216
370
    -2
100
AcDbLine
 10
831.704546537338
 20
1040.794240109226
 30
0.0
 11
832.329546537339
 21
1040.794240109226
 31
0.0
  0
LINE
  5
50B
330
4F3
100
AcDbEntity
  8
DIM
 62
     0
440
 16777216
370
    -2
100
AcDbLine
 10
831.704546537338
 20
860.7942401092258
 30
0.0
 11
832.329546537339
 21
860.7942401092258
 31
0.0
  0
LINE
  5
50C
330
4F3
100
AcDbEntity
  8
DIM
 62
     0
440
 16777216
370
    -2
100
AcDbLine
 10
831.079546537339
 20
1040.794240109226
 30
0.0
 11
831.079546537339
 21
860.7942401092258
 31
0.0
  0
INSERT
  5
50D
330
4F3
100
AcDbEntity
  8
DIM
 62
     0
440
 16777216
370
    -2
100
AcDbBlockReference
  2
_ArchTick
 10
831.079546537339
 20
1040.794240109226
 30
0.0
 41
2.5
 42
2.5
 43
2.5
 50
90.0
  0
INSERT
  5
50E
330
4F3
100
AcDbEntity
  8
DIM
 62
     0
440
 16777216
370
    -2
100
AcDbBlockReference
  2
_ArchTick
 10
831.079546537339
 20
860.7942401092258
 30
0.0
 41
2.5
 42
2.5
 43
2.5
 50
270.0
  0
MTEXT
  5
50F
330
4F3
100
AcDbEntity
  8
DIM
 62
     0
440
 16777216
100
AcDbMText
 10
826.3699626355656
 20
950.7942401092253
 30
0.0
 40
8.0
 41
0.0
 71
     5
 72
     1
  1
15'
 11
6.123233995736766E-17
 21
1.0
 31
0.0
 73
     1
 44
1.0
  0
POINT
  5
510
330
4F3
100
AcDbEntity
  8
Defpoints
 62
     0
440
 16777216
100
AcDbPoint
 10
831.079546537338
 20
1040.794240109226
 30
0.0
  0
POINT
  5
511
330
4F3
100
AcDbEntity
  8
Defpoints
 62
     0
440
 16777216
100
AcDbPoint
 10
831.079546537338
 20
860.7942401092258
 30
0.0
  0
POINT
  5
512
330
4F3
100
AcDbEntity
  8
Defpoints
 62
     0
440
 16777216
100
AcDbPoint
 10
831.079546537339
 20
860.7942401092258
 30
0.0
  0
ENDBLK
  5
4F5
330
4F3
100
AcDbEntity
  8
0
100
AcDbBlockEnd
  0
BLOCK
  5
51E
330
51D
100
AcDbEntity
  8
0
100
AcDbBlockBegin
  2
*D9
 70
     1
 10
0.0
 20
0.0
 30
0.0
  3
*D9
  1

  0
LINE
  5
5C4
330
51D
100
AcDbEntity
  8
DIM
 62
     0
440
 16777216
370
    -2
100
AcDbLine
 10
768.2155604964036
 20
815.3818457022802
 30
0.0
 11
768.2155604964036
 21
816.8765722184523
 31
0.0
  0
LINE
  5
5C5
330
51D
100
AcDbEntity
  8
DIM
 62
     0
440
 16777216
370
    -2
100
AcDbLine
 10
1278.215560496404
 20
816.2515722184523
 30
0.0
 11
1278.215560496404
 21
816.8765722184523
 31
0.0
  0
LINE
  5
5C6
330
51D
100
AcDbEntity
  8
DIM
 62
     0
440
 16777216
370
    -2
100
AcDbLine
 10
768.2155604964036
 20
815.6265722184523
 30
0.0
 11
1278.215560496404
 21
815.6265722184523
 31
0.0
  0
INSERT
  5
5C7
330
51D
100
AcDbEntity
  8
DIM
 62
     0
440
 16777216
370
    -2
100
AcDbBlockReference
  2
_ArchTick
 10
768.2155604964036
 20
815.6265722184523
 30
0.0
 41
2.5
 42
2.5
 43
2.5
 50
180.0
  0
INSERT
  5
5C8
330
51D
100
AcDbEntity
  8
DIM
 62
     0
440
 16777216
370
    -2
100
AcDbBlockReference
  2
_ArchTick
 10
1278.215560496404
 20
815.6265722184523
 30
0.0
 41
2.5
 42
2.5
 43
2.5
  0
MTEXT
  5
5C9
330
51D
100
AcDbEntity
  8
DIM
 62
     0
440
 16777216
100
AcDbMText
 10
1023.215560496404
 20
820.3361561202258
 30
0.0
 40
8.0
 41
0.0
 71
     5
 72
     1
  1
42'-6"
 73
     1
 44
1.0
  0
POINT
  5
5CA
330
51D
100
AcDbEntity
  8
Defpoints
 62
     0
440
 16777216
100
AcDbPoint
 10
768.2155604964036
 20
814.7568457022802
 30
0.0
  0
POINT
  5
5CB
330
51D
100
AcDbEntity
  8
Defpoints
 62
     0
440
 16777216
100
AcDbPoint
 10
1278.215560496404
 20
815.6265722184523
 30
0.0
  0
POINT
  5
5CC
330
51D
100
AcDbEntity
  8
Defpoints
 62
     0
440
 16777216
100
AcDbPoint
 10
1278.215560496404
 20
815.6265722184523
 30
0.0
  0
ENDBLK
  5
51F
330
51D
100
AcDbEntity
  8
0
100
AcDbBlockEnd
  0
BLOCK
  5
536
330
535
100
AcDbEntity
  8
0
100
AcDbBlockBegin
  2
*D10
 70
     1
 10
0.0
 20
0.0
 30
0.0
  3
*D10
  1

  0
LINE
  5
5FA
330
535
100
AcDbEntity
  8
DIM
 62
     0
440
 16777216
370
    -2
100
AcDbLine
 10
785.3405604964041
 20
855.7942401092259
 30
0.0
 11
785.965560496405
 21
855.7942401092259
 31
0.0
  0
LINE
  5
5FB
330
535
100
AcDbEntity
  8
DIM
 62
     0
440
 16777216
370
    -2
100
AcDbLine
 10
785.3405604964041
 20
807.7942401092258
 30
0.0
 11
785.965560496405
 21
807.7942401092258
 31
0.0
  0
LINE
  5
5FC
330
535
100
AcDbEntity
  8
DIM
 62
     0
440
 16777216
370
    -2
100
AcDbLine
 10
784.715560496405
 20
855.7942401092259
 30
0.0
 11
784.715560496405
 21
807.7942401092258
 31
0.0
  0
INSERT
  5
5FD
330
535
100
AcDbEntity
  8
DIM
 62
     0
440
 16777216
370
    -2
100
AcDbBlockReference
  2
_ArchTick
 10
784.715560496405
 20
855.7942401092259
 30
0.0
 41
2.5
 42
2.5
 43
2.5
 50
90.0
  0
INSERT
  5
5FE
330
535
100
AcDbEntity
  8
DIM
 62
     0
440
 16777216
370
    -2
100
AcDbBlockReference
  2
_ArchTick
 10
784.715560496405
 20
807.7942401092258
 30
0.0
 41
2.5
 42
2.5
 43
2.5
 50
270.0
  0
MTEXT
  5
5FF
330
535
100
AcDbEntity
  8
DIM
 62
     0
440
 16777216
100
AcDbMText
 10
780.090560496405
 20
831.7942401092255
 30
0.0
 40
8.0
 41
0.0
 71
     5
 72
     1
  1
4'
 11
6.123233995736766E-17
 21
1.0
 31
0.0
 73
     1
 44
1.0
  0
POINT
  5
600
330
535
100
AcDbEntity
  8
Defpoints
 62
     0
440
 16777216
100
AcDbPoint
 10
784.7155604964041
 20
855.7942401092259
 30
0.0
  0
POINT
  5
601
330
535
100
AcDbEntity
  8
Defpoints
 62
     0
440
 16777216
100
AcDbPoint
 10
784.7155604964041
 20
807.7942401092258
 30
0.0
  0
POINT
  5
602
330
535
100
AcDbEntity
  8
Defpoints
 62
     0
440
 16777216
100
AcDbPoint
 10
784.715560496405
 20
807.7942401092258
 30
0.0
  0
ENDBLK
  5
537
330
535
100
AcDbEntity
  8
0
100
AcDbBlockEnd
  0
BLOCK
  5
54E
330
54D
100
AcDbEntity
  8
0
100
AcDbBlockBegin
  2
*D11
 70
     1
 10
0.0
 20
0.0
 30
0.0
  3
*D11
  1

  0
LINE
  5
5F1
330
54D
100
AcDbEntity
  8
DIM
 62
     0
440
 16777216
370
    -2
100
AcDbLine
 10
784.0905604964041
 20
802.7942401092259
 30
0.0
 11
781.6619239012447
 21
802.7942401092259
 31
0.0
  0
LINE
  5
5F2
330
54D
100
AcDbEntity
  8
DIM
 62
     0
440
 16777216
370
    -2
100
AcDbLine
 10
784.0905604964041
 20
662.7942401092256
 30
0.0
 11
781.6619239012448
 21
662.7942401092256
 31
0.0
  0
LINE
  5
5F3
330
54D
100
AcDbEntity
  8
DIM
 62
     0
440
 16777216
370
    -2
100
AcDbLine
 10
782.9119239012447
 20
802.7942401092259
 30
0.0
 11
782.9119239012448
 21
662.7942401092256
 31
0.0
  0
INSERT
  5
5F4
330
54D
100
AcDbEntity
  8
DIM
 62
     0
440
 16777216
370
    -2
100
AcDbBlockReference
  2
_ArchTick
 10
782.9119239012447
 20
802.7942401092259
 30
0.0
 41
2.5
 42
2.5
 43
2.5
 50
90.0
  0
INSERT
  5
5F5
330
54D
100
AcDbEntity
  8
DIM
 62
     0
440
 16777216
370
    -2
100
AcDbBlockReference
  2
_ArchTick
 10
782.9119239012448
 20
662.7942401092256
 30
0.0
 41
2.5
 42
2.5
 43
2.5
 50
270.0
  0
MTEXT
  5
5F6
330
54D
100
AcDbEntity
  8
DIM
 62
     0
440
 16777216
100
AcDbMText
 10
778.2023399994712
 20
732.7942401092254
 30
0.0
 40
8.0
 41
0.0
 71
     5
 72
     1
  1
11'-8"
 11
6.123233995736766E-17
 21
1.0
 31
0.0
 73
     1
 44
1.0
  0
POINT
  5
5F7
330
54D
100
AcDbEntity
  8
Defpoints
 62
     0
440
 16777216
100
AcDbPoint
 10
784.7155604964041
 20
802.7942401092259
 30
0.0
  0
POINT
  5
5F8
330
54D
100
AcDbEntity
  8
Defpoints
 62
     0
440
 16777216
100
AcDbPoint
 10
784.7155604964041
 20
662.7942401092256
 30
0.0
  0
POINT
  5
5F9
330
54D
100
AcDbEntity
  8
Defpoints
 62
     0
440
 16777216
100
AcDbPoint
 10
782.9119239012448
 20
662.7942401092256
 30
0.0
  0
ENDBLK
  5
54F
330
54D
100
AcDbEntity
  8
0
100
AcDbBlockEnd
  0
BLOCK
  5
566
330
565
100
AcDbEntity
  8
0
100
AcDbBlockBegin
  2
*D12
 70
     1
 10
0.0
 20
0.0
 30
0.0
  3
*D12
  1

  0
LINE
  5
5E8
330
565
100
AcDbEntity
  8
DIM
 62
     0
440
 16777216
370
    -2
100
AcDbLine
 10
768.2155604964036
 20
781.488180038592
 30
0.0
 11
768.2155604964036
 21
789.4812816721642
 31
0.0
  0
LINE
  5
5E9
330
565
100
AcDbEntity
  8
DIM
 62
     0
440
 16777216
370
    -2
100
AcDbLine
 10
951.2155604964036
 20
781.488180038592
 30
0.0
 11
951.2155604964036
 21
789.4812816721642
 31
0.0
  0
LINE
  5
5EA
330
565
100
AcDbEntity
  8
DIM
 62
     0
440
 16777216
370
    -2
100
AcDbLine
 10
768.2155604964036
 20
788.2312816721642
 30
0.0
 11
951.2155604964036
 21
788.2312816721642
 31
0.0
  0
INSERT
  5
5EB
330
565
100
AcDbEntity
  8
DIM
 62
     0
440
 16777216
370
    -2
100
AcDbBlockReference
  2
_ArchTick
 10
768.2155604964036
 20
788.2312816721642
 30
0.0
 41
2.5
 42
2.5
 43
2.5
 50
180.0
  0
INSERT
  5
5EC
330
565
100
AcDbEntity
  8
DIM
 62
     0
440
 16777216
370
    -2
100
AcDbBlockReference
  2
_ArchTick
 10
951.2155604964036
 20
788.2312816721642
 30
0.0
 41
2.5
 42
2.5
 43
2.5
  0
MTEXT
  5
5ED
330
565
100
AcDbEntity
  8
DIM
 62
     0
440
 16777216
100
AcDbMText
 10
859.7155604964036
 20
792.9435940868982
 30
0.0
 40
8.0
 41
0.0
 71
     5
 72
     1
  1
15'-3"
 73
     1
 44
1.0
  0
POINT
  5
5EE
330
565
100
AcDbEntity
  8
Defpoints
 62
     0
440
 16777216
100
AcDbPoint
 10
768.2155604964036
 20
780.863180038592
 30
0.0
  0
POINT
  5
5EF
330
565
100
AcDbEntity
  8
Defpoints
 62
     0
440
 16777216
100
AcDbPoint
 10
951.2155604964036
 20
780.863180038592
 30
0.0
  0
POINT
  5
5F0
330
565
100
AcDbEntity
  8
Defpoints
 62
     0
440
 16777216
100
AcDbPoint
 10
951.2155604964036
 20
788.2312816721642
 30
0.0
  0
ENDBLK
  5
567
330
565
100
AcDbEntity
  8
0
100
AcDbBlockEnd
  0
BLOCK
  5
57E
330
57D
100
AcDbEntity
  8
0
100
AcDbBlockBegin
  2
*D13
 70
     1
 10
0.0
 20
0.0
 30
0.0
  3
*D13
  1

  0
LINE
  5
5D6
330
57D
100
AcDbEntity
  8
DIM
 62
     0
440
 16777216
370
    -2
100
AcDbLine
 10
1132.020703793387
 20
789.7942401092259
 30
0.0
 11
1131.126251002371
 21
789.7942401092259
 31
0.0
  0
LINE
  5
5D7
330
57D
100
AcDbEntity
  8
DIM
 62
     0
440
 16777216
370
    -2
100
AcDbLine
 10
1133.00125100237
 20
662.4432617309033
 30
0.0
 11
1133.626251002371
 21
662.4432617309033
 31
0.0
  0
LINE
  5
5D8
330
57D
100
AcDbEntity
  8
DIM
 62
     0
440
 16777216
370
    -2
100
AcDbLine
 10
1132.376251002371
 20
789.7942401092259
 30
0.0
 11
1132.376251002371
 21
662.4432617309033
 31
0.0
  0
INSERT
  5
5D9
330
57D
100
AcDbEntity
  8
DIM
 62
     0
440
 16777216
370
    -2
100
AcDbBlockReference
  2
_ArchTick
 10
1132.376251002371
 20
789.7942401092259
 30
0.0
 41
2.5
 42
2.5
 43
2.5
 50
90.0
  0
INSERT
  5
5DA
330
57D
100
AcDbEntity
  8
DIM
 62
     0
440
 16777216
370
    -2
100
AcDbBlockReference
  2
_ArchTick
 10
1132.376251002371
 20
662.4432617309033
 30
0.0
 41
2.5
 42
2.5
 43
2.5
 50
270.0
  0
MTEXT
  5
5DB
330
57D
100
AcDbEntity
  8
DIM
 62
     0
440
 16777216
100
AcDbMText
 10
1122.333333767264
 20
726.1187509200641
 30
0.0
 40
8.0
 41
0.0
 71
     5
 72
     1
  1
10'-7{\H1x;\S1/4;}"
 11
6.123233995736766E-17
 21
1.0
 31
0.0
 73
     1
 44
1.0
  0
POINT
  5
5DC
330
57D
100
AcDbEntity
  8
Defpoints
 62
     0
440
 16777216
100
AcDbPoint
 10
1132.645703793387
 20
789.7942401092259
 30
0.0
  0
POINT
  5
5DD
330
57D
100
AcDbEntity
  8
Defpoints
 62
     0
440
 16777216
100
AcDbPoint
 10
1132.37625100237
 20
662.4432617309033
 30
0.0
  0
POINT
  5
5DE
330
57D
100
AcDbEntity
  8
Defpoints
 62
     0
440
 16777216
100
AcDbPoint
 10
1132.376251002371
 20
662.4432617309033
 30
0.0
  0
ENDBLK
  5
57F
330
57D
100
AcDbEntity
  8
0
100
AcDbBlockEnd
  0
BLOCK
  5
596
330
595
100
AcDbEntity
  8
0
100
AcDbBlockBegin
  2
*D14
 70
     1
 10
0.0
 20
0.0
 30
0.0
  3
*D14
  1

  0
LINE
  5
5DF
330
595
100
AcDbEntity
  8
DIM
 62
     0
440
 16777216
370
    -2
100
AcDbLine
 10
1039.215560496404
 20
674.0539060156298
 30
0.0
 11
1039.215560496404
 21
674.6789060156298
 31
0.0
  0
LINE
  5
5E0
330
595
100
AcDbEntity
  8
DIM
 62
     0
440
 16777216
370
    -2
100
AcDbLine
 10
1141.215560496404
 20
674.0539060156298
 30
0.0
 11
1141.215560496404
 21
674.6789060156298
 31
0.0
  0
LINE
  5
5E1
330
595
100
AcDbEntity
  8
DIM
 62
     0
440
 16777216
370
    -2
100
AcDbLine
 10
1039.215560496404
 20
673.4289060156298
 30
0.0
 11
1141.215560496404
 21
673.4289060156298
 31
0.0
  0
INSERT
  5
5E2
330
595
100
AcDbEntity
  8
DIM
 62
     0
440
 16777216
370
    -2
100
AcDbBlockReference
  2
_ArchTick
 10
1039.215560496404
 20
673.4289060156298
 30
0.0
 41
2.5
 42
2.5
 43
2.5
 50
180.0
  0
INSERT
  5
5E3
330
595
100
AcDbEntity
  8
DIM
 62
     0
440
 16777216
370
    -2
100
AcDbBlockReference
  2
_ArchTick
 10
1141.215560496404
 20
673.4289060156298
 30
0.0
 41
2.5
 42
2.5
 43
2.5
  0
MTEXT
  5
5E4
330
595
100
AcDbEntity
  8
DIM
 62
     0
440
 16777216
100
AcDbMText
 10
1090.215560496404
 20
678.1384899174033
 30
0.0
 40
8.0
 41
0.0
 71
     5
 72
     1
  1
8'-6"
 73
     1
 44
1.0
  0
POINT
  5
5E5
330
595
100
AcDbEntity
  8
Defpoints
 62
     0
440
 16777216
100
AcDbPoint
 10
1039.215560496404
 20
673.4289060156298
 30
0.0
  0
POINT
  5
5E6
330
595
100
AcDbEntity
  8
Defpoints
 62
     0
440
 16777216
100
AcDbPoint
 10
1141.215560496404
 20
673.4289060156298
 30
0.0
  0
POINT
  5
5E7
330
595
100
AcDbEntity
  8
Defpoints
 62
     0
440
 16777216
100
AcDbPoint
 10
1141.215560496404
 20
673.4289060156298
 30
0.0
  0
ENDBLK
  5
597
330
595
100
AcDbEntity
  8
0
100
AcDbBlockEnd
  0
BLOCK
  5
5AE
330
5AD
100
AcDbEntity
  8
0
100
AcDbBlockBegin
  2
*D15
 70
     1
 10
0.0
 20
0.0
 30
0.0
  3
*D15
  1

  0
LINE
  5
5CD
330
5AD
100
AcDbEntity
  8
DIM
 62
     0
440
 16777216
370
    -2
100
AcDbLine
 10
1204.340560496404
 20
701.7942401092257
 30
0.0
 11
1218.079436635542
 21
701.7942401092257
 31
0.0
  0
LINE
  5
5CE
330
5AD
100
AcDbEntity
  8
DIM
 62
     0
440
 16777216
370
    -2
100
AcDbLine
 10
1204.340560496404
 20
855.7942401092258
 30
0.0
 11
1218.079436635542
 21
855.7942401092258
 31
0.0
  0
LINE
  5
5CF
330
5AD
100
AcDbEntity
  8
DIM
 62
     0
440
 16777216
370
    -2
100
AcDbLine
 10
1216.829436635542
 20
701.7942401092257
 30
0.0
 11
1216.829436635542
 21
855.7942401092258
 31
0.0
  0
INSERT
  5
5D0
330
5AD
100
AcDbEntity
  8
DIM
 62
     0
440
 16777216
370
    -2
100
AcDbBlockReference
  2
_ArchTick
 10
1216.829436635542
 20
701.7942401092257
 30
0.0
 41
2.5
 42
2.5
 43
2.5
 50
270.0
  0
INSERT
  5
5D1
330
5AD
100
AcDbEntity
  8
DIM
 62
     0
440
 16777216
370
    -2
100
AcDbBlockReference
  2
_ArchTick
 10
1216.829436635542
 20
855.7942401092258
 30
0.0
 41
2.5
 42
2.5
 43
2.5
 50
90.0
  0
MTEXT
  5
5D2
330
5AD
100
AcDbEntity
  8
DIM
 62
     0
440
 16777216
100
AcDbMText
 10
1212.119852733768
 20
778.7942401092253
 30
0.0
 40
8.0
 41
0.0
 71
     5
 72
     1
  1
12'-10"
 11
6.123233995736766E-17
 21
1.0
 31
0.0
 73
     1
 44
1.0
  0
POINT
  5
5D3
330
5AD
100
AcDbEntity
  8
Defpoints
 62
     0
440
 16777216
100
AcDbPoint
 10
1203.715560496404
 20
701.7942401092257
 30
0.0
  0
POINT
  5
5D4
330
5AD
100
AcDbEntity
  8
Defpoints
 62
     0
440
 16777216
100
AcDbPoint
 10
1203.715560496404
 20
855.7942401092258
 30
0.0
  0
POINT
  5
5D5
330
5AD
100
AcDbEntity
  8
Defpoints
 62
     0
440
 16777216
100
AcDbPoint
 10
1216.829436635542
 20
855.7942401092258
 30
0.0
  0
ENDBLK
  5
5AF
330
5AD
100
AcDbEntity
  8
0
100
AcDbBlockEnd
  0
BLOCK
  5
775
330
774
100
AcDbEntity
  8
0
100
AcDbBlockBegin
  2
*D17
 70
     1
 10
0.0
 20
0.0
 30
0.0
  3
*D17
  1

  0
LINE
  5
794
330
774
100
AcDbEntity
  8
DIM
 62
     0
440
 16777216
370
    -2
100
AcDbLine
 10
723.2155604964037
 20
1087.669240109225
 30
0.0
 11
723.2155604964037
 21
1114.843513334402
 31
0.0
  0
LINE
  5
795
330
774
100
AcDbEntity
  8
DIM
 62
     0
440
 16777216
370
    -2
100
AcDbLine
 10
1323.215560496404
 20
1087.669240109225
 30
0.0
 11
1323.215560496404
 21
1114.843513334402
 31
0.0
  0
LINE
  5
796
330
774
100
AcDbEntity
  8
DIM
 62
     0
440
 16777216
370
    -2
100
AcDbLine
 10
723.2155604964037
 20
1111.093513334402
 30
0.0
 11
1323.215560496404
 21
1111.093513334402
 31
0.0
  0
INSERT
  5
797
330
774
100
AcDbEntity
  8
DIM
 62
     0
440
 16777216
370
    -2
100
AcDbBlockReference
  2
_ArchTick
 10
723.2155604964037
 20
1111.093513334402
 30
0.0
 41
7.5
 42
7.5
 43
7.5
 50
180.0
  0
INSERT
  5
798
330
774
100
AcDbEntity
  8
DIM
 62
     0
440
 16777216
370
    -2
100
AcDbBlockReference
  2
_ArchTick
 10
1323.215560496404
 20
1111.093513334402
 30
0.0
 41
7.5
 42
7.5
 43
7.5
  0
MTEXT
  5
799
330
774
100
AcDbEntity
  8
DIM
 62
     0
440
 16777216
100
AcDbMText
 10
1023.215560496404
 20
1116.797810742315
 30
0.0
 40
7.5
 41
0.0
 71
     5
 72
     1
  1
50'
 73
     1
 44
1.0
  0
POINT
  5
79A
330
774
100
AcDbEntity
  8
Defpoints
 62
     0
440
 16777216
100
AcDbPoint
 10
723.2155604964037
 20
1085.794240109225
 30
0.0
  0
POINT
  5
79B
330
774
100
AcDbEntity
  8
Defpoints
 62
     0
440
 16777216
100
AcDbPoint
 10
1323.215560496404
 20
1085.794240109225
 30
0.0
  0
POINT
  5
79C
330
774
100
AcDbEntity
  8
Defpoints
 62
     0
440
 16777216
100
AcDbPoint
 10
1323.215560496404
 20
1111.093513334402
 30
0.0
  0
ENDBLK
  5
776
330
774
100
AcDbEntity
  8
0
100
AcDbBlockEnd
  0
BLOCK
  5
79F
330
79E
100
AcDbEntity
  8
0
100
AcDbBlockBegin
  2
*D18
 70
     1
 10
0.0
 20
0.0
 30
0.0
  3
*D18
  1

  0
LINE
  5
8C7
330
79E
100
AcDbEntity
  8
DIM
 62
     0
440
 16777216
370
    -2
100
AcDbLine
 10
1002.340560496404
 20
1040.794240109226
 30
0.0
 11
991.965560496405
 21
1040.794240109226
 31
0.0
  0
LINE
  5
8C8
330
79E
100
AcDbEntity
  8
DIM
 62
     0
440
 16777216
370
    -2
100
AcDbLine
 10
1002.340560496404
 20
944.7942401092257
 30
0.0
 11
991.965560496405
 21
944.7942401092257
 31
0.0
  0
LINE
  5
8C9
330
79E
100
AcDbEntity
  8
DIM
 62
     0
440
 16777216
370
    -2
100
AcDbLine
 10
995.715560496405
 20
1040.794240109226
 30
0.0
 11
995.715560496405
 21
944.7942401092257
 31
0.0
  0
INSERT
  5
8CA
330
79E
100
AcDbEntity
  8
DIM
 62
     0
440
 16777216
370
    -2
100
AcDbBlockReference
  2
_ArchTick
 10
995.715560496405
 20
1040.794240109226
 30
0.0
 41
7.5
 42
7.5
 43
7.5
 50
90.0
  0
INSERT
  5
8CB
330
79E
100
AcDbEntity
  8
DIM
 62
     0
440
 16777216
370
    -2
100
AcDbBlockReference
  2
_ArchTick
 10
995.715560496405
 20
944.7942401092257
 30
0.0
 41
7.5
 42
7.5
 43
7.5
 50
270.0
  0
MTEXT
  5
8CC
330
79E
100
AcDbEntity
  8
DIM
 62
     0
440
 16777216
100
AcDbMText
 10
990.0112630884925
 20
992.7942401092253
 30
0.0
 40
7.5
 41
0.0
 71
     5
 72
     1
  1
8'
 11
6.123233995736766E-17
 21
1.0
 31
0.0
 73
     1
 44
1.0
  0
POINT
  5
8CD
330
79E
100
AcDbEntity
  8
Defpoints
 62
     0
440
 16777216
100
AcDbPoint
 10
1004.215560496404
 20
1040.794240109226
 30
0.0
  0
POINT
  5
8CE
330
79E
100
AcDbEntity
  8
Defpoints
 62
     0
440
 16777216
100
AcDbPoint
 10
1004.215560496404
 20
944.7942401092257
 30
0.0
  0
POINT
  5
8CF
330
79E
100
AcDbEntity
  8
Defpoints
 62
     0
440
 16777216
100
AcDbPoint
 10
995.715560496405
 20
944.7942401092257
 30
0.0
  0
ENDBLK
  5
7A0
330
79E
100
AcDbEntity
  8
0
100
AcDbBlockEnd
  0
BLOCK
  5
7B7
330
7B6
100
AcDbEntity
  8
0
100
AcDbBlockBegin
  2
*D19
 70
     1
 10
0.0
 20
0.0
 30
0.0
  3
*D19
  1

  0
LINE
  5
8BE
330
7B6
100
AcDbEntity
  8
DIM
 62
     0
440
 16777216
370
    -2
100
AcDbLine
 10
956.2155604964038
 20
1038.919240109225
 30
0.0
 11
956.2155604964038
 21
1025.183438962975
 31
0.0
  0
LINE
  5
8BF
330
7B6
100
AcDbEntity
  8
DIM
 62
     0
440
 16777216
370
    -2
100
AcDbLine
 10
1004.215560496404
 20
1038.919240109225
 30
0.0
 11
1004.215560496404
 21
1025.183438962975
 31
0.0
  0
LINE
  5
8C0
330
7B6
100
AcDbEntity
  8
DIM
 62
     0
440
 16777216
370
    -2
100
AcDbLine
 10
956.2155604964038
 20
1028.933438962975
 30
0.0
 11
1004.215560496404
 21
1028.933438962975
 31
0.0
  0
INSERT
  5
8C1
330
7B6
100
AcDbEntity
  8
DIM
 62
     0
440
 16777216
370
    -2
100
AcDbBlockReference
  2
_ArchTick
 10
956.2155604964038
 20
1028.933438962975
 30
0.0
 41
7.5
 42
7.5
 43
7.5
 50
180.0
  0
INSERT
  5
8C2
330
7B6
100
AcDbEntity
  8
DIM
 62
     0
440
 16777216
370
    -2
100
AcDbBlockReference
  2
_ArchTick
 10
1004.215560496404
 20
1028.933438962975
 30
0.0
 41
7.5
 42
7.5
 43
7.5
  0
MTEXT
  5
8C3
330
7B6
100
AcDbEntity
  8
DIM
 62
     0
440
 16777216
100
AcDbMText
 10
980.2155604964037
 20
1034.558438962975
 30
0.0
 40
7.5
 41
0.0
 71
     5
 72
     1
  1
4'
 73
     1
 44
1.0
  0
POINT
  5
8C4
330
7B6
100
AcDbEntity
  8
Defpoints
 62
     0
440
 16777216
100
AcDbPoint
 10
956.2155604964038
 20
1040.794240109225
 30
0.0
  0
POINT
  5
8C5
330
7B6
100
AcDbEntity
  8
Defpoints
 62
     0
440
 16777216
100
AcDbPoint
 10
1004.215560496404
 20
1040.794240109225
 30
0.0
  0
POINT
  5
8C6
330
7B6
100
AcDbEntity
  8
Defpoints
 62
     0
440
 16777216
100
AcDbPoint
 10
1004.215560496404
 20
1028.933438962975
 30
0.0
  0
ENDBLK
  5
7B8
330
7B6
100
AcDbEntity
  8
0
100
AcDbBlockEnd
  0
BLOCK
  5
7CF
330
7CE
100
AcDbEntity
  8
0
100
AcDbBlockBegin
  2
*D20
 70
     1
 10
0.0
 20
0.0
 30
0.0
  3
*D20
  1

  0
LINE
  5
8B5
330
7CE
100
AcDbEntity
  8
DIM
 62
     0
440
 16777216
370
    -2
100
AcDbLine
 10
1011.090560496404
 20
1040.794240109226
 30
0.0
 11
1052.805116258711
 21
1040.794240109226
 31
0.0
  0
LINE
  5
8B6
330
7CE
100
AcDbEntity
  8
DIM
 62
     0
440
 16777216
370
    -2
100
AcDbLine
 10
1014.090560496404
 20
855.7942401092259
 30
0.0
 11
1052.805116258711
 21
855.7942401092259
 31
0.0
  0
LINE
  5
8B7
330
7CE
100
AcDbEntity
  8
DIM
 62
     0
440
 16777216
370
    -2
100
AcDbLine
 10
1049.055116258711
 20
1040.794240109226
 30
0.0
 11
1049.055116258711
 21
855.7942401092259
 31
0.0
  0
INSERT
  5
8B8
330
7CE
100
AcDbEntity
  8
DIM
 62
     0
440
 16777216
370
    -2
100
AcDbBlockReference
  2
_ArchTick
 10
1049.055116258711
 20
1040.794240109226
 30
0.0
 41
7.5
 42
7.5
 43
7.5
 50
90.0
  0
INSERT
  5
8B9
330
7CE
100
AcDbEntity
  8
DIM
 62
     0
440
 16777216
370
    -2
100
AcDbBlockReference
  2
_ArchTick
 10
1049.055116258711
 20
855.7942401092259
 30
0.0
 41
7.5
 42
7.5
 43
7.5
 50
270.0
  0
MTEXT
  5
8BA
330
7CE
100
AcDbEntity
  8
DIM
 62
     0
440
 16777216
100
AcDbMText
 10
1043.350818850799
 20
948.2942401092254
 30
0.0
 40
7.5
 41
0.0
 71
     5
 72
     1
  1
15'-5"
 11
6.123233995736766E-17
 21
1.0
 31
0.0
 73
     1
 44
1.0
  0
POINT
  5
8BB
330
7CE
100
AcDbEntity
  8
Defpoints
 62
     0
440
 16777216
100
AcDbPoint
 10
1009.215560496404
 20
1040.794240109226
 30
0.0
  0
POINT
  5
8BC
330
7CE
100
AcDbEntity
  8
Defpoints
 62
     0
440
 16777216
100
AcDbPoint
 10
1012.215560496404
 20
855.7942401092259
 30
0.0
  0
POINT
  5
8BD
330
7CE
100
AcDbEntity
  8
Defpoints
 62
     0
440
 16777216
100
AcDbPoint
 10
1049.055116258711
 20
855.7942401092259
 30
0.0
  0
ENDBLK
  5
7D0
330
7CE
100
AcDbEntity
  8
0
100
AcDbBlockEnd
  0
BLOCK
  5
7E7
330
7E6
100
AcDbEntity
  8
0
100
AcDbBlockBegin
  2
*D21
 70
     1
 10
0.0
 20
0.0
 30
0.0
  3
*D21
  1

  0
LINE
  5
8AC
330
7E6
100
AcDbEntity
  8
DIM
 62
     0
440
 16777216
370
    -2
100
AcDbLine
 10
1009.215560496404
 20
1038.919240109225
 30
0.0
 11
1009.215560496404
 21
1010.621132955396
 31
0.0
  0
LINE
  5
8AD
330
7E6
100
AcDbEntity
  8
DIM
 62
     0
440
 16777216
370
    -2
100
AcDbLine
 10
1141.215560496404
 20
1038.919240109225
 30
0.0
 11
1141.215560496404
 21
1010.621132955396
 31
0.0
  0
LINE
  5
8AE
330
7E6
100
AcDbEntity
  8
DIM
 62
     0
440
 16777216
370
    -2
100
AcDbLine
 10
1009.215560496404
 20
1014.371132955396
 30
0.0
 11
1141.215560496404
 21
1014.371132955396
 31
0.0
  0
INSERT
  5
8AF
330
7E6
100
AcDbEntity
  8
DIM
 62
     0
440
 16777216
370
    -2
100
AcDbBlockReference
  2
_ArchTick
 10
1009.215560496404
 20
1014.371132955396
 30
0.0
 41
7.5
 42
7.5
 43
7.5
 50
180.0
  0
INSERT
  5
8B0
330
7E6
100
AcDbEntity
  8
DIM
 62
     0
440
 16777216
370
    -2
100
AcDbBlockReference
  2
_ArchTick
 10
1141.215560496404
 20
1014.371132955396
 30
0.0
 41
7.5
 42
7.5
 43
7.5
  0
MTEXT
  5
8B1
330
7E6
100
AcDbEntity
  8
DIM
 62
     0
440
 16777216
100
AcDbMText
 10
1075.215560496404
 20
1020.011480840799
 30
0.0
 40
7.5
 41
0.0
 71
     5
 72
     1
  1
11'
 73
     1
 44
1.0
  0
POINT
  5
8B2
330
7E6
100
AcDbEntity
  8
Defpoints
 62
     0
440
 16777216
100
AcDbPoint
 10
1009.215560496404
 20
1040.794240109225
 30
0.0
  0
POINT
  5
8B3
330
7E6
100
AcDbEntity
  8
Defpoints
 62
     0
440
 16777216
100
AcDbPoint
 10
1141.215560496404
 20
1040.794240109225
 30
0.0
  0
POINT
  5
8B4
330
7E6
100
AcDbEntity
  8
Defpoints
 62
     0
440
 16777216
100
AcDbPoint
 10
1141.215560496404
 20
1014.371132955396
 30
0.0
  0
ENDBLK
  5
7E8
330
7E6
100
AcDbEntity
  8
0
100
AcDbBlockEnd
  0
BLOCK
  5
7FF
330
7FE
100
AcDbEntity
  8
0
100
AcDbBlockBegin
  2
*D22
 70
     1
 10
0.0
 20
0.0
 30
0.0
  3
*D22
  1

  0
LINE
  5
8D9
330
7FE
100
AcDbEntity
  8
DIM
 62
     0
440
 16777216
370
    -2
100
AcDbLine
 10
1148.090560496404
 20
1040.794240109226
 30
0.0
 11
1167.965560496405
 21
1040.794240109226
 31
0.0
  0
LINE
  5
8DA
330
7FE
100
AcDbEntity
  8
DIM
 62
     0
440
 16777216
370
    -2
100
AcDbLine
 10
1148.090560496404
 20
855.7942401092259
 30
0.0
 11
1167.965560496405
 21
855.7942401092259
 31
0.0
  0
LINE
  5
8DB
330
7FE
100
AcDbEntity
  8
DIM
 62
     0
440
 16777216
370
    -2
100
AcDbLine
 10
1164.215560496405
 20
1040.794240109226
 30
0.0
 11
1164.215560496405
 21
855.7942401092259
 31
0.0
  0
INSERT
  5
8DC
330
7FE
100
AcDbEntity
  8
DIM
 62
     0
440
 16777216
370
    -2
100
AcDbBlockReference
  2
_ArchTick
 10
1164.215560496405
 20
1040.794240109226
 30
0.0
 41
7.5
 42
7.5
 43
7.5
 50
90.0
  0
INSERT
  5
8DD
330
7FE
100
AcDbEntity
  8
DIM
 62
     0
440
 16777216
370
    -2
100
AcDbBlockReference
  2
_ArchTick
 10
1164.215560496405
 20
855.7942401092259
 30
0.0
 41
7.5
 42
7.5
 43
7.5
 50
270.0
  0
MTEXT
  5
8DE
330
7FE
100
AcDbEntity
  8
DIM
 62
     0
440
 16777216
100
AcDbMText
 10
1158.511263088492
 20
948.2942401092254
 30
0.0
 40
7.5
 41
0.0
 71
     5
 72
     1
  1
15'-5"
 11
6.123233995736766E-17
 21
1.0
 31
0.0
 73
     1
 44
1.0
  0
POINT
  5
8DF
330
7FE
100
AcDbEntity
  8
Defpoints
 62
     0
440
 16777216
100
AcDbPoint
 10
1146.215560496404
 20
1040.794240109226
 30
0.0
  0
POINT
  5
8E0
330
7FE
100
AcDbEntity
  8
Defpoints
 62
     0
440
 16777216
100
AcDbPoint
 10
1146.215560496404
 20
855.7942401092259
 30
0.0
  0
POINT
  5
8E1
330
7FE
100
AcDbEntity
  8
Defpoints
 62
     0
440
 16777216
100
AcDbPoint
 10
1164.215560496405
 20
855.7942401092259
 30
0.0
  0
ENDBLK
  5
800
330
7FE
100
AcDbEntity
  8
0
100
AcDbBlockEnd
  0
BLOCK
  5
817
330
816
100
AcDbEntity
  8
0
100
AcDbBlockBegin
  2
*D23
 70
     1
 10
0.0
 20
0.0
 30
0.0
  3
*D23
  1

  0
LINE
  5
8D0
330
816
100
AcDbEntity
  8
DIM
 62
     0
440
 16777216
370
    -2
100
AcDbLine
 10
1146.215560496404
 20
1038.919240109225
 30
0.0
 11
1146.215560496404
 21
1012.70146238505
 31
0.0
  0
LINE
  5
8D1
330
816
100
AcDbEntity
  8
DIM
 62
     0
440
 16777216
370
    -2
100
AcDbLine
 10
1278.215560496404
 20
1038.919240109225
 30
0.0
 11
1278.215560496404
 21
1012.70146238505
 31
0.0
  0
LINE
  5
8D2
330
816
100
AcDbEntity
  8
DIM
 62
     0
440
 16777216
370
    -2
100
AcDbLine
 10
1146.215560496404
 20
1016.45146238505
 30
0.0
 11
1278.215560496404
 21
1016.45146238505
 31
0.0
  0
INSERT
  5
8D3
330
816
100
AcDbEntity
  8
DIM
 62
     0
440
 16777216
370
    -2
100
AcDbBlockReference
  2
_ArchTick
 10
1146.215560496404
 20
1016.45146238505
 30
0.0
 41
7.5
 42
7.5
 43
7.5
 50
180.0
  0
INSERT
  5
8D4
330
816
100
AcDbEntity
  8
DIM
 62
     0
440
 16777216
370
    -2
100
AcDbBlockReference
  2
_ArchTick
 10
1278.215560496404
 20
1016.45146238505
 30
0.0
 41
7.5
 42
7.5
 43
7.5
  0
MTEXT
  5
8D5
330
816
100
AcDbEntity
  8
DIM
 62
     0
440
 16777216
100
AcDbMText
 10
1212.215560496404
 20
1022.091810270453
 30
0.0
 40
7.5
 41
0.0
 71
     5
 72
     1
  1
11'
 73
     1
 44
1.0
  0
POINT
  5
8D6
330
816
100
AcDbEntity
  8
Defpoints
 62
     0
440
 16777216
100
AcDbPoint
 10
1146.215560496404
 20
1040.794240109225
 30
0.0
  0
POINT
  5
8D7
330
816
100
AcDbEntity
  8
Defpoints
 62
     0
440
 16777216
100
AcDbPoint
 10
1278.215560496404
 20
1040.794240109225
 30
0.0
  0
POINT
  5
8D8
330
816
100
AcDbEntity
  8
Defpoints
 62
     0
440
 16777216
100
AcDbPoint
 10
1278.215560496404
 20
1016.45146238505
 30
0.0
  0
ENDBLK
  5
818
330
816
100
AcDbEntity
  8
0
100
AcDbBlockEnd
  0
BLOCK
  5
82F
330
82E
100
AcDbEntity
  8
0
100
AcDbBlockBegin
  2
*D24
 70
     1
 10
0.0
 20
0.0
 30
0.0
  3
*D24
  1

  0
LINE
  5
8EB
330
82E
100
AcDbEntity
  8
DIM
 62
     0
440
 16777216
370
    -2
100
AcDbLine
 10
1230.215560496404
 20
805.9192401092255
 30
0.0
 11
1230.215560496404
 21
790.1062419572436
 31
0.0
  0
LINE
  5
8EC
330
82E
100
AcDbEntity
  8
DIM
 62
     0
440
 16777216
370
    -2
100
AcDbLine
 10
1278.215560496404
 20
800.9192401092256
 30
0.0
 11
1278.215560496404
 21
790.1062419572436
 31
0.0
  0
LINE
  5
8ED
330
82E
100
AcDbEntity
  8
DIM
 62
     0
440
 16777216
370
    -2
100
AcDbLine
 10
1230.215560496404
 20
793.8562419572436
 30
0.0
 11
1278.215560496404
 21
793.8562419572436
 31
0.0
  0
INSERT
  5
8EE
330
82E
100
AcDbEntity
  8
DIM
 62
     0
440
 16777216
370
    -2
100
AcDbBlockReference
  2
_ArchTick
 10
1230.215560496404
 20
793.8562419572436
 30
0.0
 41
7.5
 42
7.5
 43
7.5
 50
180.0
  0
INSERT
  5
8EF
330
82E
100
AcDbEntity
  8
DIM
 62
     0
440
 16777216
370
    -2
100
AcDbBlockReference
  2
_ArchTick
 10
1278.215560496404
 20
793.8562419572436
 30
0.0
 41
7.5
 42
7.5
 43
7.5
  0
MTEXT
  5
8F0
330
82E
100
AcDbEntity
  8
DIM
 62
     0
440
 16777216
100
AcDbMText
 10
1254.215560496404
 20
799.4812419572436
 30
0.0
 40
7.5
 41
0.0
 71
     5
 72
     1
  1
4'
 73
     1
 44
1.0
  0
POINT
  5
8F1
330
82E
100
AcDbEntity
  8
Defpoints
 62
     0
440
 16777216
100
AcDbPoint
 10
1230.215560496404
 20
807.7942401092255
 30
0.0
  0
POINT
  5
8F2
330
82E
100
AcDbEntity
  8
Defpoints
 62
     0
440
 16777216
100
AcDbPoint
 10
1278.215560496404
 20
802.7942401092256
 30
0.0
  0
POINT
  5
8F3
330
82E
100
AcDbEntity
  8
Defpoints
 62
     0
440
 16777216
100
AcDbPoint
 10
1278.215560496404
 20
793.8562419572436
 30
0.0
  0
ENDBLK
  5
830
330
82E
100
AcDbEntity
  8
0
100
AcDbBlockEnd
  0
BLOCK
  5
847
330
846
100
AcDbEntity
  8
0
100
AcDbBlockBegin
  2
*D25
 70
     1
 10
0.0
 20
0.0
 30
0.0
  3
*D25
  1

  0
LINE
  5
8E2
330
846
100
AcDbEntity
  8
DIM
 62
     0
440
 16777216
370
    -2
100
AcDbLine
 10
1276.340560496404
 20
802.7942401092259
 30
0.0
 11
1257.465560496405
 21
802.7942401092259
 31
0.0
  0
LINE
  5
8E3
330
846
100
AcDbEntity
  8
DIM
 62
     0
440
 16777216
370
    -2
100
AcDbLine
 10
1276.340560496404
 20
754.7942401092257
 30
0.0
 11
1257.465560496405
 21
754.7942401092257
 31
0.0
  0
LINE
  5
8E4
330
846
100
AcDbEntity
  8
DIM
 62
     0
440
 16777216
370
    -2
100
AcDbLine
 10
1261.215560496405
 20
802.7942401092259
 30
0.0
 11
1261.215560496405
 21
754.7942401092257
 31
0.0
  0
INSERT
  5
8E5
330
846
100
AcDbEntity
  8
DIM
 62
     0
440
 16777216
370
    -2
100
AcDbBlockReference
  2
_ArchTick
 10
1261.215560496405
 20
802.7942401092259
 30
0.0
 41
7.5
 42
7.5
 43
7.5
 50
90.0
  0
INSERT
  5
8E6
330
846
100
AcDbEntity
  8
DIM
 62
     0
440
 16777216
370
    -2
100
AcDbBlockReference
  2
_ArchTick
 10
1261.215560496405
 20
754.7942401092257
 30
0.0
 41
7.5
 42
7.5
 43
7.5
 50
270.0
  0
MTEXT
  5
8E7
330
846
100
AcDbEntity
  8
DIM
 62
     0
440
 16777216
100
AcDbMText
 10
1255.590560496405
 20
778.7942401092254
 30
0.0
 40
7.5
 41
0.0
 71
     5
 72
     1
  1
4'
 11
6.123233995736766E-17
 21
1.0
 31
0.0
 73
     1
 44
1.0
  0
POINT
  5
8E8
330
846
100
AcDbEntity
  8
Defpoints
 62
     0
440
 16777216
100
AcDbPoint
 10
1278.215560496404
 20
802.7942401092259
 30
0.0
  0
POINT
  5
8E9
330
846
100
AcDbEntity
  8
Defpoints
 62
     0
440
 16777216
100
AcDbPoint
 10
1278.215560496404
 20
754.7942401092257
 30
0.0
  0
POINT
  5
8EA
330
846
100
AcDbEntity
  8
Defpoints
 62
     0
440
 16777216
100
AcDbPoint
 10
1261.215560496405
 20
754.7942401092257
 30
0.0
  0
ENDBLK
  5
848
330
846
100
AcDbEntity
  8
0
100
AcDbBlockEnd
  0
BLOCK
  5
85F
330
85E
100
AcDbEntity
  8
0
100
AcDbBlockBegin
  2
*D26
 70
     1
 10
0.0
 20
0.0
 30
0.0
  3
*D26
  1

  0
LINE
  5
8F4
330
85E
100
AcDbEntity
  8
DIM
 62
     0
440
 16777216
370
    -2
100
AcDbLine
 10
1276.340560496404
 20
749.7942401092257
 30
0.0
 11
1262.304344392794
 21
749.7942401092257
 31
0.0
  0
LINE
  5
8F5
330
85E
100
AcDbEntity
  8
DIM
 62
     0
440
 16777216
370
    -2
100
AcDbLine
 10
1276.340560496404
 20
701.7942401092257
 30
0.0
 11
1262.304344392794
 21
701.7942401092257
 31
0.0
  0
LINE
  5
8F6
330
85E
100
AcDbEntity
  8
DIM
 62
     0
440
 16777216
370
    -2
100
AcDbLine
 10
1266.054344392794
 20
749.7942401092257
 30
0.0
 11
1266.054344392794
 21
701.7942401092257
 31
0.0
  0
INSERT
  5
8F7
330
85E
100
AcDbEntity
  8
DIM
 62
     0
440
 16777216
370
    -2
100
AcDbBlockReference
  2
_ArchTick
 10
1266.054344392794
 20
749.7942401092257
 30
0.0
 41
7.5
 42
7.5
 43
7.5
 50
90.0
  0
INSERT
  5
8F8
330
85E
100
AcDbEntity
  8
DIM
 62
     0
440
 16777216
370
    -2
100
AcDbBlockReference
  2
_ArchTick
 10
1266.054344392794
 20
701.7942401092257
 30
0.0
 41
7.5
 42
7.5
 43
7.5
 50
270.0
  0
MTEXT
  5
8F9
330
85E
100
AcDbEntity
  8
DIM
 62
     0
440
 16777216
100
AcDbMText
 10
1260.429344392794
 20
725.7942401092253
 30
0.0
 40
7.5
 41
0.0
 71
     5
 72
     1
  1
4'
 11
6.123233995736766E-17
 21
1.0
 31
0.0
 73
     1
 44
1.0
  0
POINT
  5
8FA
330
85E
100
AcDbEntity
  8
Defpoints
 62
     0
440
 16777216
100
AcDbPoint
 10
1278.215560496404
 20
749.7942401092257
 30
0.0
  0
POINT
  5
8FB
330
85E
100
AcDbEntity
  8
Defpoints
 62
     0
440
 16777216
100
AcDbPoint
 10
1278.215560496404
 20
701.7942401092257
 30
0.0
  0
POINT
  5
8FC
330
85E
100
AcDbEntity
  8
Defpoints
 62
     0
440
 16777216
100
AcDbPoint
 10
1266.054344392794
 20
701.7942401092257
 30
0.0
  0
ENDBLK
  5
860
330
85E
100
AcDbEntity
  8
0
100
AcDbBlockEnd
  0
BLOCK
  5
877
330
876
100
AcDbEntity
  8
0
100
AcDbBlockBegin
  2
*D27
 70
     1
 10
0.0
 20
0.0
 30
0.0
  3
*D27
  1

  0
LINE
  5
8FD
330
876
100
AcDbEntity
  8
DIM
 62
     0
440
 16777216
370
    -2
100
AcDbLine
 10
1227.090560496404
 20
749.2942401092257
 30
0.0
 11
1290.965560496405
 21
749.2942401092258
 31
0.0
  0
LINE
  5
8FE
330
876
100
AcDbEntity
  8
DIM
 62
     0
440
 16777216
370
    -2
100
AcDbLine
 10
1280.090560496404
 20
749.7942401092258
 30
0.0
 11
1290.965560496405
 21
749.7942401092258
 31
0.0
  0
LINE
  5
8FF
330
876
100
AcDbEntity
  8
DIM
 62
     0
440
 16777216
370
    -2
100
AcDbLine
 10
1287.215560496405
 20
749.2942401092258
 30
0.0
 11
1287.215560496405
 21
741.7942401092258
 31
0.0
  0
LINE
  5
900
330
876
100
AcDbEntity
  8
DIM
 62
     0
440
 16777216
370
    -2
100
AcDbLine
 10
1287.215560496405
 20
749.7942401092258
 30
0.0
 11
1287.215560496405
 21
777.2413751706175
 31
0.0
  0
LINE
  5
901
330
876
100
AcDbEntity
  8
DIM
 62
     0
440
 16777216
370
    -2
100
AcDbLine
 10
1287.215560496405
 20
749.2942401092258
 30
0.0
 11
1287.215560496405
 21
749.7942401092258
 31
0.0
  0
INSERT
  5
902
330
876
100
AcDbEntity
  8
DIM
 62
     0
440
 16777216
370
    -2
100
AcDbBlockReference
  2
_ArchTick
 10
1287.215560496405
 20
749.2942401092258
 30
0.0
 41
7.5
 42
7.5
 43
7.5
 50
90.0
  0
INSERT
  5
903
330
876
100
AcDbEntity
  8
DIM
 62
     0
440
 16777216
370
    -2
100
AcDbBlockReference
  2
_ArchTick
 10
1287.215560496405
 20
749.7942401092258
 30
0.0
 41
7.5
 42
7.5
 43
7.5
 50
270.0
  0
MTEXT
  5
904
330
876
100
AcDbEntity
  8
DIM
 62
     0
440
 16777216
100
AcDbMText
 10
1276.5598647256
 20
771.017807639921
 30
0.0
 40
7.5
 41
0.0
 71
     5
 72
     1
  1
{\H1x;\S1/2;}"
 11
6.123233995736766E-17
 21
1.0
 31
0.0
 73
     1
 44
1.0
  0
POINT
  5
905
330
876
100
AcDbEntity
  8
Defpoints
 62
     0
440
 16777216
100
AcDbPoint
 10
1225.215560496404
 20
749.2942401092257
 30
0.0
  0
POINT
  5
906
330
876
100
AcDbEntity
  8
Defpoints
 62
     0
440
 16777216
100
AcDbPoint
 10
1278.215560496404
 20
749.7942401092257
 30
0.0
  0
POINT
  5
907
330
876
100
AcDbEntity
  8
Defpoints
 62
     0
440
 16777216
100
AcDbPoint
 10
1287.215560496405
 20
749.7942401092258
 30
0.0
  0
ENDBLK
  5
878
330
876
100
AcDbEntity
  8
0
100
AcDbBlockEnd
  0
ENDSEC
  0
SECTION
  2
ENTITIES
  0
LINE
  5
2E3
330
1F
100
AcDbEntity
  8
LINE
100
AcDbLine
 10
723.2155604964037
 20
1085.794240109225
 30
0.0
 11
1323.215560496404
 21
1085.794240109225
 31
0.0
  0
LINE
  5
2E4
102
{ACAD_REACTORS
330
78A
102
}
330
1F
100
AcDbEntity
  8
LINE
100
AcDbLine
 10
1323.215560496404
 20
1085.794240109225
 30
0.0
 11
1323.215560496404
 21
605.7942401092255
 31
0.0
  0
LINE
  5
2E5
330
1F
100
AcDbEntity
  8
LINE
100
AcDbLine
 10
1323.215560496404
 20
605.7942401092255
 30
0.0
 11
723.2155604964037
 21
605.7942401092255
 31
0.0
  0
LINE
  5
2E6
102
{ACAD_REACTORS
330
4D0
330
78A
102
}
330
1F
100
AcDbEntity
  8
LINE
100
AcDbLine
 10
723.2155604964037
 20
605.7942401092255
 30
0.0
 11
723.2155604964037
 21
1085.794240109225
 31
0.0
  0
LINE
  5
2E7
102
{ACAD_REACTORS
330
723
102
}
330
1F
100
AcDbEntity
  8
WALL
100
AcDbLine
 10
810.2155604964036
 20
1049.794240109225
 30
0.0
 11
1287.215560496404
 21
1049.794240109225
 31
0.0
  0
LINE
  5
2E9
102
{ACAD_REACTORS
330
723
102
}
330
1F
100
AcDbEntity
  8
WALL
100
AcDbLine
 10
759.2155604964037
 20
653.7942401092255
 30
0.0
 11
759.2155604964036
 21
860.7942401092255
 31
0.0
  0
LINE
  5
2EA
102
{ACAD_REACTORS
330
723
102
}
330
1F
100
AcDbEntity
  8
WALL
100
AcDbLine
 10
1287.215560496404
 20
1049.794240109225
 30
0.0
 11
1287.215560496404
 21
692.7942401092255
 31
0.0
  0
LINE
  5
2EC
102
{ACAD_REACTORS
330
723
330
82C
102
}
330
1F
100
AcDbEntity
  8
WALL
100
AcDbLine
 10
1278.215560496404
 20
1040.794240109225
 30
0.0
 11
1278.215560496404
 21
860.7942401092257
 31
0.0
  0
LINE
  5
2ED
102
{ACAD_REACTORS
330
723
330
814
330
82C
102
}
330
1F
100
AcDbEntity
  8
WALL
100
AcDbLine
 10
1146.215560496404
 20
1040.794240109225
 30
0.0
 11
1146.215560496404
 21
855.7942401092255
 31
0.0
  0
LINE
  5
2EE
102
{ACAD_REACTORS
330
723
330
7FC
102
}
330
1F
100
AcDbEntity
  8
WALL
100
AcDbLine
 10
1141.215560496404
 20
1040.794240109225
 30
0.0
 11
1141.215560496404
 21
860.7942401092253
 31
0.0
  0
LINE
  5
2EF
102
{ACAD_REACTORS
330
723
102
}
330
1F
100
AcDbEntity
  8
WALL
100
AcDbLine
 10
1009.215560496404
 20
1040.794240109225
 30
0.0
 11
1009.215560496404
 21
855.7942401092256
 31
0.0
  0
LINE
  5
2F0
102
{ACAD_REACTORS
330
723
330
7B4
330
7CC
102
}
330
1F
100
AcDbEntity
  8
WALL
100
AcDbLine
 10
1004.215560496404
 20
1040.794240109225
 30
0.0
 11
1004.215560496404
 21
944.7942401092253
 31
0.0
  0
LINE
  5
2F1
102
{ACAD_REACTORS
330
723
330
7CC
102
}
330
1F
100
AcDbEntity
  8
WALL
100
AcDbLine
 10
956.2155604964038
 20
1040.794240109225
 30
0.0
 11
956.2155604964036
 21
855.7942401092255
 31
0.0
  0
LINE
  5
2F2
102
{ACAD_REACTORS
330
4F1
330
723
102
}
330
1F
100
AcDbEntity
  8
WALL
100
AcDbLine
 10
951.2155604964038
 20
1040.794240109225
 30
0.0
 11
951.2155604964036
 21
855.7942401092255
 31
0.0
  0
LINE
  5
2F3
102
{ACAD_REACTORS
330
4F1
330
723
102
}
330
1F
100
AcDbEntity
  8
WALL
100
AcDbLine
 10
819.2155604964036
 20
1040.794240109225
 30
0.0
 11
819.2155604964037
 21
860.7942401092254
 31
0.0
  0
LINE
  5
2F4
102
{ACAD_REACTORS
330
723
102
}
330
1F
100
AcDbEntity
  8
WALL
100
AcDbLine
 10
810.2155604964037
 20
1049.794240109225
 30
0.0
 11
810.2155604964037
 21
860.7942401092254
 31
0.0
  0
LINE
  5
2F7
102
{ACAD_REACTORS
330
509
330
723
102
}
330
1F
100
AcDbEntity
  8
WALL
100
AcDbLine
 10
819.2155604964037
 20
1040.794240109225
 30
0.0
 11
951.2155604964038
 21
1040.794240109225
 31
0.0
  0
LINE
  5
2F8
102
{ACAD_REACTORS
330
723
102
}
330
1F
100
AcDbEntity
  8
WALL
100
AcDbLine
 10
759.2155604964037
 20
860.7942401092255
 30
0.0
 11
810.2155604964036
 21
860.7942401092254
 31
0.0
  0
LINE
  5
2FA
102
{ACAD_REACTORS
330
723
102
}
330
1F
100
AcDbEntity
  8
WALL
100
AcDbLine
 10
768.2155604964034
 20
855.7942401092255
 30
0.0
 11
915.2155604964036
 21
855.7942401092254
 31
0.0
  0
LINE
  5
2FB
102
{ACAD_REACTORS
330
54B
330
723
102
}
330
1F
100
AcDbEntity
  8
WALL
100
AcDbLine
 10
768.2155604964037
 20
807.7942401092254
 30
0.0
 11
915.2155604964034
 21
807.7942401092254
 31
0.0
  0
LINE
  5
2FC
102
{ACAD_REACTORS
330
563
330
723
102
}
330
1F
100
AcDbEntity
  8
WALL
100
AcDbLine
 10
768.2155604964037
 20
802.7942401092255
 30
0.0
 11
915.2155604964033
 21
802.7942401092254
 31
0.0
  0
LINE
  5
305
102
{ACAD_REACTORS
330
723
102
}
330
1F
100
AcDbEntity
  8
WALL
100
AcDbLine
 10
956.2155604964036
 20
807.7942401092255
 30
0.0
 11
956.2155604964037
 21
662.7942401092254
 31
0.0
  0
LINE
  5
306
102
{ACAD_REACTORS
330
723
102
}
330
1F
100
AcDbEntity
  8
WALL
100
AcDbLine
 10
951.2155604964036
 20
807.7942401092255
 30
0.0
 11
951.2155604964037
 21
662.7942401092254
 31
0.0
  0
LINE
  5
30A
102
{ACAD_REACTORS
330
723
102
}
330
1F
100
AcDbEntity
  8
WALL
100
AcDbLine
 10
1004.215560496403
 20
855.7942401092255
 30
0.0
 11
1009.215560496404
 21
855.7942401092255
 31
0.0
  0
LINE
  5
30B
102
{ACAD_REACTORS
330
5AB
330
723
102
}
330
1F
100
AcDbEntity
  8
WALL
100
AcDbLine
 10
1141.215560496404
 20
789.7942401092255
 30
0.0
 11
1141.215560496404
 21
662.7942401092254
 31
0.0
  0
LINE
  5
30C
102
{ACAD_REACTORS
330
723
102
}
330
1F
100
AcDbEntity
  8
WALL
100
AcDbLine
 10
1146.215560496404
 20
794.7942401092255
 30
0.0
 11
1146.215560496404
 21
692.7942401092255
 31
0.0
  0
LINE
  5
311
102
{ACAD_REACTORS
330
57B
330
723
102
}
330
1F
100
AcDbEntity
  8
WALL
100
AcDbLine
 10
768.2155604964038
 20
662.7942401092255
 30
0.0
 11
768.2155604964036
 21
802.7942401092254
 31
0.0
  0
LINE
  5
313
330
1F
100
AcDbEntity
  8
STAIRS
  6
HIDDEN
100
AcDbLine
 10
992.2155604964034
 20
794.7942401092254
 30
0.0
 11
992.2155604964036
 21
698.7942401092255
 31
0.0
  0
LINE
  5
315
330
1F
100
AcDbEntity
  8
STAIRS
  6
HIDDEN
100
AcDbLine
 10
998.2155604964034
 20
794.7942401092254
 30
0.0
 11
998.2155604964036
 21
698.7942401092255
 31
0.0
  0
LINE
  5
316
102
{ACAD_REACTORS
330
723
102
}
330
1F
100
AcDbEntity
  8
WALL
100
AcDbLine
 10
1034.215560496404
 20
794.7942401092254
 30
0.0
 11
1034.215560496404
 21
662.7942401092254
 31
0.0
  0
LINE
  5
317
102
{ACAD_REACTORS
330
5AB
330
723
102
}
330
1F
100
AcDbEntity
  8
WALL
100
AcDbLine
 10
1039.215560496404
 20
794.7942401092254
 30
0.0
 11
1039.215560496404
 21
662.7942401092254
 31
0.0
  0
LINE
  5
321
330
1F
100
AcDbEntity
  8
STAIRS
  6
Continuous
100
AcDbLine
 10
1034.215560496404
 20
698.7942401092256
 30
0.0
 11
956.2155604964036
 21
698.7942401092254
 31
0.0
  0
LINE
  5
323
330
1F
100
AcDbEntity
  8
STAIRS
  6
HIDDEN
100
AcDbLine
 10
1034.215560496404
 20
710.7942401092254
 30
0.0
 11
998.2155604964036
 21
710.7942401092256
 31
0.0
  0
LINE
  5
324
330
1F
100
AcDbEntity
  8
STAIRS
  6
HIDDEN
100
AcDbLine
 10
1034.215560496404
 20
722.7942401092255
 30
0.0
 11
998.2155604964036
 21
722.7942401092254
 31
0.0
  0
LINE
  5
325
330
1F
100
AcDbEntity
  8
STAIRS
  6
HIDDEN
100
AcDbLine
 10
1034.215560496404
 20
734.7942401092255
 30
0.0
 11
998.2155604964036
 21
734.7942401092256
 31
0.0
  0
LINE
  5
326
330
1F
100
AcDbEntity
  8
STAIRS
  6
HIDDEN
100
AcDbLine
 10
1034.215560496404
 20
746.7942401092255
 30
0.0
 11
998.2155604964036
 21
746.7942401092255
 31
0.0
  0
LINE
  5
327
330
1F
100
AcDbEntity
  8
STAIRS
  6
HIDDEN
100
AcDbLine
 10
1034.215560496404
 20
758.7942401092255
 30
0.0
 11
998.2155604964036
 21
758.7942401092255
 31
0.0
  0
LINE
  5
328
330
1F
100
AcDbEntity
  8
STAIRS
  6
HIDDEN
100
AcDbLine
 10
1034.215560496404
 20
770.7942401092255
 30
0.0
 11
998.2155604964036
 21
770.7942401092255
 31
0.0
  0
LINE
  5
329
330
1F
100
AcDbEntity
  8
STAIRS
  6
HIDDEN
100
AcDbLine
 10
1034.215560496404
 20
782.7942401092255
 30
0.0
 11
998.2155604964036
 21
782.7942401092255
 31
0.0
  0
LINE
  5
32A
330
1F
100
AcDbEntity
  8
STAIRS
  6
HIDDEN
100
AcDbLine
 10
1039.215560496404
 20
794.7942401092255
 30
0.0
 11
998.2155604964033
 21
794.7942401092255
 31
0.0
  0
LINE
  5
336
330
1F
100
AcDbEntity
  8
STAIRS
  6
HIDDEN
100
AcDbLine
 10
992.2155604964033
 20
794.7942401092255
 30
0.0
 11
956.2155604964036
 21
794.7942401092255
 31
0.0
  0
LINE
  5
337
330
1F
100
AcDbEntity
  8
STAIRS
  6
HIDDEN
100
AcDbLine
 10
992.2155604964036
 20
782.7942401092255
 30
0.0
 11
956.2155604964036
 21
782.7942401092255
 31
0.0
  0
LINE
  5
338
330
1F
100
AcDbEntity
  8
STAIRS
  6
HIDDEN
100
AcDbLine
 10
992.2155604964036
 20
770.7942401092255
 30
0.0
 11
956.2155604964036
 21
770.7942401092255
 31
0.0
  0
LINE
  5
339
330
1F
100
AcDbEntity
  8
STAIRS
  6
HIDDEN
100
AcDbLine
 10
992.2155604964036
 20
758.7942401092255
 30
0.0
 11
956.2155604964036
 21
758.7942401092255
 31
0.0
  0
LINE
  5
33A
330
1F
100
AcDbEntity
  8
STAIRS
  6
HIDDEN
100
AcDbLine
 10
992.2155604964036
 20
746.7942401092255
 30
0.0
 11
956.2155604964036
 21
746.7942401092255
 31
0.0
  0
LINE
  5
33B
330
1F
100
AcDbEntity
  8
STAIRS
  6
HIDDEN
100
AcDbLine
 10
992.2155604964036
 20
734.7942401092256
 30
0.0
 11
956.2155604964036
 21
734.7942401092255
 31
0.0
  0
LINE
  5
33C
330
1F
100
AcDbEntity
  8
STAIRS
  6
HIDDEN
100
AcDbLine
 10
992.2155604964036
 20
722.7942401092254
 30
0.0
 11
956.2155604964036
 21
722.7942401092255
 31
0.0
  0
LINE
  5
33D
330
1F
100
AcDbEntity
  8
STAIRS
  6
HIDDEN
100
AcDbLine
 10
992.2155604964036
 20
710.7942401092256
 30
0.0
 11
956.2155604964036
 21
710.7942401092256
 31
0.0
  0
LINE
  5
347
102
{ACAD_REACTORS
330
723
102
}
330
1F
100
AcDbEntity
  8
WALL
100
AcDbLine
 10
987.2155604964038
 20
939.7942401092254
 30
0.0
 11
1004.215560496404
 21
939.7942401092254
 31
0.0
  0
LINE
  5
348
102
{ACAD_REACTORS
330
723
102
}
330
1F
100
AcDbEntity
  8
WALL
100
AcDbLine
 10
987.2155604964038
 20
944.7942401092253
 30
0.0
 11
1004.215560496404
 21
944.7942401092254
 31
0.0
  0
LINE
  5
34B
102
{ACAD_REACTORS
330
723
102
}
330
1F
100
AcDbEntity
  8
WALL
100
AcDbLine
 10
1034.215560496404
 20
794.7942401092254
 30
0.0
 11
1039.215560496404
 21
794.7942401092254
 31
0.0
  0
LINE
  5
34F
102
{ACAD_REACTORS
330
5C3
330
723
102
}
330
1F
100
AcDbEntity
  8
WALL
100
AcDbLine
 10
1182.215560496404
 20
701.7942401092256
 30
0.0
 11
1225.215560496403
 21
701.7942401092255
 31
0.0
  0
LINE
  5
351
102
{ACAD_REACTORS
330
723
102
}
330
1F
100
AcDbEntity
  8
WALL
100
AcDbLine
 10
1182.215560496404
 20
692.7942401092255
 30
0.0
 11
1287.215560496404
 21
692.7942401092255
 31
0.0
  0
LINE
  5
352
102
{ACAD_REACTORS
330
723
102
}
330
1F
100
AcDbEntity
  8
WALL
100
AcDbLine
 10
1141.215560496404
 20
662.7942401092254
 30
0.0
 11
1039.215560496404
 21
662.7942401092254
 31
0.0
  0
LINE
  5
353
102
{ACAD_REACTORS
330
723
102
}
330
1F
100
AcDbEntity
  8
WALL
100
AcDbLine
 10
1146.215560496404
 20
653.7942401092255
 30
0.0
 11
951.2155604964038
 21
653.7942401092255
 31
0.0
  0
LINE
  5
356
102
{ACAD_REACTORS
330
723
330
890
102
}
330
1F
100
AcDbEntity
  8
WALL
100
AcDbLine
 10
1225.215560496404
 20
749.7942401092255
 30
0.0
 11
1278.215560496404
 21
749.7942401092255
 31
0.0
  0
LINE
  5
357
102
{ACAD_REACTORS
330
723
330
85C
102
}
330
1F
100
AcDbEntity
  8
WALL
100
AcDbLine
 10
1225.215560496404
 20
754.7942401092255
 30
0.0
 11
1278.215560496404
 21
754.7942401092255
 31
0.0
  0
LINE
  5
358
102
{ACAD_REACTORS
330
723
330
844
102
}
330
1F
100
AcDbEntity
  8
WALL
100
AcDbLine
 10
1230.215560496404
 20
802.7942401092255
 30
0.0
 11
1278.215560496404
 21
802.7942401092256
 31
0.0
  0
LINE
  5
359
102
{ACAD_REACTORS
330
723
102
}
330
1F
100
AcDbEntity
  8
WALL
100
AcDbLine
 10
1225.215560496404
 20
807.7942401092255
 30
0.0
 11
1278.215560496404
 21
807.7942401092255
 31
0.0
  0
LINE
  5
35A
102
{ACAD_REACTORS
330
723
102
}
330
1F
100
AcDbEntity
  8
WALL
100
AcDbLine
 10
1230.215560496404
 20
802.7942401092255
 30
0.0
 11
1230.215560496404
 21
785.7942401092256
 31
0.0
  0
LINE
  5
35B
102
{ACAD_REACTORS
330
723
102
}
330
1F
100
AcDbEntity
  8
WALL
100
AcDbLine
 10
1225.215560496404
 20
807.7942401092255
 30
0.0
 11
1225.215560496404
 21
785.7942401092256
 31
0.0
  0
LINE
  5
35C
102
{ACAD_REACTORS
330
723
330
85C
102
}
330
1F
100
AcDbEntity
  8
WALL
100
AcDbLine
 10
1278.215560496404
 20
802.7942401092255
 30
0.0
 11
1278.215560496404
 21
754.7942401092254
 31
0.0
  0
LINE
  5
35D
102
{ACAD_REACTORS
330
723
330
874
102
}
330
1F
100
AcDbEntity
  8
WALL
100
AcDbLine
 10
1278.215560496404
 20
749.7942401092255
 30
0.0
 11
1278.215560496403
 21
701.7942401092255
 31
0.0
  0
LINE
  5
35E
102
{ACAD_REACTORS
330
723
102
}
330
1F
100
AcDbEntity
  8
WALL
100
AcDbLine
 10
1230.215560496404
 20
718.7942401092255
 30
0.0
 11
1230.215560496404
 21
701.7942401092255
 31
0.0
  0
LINE
  5
35F
102
{ACAD_REACTORS
330
723
102
}
330
1F
100
AcDbEntity
  8
WALL
100
AcDbLine
 10
1230.215560496404
 20
701.7942401092255
 30
0.0
 11
1278.215560496403
 21
701.7942401092255
 31
0.0
  0
LINE
  5
361
102
{ACAD_REACTORS
330
723
102
}
330
1F
100
AcDbEntity
  8
WALL
100
AcDbLine
 10
915.2155604964037
 20
860.7942401092255
 30
0.0
 11
915.2155604964036
 21
855.7942401092255
 31
0.0
  0
LINE
  5
363
102
{ACAD_REACTORS
330
723
102
}
330
1F
100
AcDbEntity
  8
WALL
100
AcDbLine
 10
951.2155604964037
 20
855.7942401092255
 30
0.0
 11
956.2155604964034
 21
855.7942401092255
 31
0.0
  0
LINE
  5
364
102
{ACAD_REACTORS
330
509
330
723
102
}
330
1F
100
AcDbEntity
  8
WALL
100
AcDbLine
 10
819.2155604964036
 20
860.7942401092254
 30
0.0
 11
915.2155604964037
 21
860.7942401092254
 31
0.0
  0
LINE
  5
365
102
{ACAD_REACTORS
330
723
102
}
330
1F
100
AcDbEntity
  8
WALL
100
AcDbLine
 10
1045.215560496404
 20
860.7942401092255
 30
0.0
 11
1045.215560496404
 21
855.7942401092256
 31
0.0
  0
LINE
  5
366
102
{ACAD_REACTORS
330
723
102
}
330
1F
100
AcDbEntity
  8
WALL
100
AcDbLine
 10
1182.215560496404
 20
860.7942401092255
 30
0.0
 11
1182.215560496404
 21
855.7942401092255
 31
0.0
  0
LINE
  5
367
102
{ACAD_REACTORS
330
723
102
}
330
1F
100
AcDbEntity
  8
WALL
100
AcDbLine
 10
915.2155604964036
 20
807.7942401092255
 30
0.0
 11
915.2155604964034
 21
802.7942401092255
 31
0.0
  0
LINE
  5
368
102
{ACAD_REACTORS
330
723
102
}
330
1F
100
AcDbEntity
  8
WALL
100
AcDbLine
 10
1075.215560496404
 20
794.7942401092254
 30
0.0
 11
1075.215560496404
 21
789.7942401092254
 31
0.0
  0
LINE
  5
369
102
{ACAD_REACTORS
330
723
102
}
330
1F
100
AcDbEntity
  8
WALL
100
AcDbLine
 10
1045.215560496404
 20
855.7942401092255
 30
0.0
 11
1146.215560496404
 21
855.7942401092254
 31
0.0
  0
LINE
  5
36A
102
{ACAD_REACTORS
330
723
102
}
330
1F
100
AcDbEntity
  8
WALL
100
AcDbLine
 10
1045.215560496404
 20
860.7942401092255
 30
0.0
 11
1141.215560496404
 21
860.7942401092254
 31
0.0
  0
LINE
  5
36B
102
{ACAD_REACTORS
330
723
102
}
330
1F
100
AcDbEntity
  8
WALL
100
AcDbLine
 10
1182.215560496404
 20
860.7942401092254
 30
0.0
 11
1278.215560496404
 21
860.7942401092256
 31
0.0
  0
LINE
  5
36C
102
{ACAD_REACTORS
330
5C3
330
723
102
}
330
1F
100
AcDbEntity
  8
WALL
100
AcDbLine
 10
1182.215560496404
 20
855.7942401092254
 30
0.0
 11
1278.215560496404
 21
855.7942401092256
 31
0.0
  0
LINE
  5
36D
102
{ACAD_REACTORS
330
723
102
}
330
1F
100
AcDbEntity
  8
WALL
100
AcDbLine
 10
1075.215560496404
 20
794.7942401092254
 30
0.0
 11
1146.215560496404
 21
794.7942401092254
 31
0.0
  0
LINE
  5
36E
102
{ACAD_REACTORS
330
593
330
723
102
}
330
1F
100
AcDbEntity
  8
WALL
100
AcDbLine
 10
1075.215560496404
 20
789.7942401092254
 30
0.0
 11
1141.215560496404
 21
789.7942401092255
 31
0.0
  0
LINE
  5
370
102
{ACAD_REACTORS
330
723
102
}
330
1F
100
AcDbEntity
  8
WALL
100
AcDbLine
 10
951.2155604964036
 20
807.7942401092255
 30
0.0
 11
956.2155604964034
 21
807.7942401092255
 31
0.0
  0
LINE
  5
371
102
{ACAD_REACTORS
330
723
102
}
330
1F
100
AcDbEntity
  8
WALL
100
AcDbLine
 10
1034.215560496404
 20
662.7942401092254
 30
0.0
 11
956.2155604964037
 21
662.7942401092254
 31
0.0
  0
LINE
  5
372
102
{ACAD_REACTORS
330
723
102
}
330
1F
100
AcDbEntity
  8
WALL
100
AcDbLine
 10
879.2155604964037
 20
662.7942401092254
 30
0.0
 11
768.2155604964038
 21
662.7942401092254
 31
0.0
  0
LINE
  5
373
102
{ACAD_REACTORS
330
533
330
723
102
}
330
1F
100
AcDbEntity
  8
WALL
100
AcDbLine
 10
768.2155604964036
 20
807.7942401092254
 30
0.0
 11
768.2155604964034
 21
855.7942401092255
 31
0.0
  0
LINE
  5
374
102
{ACAD_REACTORS
330
723
330
7E4
330
7FC
102
}
330
1F
100
AcDbEntity
  8
WALL
100
AcDbLine
 10
1009.215560496404
 20
1040.794240109225
 30
0.0
 11
1141.215560496404
 21
1040.794240109225
 31
0.0
  0
LINE
  5
375
102
{ACAD_REACTORS
330
723
102
}
330
1F
100
AcDbEntity
  8
WALL
100
AcDbLine
 10
956.2155604964038
 20
1040.794240109225
 30
0.0
 11
1004.215560496404
 21
1040.794240109225
 31
0.0
  0
LINE
  5
376
102
{ACAD_REACTORS
330
723
330
814
102
}
330
1F
100
AcDbEntity
  8
WALL
100
AcDbLine
 10
1146.215560496404
 20
1040.794240109225
 30
0.0
 11
1278.215560496404
 21
1040.794240109225
 31
0.0
  0
LINE
  5
377
102
{ACAD_REACTORS
330
723
102
}
330
1F
100
AcDbEntity
  8
WALL
100
AcDbLine
 10
1278.215560496404
 20
855.7942401092257
 30
0.0
 11
1278.215560496404
 21
807.7942401092255
 31
0.0
  0
LINE
  5
378
102
{ACAD_REACTORS
330
723
102
}
330
1F
100
AcDbEntity
  8
WALL
100
AcDbLine
 10
987.2155604964038
 20
944.7942401092253
 30
0.0
 11
987.2155604964039
 21
939.7942401092253
 31
0.0
  0
LINE
  5
379
102
{ACAD_REACTORS
330
723
102
}
330
1F
100
AcDbEntity
  8
WALL
100
AcDbLine
 10
1004.215560496404
 20
939.7942401092254
 30
0.0
 11
1004.215560496404
 21
855.7942401092256
 31
0.0
  0
LINE
  5
37A
102
{ACAD_REACTORS
330
723
102
}
330
1F
100
AcDbEntity
  8
WALL
100
AcDbLine
 10
1146.215560496404
 20
692.7942401092255
 30
0.0
 11
1146.215560496404
 21
653.7942401092255
 31
0.0
  0
LINE
  5
37B
330
1F
100
AcDbEntity
  8
WALL
100
AcDbLine
 10
1225.215560496404
 20
785.7942401092255
 30
0.0
 11
1230.215560496404
 21
785.7942401092255
 31
0.0
  0
LINE
  5
37C
330
1F
100
AcDbEntity
  8
WALL
100
AcDbLine
 10
1225.215560496404
 20
718.7942401092255
 30
0.0
 11
1230.215560496404
 21
718.7942401092256
 31
0.0
  0
LINE
  5
37D
330
1F
100
AcDbEntity
  8
WALL
100
AcDbLine
 10
1225.215560496404
 20
754.7942401092255
 30
0.0
 11
1225.215560496404
 21
749.7942401092255
 31
0.0
  0
LINE
  5
37E
102
{ACAD_REACTORS
330
723
102
}
330
1F
100
AcDbEntity
  8
WALL
100
AcDbLine
 10
1225.215560496404
 20
718.7942401092256
 30
0.0
 11
1225.215560496404
 21
701.7942401092256
 31
0.0
  0
LINE
  5
37F
102
{ACAD_REACTORS
330
723
102
}
330
1F
100
AcDbEntity
  8
WALL
100
AcDbLine
 10
1182.215560496404
 20
701.7942401092255
 30
0.0
 11
1182.215560496404
 21
692.7942401092255
 31
0.0
  0
LINE
  5
391
330
1F
100
AcDbEntity
  8
WALL
100
AcDbLine
 10
951.2155604964037
 20
662.7942401092254
 30
0.0
 11
951.2155604964037
 21
653.7942401092255
 31
0.0
  0
LINE
  5
393
102
{ACAD_REACTORS
330
723
102
}
330
1F
100
AcDbEntity
  8
WALL
100
AcDbLine
 10
879.2155604964036
 20
653.7942401092255
 30
0.0
 11
759.2155604964037
 21
653.7942401092255
 31
0.0
  0
LINE
  5
394
102
{ACAD_REACTORS
330
723
102
}
330
1F
100
AcDbEntity
  8
WALL
100
AcDbLine
 10
879.2155604964038
 20
662.7942401092255
 30
0.0
 11
879.2155604964037
 21
653.7942401092255
 31
0.0
  0
INSERT
  5
3B6
102
{ACAD_REACTORS
330
723
102
}
330
1F
100
AcDbEntity
  8
DOOR
100
AcDbBlockReference
  2
door 1
 10
951.2155604964036
 20
855.7942401092255
 30
0.0
 41
-1.0
  0
INSERT
  5
3B7
102
{ACAD_REACTORS
330
723
330
7E4
102
}
330
1F
100
AcDbEntity
  8
DOOR
100
AcDbBlockReference
  2
door 1
 10
1009.215560496404
 20
855.7942401092255
 30
0.0
  0
INSERT
  5
3B8
102
{ACAD_REACTORS
330
723
102
}
330
1F
100
AcDbEntity
  8
DOOR
100
AcDbBlockReference
  2
door 1
 10
1146.215560496404
 20
855.7942401092254
 30
0.0
  0
INSERT
  5
3B9
102
{ACAD_REACTORS
330
57B
330
723
102
}
330
1F
100
AcDbEntity
  8
DOOR
100
AcDbBlockReference
  2
door 1
 10
951.2155604964036
 20
807.7942401092255
 30
0.0
 50
180.0
  0
INSERT
  5
3BA
102
{ACAD_REACTORS
330
723
102
}
330
1F
100
AcDbEntity
  8
DOOR
100
AcDbBlockReference
  2
door 1
 10
1039.215560496404
 20
794.7942401092254
 30
0.0
 41
-1.0
 50
180.0
  0
INSERT
  5
3BB
102
{ACAD_REACTORS
330
723
102
}
330
1F
100
AcDbEntity
  8
DOOR
100
AcDbBlockReference
  2
door 1
 10
1146.215560496404
 20
692.7942401092255
 30
0.0
  0
INSERT
  5
3BC
102
{ACAD_REACTORS
330
723
102
}
330
1F
100
AcDbEntity
  8
DOOR
100
AcDbBlockReference
  2
door 1
 10
1225.215560496404
 20
752.2942401092255
 30
0.0
 41
-1.0
 50
270.0
  0
INSERT
  5
3BD
102
{ACAD_REACTORS
330
723
330
890
102
}
330
1F
100
AcDbEntity
  8
DOOR
100
AcDbBlockReference
  2
door 1
 10
1225.215560496404
 20
752.2942401092255
 30
0.0
 50
270.0
  0
INSERT
  5
3BF
102
{ACAD_REACTORS
330
723
102
}
330
1F
100
AcDbEntity
  8
DOOR
100
AcDbBlockReference
  2
door 1
 10
879.6145043686738
 20
689.6596337150168
 30
0.0
 41
-1.0
 50
180.0
  0
INSERT
  5
3C0
102
{ACAD_REACTORS
330
723
102
}
330
1F
100
AcDbEntity
  8
DOOR
100
AcDbBlockReference
  2
door 1
 10
951.2155604964037
 20
689.2742528667604
 30
0.0
 50
180.0
  0
LINE
  5
3F3
330
1F
100
AcDbEntity
  8
DOOR
100
AcDbLine
 10
987.2155604964039
 20
939.7942401092254
 30
0.0
 11
956.2155604964039
 21
939.7942401092255
 31
0.0
  0
LINE
  5
3F4
330
1F
100
AcDbEntity
  8
DOOR
100
AcDbLine
 10
956.2155604964039
 20
939.7942401092255
 30
0.0
 11
956.2155604964039
 21
939.7942401092255
 31
0.0
  0
LINE
  5
3F5
330
1F
100
AcDbEntity
  8
DOOR
100
AcDbLine
 10
987.2155604964039
 20
939.7942401092256
 30
0.0
 11
956.2155604964039
 21
939.7942401092255
 31
0.0
  0
LINE
  5
3F6
330
1F
100
AcDbEntity
  8
DOOR
100
AcDbLine
 10
956.2155604964039
 20
939.7942401092255
 30
0.0
 11
956.2155604964039
 21
939.7942401092255
 31
0.0
  0
LINE
  5
3F7
330
1F
100
AcDbEntity
  8
DOOR
100
AcDbLine
 10
956.2155604964039
 20
939.7942401092255
 30
0.0
 11
956.2155604964037
 21
970.7942401092255
 31
0.0
  0
LINE
  5
3F8
330
1F
100
AcDbEntity
  8
DOOR
100
AcDbLine
 10
956.2155604964037
 20
970.7942401092255
 30
0.0
 11
956.2155604964037
 21
970.7942401092255
 31
0.0
  0
LINE
  5
3F9
330
1F
100
AcDbEntity
  8
DOOR
100
AcDbLine
 10
956.2155604964037
 20
970.7942401092255
 30
0.0
 11
958.2155604964037
 21
970.7942401092255
 31
0.0
  0
LINE
  5
3FA
330
1F
100
AcDbEntity
  8
DOOR
100
AcDbLine
 10
958.2155604964037
 20
970.7942401092255
 30
0.0
 11
958.2155604964039
 21
939.7942401092255
 31
0.0
  0
LINE
  5
3FB
102
{ACAD_REACTORS
330
723
102
}
330
1F
100
AcDbEntity
  8
DOOR
100
AcDbLine
 10
956.2155604964037
 20
970.7942401092255
 30
0.0
 11
952.2155604964037
 21
970.7942401092254
 31
0.0
  0
LINE
  5
3FC
102
{ACAD_REACTORS
330
723
102
}
330
1F
100
AcDbEntity
  8
DOOR
100
AcDbLine
 10
952.2155604964037
 20
970.7942401092254
 30
0.0
 11
952.2155604964037
 21
962.7942401092254
 31
0.0
  0
LINE
  5
3FD
102
{ACAD_REACTORS
330
723
102
}
330
1F
100
AcDbEntity
  8
DOOR
100
AcDbLine
 10
952.2155604964037
 20
962.7942401092254
 30
0.0
 11
953.2155604964037
 21
962.7942401092255
 31
0.0
  0
LINE
  5
3FE
102
{ACAD_REACTORS
330
723
102
}
330
1F
100
AcDbEntity
  8
DOOR
100
AcDbLine
 10
953.2155604964037
 20
962.7942401092255
 30
0.0
 11
953.2155604964037
 21
969.7942401092255
 31
0.0
  0
LINE
  5
3FF
102
{ACAD_REACTORS
330
723
102
}
330
1F
100
AcDbEntity
  8
DOOR
100
AcDbLine
 10
953.2155604964037
 20
969.7942401092255
 30
0.0
 11
956.2155604964037
 21
969.7942401092255
 31
0.0
  0
ARC
  5
400
330
1F
100
AcDbEntity
  8
DOOR
100
AcDbCircle
 10
956.2155604964039
 20
939.7942401092255
 30
0.0
 40
30.99999999999997
100
AcDbArc
 50
0.0
 51
97.41367380152548
  0
INSERT
  5
44B
102
{ACAD_REACTORS
330
723
102
}
330
1F
100
AcDbEntity
  8
CHAJJA
100
AcDbBlockReference
  2
V1
 10
966.6382395561232
 20
1040.794240109225
 30
0.0
  0
INSERT
  5
44D
102
{ACAD_REACTORS
330
723
102
}
330
1F
100
AcDbEntity
  8
CHAJJA
100
AcDbBlockReference
  2
V1
 10
1287.215560496404
 20
764.5733110637448
 30
0.0
 50
90.0
  0
INSERT
  5
44E
102
{ACAD_REACTORS
330
723
102
}
330
1F
100
AcDbEntity
  8
CHAJJA
100
AcDbBlockReference
  2
V1
 10
1287.215560496404
 20
710.3999069754336
 30
0.0
 50
90.0
  0
INSERT
  5
450
102
{ACAD_REACTORS
330
563
330
723
102
}
330
1F
100
AcDbEntity
  8
CHAJJA
100
AcDbBlockReference
  2
W2
 10
818.3153044680622
 20
662.7942401092254
 30
0.0
 50
180.0
  0
INSERT
  5
451
102
{ACAD_REACTORS
330
723
102
}
330
1F
100
AcDbEntity
  8
CHAJJA
100
AcDbBlockReference
  2
W1
 10
880.3854333038871
 20
1040.49126723269
 30
0.0
  0
INSERT
  5
452
102
{ACAD_REACTORS
330
723
102
}
330
1F
100
AcDbEntity
  8
CHAJJA
100
AcDbBlockReference
  2
W1
 10
1207.590334224347
 20
1040.718761091788
 30
0.0
  0
INSERT
  5
453
102
{ACAD_REACTORS
330
723
102
}
330
1F
100
AcDbEntity
  8
CHAJJA
100
AcDbBlockReference
  2
W1
 10
1061.636072535748
 20
1040.794240109225
 30
0.0
  0
INSERT
  5
456
102
{ACAD_REACTORS
330
723
102
}
330
1F
100
AcDbEntity
  8
CHAJJA
100
AcDbBlockReference
  2
W1
 10
1064.214685573804
 20
662.8095882074772
 30
0.0
 50
180.0488545199969
  0
INSERT
  5
457
102
{ACAD_REACTORS
330
533
330
723
102
}
330
1F
100
AcDbEntity
  8
CHAJJA
100
AcDbBlockReference
  2
W1
 10
768.1848643110583
 20
832.7568195285461
 30
0.0
 50
90.0977090399947
  0
INSERT
  5
458
102
{ACAD_REACTORS
330
723
102
}
330
1F
100
AcDbEntity
  8
CHAJJA
100
AcDbBlockReference
  2
W2
 10
819.2155604964037
 20
966.4268978639102
 30
0.0
 50
89.99999999999999
  0
INSERT
  5
459
102
{ACAD_REACTORS
330
723
102
}
330
1F
100
AcDbEntity
  8
CHAJJA
100
AcDbBlockReference
  2
W2
 10
1278.215560496404
 20
966.0765772891937
 30
0.0
 50
270.0
  0
INSERT
  5
45A
102
{ACAD_REACTORS
330
593
330
723
102
}
330
1F
100
AcDbEntity
  8
CHAJJA
100
AcDbBlockReference
  2
V1
 10
1108.37625100237
 20
653.443261730903
 30
0.0
  0
INSERT
  5
45B
102
{ACAD_REACTORS
330
723
102
}
330
1F
100
AcDbEntity
  8
CHAJJA
100
AcDbBlockReference
  2
W2
 10
768.2155604964037
 20
734.2286944791176
 30
0.0
 50
89.99999999999999
  0
LINE
  5
45C
330
1F
100
AcDbEntity
  8
LINE
100
AcDbLine
 10
1146.215560496404
 20
653.7942401092255
 30
0.0
 11
1218.215560496404
 21
653.7942401092255
 31
0.0
  0
LINE
  5
45E
330
1F
100
AcDbEntity
  8
LINE
100
AcDbLine
 10
1218.215560496404
 20
653.7942401092255
 30
0.0
 11
1218.215560496404
 21
659.7942401092255
 31
0.0
  0
LINE
  5
45F
330
1F
100
AcDbEntity
  8
LINE
100
AcDbLine
 10
1218.215560496404
 20
659.7942401092255
 30
0.0
 11
1146.215560496404
 21
659.7942401092258
 31
0.0
  0
LINE
  5
460
330
1F
100
AcDbEntity
  8
LINE
100
AcDbLine
 10
1182.215560496404
 20
692.7942401092255
 30
0.0
 11
1182.215560496404
 21
659.7942401092257
 31
0.0
  0
LINE
  5
461
330
1F
100
AcDbEntity
  8
LINE
100
AcDbLine
 10
1194.215560496404
 20
692.7942401092254
 30
0.0
 11
1194.215560496404
 21
659.7942401092256
 31
0.0
  0
LINE
  5
462
330
1F
100
AcDbEntity
  8
LINE
100
AcDbLine
 10
1206.215560496404
 20
692.7942401092253
 30
0.0
 11
1206.215560496404
 21
659.7942401092255
 31
0.0
  0
LINE
  5
463
330
1F
100
AcDbEntity
  8
LINE
100
AcDbLine
 10
1218.215560496404
 20
692.7942401092251
 30
0.0
 11
1218.215560496404
 21
659.7942401092254
 31
0.0
  0
LINE
  5
464
330
1F
100
AcDbEntity
  8
LINE
100
AcDbLine
 10
1216.215560496404
 20
653.7942401092255
 30
0.0
 11
1216.215560496404
 21
659.7942401092255
 31
0.0
  0
LINE
  5
465
330
1F
100
AcDbEntity
  8
LINE
100
AcDbLine
 10
1214.215560496404
 20
653.7942401092255
 30
0.0
 11
1214.215560496404
 21
659.7942401092255
 31
0.0
  0
LINE
  5
466
330
1F
100
AcDbEntity
  8
LINE
100
AcDbLine
 10
1212.215560496404
 20
653.7942401092255
 30
0.0
 11
1212.215560496404
 21
659.7942401092255
 31
0.0
  0
LINE
  5
467
330
1F
100
AcDbEntity
  8
LINE
100
AcDbLine
 10
1210.215560496404
 20
653.7942401092255
 30
0.0
 11
1210.215560496404
 21
659.7942401092255
 31
0.0
  0
LINE
  5
468
330
1F
100
AcDbEntity
  8
LINE
100
AcDbLine
 10
1208.215560496404
 20
653.7942401092255
 30
0.0
 11
1208.215560496404
 21
659.7942401092255
 31
0.0
  0
LINE
  5
469
330
1F
100
AcDbEntity
  8
LINE
100
AcDbLine
 10
1206.215560496404
 20
653.7942401092255
 30
0.0
 11
1206.215560496404
 21
659.7942401092255
 31
0.0
  0
LINE
  5
46A
330
1F
100
AcDbEntity
  8
LINE
100
AcDbLine
 10
1204.215560496404
 20
653.7942401092255
 30
0.0
 11
1204.215560496404
 21
659.7942401092255
 31
0.0
  0
LINE
  5
46B
330
1F
100
AcDbEntity
  8
LINE
100
AcDbLine
 10
1202.215560496404
 20
653.7942401092255
 30
0.0
 11
1202.215560496404
 21
659.7942401092255
 31
0.0
  0
LINE
  5
46C
330
1F
100
AcDbEntity
  8
LINE
100
AcDbLine
 10
1200.215560496404
 20
653.7942401092255
 30
0.0
 11
1200.215560496404
 21
659.7942401092255
 31
0.0
  0
LINE
  5
46D
330
1F
100
AcDbEntity
  8
LINE
100
AcDbLine
 10
1198.215560496404
 20
653.7942401092255
 30
0.0
 11
1198.215560496404
 21
659.7942401092255
 31
0.0
  0
LINE
  5
46E
330
1F
100
AcDbEntity
  8
LINE
100
AcDbLine
 10
1196.215560496404
 20
653.7942401092255
 30
0.0
 11
1196.215560496404
 21
659.7942401092255
 31
0.0
  0
LINE
  5
46F
330
1F
100
AcDbEntity
  8
LINE
100
AcDbLine
 10
1194.215560496404
 20
653.7942401092255
 30
0.0
 11
1194.215560496404
 21
659.7942401092255
 31
0.0
  0
LINE
  5
470
330
1F
100
AcDbEntity
  8
LINE
100
AcDbLine
 10
1192.215560496404
 20
653.7942401092255
 30
0.0
 11
1192.215560496404
 21
659.7942401092255
 31
0.0
  0
LINE
  5
471
330
1F
100
AcDbEntity
  8
LINE
100
AcDbLine
 10
1190.215560496404
 20
653.7942401092255
 30
0.0
 11
1190.215560496404
 21
659.7942401092255
 31
0.0
  0
LINE
  5
472
330
1F
100
AcDbEntity
  8
LINE
100
AcDbLine
 10
1188.215560496404
 20
653.7942401092255
 30
0.0
 11
1188.215560496404
 21
659.7942401092255
 31
0.0
  0
LINE
  5
473
330
1F
100
AcDbEntity
  8
LINE
100
AcDbLine
 10
1186.215560496404
 20
653.7942401092255
 30
0.0
 11
1186.215560496404
 21
659.7942401092255
 31
0.0
  0
LINE
  5
474
330
1F
100
AcDbEntity
  8
LINE
100
AcDbLine
 10
1184.215560496404
 20
653.7942401092255
 30
0.0
 11
1184.215560496404
 21
659.7942401092255
 31
0.0
  0
LINE
  5
475
330
1F
100
AcDbEntity
  8
LINE
100
AcDbLine
 10
1182.215560496404
 20
653.7942401092255
 30
0.0
 11
1182.215560496404
 21
659.7942401092255
 31
0.0
  0
LINE
  5
476
330
1F
100
AcDbEntity
  8
LINE
100
AcDbLine
 10
1180.215560496404
 20
653.7942401092255
 30
0.0
 11
1180.215560496404
 21
659.7942401092255
 31
0.0
  0
LINE
  5
477
330
1F
100
AcDbEntity
  8
LINE
100
AcDbLine
 10
1178.215560496404
 20
653.7942401092255
 30
0.0
 11
1178.215560496404
 21
659.7942401092255
 31
0.0
  0
LINE
  5
478
330
1F
100
AcDbEntity
  8
LINE
100
AcDbLine
 10
1176.215560496404
 20
653.7942401092255
 30
0.0
 11
1176.215560496404
 21
659.7942401092255
 31
0.0
  0
LINE
  5
479
330
1F
100
AcDbEntity
  8
LINE
100
AcDbLine
 10
1174.215560496404
 20
653.7942401092255
 30
0.0
 11
1174.215560496404
 21
659.7942401092255
 31
0.0
  0
LINE
  5
47A
330
1F
100
AcDbEntity
  8
LINE
100
AcDbLine
 10
1172.215560496404
 20
653.7942401092255
 30
0.0
 11
1172.215560496404
 21
659.7942401092255
 31
0.0
  0
LINE
  5
47B
330
1F
100
AcDbEntity
  8
LINE
100
AcDbLine
 10
1170.215560496404
 20
653.7942401092255
 30
0.0
 11
1170.215560496404
 21
659.7942401092255
 31
0.0
  0
LINE
  5
47C
330
1F
100
AcDbEntity
  8
LINE
100
AcDbLine
 10
1168.215560496404
 20
653.7942401092255
 30
0.0
 11
1168.215560496404
 21
659.7942401092255
 31
0.0
  0
LINE
  5
47D
330
1F
100
AcDbEntity
  8
LINE
100
AcDbLine
 10
1166.215560496404
 20
653.7942401092255
 30
0.0
 11
1166.215560496404
 21
659.7942401092255
 31
0.0
  0
LINE
  5
47E
330
1F
100
AcDbEntity
  8
LINE
100
AcDbLine
 10
1164.215560496404
 20
653.7942401092255
 30
0.0
 11
1164.215560496404
 21
659.7942401092255
 31
0.0
  0
LINE
  5
47F
330
1F
100
AcDbEntity
  8
LINE
100
AcDbLine
 10
1162.215560496404
 20
653.7942401092255
 30
0.0
 11
1162.215560496404
 21
659.7942401092255
 31
0.0
  0
LINE
  5
480
330
1F
100
AcDbEntity
  8
LINE
100
AcDbLine
 10
1160.215560496404
 20
653.7942401092255
 30
0.0
 11
1160.215560496404
 21
659.7942401092255
 31
0.0
  0
LINE
  5
481
330
1F
100
AcDbEntity
  8
LINE
100
AcDbLine
 10
1158.215560496404
 20
653.7942401092255
 30
0.0
 11
1158.215560496404
 21
659.7942401092255
 31
0.0
  0
LINE
  5
482
330
1F
100
AcDbEntity
  8
LINE
100
AcDbLine
 10
1156.215560496404
 20
653.7942401092255
 30
0.0
 11
1156.215560496404
 21
659.7942401092255
 31
0.0
  0
LINE
  5
483
330
1F
100
AcDbEntity
  8
LINE
100
AcDbLine
 10
1154.215560496404
 20
653.7942401092255
 30
0.0
 11
1154.215560496404
 21
659.7942401092255
 31
0.0
  0
LINE
  5
484
330
1F
100
AcDbEntity
  8
LINE
100
AcDbLine
 10
1152.215560496404
 20
653.7942401092255
 30
0.0
 11
1152.215560496404
 21
659.7942401092255
 31
0.0
  0
LINE
  5
485
330
1F
100
AcDbEntity
  8
LINE
100
AcDbLine
 10
1150.215560496404
 20
653.7942401092255
 30
0.0
 11
1150.215560496404
 21
659.7942401092255
 31
0.0
  0
LINE
  5
486
330
1F
100
AcDbEntity
  8
LINE
100
AcDbLine
 10
1148.215560496404
 20
653.7942401092255
 30
0.0
 11
1148.215560496404
 21
659.7942401092255
 31
0.0
  0
MTEXT
  5
48A
330
1F
100
AcDbEntity
  8
LINE
100
AcDbMText
 10
832.3572276511732
 20
956.1230118460961
 30
0.0
 40
8.0
 41
107.0833412897118
 71
     1
 72
     5
  1
\pxqc;BED ROOM
 73
     1
 44
1.0
1001
ACAD
1000
ACAD_MTEXT_COLUMN_INFO_BEGIN
1070
    75
1070
     2
1070
    79
1070
     0
1070
    76
1070
     1
1070
    78
1070
     0
1070
    48
1040
107.0833412897118
1070
    49
1040
12.5
1070
    50
1070
     1
1040
-8.278308321964529
1000
ACAD_MTEXT_COLUMN_INFO_END
  0
MTEXT
  5
48B
330
1F
100
AcDbEntity
  8
LINE
100
AcDbMText
 10
1020.024031184246
 20
956.1230118460961
 30
0.0
 40
8.0
 41
107.0833412897118
 71
     1
 72
     5
  1
\pxqc;BED ROOM
 73
     1
 44
1.0
1001
ACAD
1000
ACAD_MTEXT_COLUMN_INFO_BEGIN
1070
    75
1070
     2
1070
    79
1070
     0
1070
    76
1070
     1
1070
    78
1070
     0
1070
    48
1040
107.0833412897118
1070
    49
1040
12.5
1070
    50
1070
     1
1040
-8.278308321964529
1000
ACAD_MTEXT_COLUMN_INFO_END
  0
MTEXT
  5
48C
330
1F
100
AcDbEntity
  8
LINE
100
AcDbMText
 10
1159.699713298829
 20
959.7018800655395
 30
0.0
 40
8.0
 41
107.0833412897118
 71
     1
 72
     5
  1
\pxqc;BED ROOM
 73
     1
 44
1.0
1001
ACAD
1000
ACAD_MTEXT_COLUMN_INFO_BEGIN
1070
    75
1070
     2
1070
    79
1070
     0
1070
    76
1070
     1
1070
    78
1070
     0
1070
    48
1040
107.0833412897118
1070
    49
1040
12.5
1070
    50
1070
     1
1040
-8.278308321964529
1000
ACAD_MTEXT_COLUMN_INFO_END
  0
MTEXT
  5
48D
330
1F
100
AcDbEntity
  8
LINE
100
AcDbMText
 10
963.4833498543048
 20
1006.764592364745
 30
0.0
 40
8.0
 41
31.63892688955821
 71
     1
 72
     5
  1
\pxqc;BATH
 73
     1
 44
1.0
1001
ACAD
1000
ACAD_MTEXT_COLUMN_INFO_BEGIN
1070
    75
1070
     2
1070
    79
1070
     0
1070
    76
1070
     1
1070
    78
1070
     0
1070
    48
1040
31.63892688955821
1070
    49
1040
12.5
1070
    50
1070
     1
1040
-8.0
1000
ACAD_MTEXT_COLUMN_INFO_END
  0
MTEXT
  5
48E
330
1F
100
AcDbEntity
  8
LINE
100
AcDbMText
 10
1044.982659241432
 20
826.5433012008551
 30
0.0
 40
8.0
 41
160.5107326906582
 71
     1
 72
     5
  1
\pxqc;LOBBY
 73
     1
 44
1.0
1001
ACAD
1000
ACAD_MTEXT_COLUMN_INFO_BEGIN
1070
    75
1070
     2
1070
    79
1070
     0
1070
    76
1070
     1
1070
    78
1070
     0
1070
    48
1040
160.5107326906582
1070
    49
1040
12.5
1070
    50
1070
     1
1040
-8.278308321964529
1000
ACAD_MTEXT_COLUMN_INFO_END
  0
MTEXT
  5
48F
330
1F
100
AcDbEntity
  8
LINE
100
AcDbMText
 10
1060.852303270261
 20
729.9329646991025
 30
0.0
 40
8.0
 41
67.330845507091
 71
     1
 72
     5
  1
\pxqc;KITCHEN
 73
     1
 44
1.0
1001
ACAD
1000
ACAD_MTEXT_COLUMN_INFO_BEGIN
1070
    75
1070
     2
1070
    79
1070
     0
1070
    76
1070
     1
1070
    78
1070
     0
1070
    48
1040
67.330845507091
1070
    49
1040
12.5
1070
    50
1070
     1
1040
-8.272851296043655
1000
ACAD_MTEXT_COLUMN_INFO_END
  0
MTEXT
  5
490
330
1F
100
AcDbEntity
  8
LINE
100
AcDbMText
 10
789.3800973330872
 20
745.6854476784891
 30
0.0
 40
8.0
 41
123.2011080559496
 71
     1
 72
     5
  1
\pxqc;LIVING ROOM
 73
     1
 44
1.0
1001
ACAD
1000
ACAD_MTEXT_COLUMN_INFO_BEGIN
1070
    75
1070
     2
1070
    79
1070
     0
1070
    76
1070
     1
1070
    78
1070
     0
1070
    48
1040
123.2011080559496
1070
    49
1040
12.5
1070
    50
1070
     1
1040
-8.278308321964529
1000
ACAD_MTEXT_COLUMN_INFO_END
  0
MTEXT
  5
491
330
1F
100
AcDbEntity
  8
LINE
100
AcDbMText
 10
1230.811349239911
 20
788.2073789387116
 30
0.0
 40
8.0
 41
31.63892688955821
 71
     1
 72
     5
  1
\pxqc;BATH
 73
     1
 44
1.0
1001
ACAD
1000
ACAD_MTEXT_COLUMN_INFO_BEGIN
1070
    75
1070
     2
1070
    79
1070
     0
1070
    76
1070
     1
1070
    78
1070
     0
1070
    48
1040
31.63892688955821
1070
    49
1040
12.5
1070
    50
1070
     1
1040
-8.0
1000
ACAD_MTEXT_COLUMN_INFO_END
  0
MTEXT
  5
492
330
1F
100
AcDbEntity
  8
LINE
100
AcDbMText
 10
1239.08220726419
 20
725.0624535965472
 30
0.0
 40
8.0
 41
34.99999999999955
 71
     1
 72
     5
  1
\pxqc;WC
 73
     1
 44
1.0
1001
ACAD
1000
ACAD_MTEXT_COLUMN_INFO_BEGIN
1070
    75
1070
     2
1070
    79
1070
     0
1070
    76
1070
     1
1070
    78
1070
     0
1070
    48
1040
34.99999999999955
1070
    49
1040
12.5
1070
    50
1070
     1
1040
0.0000000000000435
1000
ACAD_MTEXT_COLUMN_INFO_END
  0
MTEXT
  5
493
330
1F
100
AcDbEntity
  8
LINE
100
AcDbMText
 10
909.2083630820816
 20
868.8269822647507
 30
0.0
 40
8.0
 41
43.72779339944111
 71
     1
 72
     5
  1
\pxqc;D1
 73
     1
 44
1.0
1001
ACAD
1000
ACAD_MTEXT_COLUMN_INFO_BEGIN
1070
    75
1070
     2
1070
    79
1070
     0
1070
    76
1070
     1
1070
    78
1070
     0
1070
    48
1040
43.72779339944111
1070
    49
1040
12.5
1070
    50
1070
     1
1040
-8.03274215552524
1000
ACAD_MTEXT_COLUMN_INFO_END
  0
MTEXT
  5
494
330
1F
100
AcDbEntity
  8
LINE
100
AcDbMText
 10
1005.327322859269
 20
872.1986581756341
 30
0.0
 40
8.0
 41
43.72779339944111
 71
     1
 72
     5
  1
\pxqc;D1
 73
     1
 44
1.0
1001
ACAD
1000
ACAD_MTEXT_COLUMN_INFO_BEGIN
1070
    75
1070
     2
1070
    79
1070
     0
1070
    76
1070
     1
1070
    78
1070
     0
1070
    48
1040
43.72779339944111
1070
    49
1040
12.5
1070
    50
1070
     1
1040
-8.03274215552524
1000
ACAD_MTEXT_COLUMN_INFO_END
  0
MTEXT
  5
495
330
1F
100
AcDbEntity
  8
LINE
100
AcDbMText
 10
1138.649171685384
 20
874.4721497887517
 30
0.0
 40
8.0
 41
43.72779339944111
 71
     1
 72
     5
  1
\pxqc;D1
 73
     1
 44
1.0
1001
ACAD
1000
ACAD_MTEXT_COLUMN_INFO_BEGIN
1070
    75
1070
     2
1070
    79
1070
     0
1070
    76
1070
     1
1070
    78
1070
     0
1070
    48
1040
43.72779339944111
1070
    49
1040
12.5
1070
    50
1070
     1
1040
-8.03274215552524
1000
ACAD_MTEXT_COLUMN_INFO_END
  0
MTEXT
  5
496
330
1F
100
AcDbEntity
  8
LINE
100
AcDbMText
 10
1142.289357746896
 20
710.7807174697559
 30
0.0
 40
8.0
 41
43.72779339944111
 71
     1
 72
     5
  1
\pxqc;D1
 73
     1
 44
1.0
1001
ACAD
1000
ACAD_MTEXT_COLUMN_INFO_BEGIN
1070
    75
1070
     2
1070
    79
1070
     0
1070
    76
1070
     1
1070
    78
1070
     0
1070
    48
1040
43.72779339944111
1070
    49
1040
12.5
1070
    50
1070
     1
1040
-8.03274215552524
1000
ACAD_MTEXT_COLUMN_INFO_END
  0
MTEXT
  5
497
330
1F
100
AcDbEntity
  8
LINE
100
AcDbMText
 10
1033.083758739921
 20
783.5324635593356
 30
0.0
 40
8.0
 41
43.72779339944111
 71
     1
 72
     5
  1
\pxqc;D1
 73
     1
 44
1.0
1001
ACAD
1000
ACAD_MTEXT_COLUMN_INFO_BEGIN
1070
    75
1070
     2
1070
    79
1070
     0
1070
    76
1070
     1
1070
    78
1070
     0
1070
    48
1040
43.72779339944111
1070
    49
1040
12.5
1070
    50
1070
     1
1040
-8.03274215552524
1000
ACAD_MTEXT_COLUMN_INFO_END
  0
MTEXT
  5
498
330
1F
100
AcDbEntity
  8
LINE
100
AcDbMText
 10
913.867630902164
 20
796.2640238276895
 30
0.0
 40
8.0
 41
43.72779339944111
 71
     1
 72
     5
  1
\pxqc;D1
 73
     1
 44
1.0
1001
ACAD
1000
ACAD_MTEXT_COLUMN_INFO_BEGIN
1070
    75
1070
     2
1070
    79
1070
     0
1070
    76
1070
     1
1070
    78
1070
     0
1070
    48
1040
43.72779339944111
1070
    49
1040
12.5
1070
    50
1070
     1
1040
-8.03274215552524
1000
ACAD_MTEXT_COLUMN_INFO_END
  0
MTEXT
  5
499
330
1F
100
AcDbEntity
  8
LINE
100
AcDbMText
 10
947.708363082082
 20
954.4990762751991
 30
0.0
 40
8.0
 41
43.72779339944111
 71
     1
 72
     5
  1
\pxqc;D3
 73
     1
 44
1.0
1001
ACAD
1000
ACAD_MTEXT_COLUMN_INFO_BEGIN
1070
    75
1070
     2
1070
    79
1070
     0
1070
    76
1070
     1
1070
    78
1070
     0
1070
    48
1040
43.72779339944111
1070
    49
1040
12.5
1070
    50
1070
     1
1040
4.056606164706364
1000
ACAD_MTEXT_COLUMN_INFO_END
  0
MTEXT
  5
49A
330
1F
100
AcDbEntity
  8
LINE
100
AcDbMText
 10
1219.208363082082
 20
769.4368155579982
 30
0.0
 40
8.0
 41
43.72779339944111
 71
     1
 72
     5
  1
\pxqc;D3
 73
     1
 44
1.0
1001
ACAD
1000
ACAD_MTEXT_COLUMN_INFO_BEGIN
1070
    75
1070
     2
1070
    79
1070
     0
1070
    76
1070
     1
1070
    78
1070
     0
1070
    48
1040
43.72779339944111
1070
    49
1040
12.5
1070
    50
1070
     1
1040
-8.174624829467941
1000
ACAD_MTEXT_COLUMN_INFO_END
  0
MTEXT
  5
49B
330
1F
100
AcDbEntity
  8
LINE
100
AcDbMText
 10
1215.075009849869
 20
740.1502711569622
 30
0.0
 40
8.0
 41
43.72779339944111
 71
     1
 72
     5
  1
\pxqc;D3
 73
     1
 44
1.0
1001
ACAD
1000
ACAD_MTEXT_COLUMN_INFO_BEGIN
1070
    75
1070
     2
1070
    79
1070
     0
1070
    76
1070
     1
1070
    78
1070
     0
1070
    48
1040
43.72779339944111
1070
    49
1040
12.5
1070
    50
1070
     1
1040
-8.174624829467941
1000
ACAD_MTEXT_COLUMN_INFO_END
  0
MTEXT
  5
49C
330
1F
100
AcDbEntity
  8
LINE
100
AcDbMText
 10
885.5162810325692
 20
677.6560770709002
 30
0.0
 40
8.0
 41
43.72779339944111
 71
     1
 72
     5
  1
\pxqc;D2
 73
     1
 44
1.0
1001
ACAD
1000
ACAD_MTEXT_COLUMN_INFO_BEGIN
1070
    75
1070
     2
1070
    79
1070
     0
1070
    76
1070
     1
1070
    78
1070
     0
1070
    48
1040
43.72779339944111
1070
    49
1040
12.5
1070
    50
1070
     1
1040
-8.03274215552524
1000
ACAD_MTEXT_COLUMN_INFO_END
  0
MTEXT
  5
49D
330
1F
100
AcDbEntity
  8
LINE
100
AcDbMText
 10
1099.298816745919
 20
645.4683186501175
 30
0.0
 40
8.0
 41
40.2181764078523
 71
     1
 72
     5
  1
\pxqc;V1
 73
     1
 44
1.0
1001
ACAD
1000
ACAD_MTEXT_COLUMN_INFO_BEGIN
1070
    75
1070
     2
1070
    79
1070
     0
1070
    76
1070
     1
1070
    78
1070
     0
1070
    48
1040
40.2181764078523
1070
    49
1040
12.5
1070
    50
1070
     1
1040
-8.03274215552524
1000
ACAD_MTEXT_COLUMN_INFO_END
  0
MTEXT
  5
49E
330
1F
100
AcDbEntity
  8
LINE
100
AcDbMText
 10
1282.997384088551
 20
726.3091774175195
 30
0.0
 40
8.0
 41
40.2181764078523
 71
     1
 72
     5
  1
\pxqc;V1
 73
     1
 44
1.0
1001
ACAD
1000
ACAD_MTEXT_COLUMN_INFO_BEGIN
1070
    75
1070
     2
1070
    79
1070
     0
1070
    76
1070
     1
1070
    78
1070
     0
1070
    48
1040
40.2181764078523
1070
    49
1040
12.5
1070
    50
1070
     1
1040
-8.03274215552524
1000
ACAD_MTEXT_COLUMN_INFO_END
  0
MTEXT
  5
49F
330
1F
100
AcDbEntity
  8
LINE
100
AcDbMText
 10
1282.997384088551
 20
780.8190183279826
 30
0.0
 40
8.0
 41
40.2181764078523
 71
     1
 72
     5
  1
\pxqc;V1
 73
     1
 44
1.0
1001
ACAD
1000
ACAD_MTEXT_COLUMN_INFO_BEGIN
1070
    75
1070
     2
1070
    79
1070
     0
1070
    76
1070
     1
1070
    78
1070
     0
1070
    48
1040
40.2181764078523
1070
    49
1040
12.5
1070
    50
1070
     1
1040
-8.03274215552524
1000
ACAD_MTEXT_COLUMN_INFO_END
  0
MTEXT
  5
4A0
330
1F
100
AcDbEntity
  8
LINE
100
AcDbMText
 10
957.7976185278858
 20
1064.14759296927
 30
0.0
 40
8.0
 41
40.2181764078523
 71
     1
 72
     5
  1
\pxqc;V1
 73
     1
 44
1.0
1001
ACAD
1000
ACAD_MTEXT_COLUMN_INFO_BEGIN
1070
    75
1070
     2
1070
    79
1070
     0
1070
    76
1070
     1
1070
    78
1070
     0
1070
    48
1040
40.2181764078523
1070
    49
1040
12.5
1070
    50
1070
     1
1040
-8.03274215552524
1000
ACAD_MTEXT_COLUMN_INFO_END
  0
MTEXT
  5
4A1
330
1F
100
AcDbEntity
  8
LINE
100
AcDbMText
 10
783.6552203458596
 20
631.8465341931555
 30
0.0
 40
8.0
 41
69.04290612450859
 71
     1
 72
     5
  1
\pxqc;W1
 73
     1
 44
1.0
1001
ACAD
1000
ACAD_MTEXT_COLUMN_INFO_BEGIN
1070
    75
1070
     2
1070
    79
1070
     0
1070
    76
1070
     1
1070
    78
1070
     0
1070
    48
1040
69.04290612450859
1070
    49
1040
12.5
1070
    50
1070
     1
1040
-8.03274215552524
1000
ACAD_MTEXT_COLUMN_INFO_END
  0
MTEXT
  5
4A2
330
1F
100
AcDbEntity
  8
LINE
100
AcDbMText
 10
699.1419581865497
 20
832.7568195285461
 30
0.0
 40
8.0
 41
69.04290612450859
 71
     1
 72
     5
  1
\pxqc;W1
 73
     1
 44
1.0
1001
ACAD
1000
ACAD_MTEXT_COLUMN_INFO_BEGIN
1070
    75
1070
     2
1070
    79
1070
     0
1070
    76
1070
     1
1070
    78
1070
     0
1070
    48
1040
69.04290612450859
1070
    49
1040
12.5
1070
    50
1070
     1
1040
-8.03274215552524
1000
ACAD_MTEXT_COLUMN_INFO_END
  0
MTEXT
  5
4A3
330
1F
100
AcDbEntity
  8
LINE
100
AcDbMText
 10
1030.25591062141
 20
637.4355764945922
 30
0.0
 40
8.0
 41
69.04290612450859
 71
     1
 72
     5
  1
\pxqc;W1
 73
     1
 44
1.0
1001
ACAD
1000
ACAD_MTEXT_COLUMN_INFO_BEGIN
1070
    75
1070
     2
1070
    79
1070
     0
1070
    76
1070
     1
1070
    78
1070
     0
1070
    48
1040
69.04290612450859
1070
    49
1040
12.5
1070
    50
1070
     1
1040
-8.03274215552524
1000
ACAD_MTEXT_COLUMN_INFO_END
  0
MTEXT
  5
4A4
330
1F
100
AcDbEntity
  8
LINE
100
AcDbMText
 10
843.8652281722352
 20
1060.077037937996
 30
0.0
 40
8.0
 41
69.04290612450859
 71
     1
 72
     5
  1
\pxqc;W1
 73
     1
 44
1.0
1001
ACAD
1000
ACAD_MTEXT_COLUMN_INFO_BEGIN
1070
    75
1070
     2
1070
    79
1070
     0
1070
    76
1070
     1
1070
    78
1070
     0
1070
    48
1040
69.04290612450859
1070
    49
1040
12.5
1070
    50
1070
     1
1040
-8.03274215552524
1000
ACAD_MTEXT_COLUMN_INFO_END
  0
MTEXT
  5
4A5
330
1F
100
AcDbEntity
  8
LINE
100
AcDbMText
 10
1028.212655800176
 20
1061.718761091788
 30
0.0
 40
8.0
 41
69.04290612450859
 71
     1
 72
     5
  1
\pxqc;W1
 73
     1
 44
1.0
1001
ACAD
1000
ACAD_MTEXT_COLUMN_INFO_BEGIN
1070
    75
1070
     2
1070
    79
1070
     0
1070
    76
1070
     1
1070
    78
1070
     0
1070
    48
1040
69.04290612450859
1070
    49
1040
12.5
1070
    50
1070
     1
1040
-8.03274215552524
1000
ACAD_MTEXT_COLUMN_INFO_END
  0
MTEXT
  5
4A6
330
1F
100
AcDbEntity
  8
LINE
100
AcDbMText
 10
1266.96972691713
 20
971.564852296171
 30
0.0
 40
8.0
 41
69.04290612450859
 71
     1
 72
     5
  1
\pxqc;W2
 73
     1
 44
1.0
1001
ACAD
1000
ACAD_MTEXT_COLUMN_INFO_BEGIN
1070
    75
1070
     2
1070
    79
1070
     0
1070
    76
1070
     1
1070
    78
1070
     0
1070
    48
1040
69.04290612450859
1070
    49
1040
12.5
1070
    50
1070
     1
1040
5.488275006977302
1000
ACAD_MTEXT_COLUMN_INFO_END
  0
MTEXT
  5
4A7
330
1F
100
AcDbEntity
  8
LINE
100
AcDbMText
 10
1171.21490882738
 20
1058.613048618692
 30
0.0
 40
8.0
 41
69.04290612450859
 71
     1
 72
     5
  1
\pxqc;W1
 73
     1
 44
1.0
1001
ACAD
1000
ACAD_MTEXT_COLUMN_INFO_BEGIN
1070
    75
1070
     2
1070
    79
1070
     0
1070
    76
1070
     1
1070
    78
1070
     0
1070
    48
1040
69.04290612450859
1070
    49
1040
12.5
1070
    50
1070
     1
1040
-8.03274215552524
1000
ACAD_MTEXT_COLUMN_INFO_END
  0
MTEXT
  5
4A8
330
1F
100
AcDbEntity
  8
LINE
100
AcDbMText
 10
750.1726543718951
 20
966.4268978639102
 30
0.0
 40
8.0
 41
69.04290612450859
 71
     1
 72
     5
  1
\pxqc;W2
 73
     1
 44
1.0
1001
ACAD
1000
ACAD_MTEXT_COLUMN_INFO_BEGIN
1070
    75
1070
     2
1070
    79
1070
     0
1070
    76
1070
     1
1070
    78
1070
     0
1070
    48
1040
69.04290612450859
1070
    49
1040
12.5
1070
    50
1070
     1
1040
-8.03274215552524
1000
ACAD_MTEXT_COLUMN_INFO_END
  0
MTEXT
  5
4A9
330
1F
100
AcDbEntity
  8
LINE
100
AcDbMText
 10
699.1726543718951
 20
732.7942401092255
 30
0.0
 40
8.0
 41
69.04290612450859
 71
     1
 72
     5
  1
\pxqc;W2
 73
     1
 44
1.0
1001
ACAD
1000
ACAD_MTEXT_COLUMN_INFO_BEGIN
1070
    75
1070
     2
1070
    79
1070
     0
1070
    76
1070
     1
1070
    78
1070
     0
1070
    48
1040
69.04290612450859
1070
    49
1040
12.5
1070
    50
1070
     1
1040
-8.03274215552524
1000
ACAD_MTEXT_COLUMN_INFO_END
  0
LWPOLYLINE
  5
4B1
330
1F
100
AcDbEntity
  8
DIM
100
AcDbPolyline
 90
        6
 70
     0
 43
0.0
 10
962.2862843720868
 20
789.4908961278306
 10
980.5088351101658
 20
762.5640392364112
 10
964.2248634482457
 20
743.1922037418881
 10
1006.67951021091
 20
770.7942401092255
 10
992.2155604964036
 20
746.7942401092255
 10
1020.831059131793
 20
722.7942401092254
  0
MTEXT
  5
4B2
330
1F
100
AcDbEntity
  8
LINE
100
AcDbMText
 10
953.4144090505898
 20
810.9866200043966
 30
0.0
 40
8.0
 41
43.72779339944111
 71
     1
 72
     5
  1
\pxqc;UP
 73
     1
 44
1.0
1001
ACAD
1000
ACAD_MTEXT_COLUMN_INFO_BEGIN
1070
    75
1070
     2
1070
    79
1070
     0
1070
    76
1070
     1
1070
    78
1070
     0
1070
    48
1040
43.72779339944111
1070
    49
1040
12.5
1070
    50
1070
     1
1040
-8.136425648021827
1000
ACAD_MTEXT_COLUMN_INFO_END
  0
MTEXT
  5
4B3
330
1F
100
AcDbEntity
  8
LINE
100
AcDbMText
 10
991.7980539960582
 20
811.180335807489
 30
0.0
 40
8.0
 41
43.72779339944111
 71
     1
 72
     5
  1
\pxqc;DOWN
 73
     1
 44
1.0
1001
ACAD
1000
ACAD_MTEXT_COLUMN_INFO_BEGIN
1070
    75
1070
     2
1070
    79
1070
     0
1070
    76
1070
     1
1070
    78
1070
     0
1070
    48
1040
43.72779339944111
1070
    49
1040
12.5
1070
    50
1070
     1
1040
-8.278308321964529
1000
ACAD_MTEXT_COLUMN_INFO_END
  0
DIMENSION
  5
4B8
102
{ACAD_REACTORS
330
4D0
102
}
102
{ACAD_XDICTIONARY
360
4C6
102
}
330
1F
100
AcDbEntity
  8
DIM
100
AcDbDimension
  2
*D6
 10
705.4572082582606
 20
605.7942401092257
 30
0.0
 11
700.7476243564871
 21
845.7942401092255
 31
0.0
 70
    32
 71
     5
 42
480.0
  3
ISO-25
100
AcDbAlignedDimension
 13
723.2155604964037
 23
1085.794240109225
 33
0.0
 14
723.2155604964037
 24
605.7942401092255
 34
0.0
 50
90.0
100
AcDbRotatedDimension
1001
ACAD
1000
DSTYLE
1002
{
1070
   140
1040
8.0
1002
}
  0
DIMENSION
  5
4DA
102
{ACAD_REACTORS
330
4F1
102
}
102
{ACAD_XDICTIONARY
360
4E7
102
}
330
1F
100
AcDbEntity
  8
DIM
100
AcDbDimension
  2
*D7
 10
951.2155604964038
 20
1028.710668956886
 30
0.0
 11
885.2155604964037
 21
1033.352040034649
 31
0.0
 70
    32
 71
     5
 42
132.0000000000002
  3
ISO-25
100
AcDbAlignedDimension
 13
819.2155604964036
 23
1028.710668956886
 33
0.0
 14
951.2155604964038
 24
1028.710668956886
 34
0.0
100
AcDbRotatedDimension
1001
ACAD
1000
DSTYLE
1002
{
1070
   140
1040
8.0
1002
}
  0
DIMENSION
  5
4F2
102
{ACAD_REACTORS
330
509
102
}
102
{ACAD_XDICTIONARY
360
4FF
102
}
330
1F
100
AcDbEntity
  8
DIM
100
AcDbDimension
  2
*D8
 10
831.079546537339
 20
860.7942401092258
 30
0.0
 11
826.3699626355656
 21
950.7942401092253
 31
0.0
 70
    32
 71
     5
 42
179.9999999999999
  3
ISO-25
100
AcDbAlignedDimension
 13
831.0795465373376
 23
1040.794240109225
 33
0.0
 14
831.0795465373376
 24
860.7942401092254
 34
0.0
 50
90.0
100
AcDbRotatedDimension
1001
ACAD
1000
DSTYLE
1002
{
1070
   140
1040
8.0
1002
}
  0
DIMENSION
  5
51C
102
{ACAD_REACTORS
330
533
102
}
102
{ACAD_XDICTIONARY
360
529
102
}
330
1F
100
AcDbEntity
  8
DIM
100
AcDbDimension
  2
*D9
 10
1278.215560496404
 20
815.6265722184523
 30
0.0
 11
1023.215560496404
 21
820.3361561202258
 31
0.0
 70
    32
 71
     5
 42
510.0000000000003
  3
ISO-25
100
AcDbAlignedDimension
 13
768.2155604964036
 23
814.7568457022802
 33
0.0
 14
1278.215560496404
 24
815.6265722184523
 34
0.0
100
AcDbRotatedDimension
1001
ACAD
1000
DSTYLE
1002
{
1070
   140
1040
8.0
1002
}
  0
DIMENSION
  5
534
102
{ACAD_REACTORS
330
54B
102
}
102
{ACAD_XDICTIONARY
360
541
102
}
330
1F
100
AcDbEntity
  8
DIM
100
AcDbDimension
  2
*D10
 10
784.715560496405
 20
807.7942401092258
 30
0.0
 11
780.090560496405
 21
831.7942401092255
 31
0.0
 70
    32
 71
     5
 42
48.00000000000011
  3
ISO-25
100
AcDbAlignedDimension
 13
784.7155604964037
 23
855.7942401092255
 33
0.0
 14
784.7155604964037
 24
807.7942401092254
 34
0.0
 50
90.0
100
AcDbRotatedDimension
1001
ACAD
1000
DSTYLE
1002
{
1070
   140
1040
8.0
1002
}
  0
DIMENSION
  5
54C
102
{ACAD_REACTORS
330
563
102
}
102
{ACAD_XDICTIONARY
360
559
102
}
330
1F
100
AcDbEntity
  8
DIM
100
AcDbDimension
  2
*D11
 10
782.9119239012448
 20
662.7942401092256
 30
0.0
 11
778.2023399994712
 21
732.7942401092254
 31
0.0
 70
    32
 71
     5
 42
140.0000000000002
  3
ISO-25
100
AcDbAlignedDimension
 13
784.7155604964037
 23
802.7942401092255
 33
0.0
 14
784.7155604964037
 24
662.7942401092254
 34
0.0
 50
90.0
100
AcDbRotatedDimension
1001
ACAD
1000
DSTYLE
1002
{
1070
   140
1040
8.0
1002
}
  0
DIMENSION
  5
564
102
{ACAD_REACTORS
330
57B
102
}
102
{ACAD_XDICTIONARY
360
571
102
}
330
1F
100
AcDbEntity
  8
DIM
100
AcDbDimension
  2
*D12
 10
951.2155604964036
 20
788.2312816721642
 30
0.0
 11
859.7155604964036
 21
792.9435940868982
 31
0.0
 70
    32
 71
     5
 42
183.0
  3
ISO-25
100
AcDbAlignedDimension
 13
768.2155604964036
 23
780.863180038592
 33
0.0
 14
951.2155604964036
 24
780.863180038592
 34
0.0
100
AcDbRotatedDimension
1001
ACAD
1000
DSTYLE
1002
{
1070
   140
1040
8.0
1002
}
  0
DIMENSION
  5
57C
102
{ACAD_REACTORS
330
593
102
}
102
{ACAD_XDICTIONARY
360
589
102
}
330
1F
100
AcDbEntity
  8
DIM
100
AcDbDimension
  2
*D13
 10
1132.376251002371
 20
662.4432617309033
 30
0.0
 11
1122.333333767264
 21
726.1187509200641
 31
0.0
 70
    32
 71
     5
 42
127.3509783783226
  3
ISO-25
100
AcDbAlignedDimension
 13
1132.645703793387
 23
789.7942401092255
 33
0.0
 14
1132.37625100237
 24
662.443261730903
 34
0.0
 50
90.0
100
AcDbRotatedDimension
1001
ACAD
1000
DSTYLE
1002
{
1070
   140
1040
8.0
1002
}
  0
DIMENSION
  5
594
102
{ACAD_REACTORS
330
5AB
102
}
102
{ACAD_XDICTIONARY
360
5A1
102
}
330
1F
100
AcDbEntity
  8
DIM
100
AcDbDimension
  2
*D14
 10
1141.215560496404
 20
673.4289060156298
 30
0.0
 11
1090.215560496404
 21
678.1384899174033
 31
0.0
 70
    32
 71
     5
 42
102.0
  3
ISO-25
100
AcDbAlignedDimension
 13
1039.215560496404
 23
673.4289060156298
 33
0.0
 14
1141.215560496404
 24
673.4289060156298
 34
0.0
100
AcDbRotatedDimension
1001
ACAD
1000
DSTYLE
1002
{
1070
   140
1040
8.0
1002
}
  0
DIMENSION
  5
5AC
102
{ACAD_REACTORS
330
5C3
102
}
102
{ACAD_XDICTIONARY
360
5B9
102
}
330
1F
100
AcDbEntity
  8
DIM
100
AcDbDimension
  2
*D15
 10
1216.829436635542
 20
855.7942401092258
 30
0.0
 11
1212.119852733768
 21
778.7942401092253
 31
0.0
 70
    32
 71
     5
 42
154.0
  3
ISO-25
100
AcDbAlignedDimension
 13
1203.715560496404
 23
701.7942401092255
 33
0.0
 14
1203.715560496403
 24
855.7942401092254
 34
0.0
 50
90.0
100
AcDbRotatedDimension
1001
ACAD
1000
DSTYLE
1002
{
1070
   140
1040
8.0
1002
}
  0
HATCH
  5
723
330
1F
100
AcDbEntity
  8
DIM
100
AcDbHatch
 10
0.0
 20
0.0
 30
0.0
210
0.0
220
0.0
230
1.0
  2
AR-BRSTD
 70
     0
 71
     1
 91
       13
 92
        7
 72
     1
 73
     1
 93
       14
 10
1287.215560496404
 20
936.0765772891937
 42
0.0
 10
1278.215560496404
 20
936.0765772891937
 42
0.0
 10
1278.215560496404
 20
860.7942401092256
 42
0.0
 10
1182.215560496404
 20
860.7942401092254
 42
0.0
 10
1182.215560496404
 20
855.7942401092254
 42
0.0
 10
1278.215560496404
 20
855.7942401092256
 42
0.0
 10
1278.215560496404
 20
807.7942401092255
 42
0.0
 10
1225.215560496404
 20
807.7942401092255
 42
0.0
 10
1225.215560496404
 20
788.2942401092255
 42
-0.0348489323250911
 10
1230.215560496404
 20
787.9453270491772
 42
0.0
 10
1230.215560496404
 20
802.7942401092255
 42
0.0
 10
1278.215560496404
 20
802.7942401092256
 42
0.0
 10
1278.215560496404
 20
788.5733110637448
 42
0.0
 10
1287.215560496404
 20
788.5733110637448
 42
0.0
 97
       14
330
459
330
2EC
330
36B
330
366
330
36C
330
377
330
359
330
35B
330
3BC
330
35A
330
358
330
35C
330
44D
330
2EA
 92
        7
 72
     0
 73
     1
 93
        6
 10
1287.215560496404
 20
1049.794240109225
 10
1225.590334224347
 20
1049.794240109225
 10
1225.590334224347
 20
1040.794240109225
 10
1278.215560496404
 20
1040.794240109225
 10
1278.215560496404
 20
996.0765772891937
 10
1287.215560496404
 20
996.0765772891937
 97
        6
330
2E7
330
452
330
376
330
2EC
330
459
330
2EA
 92
        7
 72
     0
 73
     1
 93
       17
 10
1146.215560496404
 20
1040.794240109225
 10
1189.590334224347
 20
1040.794240109225
 10
1189.590334224347
 20
1049.794240109225
 10
1079.636072535748
 20
1049.794240109225
 10
1079.636072535748
 20
1040.794240109225
 10
1141.215560496404
 20
1040.794240109225
 10
1141.215560496404
 20
860.7942401092254
 10
1045.215560496404
 20
860.7942401092255
 10
1045.215560496404
 20
855.7942401092255
 10
1146.215560496404
 20
855.7942401092254
 10
1146.215560496404
 20
889.7942401092254
 10
1143.215560496404
 20
889.7942401092254
 10
1143.215560496404
 20
882.7942401092254
 10
1142.215560496404
 20
882.7942401092254
 10
1142.215560496404
 20
883.7942401092254
 10
1142.215560496404
 20
891.7942401092254
 10
1146.215560496404
 20
891.7942401092254
 97
       11
330
376
330
452
330
2E7
330
453
330
374
330
2EE
330
36A
330
365
330
369
330
3B8
330
2ED
 92
        7
 72
     0
 73
     1
 93
        9
 10
1287.215560496404
 20
764.5733110637448
 10
1278.215560496404
 20
764.5733110637448
 10
1278.215560496404
 20
754.7942401092255
 10
1261.215560496404
 20
754.7942401092255
 10
1261.215560496404
 20
752.2942401092255
 10
1261.215560496404
 20
749.7942401092255
 10
1278.215560496404
 20
749.7942401092255
 10
1278.215560496404
 20
734.3999069754336
 10
1287.215560496404
 20
734.3999069754336
 97
        8
330
44D
330
35C
330
357
330
3BD
330
356
330
35D
330
44E
330
2EA
 92
        7
 72
     1
 73
     1
 93
       10
 10
1287.215560496404
 20
710.3999069754336
 42
0.0
 10
1278.215560496403
 20
710.3999069754336
 42
0.0
 10
1278.215560496403
 20
701.7942401092255
 42
0.0
 10
1230.215560496404
 20
701.7942401092255
 42
0.0
 10
1230.215560496404
 20
716.6431531692738
 42
-0.0348489323250927
 10
1225.215560496404
 20
716.2942401092255
 42
0.0
 10
1225.215560496404
 20
701.7942401092255
 42
0.0
 10
1182.215560496404
 20
701.7942401092256
 42
0.0
 10
1182.215560496404
 20
692.7942401092255
 42
0.0
 10
1287.215560496404
 20
692.7942401092255
 42
0.0
 97
       10
330
44E
330
35D
330
35F
330
35E
330
3BD
330
37E
330
34F
330
37F
330
351
330
2EA
 92
        7
 72
     0
 73
     1
 93
       20
 10
1146.215560496404
 20
794.7942401092254
 10
1075.215560496404
 20
794.7942401092254
 10
1075.215560496404
 20
789.7942401092254
 10
1141.215560496404
 20
789.7942401092255
 10
1141.215560496404
 20
662.7942401092254
 10
1082.214705204156
 20
662.7942401092254
 10
1082.222379256072
 20
653.7942401092255
 10
1108.37625100237
 20
653.7942401092255
 10
1108.37625100237
 20
658.943261730903
 10
1132.37625100237
 20
658.943261730903
 10
1132.37625100237
 20
653.7942401092255
 10
1146.215560496404
 20
653.7942401092255
 10
1146.215560496404
 20
692.7942401092255
 10
1146.215560496404
 20
726.7942401092255
 10
1143.215560496404
 20
726.7942401092255
 10
1143.215560496404
 20
719.7942401092255
 10
1142.215560496404
 20
719.7942401092255
 10
1142.215560496404
 20
720.7942401092255
 10
1142.215560496404
 20
728.7942401092255
 10
1146.215560496404
 20
728.7942401092255
 97
       11
330
36D
330
368
330
36E
330
30B
330
352
330
456
330
353
330
45A
330
37A
330
3BB
330
30C
 92
        7
 72
     0
 73
     1
 93
       30
 10
1046.214692117253
 20
662.7942401092254
 10
1039.215560496404
 20
662.7942401092254
 10
1039.215560496404
 20
758.7942401092254
 10
1035.215560496404
 20
758.7942401092254
 10
1035.215560496404
 20
766.7942401092254
 10
1035.215560496404
 20
767.7942401092254
 10
1036.215560496404
 20
767.7942401092254
 10
1036.215560496404
 20
760.7942401092254
 10
1039.215560496404
 20
760.7942401092254
 10
1039.215560496404
 20
794.7942401092254
 10
1034.215560496404
 20
794.7942401092254
 10
1034.215560496404
 20
662.7942401092254
 10
956.2155604964037
 20
662.7942401092254
 10
956.2155604964036
 20
807.7942401092255
 10
951.2155604964036
 20
807.7942401092255
 10
951.2155604964036
 20
773.7942401092255
 10
954.2155604964036
 20
773.7942401092255
 10
954.2155604964036
 20
780.7942401092255
 10
955.2155604964036
 20
780.7942401092255
 10
955.2155604964036
 20
779.7942401092255
 10
955.2155604964036
 20
771.7942401092255
 10
951.2155604964037
 20
771.7942401092255
 10
951.2155604964037
 20
662.7942401092254
 10
951.2155604964037
 20
655.2742528667604
 10
954.2155604964037
 20
655.2742528667604
 10
954.2155604964037
 20
662.2742528667604
 10
955.2155604964037
 20
662.2742528667604
 10
955.2155604964037
 20
661.2742528667604
 10
955.2155604964037
 20
653.7942401092255
 10
1046.222366169169
 20
653.7942401092255
 97
       13
330
352
330
317
330
3BA
330
34B
330
316
330
371
330
305
330
370
330
3B9
330
306
330
3C0
330
353
330
456
 92
        7
 72
     0
 73
     1
 93
        9
 10
875.6145043686738
 20
661.6596337150168
 10
875.6145043686738
 20
662.6596337150168
 10
876.6145043686738
 20
662.6596337150168
 10
876.6145043686738
 20
655.6596337150168
 10
879.2155604964037
 20
655.6596337150168
 10
879.2155604964037
 20
662.7942401092254
 10
848.3153044680622
 20
662.7942401092254
 10
848.3153044680621
 20
653.7942401092255
 10
875.6145043686738
 20
653.7942401092255
 97
        5
330
3BF
330
394
330
372
330
450
330
393
 92
        7
 72
     0
 73
     1
 93
        6
 10
788.3153044680623
 20
662.7942401092254
 10
768.2155604964037
 20
662.7942401092254
 10
768.2155604964037
 20
704.2286944791176
 10
759.2155604964037
 20
704.2286944791176
 10
759.2155604964037
 20
653.7942401092255
 10
788.3153044680623
 20
653.7942401092255
 97
        6
330
372
330
311
330
45B
330
2E9
330
393
330
450
 92
        7
 72
     0
 73
     1
 93
        8
 10
768.2155604964036
 20
802.7942401092255
 10
915.2155604964034
 20
802.7942401092254
 10
915.2155604964036
 20
807.7942401092254
 10
768.2155604964036
 20
807.7942401092254
 10
768.2155604964034
 20
814.7568457023372
 10
759.2155604964036
 20
814.7414975873469
 10
759.2155604964036
 20
764.2286944791176
 10
768.2155604964036
 20
764.2286944791176
 97
        8
330
2FC
330
367
330
2FB
330
373
330
457
330
2E9
330
45B
330
311
 92
        7
 72
     0
 73
     1
 93
       10
 10
915.2155604964037
 20
860.7942401092254
 10
819.2155604964037
 20
860.7942401092254
 10
819.2155604964036
 20
936.4268978639102
 10
810.2155604964037
 20
936.4268978639102
 10
810.2155604964036
 20
860.7942401092254
 10
759.2155604964034
 20
860.7942401092255
 10
759.2155604964034
 20
850.7415499350052
 10
768.2155604964034
 20
850.7568980499956
 10
768.2155604964034
 20
855.7942401092255
 10
915.2155604964037
 20
855.7942401092254
 97
       10
330
364
330
2F3
330
458
330
2F4
330
2F8
330
2E9
330
457
330
373
330
2FA
330
361
 92
        7
 72
     0
 73
     1
 93
       27
 10
956.2155604964037
 20
969.7942401092255
 10
953.2155604964037
 20
969.7942401092255
 10
953.2155604964037
 20
962.7942401092255
 10
952.2155604964037
 20
962.7942401092254
 10
952.2155604964037
 20
970.7942401092254
 10
956.2155604964037
 20
970.7942401092255
 10
956.2155604964039
 20
1040.794240109225
 10
966.6382395561232
 20
1040.794240109225
 10
966.6382395561232
 20
1049.794240109225
 10
810.2155604964037
 20
1049.794240109225
 10
810.2155604964037
 20
996.4268978639102
 10
819.2155604964036
 20
996.4268978639102
 10
819.2155604964036
 20
1040.794240109225
 10
862.3854333038871
 20
1040.794240109225
 10
862.3854333038871
 20
1049.49126723269
 10
898.3854333038871
 20
1049.49126723269
 10
898.3854333038871
 20
1040.794240109225
 10
951.2155604964038
 20
1040.794240109225
 10
951.2155604964036
 20
891.7942401092255
 10
955.2155604964036
 20
891.7942401092255
 10
955.2155604964036
 20
883.7942401092255
 10
955.2155604964036
 20
882.7942401092255
 10
954.2155604964036
 20
882.7942401092255
 10
954.2155604964036
 20
889.7942401092255
 10
951.2155604964036
 20
889.7942401092255
 10
951.2155604964034
 20
855.7942401092255
 10
956.2155604964036
 20
855.7942401092255
 97
       17
330
3FF
330
3FE
330
3FD
330
3FC
330
3FB
330
2F1
330
375
330
44B
330
2E7
330
2F4
330
458
330
2F3
330
2F7
330
451
330
2F2
330
3B6
330
363
 92
        7
 72
     0
 73
     1
 93
       19
 10
1009.215560496404
 20
1040.794240109225
 10
1043.636072535748
 20
1040.794240109225
 10
1043.636072535748
 20
1049.794240109225
 10
990.6382395561232
 20
1049.794240109225
 10
990.6382395561232
 20
1040.794240109225
 10
1004.215560496404
 20
1040.794240109225
 10
1004.215560496404
 20
944.7942401092254
 10
987.2155604964038
 20
944.7942401092253
 10
987.2155604964039
 20
939.7942401092254
 10
1004.215560496404
 20
939.7942401092254
 10
1004.215560496404
 20
855.7942401092255
 10
1009.215560496404
 20
855.7942401092255
 10
1009.215560496404
 20
889.7942401092255
 10
1006.215560496404
 20
889.7942401092255
 10
1006.215560496404
 20
882.7942401092255
 10
1005.215560496404
 20
882.7942401092255
 10
1005.215560496404
 20
883.7942401092255
 10
1005.215560496404
 20
891.7942401092255
 10
1009.215560496404
 20
891.7942401092255
 97
       13
330
374
330
453
330
2E7
330
44B
330
375
330
2F0
330
348
330
378
330
347
330
379
330
30A
330
3B7
330
2EF
 75
     1
 76
     1
 52
0.0
 41
0.25
 77
     0
 78
     2
 53
0.0
 43
0.0
 44
0.0
 45
0.0
 46
16.93545
 79
     0
 53
90.0
 43
0.0
 44
0.0
 45
-25.4
 46
16.93545
 79
     2
 49
16.93545
 49
-16.93545
 47
0.9240469136654094
 98
       13
 10
1282.247215099528
 20
881.5921313781346
 10
1281.419429873026
 20
1023.869658133189
 10
1142.351373876355
 20
1012.28892924967
 10
1282.247215099528
 20
743.4505789884263
 10
1265.129887045375
 20
697.0827047341845
 10
1144.204767669704
 20
775.6948822658253
 10
992.011111976688
 20
657.3235955553455
 10
862.6361759634178
 20
657.6738045817674
 10
771.8037629731652
 20
660.3317129253189
 10
762.9306436827178
 20
777.4388875807053
 10
847.2845202994176
 20
858.795989428045
 10
954.1429726392698
 20
899.0471476477228
 10
1007.273025539608
 20
909.5250197218966
1001
GradientColor1ACI
1070
     5
1001
GradientColor2ACI
1070
     2
1001
ACAD
1010
0.0
1020
0.0
1030
0.0
  0
DIMENSION
  5
773
102
{ACAD_REACTORS
330
78A
102
}
102
{ACAD_XDICTIONARY
360
780
102
}
330
1F
100
AcDbEntity
  8
DIM
100
AcDbDimension
  2
*D17
 10
1323.215560496404
 20
1111.093513334402
 30
0.0
 11
1023.215560496404
 21
1116.797810742315
 31
0.0
 70
    32
 71
     5
 42
600.0
  3
ISO-25
100
AcDbAlignedDimension
 13
723.2155604964037
 23
1085.794240109225
 33
0.0
 14
1323.215560496404
 24
1085.794240109225
 34
0.0
100
AcDbRotatedDimension
1001
ACAD
1000
DSTYLE
1002
{
1070
    40
1040
3.0
1002
}
  0
DIMENSION
  5
79D
102
{ACAD_REACTORS
330
7B4
102
}
102
{ACAD_XDICTIONARY
360
7AA
102
}
330
1F
100
AcDbEntity
  8
DIM
100
AcDbDimension
  2
*D18
 10
995.715560496405
 20
944.7942401092257
 30
0.0
 11
990.0112630884925
 21
992.7942401092253
 31
0.0
 70
    32
 71
     5
 42
96.00000000000023
  3
ISO-25
100
AcDbAlignedDimension
 13
1004.215560496404
 23
1040.794240109225
 33
0.0
 14
1004.215560496404
 24
944.7942401092253
 34
0.0
 50
90.0
100
AcDbRotatedDimension
1001
ACAD
1000
DSTYLE
1002
{
1070
    40
1040
3.0
1002
}
  0
DIMENSION
  5
7B5
102
{ACAD_REACTORS
330
7CC
102
}
102
{ACAD_XDICTIONARY
360
7C2
102
}
330
1F
100
AcDbEntity
  8
DIM
100
AcDbDimension
  2
*D19
 10
1004.215560496404
 20
1028.933438962975
 30
0.0
 11
980.2155604964037
 21
1034.558438962975
 31
0.0
 70
    32
 71
     5
 42
47.99999999999989
  3
ISO-25
100
AcDbAlignedDimension
 13
956.2155604964038
 23
1040.794240109225
 33
0.0
 14
1004.215560496404
 24
1040.794240109225
 34
0.0
100
AcDbRotatedDimension
1001
ACAD
1000
DSTYLE
1002
{
1070
    40
1040
3.0
1002
}
  0
DIMENSION
  5
7CD
102
{ACAD_REACTORS
330
7E4
102
}
102
{ACAD_XDICTIONARY
360
7DA
102
}
330
1F
100
AcDbEntity
  8
DIM
100
AcDbDimension
  2
*D20
 10
1049.055116258711
 20
855.7942401092259
 30
0.0
 11
1043.350818850799
 21
948.2942401092254
 31
0.0
 70
    32
 71
     5
 42
185.0
  3
ISO-25
100
AcDbAlignedDimension
 13
1009.215560496404
 23
1040.794240109225
 33
0.0
 14
1012.215560496404
 24
855.7942401092255
 34
0.0
 50
90.0
100
AcDbRotatedDimension
1001
ACAD
1000
DSTYLE
1002
{
1070
    40
1040
3.0
1002
}
  0
DIMENSION
  5
7E5
102
{ACAD_REACTORS
330
7FC
102
}
102
{ACAD_XDICTIONARY
360
7F2
102
}
330
1F
100
AcDbEntity
  8
DIM
100
AcDbDimension
  2
*D21
 10
1141.215560496404
 20
1014.371132955396
 30
0.0
 11
1075.215560496404
 21
1020.011480840799
 31
0.0
 70
    32
 71
     5
 42
131.9999999999999
  3
ISO-25
100
AcDbAlignedDimension
 13
1009.215560496404
 23
1040.794240109225
 33
0.0
 14
1141.215560496404
 24
1040.794240109225
 34
0.0
100
AcDbRotatedDimension
1001
ACAD
1000
DSTYLE
1002
{
1070
    40
1040
3.0
1002
}
  0
DIMENSION
  5
7FD
102
{ACAD_REACTORS
330
814
102
}
102
{ACAD_XDICTIONARY
360
80A
102
}
330
1F
100
AcDbEntity
  8
DIM
100
AcDbDimension
  2
*D22
 10
1164.215560496405
 20
855.7942401092259
 30
0.0
 11
1158.511263088492
 21
948.2942401092254
 31
0.0
 70
    32
 71
     5
 42
185.0
  3
ISO-25
100
AcDbAlignedDimension
 13
1146.215560496404
 23
1040.794240109225
 33
0.0
 14
1146.215560496404
 24
855.7942401092255
 34
0.0
 50
90.0
100
AcDbRotatedDimension
1001
ACAD
1000
DSTYLE
1002
{
1070
    40
1040
3.0
1002
}
  0
DIMENSION
  5
815
102
{ACAD_REACTORS
330
82C
102
}
102
{ACAD_XDICTIONARY
360
822
102
}
330
1F
100
AcDbEntity
  8
DIM
100
AcDbDimension
  2
*D23
 10
1278.215560496404
 20
1016.45146238505
 30
0.0
 11
1212.215560496404
 21
1022.091810270453
 31
0.0
 70
    32
 71
     5
 42
132.0000000000002
  3
ISO-25
100
AcDbAlignedDimension
 13
1146.215560496404
 23
1040.794240109225
 33
0.0
 14
1278.215560496404
 24
1040.794240109225
 34
0.0
100
AcDbRotatedDimension
1001
ACAD
1000
DSTYLE
1002
{
1070
    40
1040
3.0
1002
}
  0
DIMENSION
  5
82D
102
{ACAD_REACTORS
330
844
102
}
102
{ACAD_XDICTIONARY
360
83A
102
}
330
1F
100
AcDbEntity
  8
DIM
100
AcDbDimension
  2
*D24
 10
1278.215560496404
 20
793.8562419572436
 30
0.0
 11
1254.215560496404
 21
799.4812419572436
 31
0.0
 70
    32
 71
     5
 42
47.99999999999977
  3
ISO-25
100
AcDbAlignedDimension
 13
1230.215560496404
 23
807.7942401092255
 33
0.0
 14
1278.215560496404
 24
802.7942401092256
 34
0.0
100
AcDbRotatedDimension
1001
ACAD
1000
DSTYLE
1002
{
1070
    40
1040
3.0
1002
}
  0
DIMENSION
  5
845
102
{ACAD_REACTORS
330
85C
102
}
102
{ACAD_XDICTIONARY
360
852
102
}
330
1F
100
AcDbEntity
  8
DIM
100
AcDbDimension
  2
*D25
 10
1261.215560496405
 20
754.7942401092257
 30
0.0
 11
1255.590560496405
 21
778.7942401092254
 31
0.0
 70
    32
 71
     5
 42
48.00000000000011
  3
ISO-25
100
AcDbAlignedDimension
 13
1278.215560496404
 23
802.7942401092255
 33
0.0
 14
1278.215560496404
 24
754.7942401092255
 34
0.0
 50
90.0
100
AcDbRotatedDimension
1001
ACAD
1000
DSTYLE
1002
{
1070
    40
1040
3.0
1002
}
  0
DIMENSION
  5
85D
102
{ACAD_REACTORS
330
874
102
}
102
{ACAD_XDICTIONARY
360
86A
102
}
330
1F
100
AcDbEntity
  8
DIM
100
AcDbDimension
  2
*D26
 10
1266.054344392794
 20
701.7942401092257
 30
0.0
 11
1260.429344392794
 21
725.7942401092253
 31
0.0
 70
    32
 71
     5
 42
48.0
  3
ISO-25
100
AcDbAlignedDimension
 13
1278.215560496404
 23
749.7942401092255
 33
0.0
 14
1278.215560496403
 24
701.7942401092255
 34
0.0
 50
90.0
100
AcDbRotatedDimension
1001
ACAD
1000
DSTYLE
1002
{
1070
    40
1040
3.0
1002
}
  0
DIMENSION
  5
875
102
{ACAD_REACTORS
330
890
102
}
102
{ACAD_XDICTIONARY
360
884
102
}
330
1F
100
AcDbEntity
  8
DIM
100
AcDbDimension
  2
*D27
 10
1287.215560496405
 20
749.7942401092258
 30
0.0
 11
1276.5598647256
 21
771.017807639921
 31
0.0
 70
    32
 71
     5
 42
0.5
  3
ISO-25
100
AcDbAlignedDimension
 13
1225.215560496404
 23
749.2942401092255
 33
0.0
 14
1278.215560496404
 24
749.7942401092255
 34
0.0
 50
90.0
100
AcDbRotatedDimension
1001
ACAD
1000
DSTYLE
1002
{
1070
    40
1040
3.0
1002
}
  0
ENDSEC
  0
SECTION
  2
OBJECTS
  0
DICTIONARY
  5
C
330
0
100
AcDbDictionary
281
     1
  3
ACAD_CIP_PREVIOUS_PRODUCT_INFO
350
216
  3
ACAD_COLOR
350
6B
  3
ACAD_DETAILVIEWSTYLE
350
21B
  3
ACAD_GROUP
350
D
  3
ACAD_LAST_SAVED_VERSION_INFO
350
312
  3
ACAD_LAYOUT
350
1A
  3
ACAD_MATERIAL
350
6A
  3
ACAD_MLEADERSTYLE
350
12D
  3
ACAD_MLINESTYLE
350
17
  3
ACAD_PLOTSETTINGS
350
19
  3
ACAD_PLOTSTYLENAME
350
E
  3
ACAD_RENDER_ACTIVE_RAPIDRT_SETTINGS
350
75A
  3
ACAD_RENDER_RAPIDRT_SETTINGS
350
73D
  3
ACAD_SCALELIST
350
10C
  3
ACAD_SECTIONVIEWSTYLE
350
219
  3
ACAD_TABLESTYLE
350
7E
  3
ACAD_VISUALSTYLE
350
EF
  3
ACDB_RECOMPOSE_DATA
350
966
  3
AcDbVariableDictionary
350
5E
  3
AcDsDecomposeData
350
967
  0
DICTIONARY
  5
923
330
8
100
AcDbDictionary
280
     1
281
     1
  3
ACAD_XREC_ROUNDTRIP
360
924
  0
DICTIONARY
  5
1FF
330
2
100
AcDbDictionary
280
     1
281
     1
  3
ACAD_LAYERSTATES
360
200
  0
DICTIONARY
  5
1CE
330
1F
100
AcDbDictionary
280
     1
281
     1
  3
ACAD_SORTENTS
360
2E8
  0
DICTIONARY
  5
4C6
330
4B8
100
AcDbDictionary
280
     1
281
     1
  3
ACAD_DIMASSOC
360
4D0
  0
DICTIONARY
  5
4E7
330
4DA
100
AcDbDictionary
280
     1
281
     1
  3
ACAD_DIMASSOC
360
4F1
  0
DICTIONARY
  5
4FF
330
4F2
100
AcDbDictionary
280
     1
281
     1
  3
ACAD_DIMASSOC
360
509
  0
DICTIONARY
  5
529
330
51C
100
AcDbDictionary
280
     1
281
     1
  3
ACAD_DIMASSOC
360
533
  0
DICTIONARY
  5
541
330
534
100
AcDbDictionary
280
     1
281
     1
  3
ACAD_DIMASSOC
360
54B
  0
DICTIONARY
  5
559
330
54C
100
AcDbDictionary
280
     1
281
     1
  3
ACAD_DIMASSOC
360
563
  0
DICTIONARY
  5
571
330
564
100
AcDbDictionary
280
     1
281
     1
  3
ACAD_DIMASSOC
360
57B
  0
DICTIONARY
  5
589
330
57C
100
AcDbDictionary
280
     1
281
     1
  3
ACAD_DIMASSOC
360
593
  0
DICTIONARY
  5
5A1
330
594
100
AcDbDictionary
280
     1
281
     1
  3
ACAD_DIMASSOC
360
5AB
  0
DICTIONARY
  5
5B9
330
5AC
100
AcDbDictionary
280
     1
281
     1
  3
ACAD_DIMASSOC
360
5C3
  0
DICTIONARY
  5
780
330
773
100
AcDbDictionary
280
     1
281
     1
  3
ACAD_DIMASSOC
360
78A
  0
DICTIONARY
  5
7AA
330
79D
100
AcDbDictionary
280
     1
281
     1
  3
ACAD_DIMASSOC
360
7B4
  0
DICTIONARY
  5
7C2
330
7B5
100
AcDbDictionary
280
     1
281
     1
  3
ACAD_DIMASSOC
360
7CC
  0
DICTIONARY
  5
7DA
330
7CD
100
AcDbDictionary
280
     1
281
     1
  3
ACAD_DIMASSOC
360
7E4
  0
DICTIONARY
  5
7F2
330
7E5
100
AcDbDictionary
280
     1
281
     1
  3
ACAD_DIMASSOC
360
7FC
  0
DICTIONARY
  5
80A
330
7FD
100
AcDbDictionary
280
     1
281
     1
  3
ACAD_DIMASSOC
360
814
  0
DICTIONARY
  5
822
330
815
100
AcDbDictionary
280
     1
281
     1
  3
ACAD_DIMASSOC
360
82C
  0
DICTIONARY
  5
83A
330
82D
100
AcDbDictionary
280
     1
281
     1
  3
ACAD_DIMASSOC
360
844
  0
DICTIONARY
  5
852
330
845
100
AcDbDictionary
280
     1
281
     1
  3
ACAD_DIMASSOC
360
85C
  0
DICTIONARY
  5
86A
330
85D
100
AcDbDictionary
280
     1
281
     1
  3
ACAD_DIMASSOC
360
874
  0
DICTIONARY
  5
884
330
875
100
AcDbDictionary
280
     1
281
     1
  3
ACAD_DIMASSOC
360
890
  0
XRECORD
  5
216
102
{ACAD_REACTORS
330
C
102
}
330
C
100
AcDbXrecord
280
     1
300
ACD
300
2026
300

  0
DICTIONARY
  5
6B
102
{ACAD_REACTORS
330
C
102
}
330
C
100
AcDbDictionary
281
     1
  0
DICTIONARY
  5
21B
102
{ACAD_REACTORS
330
C
102
}
330
C
100
AcDbDictionary
281
     1
  3
Metric50
350
21C
  0
DICTIONARY
  5
D
102
{ACAD_REACTORS
330
C
102
}
330
C
100
AcDbDictionary
281
     1
  0
XRECORD
  5
312
102
{ACAD_REACTORS
330
C
102
}
330
C
100
AcDbXrecord
280
     1
300
{96653966-231C-8A4C-9466-2EB18D727DCC}
301
{6A941E79-AB2F-0B4A-9CBF-F5D353FDADC9}
302
{96653966-231C-8A4C-9466-2EB18D727DCC}
303
C:\Users\soura\OneDrive\Desktop\AutoCAD\DEMO DRAWING.dwg
301
{454B16FE-4026-DF4B-8701-E88D8B0AEB1A}
302
{227ED279-4040-1F46-BE6B-F5F807AEF643}
303

  0
DICTIONARY
  5
1A
102
{ACAD_REACTORS
330
C
102
}
330
C
100
AcDbDictionary
281
     1
  3
Layout1
350
D3
  3
Layout2
350
D7
  3
Model
350
22
  0
DICTIONARY
  5
6A
102
{ACAD_REACTORS
330
C
102
}
330
C
100
AcDbDictionary
281
     1
  3
ByBlock
350
ED
  3
ByLayer
350
EC
  3
Global
350
EE
  0
DICTIONARY
  5
12D
102
{ACAD_REACTORS
330
C
102
}
330
C
100
AcDbDictionary
281
     1
  3
Annotative
350
13B
  3
Standard
350
12E
  0
DICTIONARY
  5
17
102
{ACAD_REACTORS
330
C
102
}
330
C
100
AcDbDictionary
281
     1
  3
Standard
350
18
  0
DICTIONARY
  5
19
102
{ACAD_REACTORS
330
C
102
}
330
C
100
AcDbDictionary
281
     1
  3
Setup1
350
73C
  3
Setup2
350
74C
  3
STRUCTURE
350
914
  0
ACDBDICTIONARYWDFLT
  5
E
102
{ACAD_REACTORS
330
C
102
}
330
C
100
AcDbDictionary
281
     1
  3
Normal
350
F
100
AcDbDictionaryWithDefault
340
F
  0
RAPIDRTRENDERSETTINGS
  5
75A
102
{ACAD_REACTORS
330
C
102
}
330
C
100
AcDbRenderSettings
 90
        2
  1
Medium
290
     1
290
     0
290
     1
290
     1
  1

  1
Applies 5 rendering levels
 90
        0
100
AcDbRapidRTRenderSettings
 90
        3
 70
     0
 90
        5
 90
        1
 70
     1
 70
     2
 40
3.0
 40
3.0
290
     1
  0
DICTIONARY
  5
73D
102
{ACAD_REACTORS
330
C
102
}
330
C
100
AcDbDictionary
281
     1
  3
Coffee-Break Quality
350
741
  3
High
350
740
  3
Low
350
73E
  3
Lunch Quality
350
742
  3
Medium
350
73F
  3
Overnight Quality
350
743
  0
DICTIONARY
  5
10C
102
{ACAD_REACTORS
330
C
102
}
330
C
100
AcDbDictionary
281
     1
  3
A0
350
10D
  3
A1
350
1BE
  3
A2
350
1BF
  3
A3
350
1C0
  3
A4
350
1C1
  3
A5
350
1C2
  3
A6
350
1C3
  3
A7
350
1C4
  3
A8
350
1C5
  3
A9
350
1C6
  3
B0
350
1C7
  3
B1
350
1C8
  3
B2
350
1C9
  3
B3
350
1CA
  3
B4
350
1CB
  3
B5
350
1CC
  3
B6
350
1CD
  0
DICTIONARY
  5
219
102
{ACAD_REACTORS
330
C
102
}
330
C
100
AcDbDictionary
281
     1
  3
Metric50
350
21A
  0
DICTIONARY
  5
7E
102
{ACAD_REACTORS
330
C
102
}
330
C
100
AcDbDictionary
281
     1
  3
Standard
350
7F
  0
DICTIONARY
  5
EF
102
{ACAD_REACTORS
330
C
102
}
330
C
100
AcDbDictionary
281
     1
  3
2dWireframe
350
F5
  3
Basic
350
F4
  3
Brighten
350
FB
  3
ColorChange
350
FF
  3
Conceptual
350
F8
  3
Dim
350
FA
  3
EdgeColorOff
350
1E6
  3
Facepattern
350
FE
  3
Flat
350
F0
  3
FlatWithEdges
350
F1
  3
Gouraud
350
F2
  3
GouraudWithEdges
350
F3
  3
Hidden
350
F7
  3
JitterOff
350
1E4
  3
Linepattern
350
FD
  3
OverhangOff
350
1E5
  3
Realistic
350
F9
  3
Shaded
350
1F3
  3
Shaded with edges
350
1F2
  3
Shades of Gray
350
1EF
  3
Sketchy
350
1F0
  3
Thicken
350
FC
  3
Wireframe
350
F6
  3
X-Ray
350
1F1
  0
XRECORD
  5
966
102
{ACAD_REACTORS
330
C
102
}
330
C
100
AcDbXrecord
280
     1
 90
        1
330
7F
  0
DICTIONARY
  5
5E
102
{ACAD_REACTORS
330
C
102
}
330
C
100
AcDbDictionary
281
     1
  3
CANNOSCALE
350
146
  3
CENTEREXE
350
259
  3
CENTERLTYPEFILE
350
25A
  3
CMLEADERSTYLE
350
145
  3
CTABLESTYLE
350
84
  3
CVIEWDETAILSTYLE
350
227
  3
CVIEWSECTIONSTYLE
350
228
  3
DIMASSOC
350
5F
  3
HIDETEXT
350
63
  3
HPCOLOR
350
63B
  3
HPTRANSPARENCY
350
63A
  3
LAYEREVAL
350
1AE
  3
LAYERNOTIFY
350
1AF
  3
MSLTSCALE
350
925
  3
XCLIPFRAME
350
926
  0
DICTIONARY
  5
967
102
{ACAD_REACTORS
330
C
102
}
330
C
100
AcDbDictionary
281
     1
  3
AcDsRecords
350
968
  3
AcDsSchemas
350
969
1001
ACAD
1070
     2
  0
XRECORD
  5
924
102
{ACAD_REACTORS
330
923
102
}
330
923
100
AcDbXrecord
280
     1
102
VTR_0.000_0.000_1.000_1.000_VISUALSTYLE
340
F5
102
VTR_0.000_0.000_1.000_1.000_GRIDDISPLAY
 70
     3
102
VTR_0.000_0.000_1.000_1.000_GRIDMAJOR
 70
     5
102
VTR_0.000_0.000_1.000_1.000_DEFAULTLIGHTING
280
     1
102
VTR_0.000_0.000_1.000_1.000_DEFAULTLIGHTINGTYPE
 70
     1
102
VTR_0.000_0.000_1.000_1.000_BRIGHTNESS
141
0.0
102
VTR_0.000_0.000_1.000_1.000_CONTRAST
142
0.0
  0
DICTIONARY
  5
200
102
{ACAD_REACTORS
330
1FF
102
}
330
1FF
100
AcDbDictionary
281
     1
  0
SORTENTSTABLE
  5
2E8
102
{ACAD_REACTORS
330
1CE
102
}
330
1CE
100
AcDbSortentsTable
330
1F
331
2E4
  5
33D
331
2E5
  5
36F
331
2E6
  5
3B9
331
2E7
  5
2EE
331
2E9
  5
3BA
331
2EA
  5
345
331
2EC
  5
347
331
2ED
  5
351
331
2EE
  5
357
331
2EF
  5
359
331
2F0
  5
35B
331
2F1
  5
35D
331
2F2
  5
366
331
2F3
  5
36B
331
2F4
  5
36C
331
2F7
  5
2F1
331
2F8
  5
305
331
2FA
  5
30F
331
2FB
  5
325
331
2FC
  5
333
331
305
  5
360
331
306
  5
368
331
30A
  5
316
331
30B
  5
358
331
30C
  5
353
331
311
  5
3BB
331
313
  5
361
331
315
  5
362
331
316
  5
363
331
317
  5
364
331
321
  5
376
331
323
  5
377
331
324
  5
379
331
325
  5
37B
331
326
  5
37D
331
327
  5
37F
331
328
  5
392
331
329
  5
394
331
32A
  5
3B7
331
336
  5
3B8
331
337
  5
3B6
331
338
  5
393
331
339
  5
391
331
33A
  5
37E
331
33B
  5
37C
331
33C
  5
37A
331
33D
  5
378
331
347
  5
303
331
348
  5
2FB
331
34B
  5
3BD
331
34F
  5
33A
331
351
  5
33C
331
352
  5
373
331
353
  5
370
331
356
  5
338
331
357
  5
336
331
358
  5
335
331
359
  5
331
331
35A
  5
34B
331
35B
  5
34D
331
35C
  5
349
331
35D
  5
34A
331
35E
  5
34C
331
35F
  5
33B
331
361
  5
367
331
363
  5
315
331
364
  5
30C
331
365
  5
35A
331
366
  5
352
331
367
  5
36A
331
368
  5
365
331
369
  5
321
331
36A
  5
30D
331
36B
  5
30E
331
36C
  5
323
331
36D
  5
3BF
331
36E
  5
3C0
331
370
  5
327
331
371
  5
374
331
372
  5
375
331
373
  5
3BC
331
374
  5
2F7
331
375
  5
2F3
331
376
  5
2F8
331
377
  5
348
331
378
  5
35E
331
379
  5
35C
331
37A
  5
356
331
37B
  5
337
331
37C
  5
339
331
37D
  5
34E
331
37E
  5
34F
331
37F
  5
354
331
391
  5
3F3
331
393
  5
371
331
394
  5
369
331
3B6
  5
3F4
331
3B7
  5
3F5
331
3B8
  5
3F6
331
3B9
  5
3F7
331
3BA
  5
3F8
331
3BB
  5
3F9
331
3BC
  5
3FA
331
3BD
  5
3FB
331
3BF
  5
3FC
331
3C0
  5
3FD
331
3F3
  5
3FE
331
3F4
  5
3FF
331
3F5
  5
400
331
3F6
  5
44B
331
3F7
  5
44D
331
3F8
  5
44E
331
3F9
  5
450
331
3FA
  5
451
331
3FB
  5
452
331
3FC
  5
453
331
3FD
  5
456
331
3FE
  5
457
331
3FF
  5
458
331
400
  5
459
331
44B
  5
45A
331
44D
  5
45B
331
44E
  5
45C
331
450
  5
45E
331
451
  5
45F
331
452
  5
460
331
453
  5
461
331
456
  5
462
331
457
  5
463
331
458
  5
464
331
459
  5
465
331
45A
  5
466
331
45B
  5
467
331
45C
  5
468
331
45E
  5
469
331
45F
  5
490
331
460
  5
491
331
461
  5
492
331
462
  5
493
331
463
  5
494
331
464
  5
46A
331
465
  5
46B
331
466
  5
46C
331
467
  5
46D
331
468
  5
46E
331
469
  5
46F
331
46A
  5
470
331
46B
  5
471
331
46C
  5
472
331
46D
  5
473
331
46E
  5
474
331
46F
  5
475
331
470
  5
476
331
471
  5
477
331
472
  5
478
331
473
  5
479
331
474
  5
47A
331
475
  5
47B
331
476
  5
47C
331
477
  5
47D
331
478
  5
47E
331
479
  5
47F
331
47A
  5
480
331
47B
  5
481
331
47C
  5
482
331
47D
  5
483
331
47E
  5
484
331
47F
  5
485
331
480
  5
486
331
481
  5
48A
331
482
  5
48B
331
483
  5
48C
331
484
  5
48D
331
485
  5
48E
331
486
  5
48F
331
48A
  5
495
331
48B
  5
496
331
48C
  5
497
331
48D
  5
498
331
48E
  5
499
331
48F
  5
49A
331
490
  5
49B
331
491
  5
49C
331
492
  5
49D
331
493
  5
49E
331
494
  5
49F
331
495
  5
4A0
331
496
  5
4A1
331
497
  5
4A2
331
498
  5
4A3
331
499
  5
4A4
331
49A
  5
4A5
331
49B
  5
4A6
331
49C
  5
4A7
331
49D
  5
4A8
331
49E
  5
4A9
331
49F
  5
4B1
331
4A0
  5
4B2
331
4A1
  5
4B3
331
4A2
  5
4B8
331
4A3
  5
4DA
331
4A4
  5
4F2
331
4A5
  5
51C
331
4A6
  5
534
331
4A7
  5
54C
331
4A8
  5
564
331
4A9
  5
57C
331
4B1
  5
594
331
4B2
  5
5AC
331
4B3
  5
61D
331
4B8
  5
61E
331
4DA
  5
61F
331
4F2
  5
620
331
51C
  5
622
331
534
  5
623
331
54C
  5
625
331
564
  5
626
331
57C
  5
627
331
594
  5
628
331
5AC
  5
629
331
723
  5
2EB
  0
DIMASSOC
  5
4D0
102
{ACAD_REACTORS
330
4C6
102
}
330
4C6
100
AcDbDimAssoc
330
4B8
 90
        3
 70
     0
 71
     0
  1
AcDbOsnapPointRef
 72
     1
331
2E6
 73
     2
 91
        0
 40
1.0
 10
0.0
 20
0.0
 30
2.000000000000000E+50
 75
     0
  1
AcDbOsnapPointRef
 72
    13
331
2E6
 73
     2
 91
        0
 40
0.0
 10
0.0
 20
0.0
 30
2.000000000000000E+50
 75
     0
  0
DIMASSOC
  5
4F1
102
{ACAD_REACTORS
330
4E7
102
}
330
4E7
100
AcDbDimAssoc
330
4DA
 90
        3
 70
     0
 71
     0
  1
AcDbOsnapPointRef
 72
    10
331
2F3
 73
     2
 91
        0
 40
0.067130950846326
 10
0.0
 20
0.0
 30
0.0
 75
     0
  1
AcDbOsnapPointRef
 72
     8
331
2F2
 73
     2
 91
        0
 40
0.0653166008234548
 10
0.0
 20
0.0
 30
0.0
 75
     1
  1
AcDbOsnapPointRef
 72
    10
331
2F3
 73
     2
 91
        0
 40
0.067130950846326
 10
0.0
 20
0.0
 30
0.0
 75
     0
  0
DIMASSOC
  5
509
102
{ACAD_REACTORS
330
4FF
102
}
330
4FF
100
AcDbDimAssoc
330
4F2
 90
        3
 70
     0
 71
     0
  1
AcDbOsnapPointRef
 72
    10
331
2F7
 73
     2
 91
        0
 40
0.0898786821282872
 10
0.0
 20
0.0
 30
0.0
 75
     0
  1
AcDbOsnapPointRef
 72
     8
331
364
 73
     2
 91
        0
 40
0.1235831879263961
 10
0.0
 20
0.0
 30
0.0
 75
     1
  1
AcDbOsnapPointRef
 72
    10
331
2F7
 73
     2
 91
        0
 40
0.0898786821282872
 10
0.0
 20
0.0
 30
0.0
 75
     0
  0
DIMASSOC
  5
533
102
{ACAD_REACTORS
330
529
102
}
330
529
100
AcDbDimAssoc
330
51C
 90
        1
 70
     0
 71
     0
  1
AcDbOsnapPointRef
 72
     6
331
457
331
419
 73
     2
 91
        0
 40
1.0
 10
0.0
 20
0.0
 30
0.0
332
373
 74
     2
 92
        0
 75
     0
  0
DIMASSOC
  5
54B
102
{ACAD_REACTORS
330
541
102
}
330
541
100
AcDbDimAssoc
330
534
 90
        2
 70
     0
 71
     0
  1
AcDbOsnapPointRef
 72
     8
331
2FB
 73
     2
 91
        0
 40
0.1122448979591839
 10
0.0
 20
0.0
 30
0.0
 75
     1
  1
AcDbOsnapPointRef
 72
     0
 40
0.0
 10
784.7155604964037
 20
855.7942401092255
 30
0.0
 75
     0
  0
DIMASSOC
  5
563
102
{ACAD_REACTORS
330
559
102
}
330
559
100
AcDbDimAssoc
330
54C
 90
        3
 70
     0
 71
     0
  1
AcDbOsnapPointRef
 72
     8
331
2FC
 73
     2
 91
        0
 40
0.1122448979591839
 10
0.0
 20
0.0
 30
0.0
 75
     1
  1
AcDbOsnapPointRef
 72
     0
 40
0.0
 10
784.7155604964037
 20
807.7942401092254
 30
0.0
 75
     0
  1
AcDbOsnapPointRef
 72
     8
331
450
331
443
 73
     2
 91
        0
 40
-0.0599957328609757
 10
0.0
 20
0.0
 30
0.0
 75
     1
  1
AcDbOsnapPointRef
 72
     8
331
2FC
 73
     2
 91
        0
 40
0.1122448979591839
 10
0.0
 20
0.0
 30
0.0
 75
     1
  1
AcDbOsnapPointRef
 72
     0
 40
0.0
 10
784.7155604964037
 20
807.7942401092254
 30
0.0
 75
     0
  0
DIMASSOC
  5
57B
102
{ACAD_REACTORS
330
571
102
}
330
571
100
AcDbDimAssoc
330
564
 90
        3
 70
     0
 71
     0
  1
AcDbOsnapPointRef
 72
    10
331
311
 73
     2
 91
        0
 40
0.8433495709240469
 10
0.0
 20
0.0
 30
0.0
 75
     0
  1
AcDbOsnapPointRef
 72
     8
331
3B9
331
3A6
 73
     2
 91
        0
 40
0.7480850019620422
 10
0.0
 20
0.0
 30
0.0
 75
     1
  1
AcDbOsnapPointRef
 72
    10
331
311
 73
     2
 91
        0
 40
0.8433495709240469
 10
0.0
 20
0.0
 30
0.0
 75
     0
  0
DIMASSOC
  5
593
102
{ACAD_REACTORS
330
589
102
}
330
589
100
AcDbDimAssoc
330
57C
 90
        3
 70
     0
 71
     0
  1
AcDbOsnapPointRef
 72
    10
331
36E
 73
     2
 91
        0
 40
0.8701536863179222
 10
0.0
 20
0.0
 30
0.0
 75
     0
  1
AcDbOsnapPointRef
 72
    13
331
45A
331
439
 73
     2
 91
        0
 40
0.0
 10
0.0
 20
0.0
 30
2.000000000000000E+50
 75
     0
  0
DIMASSOC
  5
5AB
102
{ACAD_REACTORS
330
5A1
102
}
330
5A1
100
AcDbDimAssoc
330
594
 90
        3
 70
     0
 71
     0
  1
AcDbOsnapPointRef
 72
    10
331
317
 73
     2
 91
        0
 40
0.9194343491939061
 10
0.0
 20
0.0
 30
0.0
 75
     0
  1
AcDbOsnapPointRef
 72
     8
331
30B
 73
     2
 91
        0
 40
0.9162624731779182
 10
0.0
 20
0.0
 30
0.0
 75
     1
  1
AcDbOsnapPointRef
 72
    10
331
317
 73
     2
 91
        0
 40
0.9194343491939061
 10
0.0
 20
0.0
 30
0.0
 75
     0
  0
DIMASSOC
  5
5C3
102
{ACAD_REACTORS
330
5B9
102
}
330
5B9
100
AcDbDimAssoc
330
5AC
 90
        3
 70
     0
 71
     0
  1
AcDbOsnapPointRef
 72
     2
331
34F
 73
     2
 91
        0
 40
0.4999999999999973
 10
0.0
 20
0.0
 30
0.0
 75
     0
  1
AcDbOsnapPointRef
 72
     8
331
36C
 73
     2
 91
        0
 40
0.2239583333333281
 10
0.0
 20
0.0
 30
0.0
 75
     1
  1
AcDbOsnapPointRef
 72
     2
331
34F
 73
     2
 91
        0
 40
0.4999999999999973
 10
0.0
 20
0.0
 30
0.0
 75
     0
  0
DIMASSOC
  5
78A
102
{ACAD_REACTORS
330
780
102
}
330
780
100
AcDbDimAssoc
330
773
 90
        3
 70
     0
 71
     0
  1
AcDbOsnapPointRef
 72
     1
331
2E6
 73
     2
 91
        0
 40
1.0
 10
723.2155604964037
 20
1085.794240109225
 30
0.0
 75
     0
  1
AcDbOsnapPointRef
 72
    13
331
2E4
 73
     2
 91
        0
 40
0.0
 10
1323.215560496404
 20
1085.794240109225
 30
0.0
 75
     0
  0
DIMASSOC
  5
7B4
102
{ACAD_REACTORS
330
7AA
102
}
330
7AA
100
AcDbDimAssoc
330
79D
 90
        3
 70
     0
 71
     0
  1
AcDbOsnapPointRef
 72
    13
331
2F0
 73
     2
 91
        0
 40
0.0
 10
1004.215560496404
 20
1040.794240109225
 30
0.0
 75
     0
  1
AcDbOsnapPointRef
 72
     1
331
2F0
 73
     2
 91
        0
 40
1.0
 10
1004.215560496404
 20
944.7942401092253
 30
0.0
 75
     0
  0
DIMASSOC
  5
7CC
102
{ACAD_REACTORS
330
7C2
102
}
330
7C2
100
AcDbDimAssoc
330
7B5
 90
        3
 70
     0
 71
     0
  1
AcDbOsnapPointRef
 72
    13
331
2F1
 73
     2
 91
        0
 40
0.0
 10
956.2155604964038
 20
1040.794240109225
 30
0.0
 75
     0
  1
AcDbOsnapPointRef
 72
    13
331
2F0
 73
     2
 91
        0
 40
0.0
 10
1004.215560496404
 20
1040.794240109225
 30
0.0
 75
     0
  0
DIMASSOC
  5
7E4
102
{ACAD_REACTORS
330
7DA
102
}
330
7DA
100
AcDbDimAssoc
330
7CD
 90
        3
 70
     0
 71
     0
  1
AcDbOsnapPointRef
 72
    13
331
374
 73
     2
 91
        0
 40
0.0
 10
1009.215560496404
 20
1040.794240109225
 30
0.0
 75
     0
  1
AcDbOsnapPointRef
 72
     1
331
3B7
331
3A8
 73
     2
 91
        0
 40
1.0
 10
1012.215560496404
 20
855.7942401092255
 30
0.0
 75
     0
  0
DIMASSOC
  5
7FC
102
{ACAD_REACTORS
330
7F2
102
}
330
7F2
100
AcDbDimAssoc
330
7E5
 90
        3
 70
     0
 71
     0
  1
AcDbOsnapPointRef
 72
    13
331
374
 73
     2
 91
        0
 40
0.0
 10
1009.215560496404
 20
1040.794240109225
 30
0.0
 75
     0
  1
AcDbOsnapPointRef
 72
    13
331
2EE
 73
     2
 91
        0
 40
0.0
 10
1141.215560496404
 20
1040.794240109225
 30
0.0
 75
     0
  0
DIMASSOC
  5
814
102
{ACAD_REACTORS
330
80A
102
}
330
80A
100
AcDbDimAssoc
330
7FD
 90
        3
 70
     0
 71
     0
  1
AcDbOsnapPointRef
 72
    13
331
376
 73
     2
 91
        0
 40
0.0
 10
1146.215560496404
 20
1040.794240109225
 30
0.0
 75
     0
  1
AcDbOsnapPointRef
 72
     1
331
2ED
 73
     2
 91
        0
 40
1.0
 10
1146.215560496404
 20
855.7942401092255
 30
0.0
 75
     0
  0
DIMASSOC
  5
82C
102
{ACAD_REACTORS
330
822
102
}
330
822
100
AcDbDimAssoc
330
815
 90
        3
 70
     0
 71
     0
  1
AcDbOsnapPointRef
 72
    13
331
2ED
 73
     2
 91
        0
 40
0.0
 10
1146.215560496404
 20
1040.794240109225
 30
0.0
 75
     0
  1
AcDbOsnapPointRef
 72
    13
331
2EC
 73
     2
 91
        0
 40
0.0
 10
1278.215560496404
 20
1040.794240109225
 30
0.0
 75
     0
  0
DIMASSOC
  5
844
102
{ACAD_REACTORS
330
83A
102
}
330
83A
100
AcDbDimAssoc
330
82D
 90
        2
 70
     0
 71
     0
  1
AcDbOsnapPointRef
 72
     1
331
358
 73
     2
 91
        0
 40
1.0
 10
1278.215560496404
 20
802.7942401092256
 30
0.0
 75
     0
  0
DIMASSOC
  5
85C
102
{ACAD_REACTORS
330
852
102
}
330
852
100
AcDbDimAssoc
330
845
 90
        3
 70
     0
 71
     0
  1
AcDbOsnapPointRef
 72
    13
331
35C
 73
     2
 91
        0
 40
0.0
 10
1278.215560496404
 20
802.7942401092255
 30
0.0
 75
     0
  1
AcDbOsnapPointRef
 72
     1
331
357
 73
     2
 91
        0
 40
1.0
 10
1278.215560496404
 20
754.7942401092255
 30
0.0
 75
     0
  0
DIMASSOC
  5
874
102
{ACAD_REACTORS
330
86A
102
}
330
86A
100
AcDbDimAssoc
330
85D
 90
        3
 70
     0
 71
     0
  1
AcDbOsnapPointRef
 72
    13
331
35D
 73
     2
 91
        0
 40
0.0
 10
1278.215560496404
 20
749.7942401092255
 30
0.0
 75
     0
  1
AcDbOsnapPointRef
 72
     1
331
35D
 73
     2
 91
        0
 40
1.0
 10
1278.215560496403
 20
701.7942401092255
 30
0.0
 75
     0
  0
DIMASSOC
  5
890
102
{ACAD_REACTORS
330
884
102
}
330
884
100
AcDbDimAssoc
330
875
 90
        3
 70
     0
 71
     0
  1
AcDbOsnapPointRef
 72
     1
331
3BD
331
3A8
 73
     2
 91
        0
 40
1.0
 10
1225.215560496404
 20
749.2942401092255
 30
0.0
 75
     0
  1
AcDbOsnapPointRef
 72
     1
331
356
 73
     2
 91
        0
 40
1.0
 10
1278.215560496404
 20
749.7942401092255
 30
0.0
 75
     0
  0
ACDBDETAILVIEWSTYLE
  5
21C
102
{ACAD_REACTORS
330
21B
102
}
102
{ACAD_XDICTIONARY
360
927
102
}
330
21B
100
AcDbModelDocViewStyle
 70
     0
  3
Metric50
290
     0
100
AcDbDetailViewStyle
 70
     0
 71
     0
 90
        3
 71
     1
340
11
 62
   256
 40
5.0
340
0
 62
   256
 40
5.0
300

 40
0.0
280
     1
 71
     2
340
16
 90
       25
 62
   256
 71
     3
340
11
 62
   256
 40
5.0
 90
        0
 40
15.0
 90
        1
300
%<\AcVar ViewDetailId>% (%<\AcVar ViewScale \f "%sn">%)
 71
     4
340
16
 90
       25
 62
   256
340
16
 90
       25
 62
   256
280
     0
  0
LAYOUT
  5
D3
102
{ACAD_REACTORS
330
1A
102
}
330
1A
100
AcDbPlotSettings
  1

  2
C:\Documents and Settings\basas\Application Data\Autodesk\AutoCAD 2005\R16.1\enu\plotters\Default Windows System Printer.pc3
  4

  6

 40
0.0
 41
0.0
 42
0.0
 43
0.0
 44
0.0
 45
0.0
 46
0.0
 47
0.0
 48
0.0
 49
0.0
140
0.0
141
0.0
142
1.0
143
1.0
 70
   688
 72
     0
 73
     0
 74
     5
  7

 75
    16
 76
     0
 77
     2
 78
   300
147
1.0
148
0.0
149
0.0
100
AcDbLayout
  1
Layout1
 70
     1
 71
     1
 10
0.0
 20
0.0
 11
12.0
 21
9.0
 12
0.0
 22
0.0
 32
0.0
 14
0.0
 24
0.0
 34
0.0
 15
0.0
 25
0.0
 35
0.0
146
0.0
 13
0.0
 23
0.0
 33
0.0
 16
1.0
 26
0.0
 36
0.0
 17
0.0
 27
1.0
 37
0.0
 76
     0
330
D2
  0
LAYOUT
  5
D7
102
{ACAD_REACTORS
330
1A
102
}
330
1A
100
AcDbPlotSettings
  1

  2
C:\Documents and Settings\basas\Application Data\Autodesk\AutoCAD 2005\R16.1\enu\plotters\Default Windows System Printer.pc3
  4

  6

 40
0.0
 41
0.0
 42
0.0
 43
0.0
 44
0.0
 45
0.0
 46
0.0
 47
0.0
 48
0.0
 49
0.0
140
0.0
141
0.0
142
1.0
143
1.0
 70
   688
 72
     0
 73
     0
 74
     5
  7

 75
    16
 76
     0
 77
     2
 78
   300
147
1.0
148
0.0
149
0.0
100
AcDbLayout
  1
Layout2
 70
     1
 71
     2
 10
0.0
 20
0.0
 11
12.0
 21
9.0
 12
0.0
 22
0.0
 32
0.0
 14
0.0
 24
0.0
 34
0.0
 15
0.0
 25
0.0
 35
0.0
146
0.0
 13
0.0
 23
0.0
 33
0.0
 16
1.0
 26
0.0
 36
0.0
 17
0.0
 27
1.0
 37
0.0
 76
     0
330
D6
  0
LAYOUT
  5
22
102
{ACAD_REACTORS
330
1A
102
}
102
{ACAD_XDICTIONARY
360
205
102
}
330
1A
100
AcDbPlotSettings
  1

  2
none_device
  4
ISO_A4_(210.00_x_297.00_MM)
  6

 40
7.5
 41
20.0
 42
7.5
 43
20.0
 44
210.0
 45
297.0
 46
11.54999923706055
 47
-13.65000009536743
 48
0.0
 49
0.0
140
0.0
141
0.0
142
1.0
143
8.704084754739808
 70
 11952
 72
     1
 73
     0
 74
     0
  7

 75
     0
 76
     0
 77
     2
 78
   300
147
0.1148885871608098
148
0.0
149
0.0
100
AcDbLayout
  1
Model
 70
     1
 71
     0
 10
0.0
 20
0.0
 11
12.0
 21
9.0
 12
0.0
 22
0.0
 32
0.0
 14
0.0
 24
0.0
 34
0.0
 15
0.0
 25
0.0
 35
0.0
146
0.0
 13
0.0
 23
0.0
 33
0.0
 16
1.0
 26
0.0
 36
0.0
 17
0.0
 27
1.0
 37
0.0
 76
     0
330
1F
331
EA
1001
ACAD_PSEXT
1000
None
1000
None
1000
Not applicable
1000
The layout will not be plotted unless a new plotter configuration name is selected.
1070
     0
  0
MATERIAL
  5
ED
102
{ACAD_REACTORS
330
6A
102
}
102
{ACAD_XDICTIONARY
360
1F9
102
}
330
6A
100
AcDbMaterial
  1
ByBlock
 73
     2
 78
     2
172
     2
176
     2
270
     2
274
     2
  0
MATERIAL
  5
EC
102
{ACAD_REACTORS
330
6A
102
}
102
{ACAD_XDICTIONARY
360
1F7
102
}
330
6A
100
AcDbMaterial
  1
ByLayer
 73
     2
 78
     2
172
     2
176
     2
270
     2
274
     2
  0
MATERIAL
  5
EE
102
{ACAD_REACTORS
330
6A
102
}
102
{ACAD_XDICTIONARY
360
173
102
}
330
6A
100
AcDbMaterial
  1
Global
 73
     2
 43
0.0007999999797903
 43
0.0
 43
0.0
 43
0.0
 43
0.0
 43
0.0007999999797903
 43
0.0
 43
0.0
 43
0.0
 43
0.0
 43
1.0
 43
0.0
 43
0.0
 43
0.0
 43
0.0
 43
1.0
 78
     2
172
     2
 49
0.0007999999797903
 49
0.0
 49
0.0
 49
0.0
 49
0.0
 49
0.0007999999797903
 49
0.0
 49
0.0
 49
0.0
 49
0.0
 49
1.0
 49
0.0
 49
0.0
 49
0.0
 49
0.0
 49
1.0
176
     2
142
0.0007999999797903
142
0.0
142
0.0
142
0.0
142
0.0
142
0.0007999999797903
142
0.0
142
0.0
142
0.0
142
0.0
142
1.0
142
0.0
142
0.0
142
0.0
142
0.0
142
1.0
270
     2
144
0.0007999999797903
144
0.0
144
0.0
144
0.0
144
0.0
144
0.0007999999797903
144
0.0
144
0.0
144
0.0
144
0.0
144
1.0
144
0.0
144
0.0
144
0.0
144
0.0
144
1.0
274
     2
1001
ACAD
1070
    -1
1070
     3
1070
     0
1000

1071
        0
1070
     0
  0
MLEADERSTYLE
  5
13B
102
{ACAD_REACTORS
330
12D
102
}
102
{ACAD_XDICTIONARY
360
92D
102
}
330
12D
100
AcDbMLeaderStyle
170
     2
171
     1
172
     0
 90
        2
 40
0.0
 41
0.0
173
     1
 91
-1056964608
340
14
 92
       -2
290
     1
 42
2.0
291
     1
 43
8.0
  3
Standard
341
0
 44
4.0
300

342
11
174
     1
178
     1
175
     1
176
     0
 93
-1056964608
 45
4.0
292
     0
297
     0
 46
4.0
343
0
 94
-1056964608
 47
1.0
 49
1.0
140
1.0
293
     1
141
0.0
294
     1
177
     0
142
1.0
295
     0
296
     1
143
3.75
1001
ACAD_MLEADERVER
1070
     2
  0
MLEADERSTYLE
  5
12E
102
{ACAD_REACTORS
330
12D
102
}
102
{ACAD_XDICTIONARY
360
92F
102
}
330
12D
100
AcDbMLeaderStyle
170
     2
171
     1
172
     0
 90
        2
 40
0.0
 41
0.0
173
     1
 91
-1056964608
340
14
 92
       -2
290
     1
 42
2.0
291
     1
 43
8.0
  3
Standard
341
0
 44
4.0
300

342
11
174
     1
178
     1
175
     1
176
     0
 93
-1056964608
 45
4.0
292
     0
297
     0
 46
4.0
343
0
 94
-1056964608
 47
1.0
 49
1.0
140
1.0
293
     1
141
0.0
294
     1
177
     0
142
1.0
295
     0
296
     0
143
3.75
1001
ACAD_MLEADERVER
1070
     2
  0
MLINESTYLE
  5
18
102
{ACAD_REACTORS
330
17
102
}
330
17
100
AcDbMlineStyle
  2
STANDARD
 70
     0
  3

 62
   256
 51
90.0
 52
90.0
 71
     2
 49
0.5
 62
   256
  6
BYLAYER
 49
-0.5
 62
   256
  6
BYLAYER
  0
PLOTSETTINGS
  5
73C
102
{ACAD_REACTORS
330
19
102
}
330
19
100
AcDbPlotSettings
  1
Setup1
  2
none_device
  4
ISO_A4_(210.00_x_297.00_MM)
  6

 40
7.5
 41
20.0
 42
7.5
 43
20.0
 44
210.0
 45
297.0
 46
11.54999923706055
 47
-13.65000009536743
 48
0.0
 49
0.0
140
0.0
141
0.0
142
1.0
143
9.10480987691278
 70
 11952
 72
     1
 73
     0
 74
     0
  7

 75
     0
 76
     0
 77
     2
 78
   300
147
0.109832057288282
148
-154.5503434385356
149
-385.2670971402349
1001
ACAD_PSEXT
1000
None
1000
None
1000
Not applicable
1000
The layout will not be plotted unless a new plotter configuration name is selected.
1070
     0
  0
PLOTSETTINGS
  5
74C
102
{ACAD_REACTORS
330
19
102
}
330
19
100
AcDbPlotSettings
  1
Setup2
  2
none_device
  4
ISO_A4_(210.00_x_297.00_MM)
  6

 40
7.5
 41
20.0
 42
7.5
 43
20.0
 44
210.0
 45
297.0
 46
11.54999923706055
 47
-13.65000009536743
 48
0.0
 49
0.0
140
0.0
141
0.0
142
1.0
143
9.10480987691278
 70
 11952
 72
     1
 73
     0
 74
     0
  7

 75
     0
 76
     0
 77
     2
 78
   300
147
0.109832057288282
148
-154.5503434385356
149
-385.2670971402349
1001
ACAD_PSEXT
1000
None
1000
None
1000
Not applicable
1000
The layout will not be plotted unless a new plotter configuration name is selected.
1070
     0
  0
PLOTSETTINGS
  5
914
102
{ACAD_REACTORS
330
19
102
}
330
19
100
AcDbPlotSettings
  1
STRUCTURE
  2
Microsoft Print to PDF
  4
psk:ISOA4
  6

 40
0.0
 41
0.0
 42
0.0
 43
0.0
 44
210.0
 45
297.0
 46
11.54999923706055
 47
-13.65000009536743
 48
0.0
 49
0.0
140
0.0
141
0.0
142
1.0
143
9.807698117505879
 70
 11952
 72
     1
 73
     0
 74
     0
  7

 75
     0
 76
     0
 77
     2
 78
   300
147
0.1019607239149304
148
-95.98492341621318
149
-417.9791365873144
1001
ACAD_PSEXT
1000
Microsoft Print to PDF
1000
Microsoft Print To PDF
1000
PORTPROMPT:
1000

1070
     0
  0
ACDBPLACEHOLDER
  5
F
102
{ACAD_REACTORS
330
E
102
}
330
E
  0
RAPIDRTRENDERSETTINGS
  5
741
102
{ACAD_REACTORS
330
73D
102
}
330
73D
100
AcDbRenderSettings
 90
        2
  1
Coffee-Break Quality
290
     1
290
     0
290
     1
290
     1
  1

  1
Renders for 10 minutes
 90
        3
100
AcDbRapidRTRenderSettings
 90
        3
 70
     1
 90
        1
 90
       10
 70
     1
 70
     2
 40
3.0
 40
3.0
290
     1
  0
RAPIDRTRENDERSETTINGS
  5
740
102
{ACAD_REACTORS
330
73D
102
}
330
73D
100
AcDbRenderSettings
 90
        2
  1
High
290
     1
290
     0
290
     1
290
     1
  1

  1
Applies 10 rendering levels
 90
        2
100
AcDbRapidRTRenderSettings
 90
        3
 70
     0
 90
       10
 90
        1
 70
     2
 70
     2
 40
3.0
 40
3.0
290
     1
  0
RAPIDRTRENDERSETTINGS
  5
73E
102
{ACAD_REACTORS
330
73D
102
}
330
73D
100
AcDbRenderSettings
 90
        2
  1
Low
290
     1
290
     0
290
     1
290
     1
  1

  1
Applies 1 rendering level
 90
        0
100
AcDbRapidRTRenderSettings
 90
        3
 70
     0
 90
        1
 90
        1
 70
     0
 70
     2
 40
3.0
 40
3.0
290
     1
  0
RAPIDRTRENDERSETTINGS
  5
742
102
{ACAD_REACTORS
330
73D
102
}
330
73D
100
AcDbRenderSettings
 90
        2
  1
Lunch Quality
290
     1
290
     0
290
     1
290
     1
  1

  1
Renders for 60 minutes
 90
        4
100
AcDbRapidRTRenderSettings
 90
        3
 70
     1
 90
        1
 90
       60
 70
     2
 70
     2
 40
3.0
 40
3.0
290
     1
  0
RAPIDRTRENDERSETTINGS
  5
73F
102
{ACAD_REACTORS
330
73D
102
}
330
73D
100
AcDbRenderSettings
 90
        2
  1
Medium
290
     1
290
     0
290
     1
290
     1
  1

  1
Applies 5 rendering levels
 90
        1
100
AcDbRapidRTRenderSettings
 90
        3
 70
     0
 90
        5
 90
        1
 70
     1
 70
     2
 40
3.0
 40
3.0
290
     1
  0
RAPIDRTRENDERSETTINGS
  5
743
102
{ACAD_REACTORS
330
73D
102
}
330
73D
100
AcDbRenderSettings
 90
        2
  1
Overnight Quality
290
     1
290
     0
290
     1
290
     1
  1

  1
Renders for 12 hours
 90
        5
100
AcDbRapidRTRenderSettings
 90
        3
 70
     1
 90
        1
 90
      720
 70
     2
 70
     2
 40
3.0
 40
3.0
290
     1
  0
SCALE
  5
10D
102
{ACAD_REACTORS
330
10C
102
}
330
10C
100
AcDbScale
 70
     0
300
1:1
140
1.0
141
1.0
290
     1
  0
SCALE
  5
1BE
102
{ACAD_REACTORS
330
10C
102
}
330
10C
100
AcDbScale
 70
     0
300
1:2
140
1.0
141
2.0
290
     0
  0
SCALE
  5
1BF
102
{ACAD_REACTORS
330
10C
102
}
330
10C
100
AcDbScale
 70
     0
300
1:4
140
1.0
141
4.0
290
     0
  0
SCALE
  5
1C0
102
{ACAD_REACTORS
330
10C
102
}
330
10C
100
AcDbScale
 70
     0
300
1:5
140
1.0
141
5.0
290
     0
  0
SCALE
  5
1C1
102
{ACAD_REACTORS
330
10C
102
}
330
10C
100
AcDbScale
 70
     0
300
1:8
140
1.0
141
8.0
290
     0
  0
SCALE
  5
1C2
102
{ACAD_REACTORS
330
10C
102
}
330
10C
100
AcDbScale
 70
     0
300
1:10
140
1.0
141
10.0
290
     0
  0
SCALE
  5
1C3
102
{ACAD_REACTORS
330
10C
102
}
330
10C
100
AcDbScale
 70
     0
300
1:16
140
1.0
141
16.0
290
     0
  0
SCALE
  5
1C4
102
{ACAD_REACTORS
330
10C
102
}
330
10C
100
AcDbScale
 70
     0
300
1:20
140
1.0
141
20.0
290
     0
  0
SCALE
  5
1C5
102
{ACAD_REACTORS
330
10C
102
}
330
10C
100
AcDbScale
 70
     0
300
1:30
140
1.0
141
30.0
290
     0
  0
SCALE
  5
1C6
102
{ACAD_REACTORS
330
10C
102
}
330
10C
100
AcDbScale
 70
     0
300
1:40
140
1.0
141
40.0
290
     0
  0
SCALE
  5
1C7
102
{ACAD_REACTORS
330
10C
102
}
330
10C
100
AcDbScale
 70
     0
300
1:50
140
1.0
141
50.0
290
     0
  0
SCALE
  5
1C8
102
{ACAD_REACTORS
330
10C
102
}
330
10C
100
AcDbScale
 70
     0
300
1:100
140
1.0
141
100.0
290
     0
  0
SCALE
  5
1C9
102
{ACAD_REACTORS
330
10C
102
}
330
10C
100
AcDbScale
 70
     0
300
2:1
140
2.0
141
1.0
290
     0
  0
SCALE
  5
1CA
102
{ACAD_REACTORS
330
10C
102
}
330
10C
100
AcDbScale
 70
     0
300
4:1
140
4.0
141
1.0
290
     0
  0
SCALE
  5
1CB
102
{ACAD_REACTORS
330
10C
102
}
330
10C
100
AcDbScale
 70
     0
300
8:1
140
8.0
141
1.0
290
     0
  0
SCALE
  5
1CC
102
{ACAD_REACTORS
330
10C
102
}
330
10C
100
AcDbScale
 70
     0
300
10:1
140
10.0
141
1.0
290
     0
  0
SCALE
  5
1CD
102
{ACAD_REACTORS
330
10C
102
}
330
10C
100
AcDbScale
 70
     0
300
100:1
140
100.0
141
1.0
290
     0
  0
ACDBSECTIONVIEWSTYLE
  5
21A
102
{ACAD_REACTORS
330
219
102
}
102
{ACAD_XDICTIONARY
360
931
102
}
330
219
100
AcDbModelDocViewStyle
 70
     0
  3
Metric50
290
     0
100
AcDbSectionViewStyle
 70
     0
 71
     0
 90
      102
 71
     1
340
11
 62
   256
 40
5.0
340
0
340
0
 62
   256
 40
5.0
300
I, O, Q, S, X, Z
 40
10.0
 90
        0
 40
2.5
 90
        0
 71
     2
340
16
 90
       25
 62
   256
340
16
 90
       50
 62
   256
 40
5.0
 40
2.5
 40
5.0
 71
     3
340
11
 62
   256
 40
5.0
 90
        0
 40
15.0
 90
        1
300
%<\AcVar ViewSectionStartId>%-%<\AcVar ViewSectionEndId>% (%<\AcVar ViewScale \f "%sn">%)
 71
     4
 62
   256
 62
   257
300
ANSI31
 40
1.0
 90
        0
290
     0
290
     0
 90
        6
 40
0.0
 40
1.570796326794897
 40
0.2617993877991494
 40
1.308996938995747
 40
-0.2617993877991494
 40
1.832595714594046
  0
TABLESTYLE
  5
7F
102
{ACAD_REACTORS
330
7E
102
}
102
{ACAD_XDICTIONARY
360
933
102
}
330
7E
100
AcDbTableStyle
  3
Standard
 70
     0
 71
     0
 40
1.5
 41
1.5
280
     0
281
     0
  7
Standard
140
4.5
170
     2
 62
     0
 63
   257
283
     0
274
    -2
284
     1
 64
     0
275
    -2
285
     1
 65
     0
276
    -2
286
     1
 66
     0
277
    -2
287
     1
 67
     0
278
    -2
288
     1
 68
     0
279
    -2
289
     1
 69
     0
  7
Standard
140
6.0
170
     5
 62
     0
 63
   257
283
     0
274
    -2
284
     1
 64
     0
275
    -2
285
     1
 65
     0
276
    -2
286
     1
 66
     0
277
    -2
287
     1
 67
     0
278
    -2
288
     1
 68
     0
279
    -2
289
     1
 69
     0
  7
Standard
140
4.5
170
     5
 62
     0
 63
   257
283
     0
274
    -2
284
     1
 64
     0
275
    -2
285
     1
 65
     0
276
    -2
286
     1
 66
     0
277
    -2
287
     1
 67
     0
278
    -2
288
     1
 68
     0
279
    -2
289
     1
 69
     0
  0
VISUALSTYLE
  5
F5
102
{ACAD_REACTORS
330
EF
102
}
102
{ACAD_XDICTIONARY
360
936
102
}
330
EF
100
AcDbVisualStyle
  2
2dWireframe
 70
     4
 71
     0
 72
     2
 73
     1
 90
        0
 40
0.6
 41
30.0
 62
     5
 63
     7
421
 16777215
 74
     1
 91
        4
 64
     7
 65
   257
 75
     1
175
     1
 42
1.0
 92
        0
 66
   257
 43
1.0
 76
     1
 77
     6
 78
     2
 67
     7
 79
     5
170
     0
171
     0
290
     0
174
     0
 93
        1
 44
0.0
173
     0
291
     0
 45
0.0
1001
ACAD
1000
AcDbSavedByObjectVersion
1070
     0
  0
VISUALSTYLE
  5
F4
102
{ACAD_REACTORS
330
EF
102
}
102
{ACAD_XDICTIONARY
360
938
102
}
330
EF
100
AcDbVisualStyle
  2
Basic
 70
     7
 71
     1
 72
     0
 73
     1
 90
        0
 40
0.6
 41
30.0
 62
     5
 63
     7
421
 16777215
 74
     0
 91
        4
 64
     7
 65
   257
 75
     1
175
     1
 42
1.0
 92
        8
 66
     7
 43
1.0
 76
     1
 77
     6
 78
     2
 67
     7
 79
     5
170
     0
171
     0
290
     0
174
     0
 93
        1
 44
0.0
173
     0
291
     1
 45
0.0
1001
ACAD
1000
AcDbSavedByObjectVersion
1070
     0
  0
VISUALSTYLE
  5
FB
102
{ACAD_REACTORS
330
EF
102
}
102
{ACAD_XDICTIONARY
360
93A
102
}
330
EF
100
AcDbVisualStyle
  2
Brighten
 70
    12
 71
     2
 72
     2
 73
     1
 90
        0
 40
0.6
 41
30.0
 62
     5
 63
     7
421
 16777215
 74
     1
 91
        4
 64
     7
 65
   257
 75
     1
175
     1
 42
1.0
 92
        8
 66
     7
 43
1.0
 76
     1
 77
     6
 78
     2
 67
     7
 79
     5
170
     0
171
     0
290
     0
174
     0
 93
        1
 44
50.0
173
     0
291
     1
 45
0.0
1001
ACAD
1000
AcDbSavedByObjectVersion
1070
     0
  0
VISUALSTYLE
  5
FF
102
{ACAD_REACTORS
330
EF
102
}
102
{ACAD_XDICTIONARY
360
93C
102
}
330
EF
100
AcDbVisualStyle
  2
ColorChange
 70
    16
 71
     2
 72
     2
 73
     3
 90
        0
 40
0.6
 41
30.0
 62
     5
 63
     8
421
  8421504
 74
     1
 91
        4
 64
     7
 65
   257
 75
     1
175
     1
 42
1.0
 92
        8
 66
     8
424
  8421504
 43
1.0
 76
     1
 77
     6
 78
     2
 67
     7
 79
     5
170
     0
171
     0
290
     0
174
     0
 93
        1
 44
0.0
173
     0
291
     1
 45
0.0
1001
ACAD
1000
AcDbSavedByObjectVersion
1070
     0
  0
VISUALSTYLE
  5
F8
102
{ACAD_REACTORS
330
EF
102
}
102
{ACAD_XDICTIONARY
360
93E
102
}
330
EF
100
AcDbVisualStyle
  2
Conceptual
 70
     9
 71
     3
 72
     2
 73
     1
 90
        0
 40
0.6
 41
30.0
 62
     5
 63
     7
421
 16777215
 74
     2
 91
        2
 64
     7
 65
   257
 75
     1
175
     1
 42
40.0
 92
        8
 66
     7
 43
1.0
 76
     1
 77
     6
 78
     2
 67
     7
 79
     3
170
     0
171
     0
290
     0
174
     0
 93
        1
 44
0.0
173
     0
291
     0
 45
0.0
1001
ACAD
1000
AcDbSavedByObjectVersion
1070
     0
  0
VISUALSTYLE
  5
FA
102
{ACAD_REACTORS
330
EF
102
}
102
{ACAD_XDICTIONARY
360
940
102
}
330
EF
100
AcDbVisualStyle
  2
Dim
 70
    11
 71
     2
 72
     2
 73
     1
 90
        0
 40
0.6
 41
30.0
 62
     5
 63
     7
421
 16777215
 74
     1
 91
        4
 64
     7
 65
   257
 75
     1
175
     1
 42
1.0
 92
        8
 66
     7
 43
1.0
 76
     1
 77
     6
 78
     2
 67
     7
 79
     5
170
     0
171
     0
290
     0
174
     0
 93
        1
 44
-50.0
173
     0
291
     1
 45
0.0
1001
ACAD
1000
AcDbSavedByObjectVersion
1070
     0
  0
VISUALSTYLE
  5
1E6
102
{ACAD_REACTORS
330
EF
102
}
102
{ACAD_XDICTIONARY
360
942
102
}
330
EF
100
AcDbVisualStyle
  2
EdgeColorOff
 70
    22
 71
     2
 72
     2
 73
     0
 90
        0
 40
0.6
 41
30.0
 62
     5
 63
     7
421
 16777215
 74
     1
 91
        4
 64
     7
 65
   257
 75
     1
175
     1
 42
1.0
 92
        8
 66
     7
 43
1.0
 76
     1
 77
     6
 78
     2
 67
     7
 79
     5
170
     0
171
     0
290
     0
174
     0
 93
        1
 44
0.0
173
     0
291
     1
 45
0.0
1001
ACAD
1000
AcDbSavedByObjectVersion
1070
     0
  0
VISUALSTYLE
  5
FE
102
{ACAD_REACTORS
330
EF
102
}
102
{ACAD_XDICTIONARY
360
944
102
}
330
EF
100
AcDbVisualStyle
  2
Facepattern
 70
    15
 71
     2
 72
     2
 73
     1
 90
        0
 40
0.6
 41
30.0
 62
     5
 63
     7
421
 16777215
 74
     1
 91
        4
 64
     7
 65
   257
 75
     1
175
     1
 42
1.0
 92
        8
 66
     7
 43
1.0
 76
     1
 77
     6
 78
     2
 67
     7
 79
     5
170
     0
171
     0
290
     0
174
     0
 93
        1
 44
0.0
173
     0
291
     1
 45
0.0
1001
ACAD
1000
AcDbSavedByObjectVersion
1070
     0
  0
VISUALSTYLE
  5
F0
102
{ACAD_REACTORS
330
EF
102
}
102
{ACAD_XDICTIONARY
360
946
102
}
330
EF
100
AcDbVisualStyle
  2
Flat
 70
     0
 71
     2
 72
     1
 73
     1
 90
        2
 40
0.6
 41
30.0
 62
     5
 63
     7
421
 16777215
 74
     0
 91
        0
 64
     7
 65
   257
 75
     1
175
     1
 42
1.0
 92
        8
 66
     7
 43
1.0
 76
     1
 77
     6
 78
     2
 67
     7
 79
     5
170
     0
171
     0
290
     0
174
     0
 93
       13
 44
0.0
173
     0
291
     1
 45
0.0
1001
ACAD
1000
AcDbSavedByObjectVersion
1070
     0
  0
VISUALSTYLE
  5
F1
102
{ACAD_REACTORS
330
EF
102
}
102
{ACAD_XDICTIONARY
360
948
102
}
330
EF
100
AcDbVisualStyle
  2
FlatWithEdges
 70
     1
 71
     2
 72
     1
 73
     1
 90
        2
 40
0.6
 41
30.0
 62
     5
 63
     7
421
 16777215
 74
     1
 91
        0
 64
     7
 65
   257
 75
     1
175
     1
 42
1.0
 92
        0
 66
   257
 43
1.0
 76
     1
 77
     6
 78
     2
 67
     7
 79
     5
170
     0
171
     0
290
     0
174
     0
 93
       13
 44
0.0
173
     0
291
     1
 45
0.0
1001
ACAD
1000
AcDbSavedByObjectVersion
1070
     0
  0
VISUALSTYLE
  5
F2
102
{ACAD_REACTORS
330
EF
102
}
102
{ACAD_XDICTIONARY
360
94A
102
}
330
EF
100
AcDbVisualStyle
  2
Gouraud
 70
     2
 71
     2
 72
     2
 73
     1
 90
        2
 40
0.6
 41
30.0
 62
     5
 63
     7
421
 16777215
 74
     0
 91
        0
 64
     7
 65
   257
 75
     1
175
     1
 42
1.0
 92
        0
 66
     7
 43
1.0
 76
     1
 77
     6
 78
     2
 67
     7
 79
     5
170
     0
171
     0
290
     0
174
     0
 93
       13
 44
0.0
173
     0
291
     1
 45
0.0
1001
ACAD
1000
AcDbSavedByObjectVersion
1070
     0
  0
VISUALSTYLE
  5
F3
102
{ACAD_REACTORS
330
EF
102
}
102
{ACAD_XDICTIONARY
360
94C
102
}
330
EF
100
AcDbVisualStyle
  2
GouraudWithEdges
 70
     3
 71
     2
 72
     2
 73
     1
 90
        2
 40
0.6
 41
30.0
 62
     5
 63
     7
421
 16777215
 74
     1
 91
        0
 64
     7
 65
   257
 75
     1
175
     1
 42
1.0
 92
        0
 66
   257
 43
1.0
 76
     1
 77
     6
 78
     2
 67
     7
 79
     5
170
     0
171
     0
290
     0
174
     0
 93
       13
 44
0.0
173
     0
291
     1
 45
0.0
1001
ACAD
1000
AcDbSavedByObjectVersion
1070
     0
  0
VISUALSTYLE
  5
F7
102
{ACAD_REACTORS
330
EF
102
}
102
{ACAD_XDICTIONARY
360
94E
102
}
330
EF
100
AcDbVisualStyle
  2
Hidden
 70
     6
 71
     1
 72
     2
 73
     2
 90
        0
 40
0.6
 41
30.0
 62
     5
 63
     7
421
 16777215
 74
     2
 91
        2
 64
     7
 65
   257
 75
     2
175
     1
 42
40.0
 92
        0
 66
   257
 43
1.0
 76
     1
 77
     6
 78
     2
 67
     7
 79
     3
170
     0
171
     0
290
     0
174
     0
 93
        1
 44
0.0
173
     0
291
     0
 45
0.0
1001
ACAD
1000
AcDbSavedByObjectVersion
1070
     0
  0
VISUALSTYLE
  5
1E4
102
{ACAD_REACTORS
330
EF
102
}
102
{ACAD_XDICTIONARY
360
950
102
}
330
EF
100
AcDbVisualStyle
  2
JitterOff
 70
    20
 71
     2
 72
     2
 73
     0
 90
        0
 40
0.6
 41
30.0
 62
     5
 63
     7
421
 16777215
 74
     1
 91
        4
 64
     7
 65
   257
 75
     1
175
     1
 42
1.0
 92
       10
 66
     7
 43
1.0
 76
     1
 77
     6
 78
     2
 67
     7
 79
     5
170
     0
171
     0
290
     0
174
     0
 93
        1
 44
0.0
173
     0
291
     1
 45
0.0
1001
ACAD
1000
AcDbSavedByObjectVersion
1070
     0
  0
VISUALSTYLE
  5
FD
102
{ACAD_REACTORS
330
EF
102
}
102
{ACAD_XDICTIONARY
360
952
102
}
330
EF
100
AcDbVisualStyle
  2
Linepattern
 70
    14
 71
     2
 72
     2
 73
     1
 90
        0
 40
0.6
 41
30.0
 62
     5
 63
     7
421
 16777215
 74
     1
 91
        4
 64
     7
 65
   257
 75
     7
175
     7
 42
1.0
 92
        8
 66
     7
 43
1.0
 76
     1
 77
     6
 78
     2
 67
     7
 79
     5
170
     0
171
     0
290
     0
174
     0
 93
        1
 44
0.0
173
     0
291
     1
 45
0.0
1001
ACAD
1000
AcDbSavedByObjectVersion
1070
     0
  0
VISUALSTYLE
  5
1E5
102
{ACAD_REACTORS
330
EF
102
}
102
{ACAD_XDICTIONARY
360
954
102
}
330
EF
100
AcDbVisualStyle
  2
OverhangOff
 70
    21
 71
     2
 72
     2
 73
     0
 90
        0
 40
0.6
 41
30.0
 62
     5
 63
     7
421
 16777215
 74
     1
 91
        4
 64
     7
 65
   257
 75
     1
175
     1
 42
1.0
 92
        9
 66
     7
 43
1.0
 76
     1
 77
     6
 78
     2
 67
     7
 79
     5
170
     0
171
     0
290
     0
174
     0
 93
        1
 44
0.0
173
     0
291
     1
 45
0.0
1001
ACAD
1000
AcDbSavedByObjectVersion
1070
     0
  0
VISUALSTYLE
  5
F9
102
{ACAD_REACTORS
330
EF
102
}
102
{ACAD_XDICTIONARY
360
956
102
}
330
EF
100
AcDbVisualStyle
  2
Realistic
 70
     8
 71
     2
 72
     3
 73
     0
 90
        2
 40
0.6
 41
30.0
 62
     5
 63
     7
421
 16777215
 74
     0
 91
        0
 64
     7
 65
   257
 75
     1
175
     1
 42
1.0
 92
        8
 66
   257
 43
1.0
 76
     1
 77
     6
 78
     2
 67
     7
 79
     3
170
     0
171
     0
290
     0
174
     0
 93
       13
 44
0.0
173
     0
291
     0
 45
0.0
1001
ACAD
1000
AcDbSavedByObjectVersion
1070
     0
  0
VISUALSTYLE
  5
1F3
102
{ACAD_REACTORS
330
EF
102
}
102
{ACAD_XDICTIONARY
360
958
102
}
330
EF
100
AcDbVisualStyle
  2
Shaded
 70
    27
 71
     2
 72
     2
 73
     1
 90
        2
 40
0.6
 41
30.0
 62
     5
 63
     7
421
 16777215
 74
     0
 91
        4
 64
     7
 65
   257
 75
     1
175
     1
 42
1.0
 92
        8
 66
   257
 43
1.0
 76
     1
 77
     6
 78
     2
 67
     8
425
  7895160
 79
     3
170
     0
171
     0
290
     0
174
     0
 93
        5
 44
0.0
173
     0
291
     0
 45
0.0
1001
ACAD
1000
AcDbSavedByObjectVersion
1070
     0
  0
VISUALSTYLE
  5
1F2
102
{ACAD_REACTORS
330
EF
102
}
102
{ACAD_XDICTIONARY
360
95A
102
}
330
EF
100
AcDbVisualStyle
  2
Shaded with edges
 70
    26
 71
     2
 72
     2
 73
     1
 90
        2
 40
0.6
 41
30.0
 62
     5
 63
     7
421
 16777215
 74
     1
 91
        2
 64
     7
 65
   257
 75
     2
175
     1
 42
1.0
 92
        8
 66
   257
 43
1.0
 76
     1
 77
     6
 78
     2
 67
     7
 79
     3
170
     0
171
     0
290
     0
174
     0
 93
        5
 44
0.0
173
     0
291
     0
 45
0.0
1001
ACAD
1000
AcDbSavedByObjectVersion
1070
     0
  0
VISUALSTYLE
  5
1EF
102
{ACAD_REACTORS
330
EF
102
}
102
{ACAD_XDICTIONARY
360
95C
102
}
330
EF
100
AcDbVisualStyle
  2
Shades of Gray
 70
    23
 71
     2
 72
     2
 73
     3
 90
        0
 40
0.6
 41
30.0
 62
     5
 63
     7
421
 16777215
 74
     2
 91
        2
 64
     7
 65
     7
 75
     1
175
     1
 42
40.0
 92
        8
 66
     7
 43
1.0
 76
     1
 77
     6
 78
     2
 67
     7
 79
     3
170
     0
171
     0
290
     0
174
     0
 93
        1
 44
0.0
173
     0
291
     0
 45
0.0
1001
ACAD
1000
AcDbSavedByObjectVersion
1070
     0
  0
VISUALSTYLE
  5
1F0
102
{ACAD_REACTORS
330
EF
102
}
102
{ACAD_XDICTIONARY
360
95E
102
}
330
EF
100
AcDbVisualStyle
  2
Sketchy
 70
    24
 71
     1
 72
     2
 73
     2
 90
        0
 40
0.6
 41
30.0
 62
     5
 63
     7
421
 16777215
 74
     2
 91
        2
 64
     7
 65
     7
 75
     1
175
     1
 42
40.0
 92
       11
 66
     7
 43
1.0
 76
     1
 77
     6
 78
     2
 67
     7
 79
     6
170
     0
171
     0
290
     0
174
     0
 93
        1
 44
0.0
173
     0
291
     0
 45
0.0
1001
ACAD
1000
AcDbSavedByObjectVersion
1070
     0
  0
VISUALSTYLE
  5
FC
102
{ACAD_REACTORS
330
EF
102
}
102
{ACAD_XDICTIONARY
360
960
102
}
330
EF
100
AcDbVisualStyle
  2
Thicken
 70
    13
 71
     2
 72
     2
 73
     1
 90
        0
 40
0.6
 41
30.0
 62
     5
 63
     7
421
 16777215
 74
     1
 91
        4
 64
     7
 65
   257
 75
     1
175
     1
 42
1.0
 92
       12
 66
     7
 43
1.0
 76
     1
 77
     6
 78
     2
 67
     7
 79
     5
170
     0
171
     0
290
     0
174
     0
 93
        1
 44
0.0
173
     0
291
     1
 45
0.0
1001
ACAD
1000
AcDbSavedByObjectVersion
1070
     0
  0
VISUALSTYLE
  5
F6
102
{ACAD_REACTORS
330
EF
102
}
102
{ACAD_XDICTIONARY
360
962
102
}
330
EF
100
AcDbVisualStyle
  2
Wireframe
 70
     5
 71
     0
 72
     2
 73
     0
 90
        0
 40
0.6
 41
30.0
 62
     5
 63
     7
421
 16777215
 74
     1
 91
        4
 64
     7
 65
   257
 75
     1
175
     1
 42
1.0
 92
        0
 66
   257
 43
1.0
 76
     1
 77
     6
 78
     2
 67
     7
 79
     3
170
     0
171
     0
290
     0
174
     0
 93
        1
 44
0.0
173
     0
291
     0
 45
0.0
1001
ACAD
1000
AcDbSavedByObjectVersion
1070
     0
  0
VISUALSTYLE
  5
1F1
102
{ACAD_REACTORS
330
EF
102
}
102
{ACAD_XDICTIONARY
360
964
102
}
330
EF
100
AcDbVisualStyle
  2
X-Ray
 70
    25
 71
     2
 72
     2
 73
     1
 90
        1
 40
0.5
 41
30.0
 62
     5
 63
     7
421
 16777215
 74
     1
 91
        0
 64
     7
 65
   257
 75
     1
175
     1
 42
1.0
 92
        8
 66
     7
 43
1.0
 76
     1
 77
     6
 78
     2
 67
     7
 79
     3
170
     0
171
     0
290
     0
174
     0
 93
       13
 44
0.0
173
     0
291
     0
 45
0.0
1001
ACAD
1000
AcDbSavedByObjectVersion
1070
     0
  0
DICTIONARYVAR
  5
146
102
{ACAD_REACTORS
330
5E
102
}
330
5E
100
DictionaryVariables
280
     0
  1
1:1
  0
DICTIONARYVAR
  5
259
102
{ACAD_REACTORS
330
5E
102
}
330
5E
100
DictionaryVariables
280
     0
  1
3.500000
  0
DICTIONARYVAR
  5
25A
102
{ACAD_REACTORS
330
5E
102
}
330
5E
100
DictionaryVariables
280
     0
  1
acadiso.lin
  0
DICTIONARYVAR
  5
145
102
{ACAD_REACTORS
330
5E
102
}
330
5E
100
DictionaryVariables
280
     0
  1
Standard
  0
DICTIONARYVAR
  5
84
102
{ACAD_REACTORS
330
5E
102
}
330
5E
100
DictionaryVariables
280
     0
  1
Standard
  0
DICTIONARYVAR
  5
227
102
{ACAD_REACTORS
330
5E
102
}
330
5E
100
DictionaryVariables
280
     0
  1
Metric50
  0
DICTIONARYVAR
  5
228
102
{ACAD_REACTORS
330
5E
102
}
330
5E
100
DictionaryVariables
280
     0
  1
Metric50
  0
DICTIONARYVAR
  5
5F
102
{ACAD_REACTORS
330
5E
102
}
330
5E
100
DictionaryVariables
280
     0
  1
2
  0
DICTIONARYVAR
  5
63
102
{ACAD_REACTORS
330
5E
102
}
330
5E
100
DictionaryVariables
280
     0
  1
1
  0
DICTIONARYVAR
  5
63B
102
{ACAD_REACTORS
330
5E
102
}
330
5E
100
DictionaryVariables
280
     0
  1
BYLAYER
  0
DICTIONARYVAR
  5
63A
102
{ACAD_REACTORS
330
5E
102
}
330
5E
100
DictionaryVariables
280
     0
  1
ByLayer
  0
DICTIONARYVAR
  5
1AE
102
{ACAD_REACTORS
330
5E
102
}
330
5E
100
DictionaryVariables
280
     0
  1
0
  0
DICTIONARYVAR
  5
1AF
102
{ACAD_REACTORS
330
5E
102
}
330
5E
100
DictionaryVariables
280
     0
  1
0
  0
DICTIONARYVAR
  5
925
102
{ACAD_REACTORS
330
5E
102
}
330
5E
100
DictionaryVariables
280
     0
  1
1
  0
DICTIONARYVAR
  5
926
102
{ACAD_REACTORS
330
5E
102
}
330
5E
100
DictionaryVariables
280
     0
  1
2
  0
DICTIONARY
  5
968
102
{ACAD_REACTORS
330
967
102
}
330
967
100
AcDbDictionary
281
     1
  0
DICTIONARY
  5
969
102
{ACAD_REACTORS
330
967
102
}
330
967
100
AcDbDictionary
281
     1
  3
8796092699136
350
96A
  3
8796092699152
350
96B
  3
8796092699168
350
96C
  3
8796092699184
350
96D
  3
8796092699200
350
96E
  3
8796092699216
350
96F
  0
DICTIONARY
  5
927
330
21C
100
AcDbDictionary
280
     1
281
     1
  3
ACAD_XREC_ROUNDTRIP
360
928
  0
DICTIONARY
  5
205
330
22
100
AcDbDictionary
280
     1
281
     1
  3
AcPublish_PlotSettingsOverride
360
90A
  3
ADSK_XREC_LAYOUTTHUMBNAIL
360
929
  0
DICTIONARY
  5
1F9
330
ED
100
AcDbDictionary
280
     1
281
     1
  3
ACAD_XREC_ROUNDTRIP
360
92A
  3
FBXASSET
360
1FA
  0
DICTIONARY
  5
1F7
330
EC
100
AcDbDictionary
280
     1
281
     1
  3
ACAD_XREC_ROUNDTRIP
360
92B
  3
FBXASSET
360
1F8
  0
DICTIONARY
  5
173
330
EE
100
AcDbDictionary
280
     1
281
     1
  3
ACAD_XREC_ROUNDTRIP
360
92C
  3
FBXASSET
360
1FB
  0
DICTIONARY
  5
92D
330
13B
100
AcDbDictionary
280
     1
281
     1
  3
ACAD_XREC_ROUNDTRIP
360
92E
  0
DICTIONARY
  5
92F
330
12E
100
AcDbDictionary
280
     1
281
     1
  3
ACAD_XREC_ROUNDTRIP
360
930
  0
DICTIONARY
  5
931
330
21A
100
AcDbDictionary
280
     1
281
     1
  3
ACAD_XREC_ROUNDTRIP
360
932
  0
DICTIONARY
  5
933
330
7F
100
AcDbDictionary
280
     1
281
     1
  3
ACAD_ROUNDTRIP_2008_TABLESTYLE_CELLSTYLEMAP
360
935
  3
ACAD_XREC_ROUNDTRIP
360
934
  0
DICTIONARY
  5
936
330
F5
100
AcDbDictionary
280
     1
281
     1
  3
ACAD_XREC_ROUNDTRIP
360
937
  0
DICTIONARY
  5
938
330
F4
100
AcDbDictionary
280
     1
281
     1
  3
ACAD_XREC_ROUNDTRIP
360
939
  0
DICTIONARY
  5
93A
330
FB
100
AcDbDictionary
280
     1
281
     1
  3
ACAD_XREC_ROUNDTRIP
360
93B
  0
DICTIONARY
  5
93C
330
FF
100
AcDbDictionary
280
     1
281
     1
  3
ACAD_XREC_ROUNDTRIP
360
93D
  0
DICTIONARY
  5
93E
330
F8
100
AcDbDictionary
280
     1
281
     1
  3
ACAD_XREC_ROUNDTRIP
360
93F
  0
DICTIONARY
  5
940
330
FA
100
AcDbDictionary
280
     1
281
     1
  3
ACAD_XREC_ROUNDTRIP
360
941
  0
DICTIONARY
  5
942
330
1E6
100
AcDbDictionary
280
     1
281
     1
  3
ACAD_XREC_ROUNDTRIP
360
943
  0
DICTIONARY
  5
944
330
FE
100
AcDbDictionary
280
     1
281
     1
  3
ACAD_XREC_ROUNDTRIP
360
945
  0
DICTIONARY
  5
946
330
F0
100
AcDbDictionary
280
     1
281
     1
  3
ACAD_XREC_ROUNDTRIP
360
947
  0
DICTIONARY
  5
948
330
F1
100
AcDbDictionary
280
     1
281
     1
  3
ACAD_XREC_ROUNDTRIP
360
949
  0
DICTIONARY
  5
94A
330
F2
100
AcDbDictionary
280
     1
281
     1
  3
ACAD_XREC_ROUNDTRIP
360
94B
  0
DICTIONARY
  5
94C
330
F3
100
AcDbDictionary
280
     1
281
     1
  3
ACAD_XREC_ROUNDTRIP
360
94D
  0
DICTIONARY
  5
94E
330
F7
100
AcDbDictionary
280
     1
281
     1
  3
ACAD_XREC_ROUNDTRIP
360
94F
  0
DICTIONARY
  5
950
330
1E4
100
AcDbDictionary
280
     1
281
     1
  3
ACAD_XREC_ROUNDTRIP
360
951
  0
DICTIONARY
  5
952
330
FD
100
AcDbDictionary
280
     1
281
     1
  3
ACAD_XREC_ROUNDTRIP
360
953
  0
DICTIONARY
  5
954
330
1E5
100
AcDbDictionary
280
     1
281
     1
  3
ACAD_XREC_ROUNDTRIP
360
955
  0
DICTIONARY
  5
956
330
F9
100
AcDbDictionary
280
     1
281
     1
  3
ACAD_XREC_ROUNDTRIP
360
957
  0
DICTIONARY
  5
958
330
1F3
100
AcDbDictionary
280
     1
281
     1
  3
ACAD_XREC_ROUNDTRIP
360
959
  0
DICTIONARY
  5
95A
330
1F2
100
AcDbDictionary
280
     1
281
     1
  3
ACAD_XREC_ROUNDTRIP
360
95B
  0
DICTIONARY
  5
95C
330
1EF
100
AcDbDictionary
280
     1
281
     1
  3
ACAD_XREC_ROUNDTRIP
360
95D
  0
DICTIONARY
  5
95E
330
1F0
100
AcDbDictionary
280
     1
281
     1
  3
ACAD_XREC_ROUNDTRIP
360
95F
  0
DICTIONARY
  5
960
330
FC
100
AcDbDictionary
280
     1
281
     1
  3
ACAD_XREC_ROUNDTRIP
360
961
  0
DICTIONARY
  5
962
330
F6
100
AcDbDictionary
280
     1
281
     1
  3
ACAD_XREC_ROUNDTRIP
360
963
  0
DICTIONARY
  5
964
330
1F1
100
AcDbDictionary
280
     1
281
     1
  3
ACAD_XREC_ROUNDTRIP
360
965
  0
XRECORD
  5
96A
102
{ACAD_REACTORS
330
969
102
}
330
969
100
AcDbXrecord
280
     1
  1
AcDb_Thumbnail_Schema
102
{ATTRRECORD
341
96C
  2
AcDbDs::TreatedAsObjectData
280
     1
291
     1
102
ATTRRECORD}
102
{ATTRRECORD
341
96D
  2
AcDbDs::Legacy
280
     1
291
     1
102
ATTRRECORD}
  2
AcDbDs::ID
280
    10
 91
        8
102
{ATTRRECORD
341
96E
  2
AcDs:Indexable
280
     1
291
     1
102
ATTRRECORD}
102
{ATTRRECORD
341
96F
  2
AcDbDs::HandleAttribute
280
     7
282
     1
102
ATTRRECORD}
  2
Thumbnail_Data
280
    15
 91
        0
  0
XRECORD
  5
96B
102
{ACAD_REACTORS
330
969
102
}
330
969
100
AcDbXrecord
280
     1
  1
AcDb3DSolid_ASM_Data
102
{ATTRRECORD
341
96C
  2
AcDbDs::TreatedAsObjectData
280
     1
291
     1
102
ATTRRECORD}
102
{ATTRRECORD
341
96D
  2
AcDbDs::Legacy
280
     1
291
     1
102
ATTRRECORD}
  2
AcDbDs::ID
280
    10
 91
        8
102
{ATTRRECORD
341
96E
  2
AcDs:Indexable
280
     1
291
     1
102
ATTRRECORD}
102
{ATTRRECORD
341
96F
  2
AcDbDs::HandleAttribute
280
     7
282
     1
102
ATTRRECORD}
  2
ASM_Data
280
    15
 91
        0
  0
XRECORD
  5
96C
102
{ACAD_REACTORS
330
969
102
}
330
969
100
AcDbXrecord
280
     1
  1
AcDbDs::TreatedAsObjectDataSchema
  2
AcDbDs::TreatedAsObjectData
280
     1
 91
        0
  0
XRECORD
  5
96D
102
{ACAD_REACTORS
330
969
102
}
330
969
100
AcDbXrecord
280
     1
  1
AcDbDs::LegacySchema
  2
AcDbDs::Legacy
280
     1
 91
        0
  0
XRECORD
  5
96E
102
{ACAD_REACTORS
330
969
102
}
330
969
100
AcDbXrecord
280
     1
  1
AcDbDs::IndexedPropertySchema
  2
AcDs:Indexable
280
     1
 91
        0
  0
XRECORD
  5
96F
102
{ACAD_REACTORS
330
969
102
}
330
969
100
AcDbXrecord
280
     1
  1
AcDbDs::HandleAttributeSchema
  2
AcDbDs::HandleAttribute
280
     7
 91
        1
284
     1
  0
XRECORD
  5
928
102
{ACAD_REACTORS
330
927
102
}
330
927
100
AcDbXrecord
280
     1
102
DISPLAYNAME
  1
Metric50
102
FLAGS
 90
        0
  0
PLOTSETTINGS
  5
90A
102
{ACAD_REACTORS
330
205
102
}
330
205
100
AcDbPlotSettings
  1

  2
none_device
  4
ISO_A4_(210.00_x_297.00_MM)
  6

 40
7.5
 41
20.0
 42
7.5
 43
20.0
 44
210.0
 45
297.0
 46
11.54999923706055
 47
-13.65000009536743
 48
0.0
 49
0.0
140
0.0
141
0.0
142
1.0
143
10.56207271565824
 70
 11952
 72
     1
 73
     0
 74
     0
  7

 75
     0
 76
     0
 77
     2
 78
   300
147
0.0946783862335566
148
-95.99113597765245
149
-417.9815678711293
1001
ACAD_PSEXT
1000
None
1000
None
1000
Not applicable
1000
The layout will not be plotted unless a new plotter configuration name is selected.
1070
     0
  0
XRECORD
  5
929
102
{ACAD_REACTORS
330
205
102
}
330
205
100
AcDbXrecord
280
     1
310
2800000000010000640000000100080000000000006400000000000000000000000000000000000030282100FFFFFF00302821000000000000000000000000000000000000000000000000000000000000000000330000006600000099000000CC000000FF00000000330000333300006633000099330000CC330000FF3300
310
0000660000336600006666000099660000CC660000FF66000000990000339900006699000099990000CC990000FF99000000CC000033CC000066CC000099CC0000CCCC0000FFCC000000FF000033FF000066FF000099FF0000CCFF0000FFFF000000003300330033006600330099003300CC003300FF003300003333003333
310
33006633330099333300CC333300FF33330000663300336633006666330099663300CC663300FF66330000993300339933006699330099993300CC993300FF99330000CC330033CC330066CC330099CC3300CCCC3300FFCC330000FF330033FF330066FF330099FF3300CCFF3300FFFF330000006600330066006600660099
310
006600CC006600FF00660000336600333366006633660099336600CC336600FF33660000666600336666006666660099666600CC666600FF66660000996600339966006699660099996600CC996600FF99660000CC660033CC660066CC660099CC6600CCCC6600FFCC660000FF660033FF660066FF660099FF6600CCFF6600
310
FFFF660000009900330099006600990099009900CC009900FF00990000339900333399006633990099339900CC339900FF33990000669900336699006666990099669900CC669900FF66990000999900339999006699990099999900CC999900FF99990000CC990033CC990066CC990099CC9900CCCC9900FFCC990000FF99
310
0033FF990066FF990099FF9900CCFF9900FFFF99000000CC003300CC006600CC009900CC00CC00CC00FF00CC000033CC003333CC006633CC009933CC00CC33CC00FF33CC000066CC003366CC006666CC009966CC00CC66CC00FF66CC000099CC003399CC006699CC009999CC00CC99CC00FF99CC0000CCCC0033CCCC0066CC
310
CC0099CCCC00CCCCCC00FFCCCC0000FFCC0033FFCC0066FFCC0099FFCC00CCFFCC00FFFFCC000000FF003300FF006600FF009900FF00CC00FF00FF00FF000033FF003333FF006633FF009933FF00CC33FF00FF33FF000066FF003366FF006666FF009966FF00CC66FF00FF66FF000099FF003399FF006699FF009999FF00CC
310
99FF00FF99FF0000CCFF0033CCFF0066CCFF0099CCFF00CCCCFF00FFCCFF0000FFFF0033FFFF0066FFFF0099FFFF00CCFFFF00FFFFFF00000000000D0D0D001A1A1A00282828003535350043434300505050005D5D5D006B6B6B00787878008686860093939300A1A1A100AEAEAE00BBBBBB00C9C9C900D6D6D600E4E4E400
310
F1F1F100FFFFFF000000000000000000000000000000000000000000000000000000000000000000000000000000000000000000000000000000000000000000000000000000000000000000000000000000000000000000000000000000000000000000000000000000000000000000000000000000000000000000000000
310
00000000000000000000000000000000000000000000000000000000000000000000000000000000000000000000000000000000000000000000000000000000000000000000000000000000000000000000000000000000000000000000000000000000000000000000000000000000000000000000000000000000000000
310
00000000000000000000000000000000000000000000000000000000000000000000000000000000000000000000000000000000000000000000000000000000000000000000000000000000000000000000000000000000000000000000000000000000000000000000000000000000000000000000000000000000000000
310
00000000000000000000000000000000000000000000000000000000000000000000000000000000000000000000000000000000000000000000000000000000000000000000000000000000000000000000000000000000000000000000000000000000000000000000000000000000000000000000000000000000000000
310
00000000000000000000000000000000000000000000000000000000000000000000000000000000000000000000000000000000000000000000000000000000000000000000000000000000000000000000000000000000000000000000000000000000000000000000000000000000000000000000000000000000000000
310
00000000000000000000000000000000000000000000000000000000000000000000000000000000000000000000000000000000000000000000000000000000000000000000000000000000000000000000000000000000000000000000000000000000000000000000000000000000000000000000000000000000000000
310
00000000000000000000000000000000000000000000000000000000000000000000000000000000000000000000000000000000000000000000000000000000000000000000000000000000000000000000000000000000000000000000000000000000000000000000000000000000000000000000000000000000000000
310
00000000000000000000000000000000000000000000000000000000000000000000000000000000000000000000000000000000000000000000000000000000000000000000000000000000000000000000000000000000000000000000000000000000000000000000000000000000000000000000000000000000000000
310
00000000000000000000000000000000000000000000000000000000000000000000000000000000000000000000000000000000000000000000000000000000000000000000000000000000000000000000000000000000000000000000000000000000000000000000000000000000000000000000000000000000000000
310
00000000000000000000000000000000000000000000000000000000000000000000000000000000000000000000000000000000000000000000000000000000000000000000000000000000000000000000000000000000000000000000000000000000000000000000000000000000000000000000000000000000000000
310
00000000000000000000000000000000000000000000000000000000000000000000000000000000000000000000000000000000000000000000000000000000000000000000000000000000000000000000000000000000000000000000000000000000000000000000000000000000000000000000000000000000000000
310
00000000000000000000000000000000000000000000000000000000000000000000000000000000000000000000000000000000000000000000000000000000000000000000000000000000000000000000000000000000000000000000000000000000000000000000000000000000000000000000000000000000000000
310
00000000000000000000000000000000000000000000000000000000000000000000000000000000000000000000000000000000000000000000000000000000000000000000000000000000000000000000000000000000000000000000000000000000000000000000000000000000000000000000000000000000000000
310
00000000000000000000000000000000000000000000000000000000000000000000000000000000000000000000000000000000000000000000000000000000000000000000000000000000000000000000000000000000000000000000000000000000000000000000000000000000000000000000000000000000000000
310
00000000000000000000000000000000000000000000000000000000000000000000000000000000000000000000000000000000000000000000000000000000000000000000000000000000000000000000000000000000000000000000000000000000000000000000000000000000000000000000000000000000000000
310
00000000000000000000000000000000000000000000000000000000000000000000000000000000000000000000000000000000000000000000000000000000000000000000000000000000000000000000000000000000000000000000000000000000000000000000000000000000000000000000000000000000000000
310
00000000000000000000000000000000000000000000000000000000000000000000000000000000000000000000000000000000000000000000000000000000000000000000000000000000000000000000000000000000000000000000000000000000000000000000000000000000000000000000000000000000000000
310
00000000000000000000000000000000000000000000000000000000000000000000000000000000000000000000000000000000000000000000000000000000000000000000000000000000000000000000000000000000000000000000000000000000000000000000000000000000000000000000000000000000000000
310
00000000000000000000000000000000000000000000000000000000000000000000000000000000000000000000000000000000000000000000000000000000000000000000000000000000000000000000000000000000000000000000000000000000000000000000000000000000000000000000000000000000000000
310
00000000000000000000000000000000000000000000000000000000000000000000000000000000000000000000000000000000000000000000000000000000000000000000000000000000000000000000000000000000000000000000000000000000000000000000000000000000000000000000000000000000000000
310
00000000000000000000000000000000000000000000000000000000000000000000000000000000000000000000000000000000000000000000000000000000000000000000000000000000000000000000000000000000000000000000000000000000000000000000000000000000000000000000000000000000000000
310
00000000000000000000000000000000000000000000000000000000000000000000000000000000000000000000000000000000000000000000000000000000000000000000000000000000000000000000000000000000000000000000000000000000000000000000000000000000000000000000000000000000000000
310
00000000000000000000000000000000000000000000000000000000000000000000000000000000000000000000000000000000000000000000000000000000000000000000000000000000000000000000000000000000000000000000000000000000000000000000000000000000000000000000000000000000000000
310
00000000000000000000000000000000000000000000000000000000000000000000000000000000000000000000000000000000000000000000000000000000000000000000000000000000000000000000000000000000000000000000000000000000000000000000000000000000000000000000000000000000000000
310
00000000000000000000000000000000000000000000000000000000000000000000000000000000000000000000000000000000000000000000000000000000000000000000000000000000000000000000000000000000000000000000000000000000000000000000000000000000000000000000000000000000000000
310
00000000000000000000000000000000000000000000000000000000000000000000000000000000000000000000000000000000000000000000000000000000000000000000000000000000000000000000000000000000000000000000000000000000000000000000000000000000000000000000000000000000000000
310
00000000000000000000000000000000000000000000000000000000000000000000000000000000000000000000000000000000000000000000000000000000000000000000000000000000000000000000000000000000000000000000000000000000000000000000000000000000000000000000000000000000000000
310
00000000000000000000000000000000000000000000000000000000000000000000000000000000000000000000000000000000000000000000000000000000000000000000000000000000000000000000000000000000000000000000000000000000000000000000000000000000000000000000000000000000000000
310
00000000000000000000000000000000000000000000000000000000000000000000000000000000000000000000000000000000000000000000000000000000000000000000000000000000000000000000000000000000000000000000000000000000000000000000000000000000000000000000000000000000000000
310
00000000000000000000000000000000000000000000000000000000000000000000000000000000000000000000000000000000000000000000000000000000000000000000000000000000000000000000000000000000000000000000000000000000000000000000000000000000000000000000000000000000000000
310
00000000000000000000000000000000000000000000000000000000000000000000000000000000000000000000000000000000000000000000000000000000000000000000000000000000000000000000000000000000000000000000000000000000000000000000000000000000000000000000000000000000000000
310
00000000000000000000000000000000000000000000000000000000000000000000000000000000000000000000000000000000000000000000000000000000000000000000000000000000000000000000000000000000000000000000000000000000000000000000000000000000000000000000000000000000000000
310
00000000000000000000000000000000000000000000000000000000000000000000000000000000000000000000000000000000000000000000000000000000000000000000000000000000000000000000000000000000000000000000000000000000000000000000000000000000000000000000000000000000000000
310
00000000000000000000000000000000000000000000000000000000000000000000000000000000000000000000000000000000000000000000000000000000000000000000000000000000000000000000000000000000000000000000000000000000000000000000000000000000000000000000000000000000000000
310
00000000000000000000000000000000000000000000000000000000000000000000000000000000000000000000000000000000000000000000000000000000000000000000000000000000000000000000000000000000000000000000000000000000000000000000000000000000000000000000000000000000000000
310
00000000000000000000000000000000000000000000000000000000000000000000000000000000000000000000000000000000000000000000000000000000000000000000000000000000000000000000000000000000000000000000000000000000000000000000000000000000000000000000000000000000000000
310
00000000000000000000000000000000000000000000000000000000000000000000000000000000000000000000000000000000000000000000000000000000000000000000000000000000000000000000000000000000000000000000000000000000000000000000000000000000000000000000000000000000000000
310
00000000000000000000000000000000000000000000000000000000000000000000000000000000000000000000000000000000000000000000000000000000000000000000000000000000000000000000000000000000000000000000000000000000000000000000000000000000000000000000000000000000000000
310
00000000000000000000000000000000000000000000000000000000000000000000000000000000000000000000000000000000000000000000000000000000000000000000000000000000000000000000000000000000000000000000000000000000000000000000000000000000000000000000000000000000000000
310
00000000000000000000000000000000000000000000000000000000000000000000000000000000000000000000000000000000000000000000000000000000000000000000000000000000000000000000000000000000000000000000000000000000000000000000000000000000000000000000000000000000000000
310
00000000000000000000000000000000000000000000000000000000000000000000000000000000000000000000000000000000000000000000000000000000000000000000000000000000000000000000000000000000000000000000000000000000000000000000000000000000000000000000000000000000000000
310
00000000000000000000000000000000000000000000000000000000000000000000000000000000000000000000000000000000000000000000000000000000000000000000000000000000000000000000000000000000000000000000000000000000000000000000000000000000000000000000000000000000000000
310
00000000000000000000000000000000000000000000000000000000000000000000000000000000000000000000000000000000000000000000000000000000000000000000000000000000000000000000000000000000000000000000000000000000000000000000000000000000000000000000000000000000000000
310
00000000000000000000000000000000000000000000000000000000000000000000000000000000000000000000000000000000000000000000000000000000000000000000000000000000000000000000000000000000000000000000000000000000000000000000000000000000000000000000000000000000000000
310
00000000000000000000000000000000000000000000000000000000000000000000000000000000000000000000000000000000000000000000000000000000000000000000000000000000000000000000000000000000000000000000000000000000000000000000000000000000000000000000000000000000000000
310
00000000000000000000000000000000000000000000000000000000000000000000000000000000000000000000000000000000000000000000000000000000000000000000000000000000000000000000000000000000000000000000000000000000000000000000000000000000000000000000000000000000000000
310
00000000000000000000000000000000000000000000000000000000000000000000000000000000000000000000000000000000000000000000000000000000000000000000000000000000000000000000000000000000000000000000000000000000000000000000000000000000000000000000000000000000000000
310
000000000000000000000000000000000000000000000000000000000000000000000000000000000000F5F5F5F5F5F5F5F5F5F5F5F5F5F5F5F5F5F5F5F5F5F5F5F5F5F5F5F5F5F5F5F5F5F5F5F5F5F5F5F5F5F5F5F5F5F5F5F5F5F5F5F5F5F5F5F5F5F5F5F5F5F5F5F5F5F5F5F5F5F5F5F5F5F5F5F5F5F500000000000000
310
00000000000000000000000000000000000000000000000000000000000000000000000000000000000000000000000000000000000000000000000000000000000000000000000000000000000000000000000000000000000000000000000000000000000000000000000000000000000000000000000000000000000000
310
0000000000000000000000000000000000000000000000000000000000000000000000000000000000000000F50000F500000000000000000000000000000000000000000000000000000000000000000000000000000000000000000000000000000000000000000000000000000000000000000000000000F50000000000
310
00000000000000000000000000000000000000000000000000000000000000000000000000000000000000000000000000000000000000000000000000000000000000000000000000000000000000000000000000000000000000000000000000000000000000000000000000000000000000000000000000000000000000
310
00000000000000000000000000000000000000000000000000000000000000000000000000000000000000000000F50000F5000000000000000000F5F5F500000000000000000000000000000000000000000000000000000000000000000000000000000000000000000000000000000000000000000000000000F5000000
310
00000000000000000000000000000000000000000000000000000000000000000000000000000000000000000000000000000000000000000000000000000000000000000000000000000000000000000000000000000000000000000000000000000000000000000000000000000000000000000000000000000000000000
310
000000000000000000000000000000000000000000000000000000000000000000000000000000000000000000000000F50000F5000000000000000000F5F5F500000000000000000000000000000000000000000000000000000000F5F500000000000000000000000000000000000000000000000000000000000000F500
310
00000000000000000000000000000000000000000000000000000000000000000000000000000000000000000000000000000000000000000000000000000000000000000000000000000000000000000000000000000000000000000000000000000000000000000000000000000000000000000000000000000000000000
310
0000000000000000000000000000000000000000000000000000000000000000000000000000000000000000000000000000F50000F50000000000002D2D2D2D2D2D2D2D2D2D000000000000000000000000000000000000000000002D2D2D2D2D2D2D0000F5F5000000000000000000000000000000000000000000000000
310
F5000000000000000000000000000000000000000000000000000000000000000000000000000000000000000000000000000000000000000000000000000000000000000000000000000000000000000000000000000000000000000000000000000000000000000000000000000000000000000000000000000000000000
310
00000000000000000000000000000000000000000000000000000000000000000000000000000000000000000000000000000000F50000F50000000000002D00000000000000002D000000000000000000000000000000000000000000002D00000000002D0000000000000000000000000000000000000000000000000000
310
0000F500000000000000000000000000000000000000000000000000000000000000000000000000000000000000000000000000000000000000000000000000000000000000000000000000000000000000000000000000000000000000000000000000000000000000000000000000000000000000000000000000000000
310
000000000000000000000000000000000000000000000000000000000000000000000000000000000000000000000000000000000000F50000F50000002828282D5454545454545454282828BEBE000000000000BEBE282828282828282828282D545454545428285454545428F5F5F5F5F5F5F5F5F5F50000000000000000
310
00000000F50000000000000000000000000000000000000000000000000000000000000000000000000000000000000000000000000000000000000000000000000000000000000000000000000000000000000000000000000000000000000000000000000000000000000000000000000000000000000000000000000000
310
0000000000000000000000000000000000000000000000000000000000000000000000000000000000000000000000000000000000000000F50000F5000000282828F55454545454545454282828BE00BEBE0000BEBE00BE282828282828282828282854545454542828545454F528F5F5F5F5F5F5F5F5F5F5000000000000
310
000000000000F5000000000000000000000000000000000000000000000000000000000000000000000000000000000000000000000000000000000000000000000000000000000000000000000000000000000000000000000000000000000000000000000000000000000000000000000000000000000000000000000000
310
00000000000000000000000000000000000000000000000000000000000000000000000000000000000000000000000000000000000000000000F50000F5000000282800F50000000000000000000000BE0000F5BEBE000000BE28000000000000000028F5F5F5F5F5F5F5F5F5F5F5F5F528000000F500F5F500F500000000
310
0000000000000000F500000000000000000000000000000000000000000000000000000000000000000000000000000000000000000000000000000000000000000000000000000000000000000000000000000000000000000000000000000000000000000000000000000000000000000000000000000000000000000000
310
000000000000000000000000000000000000000000000000000000000000000000000000000000000000000000000000000000000000000000000000F50000F5000000282800F50000000000000000000000BE000000BEBE000000BE28000000000000000028F500000000F5F500000000F5F5F5000000F500F5F500F50000
310
00000000000000000000F50000000000000000000000000000000000000000000000000000000000000000000000000000000000000000000000000000000000000000000000000000000000000000000000000000000000000000000000000000000000000000000000000000000000000000000000000000000000000000
310
0000000000000000000000000000000000000000000000000000000000000000000000000000000000000000000000000000000000000000000000000000F50000F5000000282800F50000000000000000000000BEBEBEBEBEBEBEBEBEBE280000000000000000282800000000000000000000F52828000000F500F5F500F5
310
000000000000000000000000F5000000000000000000000000000000000000000000000000000000000000000000000000000000000000000000000000000000000000000000000000000000000000000000000000000000000000000000000000000000000000000000000000000000000000000000000000000000000000
310
00000000000000000000000000000000000000000000000000000000000000000000000000000000000000000000000000000000000000000000000000000000F50000F500002D2D2800F50000000000000000000000000000000000000000282D2D2D2D2D2D2D2D2D2D2800000000000000000000F528BEBEBEBEF528F5F5
310
28F52828282828F5282800000000F500000000000000000000000000000000000000000000000000000000000000000000000000000000000000000000000000000000000000000000000000000000000000000000000000000000000000000000000000000000000000000000000000000000000000000000000000000000
310
000000000000000000000000000000000000000000000000000000000000000000000000000000000000000000000000000000000000000000000000000000000000F50000F500002D545400F5000000000000000000000000000000000000000028280000002D2D000000282800000000000000000000F528BEF5F500BE28
310
28F5F5F528282828F5F5F52800000000F50000000000000000000000000000000000000000000000000000000000000000000000000000000000000000000000000000000000000000000000000000000000000000000000000000000000000000000000000000000000000000000000000000000000000000000000000000
310
0000000000000000000000000000000000000000000000000000000000000000000000000000000000000000000000000000000000000000000000000000000000000000F50000F500002D545400F50000000000000000000000000000000000000000282D2D2D2D2D2D2D2D2D2D28000000000000000000F5F528BE000000
310
BE00000000F5280000F5F5F5545400000000F5000000000000000000000000000000000000000000000000000000000000000000000000000000000000000000000000000000000000000000000000000000000000000000000000000000000000000000000000000000000000000000000000000000000000000000000000
310
00000000000000000000000000000000000000000000000000000000000000000000000000000000000000000000000000000000000000000000000000000000000000000000F50000F5F5002D5454F5F50000000000000000000000000000000000000000282D2D2D2D2D2D2D2DF52D28000000F5F5F5F5F5F5F5F528BE00
310
00BE0000000000F5BEBEBEF5F5F5285400F50000F500000000000000000000000000000000000000000000000000000000000000000000000000000000000000000000000000000000000000000000000000000000000000000000000000000000000000000000000000000000000000000000000000000000000000000000
310
000000000000000000000000000000000000000000000000000000000000000000000000000000000000000000000000000000000000000000000000000000000000000000000000F50000F5F5002D5454F5F5000000000000000000000000000000000000000028280000002D2DF5F5002828000000F5F5F5F5F5F5F5F528
310
BEBEBE000000000000F5F5F500BE00F5285400000000F50000000000000000000000000000000000000000000000000000000000000000000000000000000000000000000000000000000000000000000000000000000000000000000000000000000000000000000000000000000000000000000000000000000000000000
310
0000000000000000000000000000000000000000000000000000000000000000000000000000000000000000000000000000000000000000000000000000000000000000000000000000F50000F500002D5454F5F5000000F5F5F5F5F5F5F5F5F50000000000000000282D2D2D2D2DF52D2D2D2D28000000000000000000F5
310
F528280000000000000000F5F5F50000BEF5545400000000F5000000000000000000000000000000000000000000000000000000000000000000000000000000000000000000000000000000000000000000000000000000000000000000000000000000000000000000000000000000000000000000000000000000000000
310
00000000000000000000000000000000000000000000000000000000000000000000000000000000000000000000000000000000000000000000000000000000000000000000000000000000F50000F500002D545400F5000000000000000000000000000000000000000028F52D2D2DF52D2D2D2D2D280000000000000000
310
0000F528280000000000000000F5BE000000BEF528F5F5000000F500000000000000000000000000000000000000000000000000000000000000000000000000000000000000000000000000000000000000000000000000000000000000000000000000000000000000000000000000000000000000000000000000000000
310
000000000000000000000000000000000000000000000000000000000000000000000000000000000000000000000000000000000000000000000000000000000000000000000000000000000000F50000F500002D545400F500000000000000000000000000000000000000002828F5F5002DF50000002828000000000000
310
00000000F528280000000000000000F5F5F5F5F5F5F5F5F5F5000000F50000000000000000000000000000000000000000000000000000000000000000000000000000000000000000000000000000000000000000000000000000000000000000000000000000000000000000000000000000000000000000000000000000
310
0000000000000000000000000000000000000000000000000000000000000000000000000000000000000000000000000000000000000000000000000000000000000000000000000000000000000000F50000F500002D545400F50000000000000000000000000000000000000000282D2D2DF5F5F52D2D2DBEBEBE000000
310
000000000000F52828000000000000F5F5F5BEF5F5BEF50028F500000000F5000000000000000000000000000000000000000000000000000000000000000000000000000000000000000000000000000000000000000000000000000000000000000000000000000000000000000000000000000000000000000000000000
310
00000000000000000000000000000000000000000000000000000000000000000000000000000000000000000000000000000000000000000000000000000000000000000000000000000000000000000000F50000F500002D2D5400F50000000000000000000000000000000000000000BE2D2DF52D2DF5F52D2DBEBE00BE
310
BE00000000000000F52828000000000000F5F5F5BE000000F5F5F5F500F50000F500000000000000000000000000000000000000000000000000000000000000000000000000000000000000000000000000000000000000000000000000000000000000000000000000000000000000000000000000000000000000000000
310
000000000000000000000000000000000000000000000000000000000000000000000000000000000000000000000000000000000000000000000000000000000000000000000000000000000000000000000000F50000F5000000282800F500000000000000000000000000000000000000BEBE2800F5002D2D00000028BE
310
F5F500BE000000000000F52828000000000000F5F5F5BEF5F5F5F50028F500F50000F50000000000000000000000000000000000000000000000000000000000000000000000000000000000000000000000000000000000000000000000000000000000000000000000000000000000000000000000000000000000000000
310
0000000000000000000000000000000000000000000000000000000000000000000000000000000000000000000000000000000000000000000000000000000000000000000000000000000000000000000000000000F50000F500000028F5F5F5F5F5F5F5F5F5F5F5F5F5F5F5F5F5F5F5F5F5F5F5F52DF52D2D2D2D2D2D2D
310
2DBE000000BE000000000000F52828000000000000F5F5F5BEF5F5F5F500285400000000F5000000000000000000000000000000000000000000000000000000000000000000000000000000000000000000000000000000000000000000000000000000000000000000000000000000000000000000000000000000000000
310
00000000000000000000000000000000000000000000000000000000000000000000000000000000000000000000000000000000000000000000000000000000000000000000000000000000000000000000000000000000F50000F500000028F500F500000000000000F5F5F5000000000000BEF5F500F5F52D2D2D2D2D2D
310
2D2D28BEBEBEBEBE282828282828F528280000000000000000F5F5F5F5F5F5F5F55400000000F500000000000000000000000000000000000000000000000000000000000000000000000000000000000000000000000000000000000000000000000000000000000000000000000000000000000000000000000000000000
310
000000000000000000000000000000000000000000000000000000000000000000000000000000000000000000000000000000000000000000000000000000000000000000000000000000000000000000000000000000000000F50000F5000000282828F528282828282828282828282828282828BE000000BE28F5F500F5
310
F5F5F5F50000000000000000000000000000000000000000000000F5F5F528F5F5F5F5F500000000F50000000000000000000000000000000000000000000000000000000000000000000000000000000000000000000000000000000000000000000000000000000000000000000000000000000000000000000000000000
310
0000000000000000000000000000000000000000000000000000000000000000000000000000000000000000000000000000000000000000000000000000000000000000000000000000000000000000000000000000000000000000F50000F500002D2D2828F5282828282828282828282828282828BEBEBEBEBEBE28F5F5
310
00F5F5F5F5F50000000000000000000000000000000000000000000000F5F5282828F528282800000000F5000000000000000000000000000000000000000000000000000000000000000000000000000000000000000000000000000000000000000000000000000000000000000000000000000000000000000000000000
310
00000000000000000000000000000000000000000000000000000000000000000000000000000000000000000000000000000000000000000000000000000000000000000000000000000000000000000000000000000000000000000000F50000F500002D54F5F5F5F5F5F5F5F5F5F5F5F5F5F5F5F5F5F5F5F5F5F5F5F5F5
310
F5F5F5F5F5F5F5F5F5F5F5F5F5F5F5F5F5F5F5F5F5F5F5F5F5F5F5F5F5F5F5F5F5F5F5F5F5F5F5F500000000F500000000000000000000000000000000000000000000000000000000000000000000000000000000000000000000000000000000000000000000000000000000000000000000000000000000000000000000
310
000000000000000000000000000000000000000000000000000000000000000000000000000000000000000000000000000000000000000000000000000000000000000000000000000000000000000000000000000000000000000000000000F50000F5F5002D5454F5F50000000000000000000000000000000000000000
310
000000000000000000000000000000000000000000000000000000000000000000F5000000000000282800000000F50000000000000000000000000000000000000000000000000000000000000000000000000000000000000000000000000000000000000000000000000000000000000000000000000000000000000000
310
0000000000000000000000000000000000000000000000000000000000000000000000000000000000000000000000000000000000000000000000000000000000000000000000000000000000000000000000000000000000000000000000000000F50000F500002D545400F5000000000000000000000000000000000000
310
0000000000000000000000000000000000000000000000000000000000000000000000F5000000000000282800000000F5000000000000000000000000000000000000000000000000000000000000000000000000000000000000000000000000000000000000000000000000000000000000000000000000000000000000
310
000000000000000000000000000000000000000000000000000000000000000000000000000000000000000000000000000000000000000000000000000000000000000000000000000000000000000000000000000000000000000000000000000000F5F50000F500002D545400F500000000000000000000000000000000
310
00000000000000000000000000000000000000000000000000000000000000000000000000F5000000000000282800000000F500000000000000000000000000000000000000000000000000000000000000000000000000000000000000000000000000000000000000000000000000000000000000000000000000000000
310
000000000000000000000000000000000000000000000000000000000000000000000000000000000000000000000000000000000000000000000000000000000000000000000000000000000000000000000000000000000000000000000000000000000000F50000F500002D545400F50000000000000000000000000000
310
000000000000000000000000000000000000F5F500000000000000000000000000F50000000000F5000000000000282800000000F50000000000000000000000000000000000000000000000000000000000000000000000000000000000000000000000000000000000000000000000000000000000000000000000000000
310
0000000000000000000000000000000000000000000000000000000000000000000000000000000000000000000000000000000000000000000000000000000000000000000000000000000000000000000000000000000000000000000000000000000000000000F50000F500002D2D2828F52828282828F5282828282828
310
282828BEBEF5BEBEBE280000000028F5F5F5F5F5F52828282828282828282828F5F5F5F5BE2828F5F5F5282828282828282800000000F5000000000000000000000000000000000000000000000000000000000000000000000000000000000000000000000000000000000000000000000000000000000000000000000000
310
00000000000000000000000000000000000000000000000000000000000000000000000000000000000000000000000000000000000000000000000000000000000000000000000000000000000000000000000000000000000000000000000000000000000000000000F50000F500000000000000000028F528F500000000
310
000000000000BEF50000BE280000000028BEF5F500BEF50000000000000000000028BEF5F500BE0000000000000000000000282800000000F500000000000000000000000000000000000000000000000000000000000000000000000000000000000000000000000000000000000000000000000000000000000000000000
310
000000000000000000000000000000000000000000000000000000000000000000000000000000000000000000000000000000000000000000000000000000000000000000000000000000000000000000000000000000000000000000000000000000000000000000000000F50000F5000000000000000000280028F50000
310
0000000000000000BE000000BE280000000028BE000000BEF50000000000000000000028BE00F500BE0000000000000000000000282800000000F50000000000000000000000000000000000000000000000000000000000000000000000000000000000000000000000000000000000000000000000000000000000000000
310
0000000000000000000000000000000000000000000000000000000000000000000000000000000000000000000000000000000000000000000000000000000000000000000000000000000000000000000000000000000000000000000000000000000000000000000000000000F50000F500000000000000000028F528F5
310
0000000000000000000000BE0000BE280000000028BE0000BE00F50000000000000000000028BE00F5BE000000000000000000000000282800000000F5000000000000000000000000000000000000000000000000000000000000000000000000000000000000000000000000000000000000000000000000000000000000
310
00000000000000000000000000000000000000000000000000000000000000000000000000000000000000000000000000000000000000000000000000000000000000000000000000000000000000000000000000000000000000000000000000000000000000000000000000000000F50000F500000000000000000028F5
310
28F5000000000000000000000000BEBEBE280000000028BEBEBE0000F50000000000000000000028BEBEF500000000000000000000000000282800000000F500000000000000000000000000000000000000000000000000000000000000000000000000000000000000000000000000000000000000000000000000000000
310
000000000000000000000000000000000000000000000000000000000000000000000000000000000000000000000000000000000000000000000000000000000000000000000000000000000000000000000000000000000000000000000000000000000000000000000000000000000000F50000F5000000000000000000
310
28F528F50000000000000000000000000000282800000000282800000000F500000000000000000000282800F500000000000000000000000000282800000000F50000000000000000000000000000000000000000000000000000000000000000000000000000000000000000000000000000000000000000000000000000
310
0000000000000000000000000000000000000000000000000000000000000000000000000000000000000000000000000000000000000000000000000000000000000000000000000000000000000000000000000000000000000000000000000000000000000000000000000000000000000000F50000F500000000000000
310
0000280028F50000000000000000000000000000282800000000282800000000F500000000000000000000282800F500000000000000000000000000282800000000F5000000000000000000000000000000000000000000000000000000000000000000000000000000000000000000000000000000000000000000000000
310
00000000000000000000000000000000000000000000000000000000000000000000000000000000000000000000000000000000000000000000000000000000000000000000000000000000000000000000000000000000000000000000000000000000000000000000000000000000000000000000F50000F50000000000
310
0000000028F528F50000000000000000000000000000282800000000282800000000F500000000000000000000282800F500000000000000000000000000282800000000F500000000000000000000000000000000000000000000000000000000000000000000000000000000000000000000000000000000000000000000
310
000000000000000000000000000000000000000000000000000000000000000000000000000000000000000000000000000000000000000000000000000000000000000000000000000000000000000000000000000000000000000000000000000000000000000000000000000000000000000000000000F50000F5000000
310
00000000002D28F528F50000000000000000000000000000282800000000282800000000F500000000000000000000282800F500000000000000000000000000282800000000F50000000000000000000000000000000000000000000000000000000000000000000000000000000000000000000000000000000000000000
310
0000000000000000000000000000000000000000000000000000000000000000000000000000000000000000000000000000000000000000000000000000000000000000000000000000000000000000000000000000000000000000000000000000000000000000000000000000000000000000000000000000F50000F500
310
000000000000002D2DF528F500000000000000000000000000002828000000002828000000F5F5000000000000000000002828F5F500000000000000000000000000282D2D2D0000F5000000000000000000000000000000000000000000000000000000000000000000000000000000000000000000000000000000000000
310
00000000000000000000000000000000000000000000000000000000000000000000000000000000000000000000000000000000000000000000000000000000000000000000000000000000000000000000000000000000000000000000000000000000000000000000000000000000000000000000000000000000F50000
310
F500000000000000002D545454F5000000000000000000000000000028BEBEBEBE28F528000000F5F5000000000000000000002828F5F5000000000000000000000000005454002D0000F500000000000000000000000000000000000000000000000000000000000000000000000000000000000000000000000000000000
310
000000000000000000000000000000000000000000000000000000000000000000000000000000000000000000000000000000000000000000000000000000000000000000000000000000000000000000000000000000000000000000000000000000000000000000000000000000000000000000000000000000000000F5
310
0000F500000000000000002D5454F5F50000F5F5F5F5F5F5F5F50000000028F5F500BEF5F528000000F5F5F5F5F5F5F5F5000000002828F5F50000F5F5F5F5F5F5F5000000005454002D0000F50000000000000000000000000000000000000000000000000000000000000000000000000000000000000000000000000000
310
00000000000000000000000000000000000000000000000000000000000000000000000000000000000000000000000000000000000000000000000000000000000000000000000000000000000000000000000000000000000000000000000000000000000000000000000000000000000000000000000000000000000000
310
00F50000F50000000000F5F5002D545454F5000000000000000000000000000028BE00BE00F52828000000F5F5000000000000000000002828F5F50000F5F5F5F5F5F5F5000000005454002D0000F5000000000000000000000000000000000000000000000000000000000000000000000000000000000000000000000000
310
00000000000000000000000000000000000000000000000000000000000000000000000000000000000000000000000000000000000000000000000000000000000000000000000000000000000000000000000000000000000000000000000000000000000000000000000000000000000000000000000000000000000000
310
000000F50000F50000000000F5F5002D545454F50000000000000000000000000000BEBEBE0000F5282800000000F500000000000000000000282800F5000000000000000000000000005454F5F50000F500000000000000000000000000000000000000000000000000000000000000000000000000000000000000000000
310
00000000000000000000000000000000000000000000000000000000000000000000000000000000000000000000000000000000000000000000000000000000000000000000000000000000000000000000000000000000000000000000000000000000000000000000000000000000000000000000000000000000000000
310
0000000000F50000F500000000000000002D545454F50000000000000000000000000000BEBE000000F5282800000000F500000000000000000000282800F5000000000000000000000000005454002D0000F50000000000000000000000000000000000000000000000000000000000000000000000000000000000000000
310
00000000000000000000000000000000000000000000000000000000000000000000000000000000000000000000000000000000000000000000000000000000000000000000000000000000000000000000000000000000000000000000000000000000000000000000000000000000000000000000000000000000000000
310
00000000000000F50000F500000000000000002D545454F500000000000000000000000000002828000000F5282800000000F500000000000000000000282800F5000000000000000000000000005454002D0000F5000000000000000000000000000000000000000000000000000000000000000000000000000000000000
310
00000000000000000000000000000000000000000000000000000000000000000000000000000000000000000000000000000000000000000000000000000000000000000000000000000000000000000000000000000000000000000000000000000000000000000000000000000000000000000000000000000000000000
310
000000000000000000F50000F500000000000000002D545454F5000000000000000000000000000028280000F5F5282800000000F500000000000000000000282800F5000000000000000000000000005454002D0000F500000000000000000000000000000000000000000000000000000000000000000000000000000000
310
00000000000000000000000000000000000000000000000000000000000000000000000000000000000000000000000000000000000000000000000000000000000000000000000000000000000000000000000000000000000000000000000000000000000000000000000000000000000000000000000000000000000000
310
0000000000000000000000F50000F500000000000000002D545454F500000000000000000000000000002828F5F5F5F5282800000000F500000000000000000000282800F5000000000000000000000000005454002D0000F50000000000000000000000000000000000000000000000000000000000000000000000000000
310
00000000000000000000000000000000000000000000000000000000000000000000000000000000000000000000000000000000000000000000000000000000000000000000000000000000000000000000000000000000000000000000000000000000000000000000000000000000000000000000000000000000000000
310
00000000000000000000000000F50000F500000000000000002D2D0028F500000000000000000000000000002828F5F5F5F5282800000000F500000000000000000000282800F500000000000000000000000000282D2D2D0000F5000000000000000000000000000000000000000000000000000000000000000000000000
310
00000000000000000000000000000000000000000000000000000000000000000000000000000000000000000000000000000000000000000000000000000000000000000000000000000000000000000000000000000000000000000000000000000000000000000000000000000000000000000000000000000000000000
310
000000000000000000000000000000F50000F500000000000000000028F528F500000000000000000000000000002828000000F528F5F5F5F5F5F5F5F5F5F5F5F5F5F5F5F5F5F500F500000000F5F500000000000000F52800000000F500000000000000000000000000000000000000000000000000000000000000000000
310
00000000000000000000000000000000000000000000000000000000000000000000000000000000000000000000000000000000000000000000000000000000000000000000000000000000000000000000000000000000000000000000000000000000000000000000000000000000000000000000000000000000000000
310
0000000000000000000000000000000000F50000F500000000000000000028F528F500000000000000000000000000002828000000F528F5F5000000F500F5F500000000000000F5F5F5F5F5F5F5F5F5F5F5F5F5F5F5F5F5F5F500000000F50000000000000000000000000000000000000000000000000000000000000000
310
00000000000000000000000000000000000000000000000000000000000000000000000000000000000000000000000000000000000000000000000000000000000000000000000000000000000000000000000000000000000000000000000000000000000000000000000000000000000000000000000000000000000000
310
00000000000000000000000000000000000000F50000F500000000000000000028F5F5F5F5F5F5F5F5F5F5F5F5F5F5F5F5F5F5F5F5F5F5F5F5F500000000F500000000000000000000F5F500F500000000000000000000000000F52800000000F5000000000000000000000000000000000000000000000000000000000000
310
00000000000000000000000000000000000000000000000000000000000000000000000000000000000000000000000000000000000000000000000000000000000000000000000000000000000000000000000000000000000000000000000000000000000000000000000000000000000000000000000000000000000000
310
000000000000000000000000000000000000000000F50000F500000000000000000028F528F5282828545454545428282828282828F5542828F5F5F5F5F5F5545454545454282828282828F5F5F5F5F5285454545454542828282828F52800000000F500000000000000000000000000000000000000000000000000000000
310
00000000000000000000000000000000000000000000000000000000000000000000000000000000000000000000000000000000000000000000000000000000000000000000000000000000000000000000000000000000000000000000000000000000000000000000000000000000000000000000000000000000000000
310
0000000000000000000000000000000000000000000000F50000F500000000000000000028F500F5F50000545454545400000000F5000000545454F50000000000545454545454F5000000000000F500F5000054F5F5F5545400F5000000002800000000F50000000000000000000000000000000000000000000000000000
310
00000000000000000000000000000000000000000000000000000000000000000000000000000000000000000000000000000000000000000000000000000000000000000000000000000000000000000000000000000000000000000000000000000000000000000000000000000000000000000000000000000000000000
310
00000000000000000000000000000000000000000000000000F50000F50000000000000000002828282828282D54F5F554542D28282828282828F5F5285428282828282D54F5F554542D28282828282828282828282DF5F5F554542D28282828282800000000F5000000000000000000000000000000000000000000000000
310
00000000000000000000000000000000000000000000000000000000000000000000000000000000000000000000000000000000000000000000000000000000000000000000000000000000000000000000000000000000000000000000000000000000000000000000000000000000000000000000000000000000000000
310
000000000000000000000000000000000000000000000000000000F50000F50000000000000000000000000000002D2D2D2D2D2D2D00000000000000F5F5000000000000002D2D2D2D2D2D2D00000000000000000000002D2D2D2D2D2D2D00000000000000000000F500000000000000000000000000000000000000000000
310
00000000000000000000000000000000000000000000000000000000000000000000000000000000000000000000000000000000000000000000000000000000000000000000000000000000000000000000000000000000000000000000000000000000000000000000000000000000000000000000000000000000000000
310
0000000000000000000000000000000000000000000000000000000000F50000F500000000000000000000000000000000000000000000000000000000000000000000000000000000000000000000000000000000000000000000000000000000000000000000000000F50000000000000000000000000000000000000000
310
00000000000000000000000000000000000000000000000000000000000000000000000000000000000000000000000000000000000000000000000000000000000000000000000000000000000000000000000000000000000000000000000000000000000000000000000000000000000000000000000000000000000000
310
00000000000000000000000000000000000000000000000000000000000000F50000F500000000000000000000000000000000000000000000000000000000000000000000000000000000000000000000000000000000000000000000000000000000000000000000000000F5000000000000000000000000000000000000
310
00000000000000000000000000000000000000000000000000000000000000000000000000000000000000000000000000000000000000000000000000000000000000000000000000000000000000000000000000000000000000000000000000000000000000000000000000000000000000000000000000000000000000
310
000000000000000000000000000000000000000000000000000000000000000000F5F5F5F5F5F5F5F5F5F5F5F5F5F5F5F5F5F5F5F5F5F5F5F5F5F5F5F5F5F5F5F5F5F5F5F5F5F5F5F5F5F5F5F5F5F5F5F5F5F5F5F5F5F5F5F5F5F5F5F5F5F5F5F5F5F5F5F5F5F5F5F5F5F5F5F5F5F500000000000000000000000000000000
310
00000000000000000000000000000000000000000000000000000000000000000000000000000000000000000000000000000000000000000000000000000000000000000000000000000000000000000000000000000000000000000000000000000000000000000000000000000000000000000000000000000000000000
310
0000000000000000000000000000000000000000000000000000000000000000000000000000F500000000000000000000000000000000000000000000000000000000000000000000000000000000000000000000000000000000000000000000000000000000000000000000000000F50000000000000000000000000000
310
00000000000000000000000000000000000000000000000000000000000000000000000000000000000000000000000000000000000000000000000000000000000000000000000000000000000000000000000000000000000000000000000000000000000000000000000000000000000000000000000000000000000000
310
00000000000000000000000000000000000000000000000000000000000000000000000000000000F500000000000000000000000000000000000000000000000000000000000000000000000000000000000000000000000000000000000000000000000000000000000000000000000000F5000000000000000000000000
310
00000000000000000000000000000000000000000000000000000000000000000000000000000000000000000000000000000000000000000000000000000000000000000000000000000000000000000000000000000000000000000000000000000000000000000000000000000000000000000000000000000000000000
310
0000000000000000000000000000000000000000000000000000000000000000000000000000000000F5F5F5F5F5F5F5F5F5F5F5F5F5F5F5F5F5F5F5F5F5F5F5F5F5F5F5F5F5F5F5F5F5F5F5F5F5F5F5F5F5F5F5F5F5F5F5F5F5F5F5F5F5F5F5F5F5F5F5F5F5F5F5F5F5F5F5F5F5F5F5F5F5F5F5F500000000000000000000
310
00000000000000000000000000000000000000000000000000000000000000000000000000000000000000000000000000000000000000000000000000000000000000000000000000000000000000000000000000000000000000000000000000000000000000000000000000000000000000000000000000000000000000
310
0000000000000000000000000000000000000000000000000000000000000000000000000000000000000000F50000000000000000000000000000000000000000000000000000000000000000000000F5F5000000000000000000000000000000000000000000000000000000000000000000000000F50000000000000000
310
00000000000000000000000000000000000000000000000000000000000000000000000000000000000000000000000000000000000000000000000000000000000000000000000000000000000000000000000000000000000000000000000000000000000000000000000000000000000000000000000000000000000000
310
00000000000000000000000000000000000000000000000000000000000000000000000000000000000000000000000000000000000000000000000000000000000000000000000000000000000000000000000000000000000000000000000000000000000000000000000000000000000000000000000000000000000000
310
00000000000000000000000000000000000000000000000000000000000000000000000000000000000000000000000000000000000000000000000000000000000000000000000000000000000000000000000000000000000000000000000000000000000000000000000000000000000000000000000000000000000000
310
00000000000000000000000000000000000000000000000000000000000000000000000000000000000000000000000000000000000000000000000000000000000000000000000000000000000000000000000000000000000000000000000000000000000000000000000000000000000000000000000000000000000000
310
00000000000000000000000000000000000000000000000000000000000000000000000000000000000000000000000000000000000000000000000000000000000000000000000000000000000000000000000000000000000000000000000000000000000000000000000000000000000000000000000000000000000000
310
00000000000000000000000000000000000000000000000000000000000000000000000000000000000000000000000000000000000000000000000000000000000000000000000000000000000000000000000000000000000000000000000000000000000000000000000000000000000000000000000000000000000000
310
00000000000000000000000000000000000000000000000000000000000000000000000000000000000000000000000000000000000000000000000000000000000000000000000000000000000000000000000000000000000000000000000000000000000000000000000000000000000000000000000000000000000000
310
00000000000000000000000000000000000000000000000000000000000000000000000000000000000000000000000000000000000000000000000000000000000000000000000000000000000000000000000000000000000000000000000000000000000000000000000000000000000000000000000000000000000000
310
00000000000000000000000000000000000000000000000000000000000000000000000000000000000000000000000000000000000000000000000000000000000000000000000000000000000000000000000000000000000000000000000000000000000000000000000000000000000000000000000000000000000000
310
00000000000000000000000000000000000000000000000000000000000000000000000000000000000000000000000000000000000000000000000000000000000000000000000000000000000000000000000000000000000000000000000000000000000000000000000000000000000000000000000000000000000000
310
00000000000000000000000000000000000000000000000000000000000000000000000000000000000000000000000000000000000000000000000000000000000000000000000000000000000000000000000000000000000000000000000000000000000000000000000000000000000000000000000000000000000000
310
00000000000000000000000000000000000000000000000000000000000000000000000000000000000000000000000000000000000000000000000000000000000000000000000000000000000000000000000000000000000000000000000000000000000000000000000000000000000000000000000000000000000000
310
00000000000000000000000000000000000000000000000000000000000000000000000000000000000000000000000000000000000000000000000000000000000000000000000000000000000000000000000000000000000000000000000000000000000000000000000000000000000000000000000000000000000000
310
00000000000000000000000000000000000000000000000000000000000000000000000000000000000000000000000000000000000000000000000000000000000000000000000000000000000000000000000000000000000000000000000000000000000000000000000000000000000000000000000000000000000000
310
00000000000000000000000000000000000000000000000000000000000000000000000000000000000000000000000000000000000000000000000000000000000000000000000000000000000000000000000000000000000000000000000000000000000000000000000000000000000000000000000000000000000000
310
00000000000000000000000000000000000000000000000000000000000000000000000000000000000000000000000000000000000000000000000000000000000000000000000000000000000000000000000000000000000000000000000000000000000000000000000000000000000000000000000000000000000000
310
00000000000000000000000000000000000000000000000000000000000000000000000000000000000000000000000000000000000000000000000000000000000000000000000000000000000000000000000000000000000000000000000000000000000000000000000000000000000000000000000000000000000000
310
00000000000000000000000000000000000000000000000000000000000000000000000000000000000000000000000000000000000000000000000000000000000000000000000000000000000000000000000000000000000000000000000000000000000000000000000000000000000000000000000000000000000000
310
00000000000000000000000000000000000000000000000000000000000000000000000000000000000000000000000000000000000000000000000000000000000000000000000000000000000000000000000000000000000000000000000000000000000000000000000000000000000000000000000000000000000000
310
00000000000000000000000000000000000000000000000000000000000000000000000000000000000000000000000000000000000000000000000000000000000000000000000000000000000000000000000000000000000000000000000000000000000000000000000000000000000000000000000000000000000000
310
00000000000000000000000000000000000000000000000000000000000000000000000000000000000000000000000000000000000000000000000000000000000000000000000000000000000000000000000000000000000000000000000000000000000000000000000000000000000000000000000000000000000000
310
00000000000000000000000000000000000000000000000000000000000000000000000000000000000000000000000000000000000000000000000000000000000000000000000000000000000000000000000000000000000000000000000000000000000000000000000000000000000000000000000000000000000000
310
00000000000000000000000000000000000000000000000000000000000000000000000000000000000000000000000000000000000000000000000000000000000000000000000000000000000000000000000000000000000000000000000000000000000000000000000000000000000000000000000000000000000000
310
00000000000000000000000000000000000000000000000000000000000000000000000000000000000000000000000000000000000000000000000000000000000000000000000000000000000000000000000000000000000000000000000000000000000000000000000000000000000000000000000000000000000000
310
00000000000000000000000000000000000000000000000000000000000000000000000000000000000000000000000000000000000000000000000000000000000000000000000000000000000000000000000000000000000000000000000000000000000000000000000000000000000000000000000000000000000000
310
00000000000000000000000000000000000000000000000000000000000000000000000000000000000000000000000000000000000000000000000000000000000000000000000000000000000000000000000000000000000000000000000000000000000000000000000000000000000000000000000000000000000000
310
00000000000000000000000000000000000000000000000000000000000000000000000000000000000000000000000000000000000000000000000000000000000000000000000000000000000000000000000000000000000000000000000000000000000000000000000000000000000000000000000000
  0
XRECORD
  5
92A
102
{ACAD_REACTORS
330
1F9
102
}
330
1F9
100
AcDbXrecord
280
     1
102
MATERIAL
148
0.0
149
0.0
149
0.0
 93
        0
 94
       63
282
     0
 72
     1
 77
     1
171
     1
175
     1
179
     1
273
     0
  0
XRECORD
  5
1FA
102
{ACAD_REACTORS
330
1F9
102
}
330
1F9
100
AcDbXrecord
280
     1
 70
     1
 90
429727718
  1
D62C5603-E3A1-4AEA-B7FB-FE5D8D0755AF
310
504B03040A0000080000CC70623B3DEE336E79000000790000001B0000006175746F6465736B2D64657369676E2D7061636B6167652E786D6C3C3F786D6C2076657273696F6E3D22312E302220656E636F64696E673D227574662D3822203F3E3C666F726D6174733E3C666F726D61743E687474703A2F2F736368656D612E
310
6175746F6465736B2E636F6D2F64657369676E2D7061636B6167652F323030393C2F666F726D61743E3C2F666F726D6174733E504B0304140006080800CC70623BD486FD9CA0000000F4000000130000005B436F6E74656E745F54797065735D2E786D6C7D8EC10E82300C865F65E91D8A1E8C310C0EEA1BF002731658846E
310
D98AC1B77784ABF1D8FE5FBFBF75BBCE937A534CCEB38643598122B6FEE978D0B0485F9C41B54DDD7D022595594E1A469170414C76A4D9A4D207E29CF43ECE46F218070CC6BECC4078ACAA135ACF422C856C0E68EA1BF5669944DDD7BCDE7B1F8E415D77AECB980613C2E4AC91FC167A2B244592486606FC29C8FD7F045B9A
310
EF7053A7E60B504B0304140006080800CC70623B853B8169EB0000007C01000008000000636F72652E786D6C8D90416EC3201045AF62CDB6C206821CC7C244919D9CA01740401C94182C03558F5F9C3852BBEB6A467FFE9B197D7EFC9E1EC5975982F5AE035262288C535E5B377690E21535501C055FBC8FBF6C503839990E
310
5619041F179FE64D52DE45E362569DD7661365082642A11EB9E920A89B99642953CC8E702F67A9EE7234257977194EC9EAE275C4EABCCF5EAD5940D4AC6F0E35A568B8F43562CD7046CD199FD07E60174276A7BE677B5EADB0E0D14EEFFB6A31321A0D82627C4084204C3F096B71DD52F6819B16635EADF63F509AF53FA164
310
5DDCD1EDDD17164090FCC8732078B56691CB33A85CD7DCC40F504B0304140006080800CC70623B55019EA25F0000007C00000007000000636E782E786D6C4DCB3B0E80201045D1AD90E915ED2CF8AC45050C11660C8261F98AB1B07AC9C97D42D718D865D3E909258CFD00CCE24AC6E326A164D74DC0B4128928FF32603847
310
2BA13128B1252AC747C6BAB984FC68F0B87FE8960A5C09FE86CFB69FBA01504B0304140006080800CC70623BDBABAAF470010000D40300000C0000006662782F636F72652E786D6CC553D16E823014FD95A6AF4B694182CC941A83FA05FB810A9511A125A5257EFE2E82712ECEB8A7F100CD39F7F69E734AF9FADC366850B6
310
AF8DCE7018308C942E4C59EB2AC3DE1D498AD15A706B8CFB56869196ADCAF00863C12B6B7C374385D14E6907A836A59A41D9F7CA615434B0C8705F7CAA5606D23BA8E84F41278B93AC54100640439DE0BDB320004D43C63716C7C399D30917DCFBBA9CD9BA8469F5B156168B24CED3F7248AC8769F27244EB73B92EED8862C
310
B7F13E0C179B3C8F979C8ECD82BBBABDAA2BAC924E9558448CBD9330242CFA08E3154B5651FCC6D215639C8EE5774DBE2B5F6CF2B5768B68963BB5F5588420E442FC700B1139D4CB01F450C1E918227C2E09DF070D8140C84E1E9AAB8F1340832A9CB13130A5F1376A908D57309505ECF2A0DF179C4E9D30F5B239B87E3823
310
7A79C6F31DE1A8A5AEC08474B03C7837EAE4938639B44E5932B833D2C6B6B279CDC613877FA26EE21F4A2A4C63EC7F29A2F301D1F9F7A0E37D145F504B0304140006080800CC70623B9C113CC27E0000009D0000000B0000006662782F636E782E786D6C4DCCDF0A83201C86E15B91DFB94BFB330DD428C8FB886521330DA7
310
6397BF1A1DECE883878F57749FCDA1B7892F1BBC047A23808C7F84D9FA55424E0BE6803A256208E9EF06C84F9B91703228B1C690F78B66B34CD9A5439DF5CF0BFBF65E35BCA1B8D6A5C6F540381E886698B5741C695F9503EBA150A2F8958E3DC3EA0B504B0304140006080800CC70623B7DF2F77C2A010000120200003100
310
00006662782F41393633353835312D344632462D344230382D423046372D3739314545314133324237412F636F72652E786D6C8D51DB8EC22014FC15C2939B0D2DB4B45643319AE817EC0F6041255A68B86CFCFC856D4D76DF7CE190393373060EDB3DC707F856CE6B6B7A480A0C81328395DA5C7B18C3057510EC3873D686
310
3F34088C18550F330C39BB3A1BA7051AAC09CA84841A2BD5020AEF55806078A44B0FFD7053A328440C89E1EFC52486BBB8AA8214A99D789CF9E05200300FC927E4FB4D5B375D43103D5527440FB843077C5AA3F5861C8F645F5787F59E95B390B318B55CE45AA638FAA2957BD7248B390B7A7CC51F9C124149C82B8C378810
310
84AB2F42B7B8DD56F413775B8C5999E9FF4471926F8AA236A1AE96B8B3CC434E5839373893369E1FAF30EA395917409EB7F26AF8801C171837A4A6AC9C89E9F9C9B1A58BA30FD6A5EF5DDDCF894B9AD9B6A59C957943A9FCAE2FD5BC4DFE03504B0304140006080800CC70623BAD7543B64E01000033030000300000006662
310
782F41393633353835312D344632462D344230382D423046372D3739314545314133324237412F636E782E786D6CD593CD6EC32010845F0571AD6CE3D48AD20813A9873E410FBD12D82434182C7EAAE6EDBB2424CD25871E7B41D6EC30B3FA84F9E67BB2E40B4234DE8DB46F1925E094D7C6ED479AD3AE5951B2113C789FEE
310
6C943839C1488B4C05DF079FE72A69D8C96C13AAD6B8631503449F83828872B949AC57D26200B826A308D316B4064D6E46FCDA41C05550DC9E483A00797BFD207EFB092A45DE9514C1BBD22178396BD39D891265658C238DEA00936C654E5E433CB65A26D9F6EDB5EBC14EBF49A45CB856E66048291F6939A9A81BB5C89177
310
38143CA680F4AA299D66A042CEB3354A2684DC9D8D178FE0D9B8B41CAAD720F880EE7EF93C0C18769E099ECC04D5A102C8049A8A05632F4DDF376CF1DE0F6BB65C2F8627B65A33C6BB62177CEBBDAD973006829F89F22E814B54F4BC2BE347F8AA8F681390B50FA73F804400B5F542E796F19FF974E7F78DB802FE05E20750
310
4B0304140006080800CC70623BE75B7789680500003C100000340000006662782F41393633353835312D344632462D344230382D423046372D3739314545314133324237412F6F626A656374732E786D6CAD575B8F9B3818FD2B887D06C22499CB8AA1CA655245D5B455A356FB305264C061D8018C6C3393D95FBFC7600890
310
A4CD5EF210B0B1BFEBF98E3F7B1FF6596ABC522E1296DF9BAE3D320D9A872C4AF2F8DE2CE5CEBA358D0FBEC719939D65A691938CDE9B6ADAF4BD98B3B2D05311DD91329583D9D5FC0F438434A7A611A644887B5384CF34233629258BA878B12322891DEFF6B66BD70BFB62634E8AE781D082709A4B588AF91C528CDA28B73F
310
1C998EEF39EABBEFA97FBD6A7C7E9553F9D3D79FE442923C3C523610337627CB87ABE99D359D4CC6D6E4FACAB5E6ABF9D2726FC6A3C5F56271377BB88362213924694B38DD99FE47C48627A1E7D49F5A8BB5E1A74C0A599ED3B0F21F1E56366B89112D681E218F0915D0D6F17AD41FBA2A369DCF6335D62ABBD39779D5DDD1
310
11D4D8DE3CBB96B2E04FB8202E41051754A1AA8E8F76B4C6DFE810B580B1547F4B84911149794252234D024EF8BBE963A95AE27B3D310A9D5C215C7960FAEE415ED75694C6AFB17BCACA5D99A60A9AA65F217B0BFC53292ACB92BF283FAD0D3621576592CB5BED907C2FA8E9DF794E35E97BEA31BED21FEB401ABB94C44839
310
DCACBF0E1C5DA8DA5B2F4DFFD32AD86F543D9E565E7056502E157C00AD2671CD534549AB752FCA9CDA00677A313F04E51B22FF19E57B300579E3C97EB29F682D92935CEC18CF901B7B54FD8C51F362B56FC72FE0B3C1EAE335EDCCBF5AEC39ADB17DC238973F804BA5E6F6BFE7AF1FB32E523BE9F3BD571418E3631DCA4D48
310
5250CF639223210A9446CA30052EDF057BD35F8329C1ECD84552BF0DC8D18BE7BCE23BFE6BD960AB4A7DE79923A103BEBD80F911CBAA2C60DB19B01CF164A5583B772EE6D3FFA56666CBCDA74DC97724A48F9A58967497E489C4D979006FD7A05E227A1EBDD0F737C623387A9C844D3709995625106D157315F8B8392CD4E0
310
A0B9A720C4BE9829CEF37EA1E13111214D53925356365ADA634861B52519DD27A00AEB808EAF0628E6F435519D446F45CF2C9CF5214F0A15B2F6D06B79DA3EE3CBF7F56780D2F4E7EF73A0F5E5B02A38D07DC852C6B7C1FBB6664213E0C39E3EBA7FF4E1AD23EA2829407C85E586727488B751B2DB9502BC7B228A3FD68B6E
310
A65A22397E690AA8D158D7E404EC8CDA235CC3B7D1898680131CEC2CDF2638C65196279577750F15884AEE19F94199155B92B13297978469D4F8D358DF0AEF7631E28DC8F0D9F437D5D39A83B2231A1D52D543813A824EF8D44BCFF2FA6A31BD1E8DAD87F1CCB526B3879935BF59CDADD5C37479BB1CDD4CA7B3556B516589
310
EF352754B706114D9C885EC9131DE6EFEB43D99AFE2391C2F958179413D7CFEF6B1B6DB1E7600F00DE6E5C67454A339A4BA2E0FBA85ED26F045D454F463DBFCE484C2F90F2E5E3666003662ED8F755951A7D1BECD5B30B550B2785C8E7320B7292A4838DDA71BBC863ED7613CAF659337A3354231D4FF4A182A54904C2898C
310
98B28C4AD0CE056CCF332A80986E571EE9DBC305BB5FEB7E509220A58D25CF042D712A806AC0AD0C657FDEF80D2D9CEAA2EE4D1C76F60BFE74219A06527D6F82DF6412526107381E55E353090704D085B52408A8913C4ED159D79BDA71BB4BC506F4831350EB6F975CD22D69BF7AC49B91A2C0A9DDA3D5CA36AD20FC478E37
310
E61844E2352865EBCB61A275A65283CAAA9DD27703B4102F5AF51EF5F573B75CBB5AD38BC845F7A49F82A0966A49C2E3EA5EA0ECD326CD965F1DB402C6FA8B51A4658C5C5E2EC9E214602E55810345408596591009A82E7E7FFACA19EEA299B14A0081A705CB3296EBC14CDF658DCD336EA6D1136881AAEB87B81AB9EE53D5
310
F5EB8BC8362082DA24122F98680A4E7930C01A0079749CEA14382A0783E5EBA5A10F8C098456A03D6A4AEB6BB881E2513747552A5DB22C7EDAF83BD5528081A365F7FF06504B0304140006080000CC70623B000000000000000000000000350000006662782F41393633353835312D344632462D344230382D423046372D37
310
39314545314133324237412F76657274696365732E62696E504B0304140006080800CC70623BF270F1330600000004000000360000006662782F41393633353835312D344632462D344230382D423046372D3739314545314133324237412F747269616E676C65732E62696E636660600000504B0304140006080000CC7062
310
3B000000000000000000000000370000006662782F41393633353835312D344632462D344230382D423046372D3739314545314133324237412F617474726962757465732E62696E504B0304140006080800CC70623B08DA0BD19000000041010000360000006662782F41393633353835312D344632462D344230382D4230
310
46372D3739314545314133324237412F6469726563746F72792E786D6C858F410AC3201045AF22B36F53E9A60B35CBEEBAE80D244E44489C6234F4F835464A48035D0DF398FF9F8AF63D0E6CC63039F212F8F9020C7D47C6792B21C5FE7403D62A1188E2E60C98D7234A5830286103A55745067B9D86B8A3CF9C7F90C11DE6
310
07FB144396D7B6A82D282E9A152AD114D5EF2CB866EEE831B8EEA07A7BB5A8D7D61A2BAAEB7FD5F70921FF497D00504B0304140006080800CC70623BEDD1DC58FD000000A00100003B0000006662782F41393633353835312D344632462D344230382D423046372D3739314545314133324237412F7265736F75726365732F
310
636F72652E786D6C8D504B6E833010BD0A9A6D65B00922041947112427E8052C33A156828DFCA97AFC9A40A576D7CDCCE87D344F8F9FBFE667F689CE6B6B3A6039850C8DB2A336530731DC4903D95970676DF82583CCC8193B5861107C72362E3BA4AC096842428D1D7107A5F7182053CF7474E0D507CE32973124857FE48B
310
540F3961CEF244279DE03EB81420DB9EAC1384436FA353E879B1B182C7A8C75DA3C7F453DF353A1075D537A7BA6464B8F535A99AE14A9A2BBD90E350DD183B5CFABE3AF262350B1EF4FC9351399401471025A527C218A1E53BAB5A5AB765F5469B96525EACF23FA6B88CFF34456DC2A1DCE36E360F82A5202F42F062ED2BAD
310
579969AFDD8A6F504B010214000A0000080000CC70623B3DEE336E79000000790000001B00000000000000000000000000000000006175746F6465736B2D64657369676E2D7061636B6167652E786D6C504B01021400140006080800CC70623BD486FD9CA0000000F40000001300000000000000000000000000B20000005B
310
436F6E74656E745F54797065735D2E786D6C504B01021400140006080800CC70623B853B8169EB0000007C010000080000000000000000000000000083010000636F72652E786D6C504B01021400140006080800CC70623B55019EA25F0000007C000000070000000000000000000000000094020000636E782E786D6C504B
310
01021400140006080800CC70623BDBABAAF470010000D40300000C00000000000000000000000000180300006662782F636F72652E786D6C504B01021400140006080800CC70623B9C113CC27E0000009D0000000B00000000000000000000000000B20400006662782F636E782E786D6C504B01021400140006080800CC70
310
623B7DF2F77C2A010000120200003100000000000000000000000000590500006662782F41393633353835312D344632462D344230382D423046372D3739314545314133324237412F636F72652E786D6C504B01021400140006080800CC70623BAD7543B64E010000330300003000000000000000000000000000D2060000
310
6662782F41393633353835312D344632462D344230382D423046372D3739314545314133324237412F636E782E786D6C504B01021400140006080800CC70623BE75B7789680500003C10000034000000000000000000000000006E0800006662782F41393633353835312D344632462D344230382D423046372D3739314545
310
314133324237412F6F626A656374732E786D6C504B01021400140006080000CC70623B0000000000000000000000003500000000000000000000000000280E00006662782F41393633353835312D344632462D344230382D423046372D3739314545314133324237412F76657274696365732E62696E504B01021400140006
310
080800CC70623BF270F133060000000400000036000000000000000000000000007B0E00006662782F41393633353835312D344632462D344230382D423046372D3739314545314133324237412F747269616E676C65732E62696E504B01021400140006080000CC70623B0000000000000000000000003700000000000000
310
000000000000D50E00006662782F41393633353835312D344632462D344230382D423046372D3739314545314133324237412F617474726962757465732E62696E504B01021400140006080800CC70623B08DA0BD1900000004101000036000000000000000000000000002A0F00006662782F41393633353835312D344632
310
462D344230382D423046372D3739314545314133324237412F6469726563746F72792E786D6C504B01021400140006080800CC70623BEDD1DC58FD000000A00100003B000000000000000000000000000E1000006662782F41393633353835312D344632462D344230382D423046372D3739314545314133324237412F7265
310
736F75726365732F636F72652E786D6C504B0506000000000E000E0080040000641100000000
  0
XRECORD
  5
92B
102
{ACAD_REACTORS
330
1F7
102
}
330
1F7
100
AcDbXrecord
280
     1
102
MATERIAL
148
0.0
149
0.0
149
0.0
 93
        0
 94
       63
282
     0
 72
     1
 77
     1
171
     1
175
     1
179
     1
273
     0
  0
XRECORD
  5
1F8
102
{ACAD_REACTORS
330
1F7
102
}
330
1F7
100
AcDbXrecord
280
     1
 70
     1
 90
429727718
  1
30362254-06B7-45E0-A893-8CFA70E3D6BC
310
504B03040A0000080000CC70623B3DEE336E79000000790000001B0000006175746F6465736B2D64657369676E2D7061636B6167652E786D6C3C3F786D6C2076657273696F6E3D22312E302220656E636F64696E673D227574662D3822203F3E3C666F726D6174733E3C666F726D61743E687474703A2F2F736368656D612E
310
6175746F6465736B2E636F6D2F64657369676E2D7061636B6167652F323030393C2F666F726D61743E3C2F666F726D6174733E504B0304140006080800CC70623BD486FD9CA0000000F4000000130000005B436F6E74656E745F54797065735D2E786D6C7D8EC10E82300C865F65E91D8A1E8C310C0EEA1BF002731658846E
310
D98AC1B77784ABF1D8FE5FBFBF75BBCE937A534CCEB38643598122B6FEE978D0B0485F9C41B54DDD7D022595594E1A469170414C76A4D9A4D207E29CF43ECE46F218070CC6BECC4078ACAA135ACF422C856C0E68EA1BF5669944DDD7BCDE7B1F8E415D77AECB980613C2E4AC91FC167A2B244592486606FC29C8FD7F045B9A
310
EF7053A7E60B504B0304140006080800CC70623B1EC5D7A3EB0000007C01000008000000636F72652E786D6C8D90416EC3201045AF82665B6103C6756C6122AB4D4ED00B204C5C94182C03558F5F9C3852BBEB6A467FFE9B197D71FC9E6FE8CBACC17AD7032D0820E3B41FAD9B7A48F1820F808E52ACDEC75F36404ECDA687
310
4D0629A6D5A76597B477D1B89855E747B38B2A041301E95B6E7A08FAD3CCAA50296647B8168BD2573599823EBB0CA76447F43862C7BCCF5EAC59410E4DDD9C7973C2755553CCCFA4C603E3040F1565ED3B1FDE4E432BCA0D9622DAF9795FAF464533826484B498524CD807E51D79ED187F21878E10516EF63F505AC67F42C9
310
BA58B1FDDD071640D2FCC87D2045B96591CB3DA85CB7DCE40F504B0304140006080800CC70623B55019EA25F0000007C00000007000000636E782E786D6C4DCB3B0E80201045D1AD90E915ED2CF8AC45050C11660C8261F98AB1B07AC9C97D42D718D865D3E909258CFD00CCE24AC6E326A164D74DC0B4128928FF32603847
310
2BA13128B1252AC747C6BAB984FC68F0B87FE8960A5C09FE86CFB69FBA01504B0304140006080800CC70623B8C9102E971010000D40300000C0000006662782F636F72652E786D6CC5535B6E833010BC8AE5DF0A6C08340F1947A84D4ED00B38C6A128602363A31CBFCB234A53A551FA553EC09AD9F5CE8C31DB9E9B1AF5CA
310
7695D1198E428A91D2D214952E33ECDD315861B4E5CC1AE3BE9561A445A3323CC098B3D21ADFCE9034DA29ED00D5A6503328BA4E398C640D8B0C77F253352214DE4145770A5B214FA2546114020D759C75CE8200340D19DE981F0F6746269C33EFAB6266AB02A655C74A59CCF365BADC27CB5D902ED22848F6340DF238A141
310
BE88E2F57B92BFEDF23523433367AE6A2EEAA455C2A902F398D2751045018D3FA264435F3771F242571B4A1919CA6F9A7C5B3CD9E42BED16F12C776AEB308F40C848FC700B1139D4891EF410CEC810227CC6846F8386402064270EF5C5C709A05E49676C024C61FC95EA45ED154CA5211D1FF4FB8291A913A68E9B83EBBB33
310
E2A7673CDE118E5AE8124C0807CB8377834E366998436B950D7A7746DAD846D4CFD978E0F04FD455FC5D49D2D4C6FE9722321F10997F0F32DC47FE05504B0304140006080800CC70623BFFEA85907E0000009D0000000B0000006662782F636E782E786D6C4DCCD10A83201886E15B91FFDC95D95A811AB6F23E625948A6C3
310
E9D8E5AF46073BFAE0E1E365ED67B3E8ADC3CB78C7815C7240DA3DFC64DCC221C519D7805AC182F7F1EF06C88D9BE6703008B6049F9E274D7A1E938DBB5AE3D6131B2589BA0D3D965551E0B2EA732C9B9A624AAEB41E3A557677029960D9AFB4EF11165F504B0304140006080800CC70623B4FEEA4082C0100001202000031
310
0000006662782F39464131463745442D413632322D343644302D413938332D3331353338454246344243312F636F72652E786D6C8D515B6EC32010BC0AE2AB55850DD871ED0813254D72825EC00192A2C460F1A872FC42ED48ED5F7E00CDCECCCEB26C731F6FE05B39AFADE921293004CA082BB5B9F43086336A21D870E6AC
310
0D7F68109861543DCC30E4ECE26C9C164858139409093556AA051CBC570102714B8F1E7AF1A5C6A11862480C7F2DA6415C878B2A4891CA89C7990F2E050073937C42DE1DB7E4F87ED8A36D4329AA9B3D46DBAEAD504556557BD81DEBDD0761E52CE42C462D17B996298E3E6BE59E35C962CE821E1FF18553435012728A7187
310
0841987E927A8D9B35ADDF70BBC6989599FE4F1427F9A4286A132ABAC49D651EF234CD5CE04CDA78BA3DC2A8FB645D00B9DF8B57E215725C60BCA2A463E54C4CE327C7A65E1C7DB02E7DEFCBF594B864C5CA6CDBD49C957943E9FA5D5FBAF336F90F504B0304140006080800CC70623BAD7543B64E01000033030000300000
310
006662782F39464131463745442D413632322D343644302D413938332D3331353338454246344243312F636E782E786D6CD593CD6EC32010845F0571AD6CE3D48AD20813A9873E410FBD12D82434182C7EAAE6EDBB2424CD25871E7B41D6EC30B3FA84F9E67BB2E40B4234DE8DB46F1925E094D7C6ED479AD3AE5951B2113C
310
789FEE6C943839C1488B4C05DF079FE72A69D8C96C13AAD6B8631503449F83828872B949AC57D26200B826A308D316B4064D6E46FCDA41C05550DC9E483A00797BFD207EFB092A45DE9514C1BBD22178396BD39D891265658C238DEA00936C654E5E433CB65A26D9F6EDB5EBC14EBF49A45CB856E66048291F6939A9A81BB5
310
C8917738143CA680F4AA299D66A042CEB3354A2684DC9D8D178FE0D9B8B41CAAD720F880EE7EF93C0C18769E099ECC04D5A102C8049A8A05632F4DDF376CF1DE0F6BB65C2F8627B65A33C6BB62177CEBBDAD973006829F89F22E814B54F4BC2BE347F8AA8F681390B50FA73F804400B5F542E796F19FF974E7F78DB802FE05
310
E207504B0304140006080800CC70623B16AB87BA640500003C100000340000006662782F39464131463745442D413632322D343644302D413938332D3331353338454246344243312F6F626A656374732E786D6CAD575B6FA33818FD2B887DE6924B3BED8A326A92B68A663B534DD4D13E548A0C38942D60649B369D5FBFC7
310
600890A493BDE42160637FD7F31D7FF63E6FB3D478A55C242CBF3247B66B1A340F5994E4F19559CA8D75611A9F7D8F33263BCB4C232719BD32D5B4E97B316765A1A722BA21652A07B3B7B33F0D11D29C9A46981221AE4C113ED38CD8A4942CA2E2C58E882476BCD9DA23BB5ED8171B73523C0F841684D35CC252CCE79062D4
310
468DFA43D7747CCF51DF7D4FFDEB5593E3AB9CCA9FBEFE241792E4E19EB28198C968BAB8199F5D5A67D3E9C49A9E8F47D6EC76B6B0469F26EEFC7C3EBFBCBEB98462213924694B38DD98FE1D62C393D073EA4FADC5DAF04326852CCF6958F90F0F2B9BB5C48816348F90C7840A68EB78EDF68723159BCEE7891A6B95DDE9D3
310
BCEAEEE8086A6C6F9E5D4B59F0175C10A7A0820BAA5055C7473B5AE3CFDD452D602CD5DF12616444529E90D448938013FE6EFA58AA96F85E4F8C42275708571E98FE6827AF6B2B4AE3D7D83D64E5A64C53054DD3AF90BD06FEA9149565C94FCA0F6B834DC85599E4F2423B24DF0B6AFA979E534DFA9E7A4CC6FA631D486393
310
921829879BF5D781A373557BCB85E97FB90DB62B558F8795179C15944B051F40AB495CF35451D26A4727654E6D8033BD98EF82F21D91FF8AF2DD9982BCF1643BDD4EB516C9492E368C67C88DED563FC36D5EACF66DFF057C3658BDBFA69DF9578B3DA735B64F18C7F20770A9D45CFCF7FCF563D6456A277DBEF78A02637CA2
310
43B90A490AEAB94F72244481D24819A6C0E59B606BFA4B3025981DBB48EAB701D97BF19C577CC77F2D1B6C55A9EF3C732474C0B727303F625995056C3B02963D9EAC146BE78EC5FCEC7FA999EBC5EACBAAE41B12D27B4D2C0BBA49F244E2ECDC81B76B502F113D8F5EE8FB1BE3111CDD4FC2AA9B844CAB1288B68AB90A7CDC
310
1C166AB0D3DC5310625FCC14E779BFD0709F8890A629C9292B1B2DED31A4B0DA928CEE135085754027E3018A397D4D5427D15BD1330B677DC8934285AC3DF45A9EB68FF8F2B8FC0A509AFEECFD0FF2DE25CC6047F7214B195F07EFEB9A094D800F7BFAE8FED187B78EA8A3A400F115961BCAD1215E47C966530AF0EE8128FE
310
58CEBB996A8964FFA529A046635D9353B0336A8F700DDF46271A024E70B0B37C9DE01847591E54DED53D54202AB947E4076556AC49C6CA5C9E1226B7F1A7B1BE15DEED62C41B91E1B3E9AFAAA735036547343A925075041DF0A9979E893B391F8FCFA6967B3EFB644DCF6E5CEBFAE272625DCC6FAF3FB93793C5F90CE1EF57
310
407342756B10D1C489E8953CD1617E5CEECAD6F4EF8914CE5D5D504E5C3F1F9736DA62CFC11E00BCDDB8CC8A9466349744C1F75EBDA4DF09BA8A9E8C7A7E9991989E20E5DBDD6A6003664ED8F7A04A8DBE0DF6EAD9B9AA858342E47399053949D2C146EDB85DE4B176BB0965FBAC19BD19AA918E27FA50C1D22402E144464C
310
59462568E704B6E71915404CB72B8FF4EDE184DDAF753F284990D2C6926782963815403548A70C657FDEF80D2D9CEAA2AE4C1C76F60BFE74219A06527D6582DF6412526107381E55E353090704D085B52408D0933C4ED159D79BDA71BB4BC506F4831350EB6F979CD22D69BF7AC49B91A2C0A9DDA3D5CA36AD20FC478E37E6
310
1844E2352865EBCB6EA275A652E3836BE04EFB400BF1A2556F515F1FBB35B2AB35BD889C744FFA1004B5544B121E57F70215746DD2F5E2C1412B602CBF19455AC6C8E5E9922C4E01E65215385004546899059180EAFCF7A707CE7017CD8CDB0410789AB32C63B91E5CEBBBACB17AC6CD347A022D5075FD106377347AAABA7E
310
7D11590744509B44E205134DC1290F06580320F78E537D3D73540E06CB970B431F185308AD40BBD794D6D77003C5A36E8EAA54BA64597CD8F83BD552A080A365F7FF06504B0304140006080000CC70623B000000000000000000000000350000006662782F39464131463745442D413632322D343644302D413938332D3331
310
353338454246344243312F76657274696365732E62696E504B0304140006080800CC70623BF270F1330600000004000000360000006662782F39464131463745442D413632322D343644302D413938332D3331353338454246344243312F747269616E676C65732E62696E636660600000504B0304140006080000CC70623B
310
000000000000000000000000370000006662782F39464131463745442D413632322D343644302D413938332D3331353338454246344243312F617474726962757465732E62696E504B0304140006080800CC70623B08DA0BD19000000041010000360000006662782F39464131463745442D413632322D343644302D413938
310
332D3331353338454246344243312F6469726563746F72792E786D6C858F410AC3201045AF22B36F53E9A60B35CBEEBAE80D244E44489C6234F4F835464A48035D0DF398FF9F8AF63D0E6CC63039F212F8F9020C7D47C6792B21C5FE7403D62A1188E2E60C98D7234A5830286103A55745067B9D86B8A3CF9C7F90C11DE607
310
FB144396D7B6A82D282E9A152AD114D5EF2CB866EEE831B8EEA07A7BB5A8D7D61A2BAAEB7FD5F70921FF497D00504B0304140006080800CC70623B0D6EF93BFE000000A00100003B0000006662782F39464131463745442D413632322D343644302D413938332D3331353338454246344243312F7265736F75726365732F63
310
6F72652E786D6C8D50596E833010BD0A9ADFCA60B334011947A8694ED00B586642AC041B79A97AFC9A40A5F6AF3F33A3B7689E1E3F7DCD8FEC139DD7D6F4C0720A191A65476DA61E62B892236427C19DB5E1970C322367EC618541F0C9D9B8EC90B226A009093576C41D94DE63804C3DD2D18357379C652E63480A7FCF17A9
310
EE72C29CE5894E3AC17D702940B63D59270887DE46A7D0F36263058F518FBB468FE9A7BE6A7420864373B8D4873369AA8691FA421B3294352543C5CAF65C0F6FEF43CB8BD52C78D0F34F46E550061C419494B6843142CB0F5677F4B52BEB177AEC28E5C52AFF638ACBF84F53D42654E51E77B379102C05791282176B5F693D
310
CB4C7BED567C03504B010214000A0000080000CC70623B3DEE336E79000000790000001B00000000000000000000000000000000006175746F6465736B2D64657369676E2D7061636B6167652E786D6C504B01021400140006080800CC70623BD486FD9CA0000000F40000001300000000000000000000000000B20000005B
310
436F6E74656E745F54797065735D2E786D6C504B01021400140006080800CC70623B1EC5D7A3EB0000007C010000080000000000000000000000000083010000636F72652E786D6C504B01021400140006080800CC70623B55019EA25F0000007C000000070000000000000000000000000094020000636E782E786D6C504B
310
01021400140006080800CC70623B8C9102E971010000D40300000C00000000000000000000000000180300006662782F636F72652E786D6C504B01021400140006080800CC70623BFFEA85907E0000009D0000000B00000000000000000000000000B30400006662782F636E782E786D6C504B01021400140006080800CC70
310
623B4FEEA4082C0100001202000031000000000000000000000000005A0500006662782F39464131463745442D413632322D343644302D413938332D3331353338454246344243312F636F72652E786D6C504B01021400140006080800CC70623BAD7543B64E010000330300003000000000000000000000000000D5060000
310
6662782F39464131463745442D413632322D343644302D413938332D3331353338454246344243312F636E782E786D6C504B01021400140006080800CC70623B16AB87BA640500003C1000003400000000000000000000000000710800006662782F39464131463745442D413632322D343644302D413938332D3331353338
310
454246344243312F6F626A656374732E786D6C504B01021400140006080000CC70623B0000000000000000000000003500000000000000000000000000270E00006662782F39464131463745442D413632322D343644302D413938332D3331353338454246344243312F76657274696365732E62696E504B01021400140006
310
080800CC70623BF270F133060000000400000036000000000000000000000000007A0E00006662782F39464131463745442D413632322D343644302D413938332D3331353338454246344243312F747269616E676C65732E62696E504B01021400140006080000CC70623B0000000000000000000000003700000000000000
310
000000000000D40E00006662782F39464131463745442D413632322D343644302D413938332D3331353338454246344243312F617474726962757465732E62696E504B01021400140006080800CC70623B08DA0BD190000000410100003600000000000000000000000000290F00006662782F39464131463745442D413632
310
322D343644302D413938332D3331353338454246344243312F6469726563746F72792E786D6C504B01021400140006080800CC70623B0D6EF93BFE000000A00100003B000000000000000000000000000D1000006662782F39464131463745442D413632322D343644302D413938332D3331353338454246344243312F7265
310
736F75726365732F636F72652E786D6C504B0506000000000E000E0080040000641100000000
  0
XRECORD
  5
92C
102
{ACAD_REACTORS
330
173
102
}
330
173
100
AcDbXrecord
280
     1
102
MATERIAL
148
0.0
149
0.0
149
0.0
 93
        0
 94
       63
282
     0
 72
     1
 77
     1
171
     1
175
     1
179
     1
273
     0
  0
XRECORD
  5
1FB
102
{ACAD_REACTORS
330
173
102
}
330
173
100
AcDbXrecord
280
     1
 70
     0
 90
1673772943
  1
ECE7A1D2-D628-4531-984C-D00F80459256
310
504B03040A0000080000CC70623B3DEE336E79000000790000001B0000006175746F6465736B2D64657369676E2D7061636B6167652E786D6C3C3F786D6C2076657273696F6E3D22312E302220656E636F64696E673D227574662D3822203F3E3C666F726D6174733E3C666F726D61743E687474703A2F2F736368656D612E
310
6175746F6465736B2E636F6D2F64657369676E2D7061636B6167652F323030393C2F666F726D61743E3C2F666F726D6174733E504B0304140006080800CC70623BD486FD9CA0000000F4000000130000005B436F6E74656E745F54797065735D2E786D6C7D8EC10E82300C865F65E91D8A1E8C310C0EEA1BF002731658846E
310
D98AC1B77784ABF1D8FE5FBFBF75BBCE937A534CCEB38643598122B6FEE978D0B0485F9C41B54DDD7D022595594E1A469170414C76A4D9A4D207E29CF43ECE46F218070CC6BECC4078ACAA135ACF422C856C0E68EA1BF5669944DDD7BCDE7B1F8E415D77AECB980613C2E4AC91FC167A2B244592486606FC29C8FD7F045B9A
310
EF7053A7E60B504B0304140006080800CC70623BD9DDAED0EC0000007C01000008000000636F72652E786D6C8D90416EC3201045AF82665B61836D9CD8C2444DD39CA01740405C94182C03558F5F9C3852BBEB6A467FFE9B197D7EF89E6EE8CB2CC17A37002D0820E394D7D68D03A478C17B4007C117EFE32F1B20272733C0
310
2A83E0E3E2D3BC49CABB685CCCAAF3DA6CA20CC14440EA969B0182FA34932C648AD911AEC52CD5558EA6A0CF2EC329598D1E47ACCEFBECC59A050463A7EA5833865FEBDD0E37353BE3EE8DBDE3F6786A48D375FBF6CC78B9C282473B3DEFABC5C86834888A900E538A49F5419B9EB47DD5BC907D4F082F57FB1F28CDFA9F50
310
B22ED6D5F6EE030B20687EE43E10BC5CB3C8E51E54AE6B6EE207504B0304140006080800CC70623B55019EA25F0000007C00000007000000636E782E786D6C4DCB3B0E80201045D1AD90E915ED2CF8AC45050C11660C8261F98AB1B07AC9C97D42D718D865D3E909258CFD00CCE24AC6E326A164D74DC0B4128928FF326038
310
472BA13128B1252AC747C6BAB984FC68F0B87FE8960A5C09FE86CFB69FBA01504B0304140006080800CC70623BA24EB22D72010000D40300000C0000006662782F636F72652E786D6CC5535B6E833010BC8AE5DF0A6C5E49888CA3A6694ED00B38E05014B091B1518EDFE511A5A9D228FD2A1F60CDEC7A67C6986DCE4D8D7A
310
69BA4AAB0C073EC548AA5C17952A33ECECD15B61B4E1CC686DBF9561A44423333CC098B3D268D7CE50AE9595CA02AA74216750749DB418E5352C32DCE59FB211BE70162ABA93DF8AFC244AE9073ED050C759670D0840D390E18DF9F1706664C23973AE2A66B62A605A75ACA4C13C4976E1364A12EF355A2EBD384AF65EFA96
310
BC7B8BED2EA6719AAE16FB8491A199335B351775B991C2CA02F390D2D40B028F861F41BCA68B7518BFD0D59A524686F29B26D7164F36B94AD9289CE54E6D1DE6010819891F6E21228B3AD1831EC219194284CF98F06DD01008846CC5A1BEF83801D4CBDC6A1303536877A57A513B0953A94FC707FDBE6064EA84A9E3E6E0FA
310
EE8CF0E9198F7784A316AA0413C2C2F2E0ECA0934D1AE6D05A69BCDE9E91D2A611F573361E38FC1375157F5752AE6B6DFE4B11990F88CCBF0719EE23FF02504B0304140006080800CC70623B408A7D3B7C0000009D0000000B0000006662782F636E782E786D6C4DCCD10A83201886E15B91FFDC552A92A0064DBC8F581632
310
D3703A76F9ABD1C18E3E78F878E5F0D9027ABBFCF2292AE86E2D20171F69F6715550CB827B40839639A5F2770314A7CD293819B45C73AAFB45B35BA61ACAA1C1C7E7855C58C15BC331339661262CC762340413D68D77DA5B42298546CBE6573AF60CEB2F504B0304140006080800CC70623B449FB9BD290100001202000031
310
0000006662782F36394639363044362D344446342D343946362D394244322D3234314243333846323333332F636F72652E786D6C8D515B6EC32010BC0AE22B55850D98B871848994463E412FE002495162B07854397EA176A4F62F3F2C9A9D991D587EB84F37F0AD7D30CEF6905418026DA553C65E7A98E219ED203808EE9D
310
8B7F6810D871D23D2C3014FCE25D9A57483A1BB58D19B54EE9151C43D0110279CB971E06F9A5A7B11A53CC8C70ADE6515EC78BAE4895DB992778883E0700CB907242D17643D7E2538BD869608875438BBAE38922CAC8F1BDD90DB4691A5E2F42C153326A951B95E398B3D1FE599322163C9AE9115F7A3D46ADA0A018778810
310
84E907617BDCEE297BC5BB3DC6BC2EF47FA234AB2745C9D8D8D035EE220B50105E2F0DC1954B9FB747187D9F9D8FA0CCDB042D5FA0C015C65B42DF78BD10F3F3B363CB56C7109DCFDFBBB97E662ED92EB62D13BC2E1BCAE5777DB9966D8A1F504B0304140006080800CC70623BAD7543B64E01000033030000300000006662
310
782F36394639363044362D344446342D343946362D394244322D3234314243333846323333332F636E782E786D6CD593CD6EC32010845F0571AD6CE3D48AD20813A9873E410FBD12D82434182C7EAAE6EDBB2424CD25871E7B41D6EC30B3FA84F9E67BB2E40B4234DE8DB46F1925E094D7C6ED479AD3AE5951B2113C789FEE
310
6C943839C1488B4C05DF079FE72A69D8C96C13AAD6B8631503449F83828872B949AC57D26200B826A308D316B4064D6E46FCDA41C05550DC9E483A00797BFD207EFB092A45DE9514C1BBD22178396BD39D891265658C238DEA00936C654E5E433CB65A26D9F6EDB5EBC14EBF49A45CB856E66048291F6939A9A81BB5C89177
310
38143CA680F4AA299D66A042CEB3354A2684DC9D8D178FE0D9B8B41CAAD720F880EE7EF93C0C18769E099ECC04D5A102C8049A8A05632F4DDF376CF1DE0F6BB65C2F8627B65A33C6BB62177CEBBDAD973006829F89F22E814B54F4BC2BE347F8AA8F681390B50FA73F804400B5F542E796F19FF974E7F78DB802FE05E20750
310
4B0304140006080800CC70623B8D05915C650500003B100000340000006662782F36394639363044362D344446342D343946362D394244322D3234314243333846323333332F6F626A656374732E786D6CAD575B6FA33814FE2B887D06429276DA1565D4266D158D3A339A6846FB502932E050B66023DB74D2FDF5FB190C01
310
9276B2973C046C8ECFF53B17071F77456EBD502133CEAE6CDF9DD81665314F32965ED995DA3A17B6F5310C04E7AA47665B8C14F4CAD6DB7618A48257A5D94AE89654B91AEDDEDDFC61C998326A5B714EA4BCB265FC440BE2924AF184CA6737218AB8E976E7FA6E4338649B0A523E8D98964450A6A029F619B8588D52FE7039
310
B1BD30F0F4F730D0FF866AF6369557DB33949F31A9088B0F848DD8CCFCF9F2767A76E99CCDE733677E3EF59D9BBB9BA5E37F984D16E78BC5E5F5ED25044B25C0C96822E8D60EEFE11B91C581D77CEA34368A1F5329E68CD1B8B61F16D63A1B8E092D294B10C78C4A48EB593D192E7DED9BDEE7995E1B91FDEDD3ACEA9FE831
310
6A756F9F7D4D79F4274C90A7A04248AA51D5F8C718DAE06FB2F75AC4796EBE65D22A88A22223B995679120E2D50E41AA49C260C046A35368846B0BECD0DFF3EBEB8AD4F835768F69B9ADF25C43D30E6B646F807FAA64AD59F61715C7A54127C4AACA98BA3006A9D792DAE165E0D59B61A01FB3A9F9D838D2DAE62445C86166
310
F37564E842E7DE6A69879FEEA2DD5AE7E371E1A5E025154AC307D06A03D73EB5978C58FFA4C8E9033066E0F3BD53BEC1F39F91BE7B55103791EDE6BBB991A2046172CB4581D8B893FA674DDA17A77B3B7C413D1B511FD2743BFF8A38F03A658705E3ADF8015C3A3417FF3D7E439FF591DA0B5F18BC20C1B8981957AE6392A3
310
F43C640C01D1A0B4728E2DD4F26DB4B3C3152A252A3B4E913CEC1C72F012782FF88EFF8637AA552DBEF76408E8A8DE9E50F9E1CB3A2DA0DB1B6039A893B56063DC5B3E3FFB5F72E67AB9FEB4AEC496C4F4C1149625DD662C53E89D7BF0F6151A046260D1337DFDC94502430F83B0EE07A130A224BCAD7DAE1D9FB6CD422FF6
310
920702629C4BB9AE79C12F243C6432A6794E18E5552BA56B431AAB5D91317302B2B071E86C3A42B1A02F999E24061403B5D0EB639195DA655DD3EBEAB4FB862DDF579F014AD0E73C22F99E28DA57FB98E75C6CA2D74D53086D600F4786E0FE3144B771A8A7B900F03594DB8A633CBC49B2EDB69228BB479CF863B5E807AAAB
310
23872F6DFEB4129B949CA33823F58830E86D65621E10047D9DB34D862E8EAC3C2ABC2F7B2C40D67CDFE01F5545B92105AF983AC54D93D69E56FB8E797F88913F898A9FEC705D3F9D1B54EC8426FB500D40A03BD0119B06E1B95DDC7EB8F6975367793EBD70E66733DFB9BC982F9CE564727731999F5D4ECFCE3B8D6A4DC2A0
310
6D50FD148437D110834A64C6CDDF57FBACB5C307A2A477DFE4939736CFEF2B175371E0E10CF0DD1D5C15654E0BCA14D1E87DD02FF93782A162C0A3D95F1524A52770F972BF1EE9809D13CE7DD599467F8ECE9ADD85CE85A34CD45355448C64F9E8A031DC2D596ACC6E5DD93D9B82DE2EF5CAF81363A8E47996A0DE24564A79
310
4115AACE09C55E14540231FDA13C319787134EBF34E3A022514E5B4D9E0826E25C02D5805B15ABE1BEF51B26383D445DD9E875EE33FE4C22DA16427D65A3BCA92CA6D28DD01DF5DC53330704308475351050232CCD31583787BA75774AFB06E5070DD0C8EF484E19968C5D83BA5B90B244D31E54D55A372320FE4786B7EA58
310
44E135AA5467CB7EA333A61683CC6A8C3257034C10CF46F40EF9F5BE59BE5BD30C3C72D235E95D10345C1D45445A5F0BB47E46A5EBE5570F9380B5FA629579952296A773720405982B9DE04011506178964401AA8BDF1FBF0A8EAB6861DD6580C0E38217056766716DAEB2D6FA0917D3E4116581EADB879C4E7CFFB11EFACD
310
3D641311495D92C8676CB409A72D18610D803CE8A626049E8EC1887CB5B44CC39883690DDA8399B4B9855B481E7D71D4A9D22F96E5BB73BF5793020C02137BF837504B0304140006080000CC70623B000000000000000000000000350000006662782F36394639363044362D344446342D343946362D394244322D32343142
310
43333846323333332F76657274696365732E62696E504B0304140006080800CC70623BF270F1330600000004000000360000006662782F36394639363044362D344446342D343946362D394244322D3234314243333846323333332F747269616E676C65732E62696E636660600000504B0304140006080000CC70623B0000
310
00000000000000000000370000006662782F36394639363044362D344446342D343946362D394244322D3234314243333846323333332F617474726962757465732E62696E504B0304140006080800CC70623B08DA0BD19000000041010000360000006662782F36394639363044362D344446342D343946362D394244322D
310
3234314243333846323333332F6469726563746F72792E786D6C858F410AC3201045AF22B36F53E9A60B35CBEEBAE80D244E44489C6234F4F835464A48035D0DF398FF9F8AF63D0E6CC63039F212F8F9020C7D47C6792B21C5FE7403D62A1188E2E60C98D7234A5830286103A55745067B9D86B8A3CF9C7F90C11DE607FB14
310
4396D7B6A82D282E9A152AD114D5EF2CB866EEE831B8EEA07A7BB5A8D7D61A2BAAEB7FD5F70921FF497D00504B0304140006080800CC70623BCA768048FE000000A00100003B0000006662782F36394639363044362D344446342D343946362D394244322D3234314243333846323333332F7265736F75726365732F636F72
310
652E786D6C8D50596E833010BD0A9ADFCA60D600328E9AA639412F609909B1126CE4A5EAF16B0295DABFFECC8CDEA2797AECF8353F924FB44E193D409E5248504B332A3D0D10FC95B4901C39B3C6F85F3248B49871801506CE266BC2B243D2688FDA47549B11775038871E12F988C7004EDE7016A9083E2ADC3D5D84BC8B09
310
D33C8D74D471E6BC8D0192EDC93A815B742658898E651BCB59086ADC356A8C3FD555A1055ED7E7E254D615792D0F075295F585746FF53B694EE78A565DD736979A65AB9933AFE69F8CD2A2F038022F28ED489E135A7CE4554F9BBEA85E68DB53CAB255FEC71496F19FA6A0B42F8B3DEE6673C0F318E4497096AD7DC5F52C33
310
EEB55BFE0D504B010214000A0000080000CC70623B3DEE336E79000000790000001B00000000000000000000000000000000006175746F6465736B2D64657369676E2D7061636B6167652E786D6C504B01021400140006080800CC70623BD486FD9CA0000000F40000001300000000000000000000000000B20000005B436F
310
6E74656E745F54797065735D2E786D6C504B01021400140006080800CC70623BD9DDAED0EC0000007C010000080000000000000000000000000083010000636F72652E786D6C504B01021400140006080800CC70623B55019EA25F0000007C000000070000000000000000000000000095020000636E782E786D6C504B0102
310
1400140006080800CC70623BA24EB22D72010000D40300000C00000000000000000000000000190300006662782F636F72652E786D6C504B01021400140006080800CC70623B408A7D3B7C0000009D0000000B00000000000000000000000000B50400006662782F636E782E786D6C504B01021400140006080800CC70623B
310
449FB9BD290100001202000031000000000000000000000000005A0500006662782F36394639363044362D344446342D343946362D394244322D3234314243333846323333332F636F72652E786D6C504B01021400140006080800CC70623BAD7543B64E010000330300003000000000000000000000000000D20600006662
310
782F36394639363044362D344446342D343946362D394244322D3234314243333846323333332F636E782E786D6C504B01021400140006080800CC70623B8D05915C650500003B10000034000000000000000000000000006E0800006662782F36394639363044362D344446342D343946362D394244322D32343142433338
310
46323333332F6F626A656374732E786D6C504B01021400140006080000CC70623B0000000000000000000000003500000000000000000000000000250E00006662782F36394639363044362D344446342D343946362D394244322D3234314243333846323333332F76657274696365732E62696E504B010214001400060808
310
00CC70623BF270F13306000000040000003600000000000000000000000000780E00006662782F36394639363044362D344446342D343946362D394244322D3234314243333846323333332F747269616E676C65732E62696E504B01021400140006080000CC70623B00000000000000000000000037000000000000000000
310
00000000D20E00006662782F36394639363044362D344446342D343946362D394244322D3234314243333846323333332F617474726962757465732E62696E504B01021400140006080800CC70623B08DA0BD190000000410100003600000000000000000000000000270F00006662782F36394639363044362D344446342D
310
343946362D394244322D3234314243333846323333332F6469726563746F72792E786D6C504B01021400140006080800CC70623BCA768048FE000000A00100003B000000000000000000000000000B1000006662782F36394639363044362D344446342D343946362D394244322D3234314243333846323333332F7265736F
310
75726365732F636F72652E786D6C504B0506000000000E000E0080040000621100000000
  0
XRECORD
  5
92E
102
{ACAD_REACTORS
330
92D
102
}
330
92D
100
AcDbXrecord
280
     1
102
ACAD_ROUNDTRIP_2010_MLEADER_STYLE
  0
XRECORD
  5
930
102
{ACAD_REACTORS
330
92F
102
}
330
92F
100
AcDbXrecord
280
     1
102
ACAD_ROUNDTRIP_2010_MLEADER_STYLE
  0
XRECORD
  5
932
102
{ACAD_REACTORS
330
931
102
}
330
931
100
AcDbXrecord
280
     1
102
DISPLAYNAME
  1
Metric50
102
FLAGS
 90
        0
  0
CELLSTYLEMAP
  5
935
102
{ACAD_REACTORS
330
933
102
}
330
933
100
AcDbCellStyleMap
 90
        3
300
CELLSTYLE
  1
TABLEFORMAT_BEGIN
 90
        5
170
     1
 91
        0
 92
    32768
 62
   257
 93
        1
300
CONTENTFORMAT
  1
CONTENTFORMAT_BEGIN
 90
        0
 91
        0
 92
      512
 93
        0
300

 40
0.0
140
1.0
 94
        5
 62
     0
340
11
144
6.0
309
CONTENTFORMAT_END
171
     1
301
MARGIN
  1
CELLMARGIN_BEGIN
 40
1.5
 40
1.5
 40
1.5
 40
1.5
 40
4.5
 40
4.5
309
CELLMARGIN_END
 94
        6
 95
        1
302
GRIDFORMAT
  1
GRIDFORMAT_BEGIN
 90
        0
 91
        1
 62
     0
 92
       -2
340
14
 93
        0
 40
1.125
309
GRIDFORMAT_END
 95
        2
302
GRIDFORMAT
  1
GRIDFORMAT_BEGIN
 90
        0
 91
        1
 62
     0
 92
       -2
340
14
 93
        0
 40
1.125
309
GRIDFORMAT_END
 95
        4
302
GRIDFORMAT
  1
GRIDFORMAT_BEGIN
 90
        0
 91
        1
 62
     0
 92
       -2
340
14
 93
        0
 40
1.125
309
GRIDFORMAT_END
 95
        8
302
GRIDFORMAT
  1
GRIDFORMAT_BEGIN
 90
        0
 91
        1
 62
     0
 92
       -2
340
14
 93
        0
 40
1.125
309
GRIDFORMAT_END
 95
       16
302
GRIDFORMAT
  1
GRIDFORMAT_BEGIN
 90
        0
 91
        1
 62
     0
 92
       -2
340
14
 93
        0
 40
1.125
309
GRIDFORMAT_END
 95
       32
302
GRIDFORMAT
  1
GRIDFORMAT_BEGIN
 90
        0
 91
        1
 62
     0
 92
       -2
340
14
 93
        0
 40
1.125
309
GRIDFORMAT_END
309
TABLEFORMAT_END
  1
CELLSTYLE_BEGIN
 90
        1
 91
        1
300
_TITLE
309
CELLSTYLE_END
300
CELLSTYLE
  1
TABLEFORMAT_BEGIN
 90
        5
170
     1
 91
        0
 92
        0
 62
   257
 93
        1
300
CONTENTFORMAT
  1
CONTENTFORMAT_BEGIN
 90
        0
 91
        0
 92
      512
 93
        0
300

 40
0.0
140
1.0
 94
        5
 62
     0
340
11
144
4.5
309
CONTENTFORMAT_END
171
     1
301
MARGIN
  1
CELLMARGIN_BEGIN
 40
1.5
 40
1.5
 40
1.5
 40
1.5
 40
4.5
 40
4.5
309
CELLMARGIN_END
 94
        6
 95
        1
302
GRIDFORMAT
  1
GRIDFORMAT_BEGIN
 90
        0
 91
        1
 62
     0
 92
       -2
340
14
 93
        0
 40
1.125
309
GRIDFORMAT_END
 95
        2
302
GRIDFORMAT
  1
GRIDFORMAT_BEGIN
 90
        0
 91
        1
 62
     0
 92
       -2
340
14
 93
        0
 40
1.125
309
GRIDFORMAT_END
 95
        4
302
GRIDFORMAT
  1
GRIDFORMAT_BEGIN
 90
        0
 91
        1
 62
     0
 92
       -2
340
14
 93
        0
 40
1.125
309
GRIDFORMAT_END
 95
        8
302
GRIDFORMAT
  1
GRIDFORMAT_BEGIN
 90
        0
 91
        1
 62
     0
 92
       -2
340
14
 93
        0
 40
1.125
309
GRIDFORMAT_END
 95
       16
302
GRIDFORMAT
  1
GRIDFORMAT_BEGIN
 90
        0
 91
        1
 62
     0
 92
       -2
340
14
 93
        0
 40
1.125
309
GRIDFORMAT_END
 95
       32
302
GRIDFORMAT
  1
GRIDFORMAT_BEGIN
 90
        0
 91
        1
 62
     0
 92
       -2
340
14
 93
        0
 40
1.125
309
GRIDFORMAT_END
309
TABLEFORMAT_END
  1
CELLSTYLE_BEGIN
 90
        2
 91
        1
300
_HEADER
309
CELLSTYLE_END
300
CELLSTYLE
  1
TABLEFORMAT_BEGIN
 90
        5
170
     1
 91
        0
 92
        0
 62
   257
 93
        1
300
CONTENTFORMAT
  1
CONTENTFORMAT_BEGIN
 90
        0
 91
        0
 92
      512
 93
        0
300

 40
0.0
140
1.0
 94
        2
 62
     0
340
11
144
4.5
309
CONTENTFORMAT_END
171
     1
301
MARGIN
  1
CELLMARGIN_BEGIN
 40
1.5
 40
1.5
 40
1.5
 40
1.5
 40
4.5
 40
4.5
309
CELLMARGIN_END
 94
        6
 95
        1
302
GRIDFORMAT
  1
GRIDFORMAT_BEGIN
 90
        0
 91
        1
 62
     0
 92
       -2
340
14
 93
        0
 40
1.125
309
GRIDFORMAT_END
 95
        2
302
GRIDFORMAT
  1
GRIDFORMAT_BEGIN
 90
        0
 91
        1
 62
     0
 92
       -2
340
14
 93
        0
 40
1.125
309
GRIDFORMAT_END
 95
        4
302
GRIDFORMAT
  1
GRIDFORMAT_BEGIN
 90
        0
 91
        1
 62
     0
 92
       -2
340
14
 93
        0
 40
1.125
309
GRIDFORMAT_END
 95
        8
302
GRIDFORMAT
  1
GRIDFORMAT_BEGIN
 90
        0
 91
        1
 62
     0
 92
       -2
340
14
 93
        0
 40
1.125
309
GRIDFORMAT_END
 95
       16
302
GRIDFORMAT
  1
GRIDFORMAT_BEGIN
 90
        0
 91
        1
 62
     0
 92
       -2
340
14
 93
        0
 40
1.125
309
GRIDFORMAT_END
 95
       32
302
GRIDFORMAT
  1
GRIDFORMAT_BEGIN
 90
        0
 91
        1
 62
     0
 92
       -2
340
14
 93
        0
 40
1.125
309
GRIDFORMAT_END
309
TABLEFORMAT_END
  1
CELLSTYLE_BEGIN
 90
        3
 91
        2
300
_DATA
309
CELLSTYLE_END
  0
XRECORD
  5
934
102
{ACAD_REACTORS
330
933
102
}
330
933
100
AcDbXrecord
280
     1
102
ACAD_ROUNDTRIP_PRE2007_TABLESTYLE
 90
      512
 91
        0
  1

 92
      512
 93
        0
  2

 94
      512
 95
        0
  3

  0
XRECORD
  5
937
102
{ACAD_REACTORS
330
936
102
}
330
936
100
AcDbXrecord
280
     1
102
RTVSPropertyOp0
 70
     1
102
RTVSPropertyOp1
 70
     1
102
RTVSPropertyOp2
 70
     1
102
RTVSPropertyOp3
 70
     1
102
RTVSPropertyOp4
 70
     1
102
RTVSPropertyOp5
 70
     1
102
RTVSPropertyOp6
 70
     1
102
RTVSPropertyOp7
 70
     1
102
RTVSPropertyOp8
 70
     1
102
RTVSPropertyOp9
 70
     1
102
RTVSPropertyOp10
 70
     1
102
RTVSPropertyOp11
 70
     1
102
RTVSPropertyOp12
 70
     1
102
RTVSPropertyOp13
 70
     1
102
RTVSPropertyOp14
 70
     1
102
RTVSPropertyOp15
 70
     1
102
RTVSPropertyOp16
 70
     1
102
RTVSPropertyOp17
 70
     1
102
RTVSPropertyOp18
 70
     1
102
RTVSPropertyOp19
 70
     1
102
RTVSPropertyOp20
 70
     1
102
RTVSPropertyOp21
 70
     1
102
RTVSPropertyOp22
 70
     1
102
RTVSPropertyOp23
 70
     1
102
RTVSPropertyOp24
 70
     1
102
RTVSPropertyOp25
 70
     1
102
RTVSPropertyOp26
 70
     1
102
RTVSPropertyOp27
 70
     1
102
RTVSPropertyOp28
 70
     1
102
RTVSPropertyOp29
 70
     1
102
RTVSPropertyOp30
 70
     1
102
RTVSPropertyOp31
 70
     1
102
RTVSPropertyOp32
 70
     1
102
RTVSPropertyOp33
 70
     1
102
RTVSPropertyOp34
 70
     1
102
RTVSPropertyOp35
 70
     1
102
RTVSPropertyOp36
 70
     1
102
RTVSPropertyOp37
 70
     1
102
RTVSPropertyOp38
 70
     1
102
RTVSPropertyOp39
 70
     1
102
RTVSPropertyOp40
 70
     1
102
RTVSPropertyOp41
 70
     1
102
RTVSPropertyOp42
 70
     1
102
RTVSPropertyOp43
 70
     1
102
RTVSPropertyOp44
 70
     1
102
RTVSPropertyOp45
 70
     1
102
RTVSPropertyOp46
 70
     1
102
RTVSPropertyOp47
 70
     1
102
RTVSPropertyOp48
 70
     1
102
RTVSPropertyOp49
 70
     1
102
RTVSPropertyOp50
 70
     1
102
RTVSPropertyOp51
 70
     0
102
RTVSPropertyOp52
 70
     0
102
RTVSPropertyOp53
 70
     1
102
RTVSPropertyOp54
 70
     1
102
RTVSPropertyOp55
 70
     1
102
RTVSPropertyOp56
 70
     1
102
RTVSPropertyOp57
 70
     1
102
RTVSPost2010Prop28
280
     1
102
RTVSPost2010PropOp28
 70
     1
102
RTVSPost2010Prop29
280
     1
102
RTVSPost2010PropOp29
 70
     1
102
RTVSPost2010Prop30
280
     0
102
RTVSPost2010PropOp30
 70
     1
102
RTVSPost2010Prop31
280
     0
102
RTVSPost2010PropOp31
 70
     1
102
RTVSPost2010Prop32
280
     0
102
RTVSPost2010PropOp32
 70
     1
102
RTVSPost2010Prop33
280
     0
102
RTVSPost2010PropOp33
 70
     1
102
RTVSPost2010Prop34
280
     0
102
RTVSPost2010PropOp34
 70
     1
102
RTVSPost2010Prop35
280
     0
102
RTVSPost2010PropOp35
 70
     1
102
RTVSPost2010Prop36
280
     0
102
RTVSPost2010PropOp36
 70
     1
102
RTVSPost2010Prop37
 90
       50
102
RTVSPost2010PropOp37
 70
     1
102
RTVSPost2010Prop38
140
0.0
102
RTVSPost2010PropOp38
 70
     1
102
RTVSPost2010Prop39
140
1.0
102
RTVSPost2010PropOp39
 70
     1
102
RTVSPost2010Prop40
 90
        0
102
RTVSPost2010PropOp40
 70
     1
102
RTVSPost2010Prop41ColorIndex
 90
       18
102
RTVSPost2010Prop41ColorRGB
 90
        0
102
RTVSPost2010PropOp41
 70
     1
102
RTVSPost2010Prop42
 90
       50
102
RTVSPost2010PropOp42
 70
     1
102
RTVSPost2010Prop43
 90
        3
102
RTVSPost2010PropOp43
 70
     1
102
RTVSPost2010Prop44ColorIndex
 90
        5
102
RTVSPost2010Prop44ColorRGB
 90
      255
102
RTVSPost2010PropOp44
 70
     1
102
RTVSPost2010Prop45
280
     0
102
RTVSPost2010PropOp45
 70
     1
102
RTVSPost2010Prop46
 90
       50
102
RTVSPost2010PropOp46
 70
     1
102
RTVSPost2010Prop47
 90
       50
102
RTVSPost2010PropOp47
 70
     1
102
RTVSPost2010Prop48
 90
       50
102
RTVSPost2010PropOp48
 70
     1
102
RTVSPost2010Prop49
280
     0
102
RTVSPost2010PropOp49
 70
     1
102
RTVSPost2010Prop50
 90
       50
102
RTVSPost2010PropOp50
 70
     1
102
RTVSPost2010Prop51ColorIndex
 90
      256
102
RTVSPost2010Prop51ColorRGB
 90
-16777216
102
RTVSPost2010PropOp51
 70
     0
102
RTVSPost2010Prop52
140
1.0
102
RTVSPost2010PropOp52
 70
     0
102
RTVSPost2010Prop53
 90
        2
102
RTVSPost2010PropOp53
 70
     1
102
RTVSPost2010Prop54
  1
strokes_ogs.tif
102
RTVSPost2010PropOp54
 70
     1
102
RTVSPost2010Prop55
280
     0
102
RTVSPost2010PropOp55
 70
     1
102
RTVSPost2010Prop56
140
1.0
102
RTVSPost2010PropOp56
 70
     1
102
RTVSPost2010Prop57
140
1.0
102
RTVSPost2010PropOp57
 70
     1
  0
XRECORD
  5
939
102
{ACAD_REACTORS
330
938
102
}
330
938
100
AcDbXrecord
280
     1
102
RTVSPropertyOp0
 70
     1
102
RTVSPropertyOp1
 70
     1
102
RTVSPropertyOp2
 70
     1
102
RTVSPropertyOp3
 70
     1
102
RTVSPropertyOp4
 70
     1
102
RTVSPropertyOp5
 70
     1
102
RTVSPropertyOp6
 70
     1
102
RTVSPropertyOp7
 70
     1
102
RTVSPropertyOp8
 70
     1
102
RTVSPropertyOp9
 70
     1
102
RTVSPropertyOp10
 70
     1
102
RTVSPropertyOp11
 70
     1
102
RTVSPropertyOp12
 70
     1
102
RTVSPropertyOp13
 70
     1
102
RTVSPropertyOp14
 70
     1
102
RTVSPropertyOp15
 70
     1
102
RTVSPropertyOp16
 70
     1
102
RTVSPropertyOp17
 70
     1
102
RTVSPropertyOp18
 70
     1
102
RTVSPropertyOp19
 70
     1
102
RTVSPropertyOp20
 70
     1
102
RTVSPropertyOp21
 70
     1
102
RTVSPropertyOp22
 70
     1
102
RTVSPropertyOp23
 70
     1
102
RTVSPropertyOp24
 70
     1
102
RTVSPropertyOp25
 70
     1
102
RTVSPropertyOp26
 70
     1
102
RTVSPropertyOp27
 70
     1
102
RTVSPropertyOp28
 70
     1
102
RTVSPropertyOp29
 70
     1
102
RTVSPropertyOp30
 70
     1
102
RTVSPropertyOp31
 70
     1
102
RTVSPropertyOp32
 70
     1
102
RTVSPropertyOp33
 70
     1
102
RTVSPropertyOp34
 70
     1
102
RTVSPropertyOp35
 70
     1
102
RTVSPropertyOp36
 70
     1
102
RTVSPropertyOp37
 70
     1
102
RTVSPropertyOp38
 70
     1
102
RTVSPropertyOp39
 70
     1
102
RTVSPropertyOp40
 70
     1
102
RTVSPropertyOp41
 70
     1
102
RTVSPropertyOp42
 70
     1
102
RTVSPropertyOp43
 70
     1
102
RTVSPropertyOp44
 70
     1
102
RTVSPropertyOp45
 70
     1
102
RTVSPropertyOp46
 70
     1
102
RTVSPropertyOp47
 70
     1
102
RTVSPropertyOp48
 70
     1
102
RTVSPropertyOp49
 70
     1
102
RTVSPropertyOp50
 70
     1
102
RTVSPropertyOp51
 70
     0
102
RTVSPropertyOp52
 70
     0
102
RTVSPropertyOp53
 70
     1
102
RTVSPropertyOp54
 70
     1
102
RTVSPropertyOp55
 70
     1
102
RTVSPropertyOp56
 70
     1
102
RTVSPropertyOp57
 70
     1
102
RTVSPost2010Prop28
280
     0
102
RTVSPost2010PropOp28
 70
     1
102
RTVSPost2010Prop29
280
     1
102
RTVSPost2010PropOp29
 70
     1
102
RTVSPost2010Prop30
280
     1
102
RTVSPost2010PropOp30
 70
     1
102
RTVSPost2010Prop31
280
     0
102
RTVSPost2010PropOp31
 70
     1
102
RTVSPost2010Prop32
280
     0
102
RTVSPost2010PropOp32
 70
     1
102
RTVSPost2010Prop33
280
     0
102
RTVSPost2010PropOp33
 70
     1
102
RTVSPost2010Prop34
280
     0
102
RTVSPost2010PropOp34
 70
     1
102
RTVSPost2010Prop35
280
     0
102
RTVSPost2010PropOp35
 70
     1
102
RTVSPost2010Prop36
280
     0
102
RTVSPost2010PropOp36
 70
     1
102
RTVSPost2010Prop37
 90
       50
102
RTVSPost2010PropOp37
 70
     1
102
RTVSPost2010Prop38
140
0.0
102
RTVSPost2010PropOp38
 70
     1
102
RTVSPost2010Prop39
140
1.0
102
RTVSPost2010PropOp39
 70
     1
102
RTVSPost2010Prop40
 90
        0
102
RTVSPost2010PropOp40
 70
     1
102
RTVSPost2010Prop41ColorIndex
 90
       18
102
RTVSPost2010Prop41ColorRGB
 90
        0
102
RTVSPost2010PropOp41
 70
     1
102
RTVSPost2010Prop42
 90
       50
102
RTVSPost2010PropOp42
 70
     1
102
RTVSPost2010Prop43
 90
        3
102
RTVSPost2010PropOp43
 70
     1
102
RTVSPost2010Prop44ColorIndex
 90
        5
102
RTVSPost2010Prop44ColorRGB
 90
      255
102
RTVSPost2010PropOp44
 70
     1
102
RTVSPost2010Prop45
280
     0
102
RTVSPost2010PropOp45
 70
     1
102
RTVSPost2010Prop46
 90
       50
102
RTVSPost2010PropOp46
 70
     1
102
RTVSPost2010Prop47
 90
       50
102
RTVSPost2010PropOp47
 70
     1
102
RTVSPost2010Prop48
 90
       50
102
RTVSPost2010PropOp48
 70
     1
102
RTVSPost2010Prop49
280
     0
102
RTVSPost2010PropOp49
 70
     1
102
RTVSPost2010Prop50
 90
       50
102
RTVSPost2010PropOp50
 70
     1
102
RTVSPost2010Prop51ColorIndex
 90
      256
102
RTVSPost2010Prop51ColorRGB
 90
-16777216
102
RTVSPost2010PropOp51
 70
     0
102
RTVSPost2010Prop52
140
1.0
102
RTVSPost2010PropOp52
 70
     0
102
RTVSPost2010Prop53
 90
        2
102
RTVSPost2010PropOp53
 70
     1
102
RTVSPost2010Prop54
  1
strokes_ogs.tif
102
RTVSPost2010PropOp54
 70
     1
102
RTVSPost2010Prop55
280
     0
102
RTVSPost2010PropOp55
 70
     1
102
RTVSPost2010Prop56
140
1.0
102
RTVSPost2010PropOp56
 70
     1
102
RTVSPost2010Prop57
140
1.0
102
RTVSPost2010PropOp57
 70
     1
  0
XRECORD
  5
93B
102
{ACAD_REACTORS
330
93A
102
}
330
93A
100
AcDbXrecord
280
     1
102
RTVSPropertyOp0
 70
     1
102
RTVSPropertyOp1
 70
     1
102
RTVSPropertyOp2
 70
     1
102
RTVSPropertyOp3
 70
     1
102
RTVSPropertyOp4
 70
     1
102
RTVSPropertyOp5
 70
     1
102
RTVSPropertyOp6
 70
     1
102
RTVSPropertyOp7
 70
     1
102
RTVSPropertyOp8
 70
     1
102
RTVSPropertyOp9
 70
     1
102
RTVSPropertyOp10
 70
     1
102
RTVSPropertyOp11
 70
     1
102
RTVSPropertyOp12
 70
     1
102
RTVSPropertyOp13
 70
     1
102
RTVSPropertyOp14
 70
     1
102
RTVSPropertyOp15
 70
     1
102
RTVSPropertyOp16
 70
     1
102
RTVSPropertyOp17
 70
     1
102
RTVSPropertyOp18
 70
     1
102
RTVSPropertyOp19
 70
     1
102
RTVSPropertyOp20
 70
     1
102
RTVSPropertyOp21
 70
     1
102
RTVSPropertyOp22
 70
     1
102
RTVSPropertyOp23
 70
     1
102
RTVSPropertyOp24
 70
     1
102
RTVSPropertyOp25
 70
     1
102
RTVSPropertyOp26
 70
     1
102
RTVSPropertyOp27
 70
     1
102
RTVSPropertyOp28
 70
     1
102
RTVSPropertyOp29
 70
     1
102
RTVSPropertyOp30
 70
     1
102
RTVSPropertyOp31
 70
     1
102
RTVSPropertyOp32
 70
     1
102
RTVSPropertyOp33
 70
     1
102
RTVSPropertyOp34
 70
     1
102
RTVSPropertyOp35
 70
     1
102
RTVSPropertyOp36
 70
     1
102
RTVSPropertyOp37
 70
     1
102
RTVSPropertyOp38
 70
     1
102
RTVSPropertyOp39
 70
     1
102
RTVSPropertyOp40
 70
     1
102
RTVSPropertyOp41
 70
     1
102
RTVSPropertyOp42
 70
     1
102
RTVSPropertyOp43
 70
     1
102
RTVSPropertyOp44
 70
     1
102
RTVSPropertyOp45
 70
     1
102
RTVSPropertyOp46
 70
     1
102
RTVSPropertyOp47
 70
     1
102
RTVSPropertyOp48
 70
     1
102
RTVSPropertyOp49
 70
     1
102
RTVSPropertyOp50
 70
     1
102
RTVSPropertyOp51
 70
     0
102
RTVSPropertyOp52
 70
     0
102
RTVSPropertyOp53
 70
     1
102
RTVSPropertyOp54
 70
     1
102
RTVSPropertyOp55
 70
     1
102
RTVSPropertyOp56
 70
     1
102
RTVSPropertyOp57
 70
     1
102
RTVSPost2010Prop28
280
     0
102
RTVSPost2010PropOp28
 70
     1
102
RTVSPost2010Prop29
280
     1
102
RTVSPost2010PropOp29
 70
     1
102
RTVSPost2010Prop30
280
     1
102
RTVSPost2010PropOp30
 70
     1
102
RTVSPost2010Prop31
280
     0
102
RTVSPost2010PropOp31
 70
     1
102
RTVSPost2010Prop32
280
     0
102
RTVSPost2010PropOp32
 70
     1
102
RTVSPost2010Prop33
280
     0
102
RTVSPost2010PropOp33
 70
     1
102
RTVSPost2010Prop34
280
     0
102
RTVSPost2010PropOp34
 70
     1
102
RTVSPost2010Prop35
280
     0
102
RTVSPost2010PropOp35
 70
     1
102
RTVSPost2010Prop36
280
     0
102
RTVSPost2010PropOp36
 70
     1
102
RTVSPost2010Prop37
 90
       50
102
RTVSPost2010PropOp37
 70
     1
102
RTVSPost2010Prop38
140
0.0
102
RTVSPost2010PropOp38
 70
     1
102
RTVSPost2010Prop39
140
1.0
102
RTVSPost2010PropOp39
 70
     1
102
RTVSPost2010Prop40
 90
        0
102
RTVSPost2010PropOp40
 70
     1
102
RTVSPost2010Prop41ColorIndex
 90
       18
102
RTVSPost2010Prop41ColorRGB
 90
        0
102
RTVSPost2010PropOp41
 70
     1
102
RTVSPost2010Prop42
 90
       50
102
RTVSPost2010PropOp42
 70
     1
102
RTVSPost2010Prop43
 90
        3
102
RTVSPost2010PropOp43
 70
     1
102
RTVSPost2010Prop44ColorIndex
 90
        5
102
RTVSPost2010Prop44ColorRGB
 90
      255
102
RTVSPost2010PropOp44
 70
     1
102
RTVSPost2010Prop45
280
     0
102
RTVSPost2010PropOp45
 70
     1
102
RTVSPost2010Prop46
 90
       50
102
RTVSPost2010PropOp46
 70
     1
102
RTVSPost2010Prop47
 90
       50
102
RTVSPost2010PropOp47
 70
     1
102
RTVSPost2010Prop48
 90
       50
102
RTVSPost2010PropOp48
 70
     1
102
RTVSPost2010Prop49
280
     0
102
RTVSPost2010PropOp49
 70
     1
102
RTVSPost2010Prop50
 90
       50
102
RTVSPost2010PropOp50
 70
     1
102
RTVSPost2010Prop51ColorIndex
 90
      256
102
RTVSPost2010Prop51ColorRGB
 90
-16777216
102
RTVSPost2010PropOp51
 70
     0
102
RTVSPost2010Prop52
140
1.0
102
RTVSPost2010PropOp52
 70
     0
102
RTVSPost2010Prop53
 90
        2
102
RTVSPost2010PropOp53
 70
     1
102
RTVSPost2010Prop54
  1
strokes_ogs.tif
102
RTVSPost2010PropOp54
 70
     1
102
RTVSPost2010Prop55
280
     0
102
RTVSPost2010PropOp55
 70
     1
102
RTVSPost2010Prop56
140
1.0
102
RTVSPost2010PropOp56
 70
     1
102
RTVSPost2010Prop57
140
1.0
102
RTVSPost2010PropOp57
 70
     1
  0
XRECORD
  5
93D
102
{ACAD_REACTORS
330
93C
102
}
330
93C
100
AcDbXrecord
280
     1
102
RTVSPropertyOp0
 70
     1
102
RTVSPropertyOp1
 70
     1
102
RTVSPropertyOp2
 70
     1
102
RTVSPropertyOp3
 70
     1
102
RTVSPropertyOp4
 70
     1
102
RTVSPropertyOp5
 70
     1
102
RTVSPropertyOp6
 70
     1
102
RTVSPropertyOp7
 70
     1
102
RTVSPropertyOp8
 70
     1
102
RTVSPropertyOp9
 70
     1
102
RTVSPropertyOp10
 70
     1
102
RTVSPropertyOp11
 70
     1
102
RTVSPropertyOp12
 70
     1
102
RTVSPropertyOp13
 70
     1
102
RTVSPropertyOp14
 70
     1
102
RTVSPropertyOp15
 70
     1
102
RTVSPropertyOp16
 70
     1
102
RTVSPropertyOp17
 70
     1
102
RTVSPropertyOp18
 70
     1
102
RTVSPropertyOp19
 70
     1
102
RTVSPropertyOp20
 70
     1
102
RTVSPropertyOp21
 70
     1
102
RTVSPropertyOp22
 70
     1
102
RTVSPropertyOp23
 70
     1
102
RTVSPropertyOp24
 70
     1
102
RTVSPropertyOp25
 70
     1
102
RTVSPropertyOp26
 70
     1
102
RTVSPropertyOp27
 70
     1
102
RTVSPropertyOp28
 70
     1
102
RTVSPropertyOp29
 70
     1
102
RTVSPropertyOp30
 70
     1
102
RTVSPropertyOp31
 70
     1
102
RTVSPropertyOp32
 70
     1
102
RTVSPropertyOp33
 70
     1
102
RTVSPropertyOp34
 70
     1
102
RTVSPropertyOp35
 70
     1
102
RTVSPropertyOp36
 70
     1
102
RTVSPropertyOp37
 70
     1
102
RTVSPropertyOp38
 70
     1
102
RTVSPropertyOp39
 70
     1
102
RTVSPropertyOp40
 70
     1
102
RTVSPropertyOp41
 70
     1
102
RTVSPropertyOp42
 70
     1
102
RTVSPropertyOp43
 70
     1
102
RTVSPropertyOp44
 70
     1
102
RTVSPropertyOp45
 70
     1
102
RTVSPropertyOp46
 70
     1
102
RTVSPropertyOp47
 70
     1
102
RTVSPropertyOp48
 70
     1
102
RTVSPropertyOp49
 70
     1
102
RTVSPropertyOp50
 70
     1
102
RTVSPropertyOp51
 70
     0
102
RTVSPropertyOp52
 70
     0
102
RTVSPropertyOp53
 70
     1
102
RTVSPropertyOp54
 70
     1
102
RTVSPropertyOp55
 70
     1
102
RTVSPropertyOp56
 70
     1
102
RTVSPropertyOp57
 70
     1
102
RTVSPost2010Prop28
280
     0
102
RTVSPost2010PropOp28
 70
     1
102
RTVSPost2010Prop29
280
     1
102
RTVSPost2010PropOp29
 70
     1
102
RTVSPost2010Prop30
280
     1
102
RTVSPost2010PropOp30
 70
     1
102
RTVSPost2010Prop31
280
     0
102
RTVSPost2010PropOp31
 70
     1
102
RTVSPost2010Prop32
280
     0
102
RTVSPost2010PropOp32
 70
     1
102
RTVSPost2010Prop33
280
     0
102
RTVSPost2010PropOp33
 70
     1
102
RTVSPost2010Prop34
280
     0
102
RTVSPost2010PropOp34
 70
     1
102
RTVSPost2010Prop35
280
     0
102
RTVSPost2010PropOp35
 70
     1
102
RTVSPost2010Prop36
280
     0
102
RTVSPost2010PropOp36
 70
     1
102
RTVSPost2010Prop37
 90
       50
102
RTVSPost2010PropOp37
 70
     1
102
RTVSPost2010Prop38
140
0.0
102
RTVSPost2010PropOp38
 70
     1
102
RTVSPost2010Prop39
140
1.0
102
RTVSPost2010PropOp39
 70
     1
102
RTVSPost2010Prop40
 90
        0
102
RTVSPost2010PropOp40
 70
     1
102
RTVSPost2010Prop41ColorIndex
 90
       18
102
RTVSPost2010Prop41ColorRGB
 90
        0
102
RTVSPost2010PropOp41
 70
     1
102
RTVSPost2010Prop42
 90
       50
102
RTVSPost2010PropOp42
 70
     1
102
RTVSPost2010Prop43
 90
        3
102
RTVSPost2010PropOp43
 70
     1
102
RTVSPost2010Prop44ColorIndex
 90
        5
102
RTVSPost2010Prop44ColorRGB
 90
      255
102
RTVSPost2010PropOp44
 70
     1
102
RTVSPost2010Prop45
280
     0
102
RTVSPost2010PropOp45
 70
     1
102
RTVSPost2010Prop46
 90
       50
102
RTVSPost2010PropOp46
 70
     1
102
RTVSPost2010Prop47
 90
       50
102
RTVSPost2010PropOp47
 70
     1
102
RTVSPost2010Prop48
 90
       50
102
RTVSPost2010PropOp48
 70
     1
102
RTVSPost2010Prop49
280
     0
102
RTVSPost2010PropOp49
 70
     1
102
RTVSPost2010Prop50
 90
       50
102
RTVSPost2010PropOp50
 70
     1
102
RTVSPost2010Prop51ColorIndex
 90
      256
102
RTVSPost2010Prop51ColorRGB
 90
-16777216
102
RTVSPost2010PropOp51
 70
     0
102
RTVSPost2010Prop52
140
1.0
102
RTVSPost2010PropOp52
 70
     0
102
RTVSPost2010Prop53
 90
        2
102
RTVSPost2010PropOp53
 70
     1
102
RTVSPost2010Prop54
  1
strokes_ogs.tif
102
RTVSPost2010PropOp54
 70
     1
102
RTVSPost2010Prop55
280
     0
102
RTVSPost2010PropOp55
 70
     1
102
RTVSPost2010Prop56
140
1.0
102
RTVSPost2010PropOp56
 70
     1
102
RTVSPost2010Prop57
140
1.0
102
RTVSPost2010PropOp57
 70
     1
  0
XRECORD
  5
93F
102
{ACAD_REACTORS
330
93E
102
}
330
93E
100
AcDbXrecord
280
     1
102
RTVSPropertyOp0
 70
     1
102
RTVSPropertyOp1
 70
     1
102
RTVSPropertyOp2
 70
     1
102
RTVSPropertyOp3
 70
     1
102
RTVSPropertyOp4
 70
     1
102
RTVSPropertyOp5
 70
     1
102
RTVSPropertyOp6
 70
     1
102
RTVSPropertyOp7
 70
     1
102
RTVSPropertyOp8
 70
     1
102
RTVSPropertyOp9
 70
     1
102
RTVSPropertyOp10
 70
     1
102
RTVSPropertyOp11
 70
     1
102
RTVSPropertyOp12
 70
     1
102
RTVSPropertyOp13
 70
     1
102
RTVSPropertyOp14
 70
     1
102
RTVSPropertyOp15
 70
     1
102
RTVSPropertyOp16
 70
     1
102
RTVSPropertyOp17
 70
     1
102
RTVSPropertyOp18
 70
     1
102
RTVSPropertyOp19
 70
     1
102
RTVSPropertyOp20
 70
     1
102
RTVSPropertyOp21
 70
     1
102
RTVSPropertyOp22
 70
     1
102
RTVSPropertyOp23
 70
     1
102
RTVSPropertyOp24
 70
     1
102
RTVSPropertyOp25
 70
     1
102
RTVSPropertyOp26
 70
     1
102
RTVSPropertyOp27
 70
     1
102
RTVSPropertyOp28
 70
     1
102
RTVSPropertyOp29
 70
     1
102
RTVSPropertyOp30
 70
     1
102
RTVSPropertyOp31
 70
     1
102
RTVSPropertyOp32
 70
     1
102
RTVSPropertyOp33
 70
     1
102
RTVSPropertyOp34
 70
     1
102
RTVSPropertyOp35
 70
     1
102
RTVSPropertyOp36
 70
     1
102
RTVSPropertyOp37
 70
     1
102
RTVSPropertyOp38
 70
     1
102
RTVSPropertyOp39
 70
     1
102
RTVSPropertyOp40
 70
     1
102
RTVSPropertyOp41
 70
     1
102
RTVSPropertyOp42
 70
     1
102
RTVSPropertyOp43
 70
     1
102
RTVSPropertyOp44
 70
     1
102
RTVSPropertyOp45
 70
     1
102
RTVSPropertyOp46
 70
     1
102
RTVSPropertyOp47
 70
     1
102
RTVSPropertyOp48
 70
     1
102
RTVSPropertyOp49
 70
     1
102
RTVSPropertyOp50
 70
     1
102
RTVSPropertyOp51
 70
     0
102
RTVSPropertyOp52
 70
     0
102
RTVSPropertyOp53
 70
     1
102
RTVSPropertyOp54
 70
     1
102
RTVSPropertyOp55
 70
     1
102
RTVSPropertyOp56
 70
     1
102
RTVSPropertyOp57
 70
     1
102
RTVSPost2010Prop28
280
     0
102
RTVSPost2010PropOp28
 70
     1
102
RTVSPost2010Prop29
280
     1
102
RTVSPost2010PropOp29
 70
     1
102
RTVSPost2010Prop30
280
     1
102
RTVSPost2010PropOp30
 70
     1
102
RTVSPost2010Prop31
280
     0
102
RTVSPost2010PropOp31
 70
     1
102
RTVSPost2010Prop32
280
     0
102
RTVSPost2010PropOp32
 70
     1
102
RTVSPost2010Prop33
280
     0
102
RTVSPost2010PropOp33
 70
     1
102
RTVSPost2010Prop34
280
     0
102
RTVSPost2010PropOp34
 70
     1
102
RTVSPost2010Prop35
280
     0
102
RTVSPost2010PropOp35
 70
     1
102
RTVSPost2010Prop36
280
     0
102
RTVSPost2010PropOp36
 70
     1
102
RTVSPost2010Prop37
 90
       50
102
RTVSPost2010PropOp37
 70
     1
102
RTVSPost2010Prop38
140
0.0
102
RTVSPost2010PropOp38
 70
     1
102
RTVSPost2010Prop39
140
1.0
102
RTVSPost2010PropOp39
 70
     1
102
RTVSPost2010Prop40
 90
        0
102
RTVSPost2010PropOp40
 70
     1
102
RTVSPost2010Prop41ColorIndex
 90
       18
102
RTVSPost2010Prop41ColorRGB
 90
        0
102
RTVSPost2010PropOp41
 70
     1
102
RTVSPost2010Prop42
 90
       50
102
RTVSPost2010PropOp42
 70
     1
102
RTVSPost2010Prop43
 90
        3
102
RTVSPost2010PropOp43
 70
     1
102
RTVSPost2010Prop44ColorIndex
 90
        5
102
RTVSPost2010Prop44ColorRGB
 90
      255
102
RTVSPost2010PropOp44
 70
     1
102
RTVSPost2010Prop45
280
     0
102
RTVSPost2010PropOp45
 70
     1
102
RTVSPost2010Prop46
 90
       50
102
RTVSPost2010PropOp46
 70
     1
102
RTVSPost2010Prop47
 90
       50
102
RTVSPost2010PropOp47
 70
     1
102
RTVSPost2010Prop48
 90
       50
102
RTVSPost2010PropOp48
 70
     1
102
RTVSPost2010Prop49
280
     0
102
RTVSPost2010PropOp49
 70
     1
102
RTVSPost2010Prop50
 90
       50
102
RTVSPost2010PropOp50
 70
     1
102
RTVSPost2010Prop51ColorIndex
 90
      256
102
RTVSPost2010Prop51ColorRGB
 90
-16777216
102
RTVSPost2010PropOp51
 70
     0
102
RTVSPost2010Prop52
140
1.0
102
RTVSPost2010PropOp52
 70
     0
102
RTVSPost2010Prop53
 90
        2
102
RTVSPost2010PropOp53
 70
     1
102
RTVSPost2010Prop54
  1
strokes_ogs.tif
102
RTVSPost2010PropOp54
 70
     1
102
RTVSPost2010Prop55
280
     0
102
RTVSPost2010PropOp55
 70
     1
102
RTVSPost2010Prop56
140
1.0
102
RTVSPost2010PropOp56
 70
     1
102
RTVSPost2010Prop57
140
1.0
102
RTVSPost2010PropOp57
 70
     1
  0
XRECORD
  5
941
102
{ACAD_REACTORS
330
940
102
}
330
940
100
AcDbXrecord
280
     1
102
RTVSPropertyOp0
 70
     1
102
RTVSPropertyOp1
 70
     1
102
RTVSPropertyOp2
 70
     1
102
RTVSPropertyOp3
 70
     1
102
RTVSPropertyOp4
 70
     1
102
RTVSPropertyOp5
 70
     1
102
RTVSPropertyOp6
 70
     1
102
RTVSPropertyOp7
 70
     1
102
RTVSPropertyOp8
 70
     1
102
RTVSPropertyOp9
 70
     1
102
RTVSPropertyOp10
 70
     1
102
RTVSPropertyOp11
 70
     1
102
RTVSPropertyOp12
 70
     1
102
RTVSPropertyOp13
 70
     1
102
RTVSPropertyOp14
 70
     1
102
RTVSPropertyOp15
 70
     1
102
RTVSPropertyOp16
 70
     1
102
RTVSPropertyOp17
 70
     1
102
RTVSPropertyOp18
 70
     1
102
RTVSPropertyOp19
 70
     1
102
RTVSPropertyOp20
 70
     1
102
RTVSPropertyOp21
 70
     1
102
RTVSPropertyOp22
 70
     1
102
RTVSPropertyOp23
 70
     1
102
RTVSPropertyOp24
 70
     1
102
RTVSPropertyOp25
 70
     1
102
RTVSPropertyOp26
 70
     1
102
RTVSPropertyOp27
 70
     1
102
RTVSPropertyOp28
 70
     1
102
RTVSPropertyOp29
 70
     1
102
RTVSPropertyOp30
 70
     1
102
RTVSPropertyOp31
 70
     1
102
RTVSPropertyOp32
 70
     1
102
RTVSPropertyOp33
 70
     1
102
RTVSPropertyOp34
 70
     1
102
RTVSPropertyOp35
 70
     1
102
RTVSPropertyOp36
 70
     1
102
RTVSPropertyOp37
 70
     1
102
RTVSPropertyOp38
 70
     1
102
RTVSPropertyOp39
 70
     1
102
RTVSPropertyOp40
 70
     1
102
RTVSPropertyOp41
 70
     1
102
RTVSPropertyOp42
 70
     1
102
RTVSPropertyOp43
 70
     1
102
RTVSPropertyOp44
 70
     1
102
RTVSPropertyOp45
 70
     1
102
RTVSPropertyOp46
 70
     1
102
RTVSPropertyOp47
 70
     1
102
RTVSPropertyOp48
 70
     1
102
RTVSPropertyOp49
 70
     1
102
RTVSPropertyOp50
 70
     1
102
RTVSPropertyOp51
 70
     0
102
RTVSPropertyOp52
 70
     0
102
RTVSPropertyOp53
 70
     1
102
RTVSPropertyOp54
 70
     1
102
RTVSPropertyOp55
 70
     1
102
RTVSPropertyOp56
 70
     1
102
RTVSPropertyOp57
 70
     1
102
RTVSPost2010Prop28
280
     0
102
RTVSPost2010PropOp28
 70
     1
102
RTVSPost2010Prop29
280
     1
102
RTVSPost2010PropOp29
 70
     1
102
RTVSPost2010Prop30
280
     1
102
RTVSPost2010PropOp30
 70
     1
102
RTVSPost2010Prop31
280
     0
102
RTVSPost2010PropOp31
 70
     1
102
RTVSPost2010Prop32
280
     0
102
RTVSPost2010PropOp32
 70
     1
102
RTVSPost2010Prop33
280
     0
102
RTVSPost2010PropOp33
 70
     1
102
RTVSPost2010Prop34
280
     0
102
RTVSPost2010PropOp34
 70
     1
102
RTVSPost2010Prop35
280
     0
102
RTVSPost2010PropOp35
 70
     1
102
RTVSPost2010Prop36
280
     0
102
RTVSPost2010PropOp36
 70
     1
102
RTVSPost2010Prop37
 90
       50
102
RTVSPost2010PropOp37
 70
     1
102
RTVSPost2010Prop38
140
0.0
102
RTVSPost2010PropOp38
 70
     1
102
RTVSPost2010Prop39
140
1.0
102
RTVSPost2010PropOp39
 70
     1
102
RTVSPost2010Prop40
 90
        0
102
RTVSPost2010PropOp40
 70
     1
102
RTVSPost2010Prop41ColorIndex
 90
       18
102
RTVSPost2010Prop41ColorRGB
 90
        0
102
RTVSPost2010PropOp41
 70
     1
102
RTVSPost2010Prop42
 90
       50
102
RTVSPost2010PropOp42
 70
     1
102
RTVSPost2010Prop43
 90
        3
102
RTVSPost2010PropOp43
 70
     1
102
RTVSPost2010Prop44ColorIndex
 90
        5
102
RTVSPost2010Prop44ColorRGB
 90
      255
102
RTVSPost2010PropOp44
 70
     1
102
RTVSPost2010Prop45
280
     0
102
RTVSPost2010PropOp45
 70
     1
102
RTVSPost2010Prop46
 90
       50
102
RTVSPost2010PropOp46
 70
     1
102
RTVSPost2010Prop47
 90
       50
102
RTVSPost2010PropOp47
 70
     1
102
RTVSPost2010Prop48
 90
       50
102
RTVSPost2010PropOp48
 70
     1
102
RTVSPost2010Prop49
280
     0
102
RTVSPost2010PropOp49
 70
     1
102
RTVSPost2010Prop50
 90
       50
102
RTVSPost2010PropOp50
 70
     1
102
RTVSPost2010Prop51ColorIndex
 90
      256
102
RTVSPost2010Prop51ColorRGB
 90
-16777216
102
RTVSPost2010PropOp51
 70
     0
102
RTVSPost2010Prop52
140
1.0
102
RTVSPost2010PropOp52
 70
     0
102
RTVSPost2010Prop53
 90
        2
102
RTVSPost2010PropOp53
 70
     1
102
RTVSPost2010Prop54
  1
strokes_ogs.tif
102
RTVSPost2010PropOp54
 70
     1
102
RTVSPost2010Prop55
280
     0
102
RTVSPost2010PropOp55
 70
     1
102
RTVSPost2010Prop56
140
1.0
102
RTVSPost2010PropOp56
 70
     1
102
RTVSPost2010Prop57
140
1.0
102
RTVSPost2010PropOp57
 70
     1
  0
XRECORD
  5
943
102
{ACAD_REACTORS
330
942
102
}
330
942
100
AcDbXrecord
280
     1
102
RTVSPropertyOp0
 70
     0
102
RTVSPropertyOp1
 70
     0
102
RTVSPropertyOp2
 70
     0
102
RTVSPropertyOp3
 70
     0
102
RTVSPropertyOp4
 70
     0
102
RTVSPropertyOp5
 70
     0
102
RTVSPropertyOp6
 70
     0
102
RTVSPropertyOp7
 70
     0
102
RTVSPropertyOp8
 70
     0
102
RTVSPropertyOp9
 70
     0
102
RTVSPropertyOp10
 70
     0
102
RTVSPropertyOp11
 70
     0
102
RTVSPropertyOp12
 70
     0
102
RTVSPropertyOp13
 70
     0
102
RTVSPropertyOp14
 70
     2
102
RTVSPropertyOp15
 70
     0
102
RTVSPropertyOp16
 70
     0
102
RTVSPropertyOp17
 70
     0
102
RTVSPropertyOp18
 70
     0
102
RTVSPropertyOp19
 70
     0
102
RTVSPropertyOp20
 70
     0
102
RTVSPropertyOp21
 70
     0
102
RTVSPropertyOp22
 70
     0
102
RTVSPropertyOp23
 70
     0
102
RTVSPropertyOp24
 70
     0
102
RTVSPropertyOp25
 70
     0
102
RTVSPropertyOp26
 70
     0
102
RTVSPropertyOp27
 70
     0
102
RTVSPropertyOp28
 70
     1
102
RTVSPropertyOp29
 70
     1
102
RTVSPropertyOp30
 70
     1
102
RTVSPropertyOp31
 70
     1
102
RTVSPropertyOp32
 70
     1
102
RTVSPropertyOp33
 70
     1
102
RTVSPropertyOp34
 70
     1
102
RTVSPropertyOp35
 70
     1
102
RTVSPropertyOp36
 70
     1
102
RTVSPropertyOp37
 70
     1
102
RTVSPropertyOp38
 70
     1
102
RTVSPropertyOp39
 70
     1
102
RTVSPropertyOp40
 70
     1
102
RTVSPropertyOp41
 70
     1
102
RTVSPropertyOp42
 70
     1
102
RTVSPropertyOp43
 70
     1
102
RTVSPropertyOp44
 70
     1
102
RTVSPropertyOp45
 70
     1
102
RTVSPropertyOp46
 70
     1
102
RTVSPropertyOp47
 70
     1
102
RTVSPropertyOp48
 70
     1
102
RTVSPropertyOp49
 70
     1
102
RTVSPropertyOp50
 70
     1
102
RTVSPropertyOp51
 70
     0
102
RTVSPropertyOp52
 70
     0
102
RTVSPropertyOp53
 70
     1
102
RTVSPropertyOp54
 70
     1
102
RTVSPropertyOp55
 70
     1
102
RTVSPropertyOp56
 70
     1
102
RTVSPropertyOp57
 70
     1
102
RTVSPost2010Prop28
280
     0
102
RTVSPost2010PropOp28
 70
     1
102
RTVSPost2010Prop29
280
     1
102
RTVSPost2010PropOp29
 70
     1
102
RTVSPost2010Prop30
280
     1
102
RTVSPost2010PropOp30
 70
     1
102
RTVSPost2010Prop31
280
     0
102
RTVSPost2010PropOp31
 70
     1
102
RTVSPost2010Prop32
280
     0
102
RTVSPost2010PropOp32
 70
     1
102
RTVSPost2010Prop33
280
     0
102
RTVSPost2010PropOp33
 70
     1
102
RTVSPost2010Prop34
280
     0
102
RTVSPost2010PropOp34
 70
     1
102
RTVSPost2010Prop35
280
     0
102
RTVSPost2010PropOp35
 70
     1
102
RTVSPost2010Prop36
280
     0
102
RTVSPost2010PropOp36
 70
     1
102
RTVSPost2010Prop37
 90
       50
102
RTVSPost2010PropOp37
 70
     1
102
RTVSPost2010Prop38
140
0.0
102
RTVSPost2010PropOp38
 70
     1
102
RTVSPost2010Prop39
140
1.0
102
RTVSPost2010PropOp39
 70
     1
102
RTVSPost2010Prop40
 90
        0
102
RTVSPost2010PropOp40
 70
     1
102
RTVSPost2010Prop41ColorIndex
 90
       18
102
RTVSPost2010Prop41ColorRGB
 90
        0
102
RTVSPost2010PropOp41
 70
     1
102
RTVSPost2010Prop42
 90
       50
102
RTVSPost2010PropOp42
 70
     1
102
RTVSPost2010Prop43
 90
        3
102
RTVSPost2010PropOp43
 70
     1
102
RTVSPost2010Prop44ColorIndex
 90
        5
102
RTVSPost2010Prop44ColorRGB
 90
      255
102
RTVSPost2010PropOp44
 70
     1
102
RTVSPost2010Prop45
280
     0
102
RTVSPost2010PropOp45
 70
     1
102
RTVSPost2010Prop46
 90
       50
102
RTVSPost2010PropOp46
 70
     1
102
RTVSPost2010Prop47
 90
       50
102
RTVSPost2010PropOp47
 70
     1
102
RTVSPost2010Prop48
 90
       50
102
RTVSPost2010PropOp48
 70
     1
102
RTVSPost2010Prop49
280
     0
102
RTVSPost2010PropOp49
 70
     1
102
RTVSPost2010Prop50
 90
       50
102
RTVSPost2010PropOp50
 70
     1
102
RTVSPost2010Prop51ColorIndex
 90
      256
102
RTVSPost2010Prop51ColorRGB
 90
-16777216
102
RTVSPost2010PropOp51
 70
     0
102
RTVSPost2010Prop52
140
1.0
102
RTVSPost2010PropOp52
 70
     0
102
RTVSPost2010Prop53
 90
        2
102
RTVSPost2010PropOp53
 70
     1
102
RTVSPost2010Prop54
  1
strokes_ogs.tif
102
RTVSPost2010PropOp54
 70
     1
102
RTVSPost2010Prop55
280
     0
102
RTVSPost2010PropOp55
 70
     1
102
RTVSPost2010Prop56
140
1.0
102
RTVSPost2010PropOp56
 70
     1
102
RTVSPost2010Prop57
140
1.0
102
RTVSPost2010PropOp57
 70
     1
  0
XRECORD
  5
945
102
{ACAD_REACTORS
330
944
102
}
330
944
100
AcDbXrecord
280
     1
102
RTVSPropertyOp0
 70
     1
102
RTVSPropertyOp1
 70
     1
102
RTVSPropertyOp2
 70
     1
102
RTVSPropertyOp3
 70
     1
102
RTVSPropertyOp4
 70
     1
102
RTVSPropertyOp5
 70
     1
102
RTVSPropertyOp6
 70
     1
102
RTVSPropertyOp7
 70
     1
102
RTVSPropertyOp8
 70
     1
102
RTVSPropertyOp9
 70
     1
102
RTVSPropertyOp10
 70
     1
102
RTVSPropertyOp11
 70
     1
102
RTVSPropertyOp12
 70
     1
102
RTVSPropertyOp13
 70
     1
102
RTVSPropertyOp14
 70
     1
102
RTVSPropertyOp15
 70
     1
102
RTVSPropertyOp16
 70
     1
102
RTVSPropertyOp17
 70
     1
102
RTVSPropertyOp18
 70
     1
102
RTVSPropertyOp19
 70
     1
102
RTVSPropertyOp20
 70
     1
102
RTVSPropertyOp21
 70
     1
102
RTVSPropertyOp22
 70
     1
102
RTVSPropertyOp23
 70
     1
102
RTVSPropertyOp24
 70
     1
102
RTVSPropertyOp25
 70
     1
102
RTVSPropertyOp26
 70
     1
102
RTVSPropertyOp27
 70
     1
102
RTVSPropertyOp28
 70
     1
102
RTVSPropertyOp29
 70
     1
102
RTVSPropertyOp30
 70
     1
102
RTVSPropertyOp31
 70
     1
102
RTVSPropertyOp32
 70
     1
102
RTVSPropertyOp33
 70
     1
102
RTVSPropertyOp34
 70
     1
102
RTVSPropertyOp35
 70
     1
102
RTVSPropertyOp36
 70
     1
102
RTVSPropertyOp37
 70
     1
102
RTVSPropertyOp38
 70
     1
102
RTVSPropertyOp39
 70
     1
102
RTVSPropertyOp40
 70
     1
102
RTVSPropertyOp41
 70
     1
102
RTVSPropertyOp42
 70
     1
102
RTVSPropertyOp43
 70
     1
102
RTVSPropertyOp44
 70
     1
102
RTVSPropertyOp45
 70
     1
102
RTVSPropertyOp46
 70
     1
102
RTVSPropertyOp47
 70
     1
102
RTVSPropertyOp48
 70
     1
102
RTVSPropertyOp49
 70
     1
102
RTVSPropertyOp50
 70
     1
102
RTVSPropertyOp51
 70
     0
102
RTVSPropertyOp52
 70
     0
102
RTVSPropertyOp53
 70
     1
102
RTVSPropertyOp54
 70
     1
102
RTVSPropertyOp55
 70
     1
102
RTVSPropertyOp56
 70
     1
102
RTVSPropertyOp57
 70
     1
102
RTVSPost2010Prop28
280
     0
102
RTVSPost2010PropOp28
 70
     1
102
RTVSPost2010Prop29
280
     1
102
RTVSPost2010PropOp29
 70
     1
102
RTVSPost2010Prop30
280
     1
102
RTVSPost2010PropOp30
 70
     1
102
RTVSPost2010Prop31
280
     0
102
RTVSPost2010PropOp31
 70
     1
102
RTVSPost2010Prop32
280
     0
102
RTVSPost2010PropOp32
 70
     1
102
RTVSPost2010Prop33
280
     0
102
RTVSPost2010PropOp33
 70
     1
102
RTVSPost2010Prop34
280
     0
102
RTVSPost2010PropOp34
 70
     1
102
RTVSPost2010Prop35
280
     0
102
RTVSPost2010PropOp35
 70
     1
102
RTVSPost2010Prop36
280
     0
102
RTVSPost2010PropOp36
 70
     1
102
RTVSPost2010Prop37
 90
       50
102
RTVSPost2010PropOp37
 70
     1
102
RTVSPost2010Prop38
140
0.0
102
RTVSPost2010PropOp38
 70
     1
102
RTVSPost2010Prop39
140
1.0
102
RTVSPost2010PropOp39
 70
     1
102
RTVSPost2010Prop40
 90
        0
102
RTVSPost2010PropOp40
 70
     1
102
RTVSPost2010Prop41ColorIndex
 90
       18
102
RTVSPost2010Prop41ColorRGB
 90
        0
102
RTVSPost2010PropOp41
 70
     1
102
RTVSPost2010Prop42
 90
       50
102
RTVSPost2010PropOp42
 70
     1
102
RTVSPost2010Prop43
 90
        3
102
RTVSPost2010PropOp43
 70
     1
102
RTVSPost2010Prop44ColorIndex
 90
        5
102
RTVSPost2010Prop44ColorRGB
 90
      255
102
RTVSPost2010PropOp44
 70
     1
102
RTVSPost2010Prop45
280
     0
102
RTVSPost2010PropOp45
 70
     1
102
RTVSPost2010Prop46
 90
       50
102
RTVSPost2010PropOp46
 70
     1
102
RTVSPost2010Prop47
 90
       50
102
RTVSPost2010PropOp47
 70
     1
102
RTVSPost2010Prop48
 90
       50
102
RTVSPost2010PropOp48
 70
     1
102
RTVSPost2010Prop49
280
     0
102
RTVSPost2010PropOp49
 70
     1
102
RTVSPost2010Prop50
 90
       50
102
RTVSPost2010PropOp50
 70
     1
102
RTVSPost2010Prop51ColorIndex
 90
      256
102
RTVSPost2010Prop51ColorRGB
 90
-16777216
102
RTVSPost2010PropOp51
 70
     0
102
RTVSPost2010Prop52
140
1.0
102
RTVSPost2010PropOp52
 70
     0
102
RTVSPost2010Prop53
 90
        2
102
RTVSPost2010PropOp53
 70
     1
102
RTVSPost2010Prop54
  1
strokes_ogs.tif
102
RTVSPost2010PropOp54
 70
     1
102
RTVSPost2010Prop55
280
     0
102
RTVSPost2010PropOp55
 70
     1
102
RTVSPost2010Prop56
140
1.0
102
RTVSPost2010PropOp56
 70
     1
102
RTVSPost2010Prop57
140
1.0
102
RTVSPost2010PropOp57
 70
     1
  0
XRECORD
  5
947
102
{ACAD_REACTORS
330
946
102
}
330
946
100
AcDbXrecord
280
     1
102
RTVSPropertyOp0
 70
     1
102
RTVSPropertyOp1
 70
     1
102
RTVSPropertyOp2
 70
     1
102
RTVSPropertyOp3
 70
     1
102
RTVSPropertyOp4
 70
     1
102
RTVSPropertyOp5
 70
     1
102
RTVSPropertyOp6
 70
     1
102
RTVSPropertyOp7
 70
     1
102
RTVSPropertyOp8
 70
     1
102
RTVSPropertyOp9
 70
     1
102
RTVSPropertyOp10
 70
     1
102
RTVSPropertyOp11
 70
     1
102
RTVSPropertyOp12
 70
     1
102
RTVSPropertyOp13
 70
     1
102
RTVSPropertyOp14
 70
     1
102
RTVSPropertyOp15
 70
     1
102
RTVSPropertyOp16
 70
     1
102
RTVSPropertyOp17
 70
     1
102
RTVSPropertyOp18
 70
     1
102
RTVSPropertyOp19
 70
     1
102
RTVSPropertyOp20
 70
     1
102
RTVSPropertyOp21
 70
     1
102
RTVSPropertyOp22
 70
     1
102
RTVSPropertyOp23
 70
     1
102
RTVSPropertyOp24
 70
     1
102
RTVSPropertyOp25
 70
     1
102
RTVSPropertyOp26
 70
     1
102
RTVSPropertyOp27
 70
     1
102
RTVSPropertyOp28
 70
     1
102
RTVSPropertyOp29
 70
     1
102
RTVSPropertyOp30
 70
     1
102
RTVSPropertyOp31
 70
     1
102
RTVSPropertyOp32
 70
     1
102
RTVSPropertyOp33
 70
     1
102
RTVSPropertyOp34
 70
     1
102
RTVSPropertyOp35
 70
     1
102
RTVSPropertyOp36
 70
     1
102
RTVSPropertyOp37
 70
     1
102
RTVSPropertyOp38
 70
     1
102
RTVSPropertyOp39
 70
     1
102
RTVSPropertyOp40
 70
     1
102
RTVSPropertyOp41
 70
     1
102
RTVSPropertyOp42
 70
     1
102
RTVSPropertyOp43
 70
     1
102
RTVSPropertyOp44
 70
     1
102
RTVSPropertyOp45
 70
     1
102
RTVSPropertyOp46
 70
     1
102
RTVSPropertyOp47
 70
     1
102
RTVSPropertyOp48
 70
     1
102
RTVSPropertyOp49
 70
     1
102
RTVSPropertyOp50
 70
     1
102
RTVSPropertyOp51
 70
     0
102
RTVSPropertyOp52
 70
     0
102
RTVSPropertyOp53
 70
     1
102
RTVSPropertyOp54
 70
     1
102
RTVSPropertyOp55
 70
     1
102
RTVSPropertyOp56
 70
     1
102
RTVSPropertyOp57
 70
     1
102
RTVSPost2010Prop28
280
     0
102
RTVSPost2010PropOp28
 70
     1
102
RTVSPost2010Prop29
280
     1
102
RTVSPost2010PropOp29
 70
     1
102
RTVSPost2010Prop30
280
     1
102
RTVSPost2010PropOp30
 70
     1
102
RTVSPost2010Prop31
280
     0
102
RTVSPost2010PropOp31
 70
     1
102
RTVSPost2010Prop32
280
     0
102
RTVSPost2010PropOp32
 70
     1
102
RTVSPost2010Prop33
280
     0
102
RTVSPost2010PropOp33
 70
     1
102
RTVSPost2010Prop34
280
     0
102
RTVSPost2010PropOp34
 70
     1
102
RTVSPost2010Prop35
280
     0
102
RTVSPost2010PropOp35
 70
     1
102
RTVSPost2010Prop36
280
     0
102
RTVSPost2010PropOp36
 70
     1
102
RTVSPost2010Prop37
 90
       50
102
RTVSPost2010PropOp37
 70
     1
102
RTVSPost2010Prop38
140
0.0
102
RTVSPost2010PropOp38
 70
     1
102
RTVSPost2010Prop39
140
1.0
102
RTVSPost2010PropOp39
 70
     1
102
RTVSPost2010Prop40
 90
        0
102
RTVSPost2010PropOp40
 70
     1
102
RTVSPost2010Prop41ColorIndex
 90
       18
102
RTVSPost2010Prop41ColorRGB
 90
        0
102
RTVSPost2010PropOp41
 70
     1
102
RTVSPost2010Prop42
 90
       50
102
RTVSPost2010PropOp42
 70
     1
102
RTVSPost2010Prop43
 90
        3
102
RTVSPost2010PropOp43
 70
     1
102
RTVSPost2010Prop44ColorIndex
 90
        5
102
RTVSPost2010Prop44ColorRGB
 90
      255
102
RTVSPost2010PropOp44
 70
     1
102
RTVSPost2010Prop45
280
     0
102
RTVSPost2010PropOp45
 70
     1
102
RTVSPost2010Prop46
 90
       50
102
RTVSPost2010PropOp46
 70
     1
102
RTVSPost2010Prop47
 90
       50
102
RTVSPost2010PropOp47
 70
     1
102
RTVSPost2010Prop48
 90
       50
102
RTVSPost2010PropOp48
 70
     1
102
RTVSPost2010Prop49
280
     0
102
RTVSPost2010PropOp49
 70
     1
102
RTVSPost2010Prop50
 90
       50
102
RTVSPost2010PropOp50
 70
     1
102
RTVSPost2010Prop51ColorIndex
 90
      256
102
RTVSPost2010Prop51ColorRGB
 90
-16777216
102
RTVSPost2010PropOp51
 70
     0
102
RTVSPost2010Prop52
140
1.0
102
RTVSPost2010PropOp52
 70
     0
102
RTVSPost2010Prop53
 90
        2
102
RTVSPost2010PropOp53
 70
     1
102
RTVSPost2010Prop54
  1
strokes_ogs.tif
102
RTVSPost2010PropOp54
 70
     1
102
RTVSPost2010Prop55
280
     0
102
RTVSPost2010PropOp55
 70
     1
102
RTVSPost2010Prop56
140
1.0
102
RTVSPost2010PropOp56
 70
     1
102
RTVSPost2010Prop57
140
1.0
102
RTVSPost2010PropOp57
 70
     1
  0
XRECORD
  5
949
102
{ACAD_REACTORS
330
948
102
}
330
948
100
AcDbXrecord
280
     1
102
RTVSPropertyOp0
 70
     1
102
RTVSPropertyOp1
 70
     1
102
RTVSPropertyOp2
 70
     1
102
RTVSPropertyOp3
 70
     1
102
RTVSPropertyOp4
 70
     1
102
RTVSPropertyOp5
 70
     1
102
RTVSPropertyOp6
 70
     1
102
RTVSPropertyOp7
 70
     1
102
RTVSPropertyOp8
 70
     1
102
RTVSPropertyOp9
 70
     1
102
RTVSPropertyOp10
 70
     1
102
RTVSPropertyOp11
 70
     1
102
RTVSPropertyOp12
 70
     1
102
RTVSPropertyOp13
 70
     1
102
RTVSPropertyOp14
 70
     1
102
RTVSPropertyOp15
 70
     1
102
RTVSPropertyOp16
 70
     1
102
RTVSPropertyOp17
 70
     1
102
RTVSPropertyOp18
 70
     1
102
RTVSPropertyOp19
 70
     1
102
RTVSPropertyOp20
 70
     1
102
RTVSPropertyOp21
 70
     1
102
RTVSPropertyOp22
 70
     1
102
RTVSPropertyOp23
 70
     1
102
RTVSPropertyOp24
 70
     1
102
RTVSPropertyOp25
 70
     1
102
RTVSPropertyOp26
 70
     1
102
RTVSPropertyOp27
 70
     1
102
RTVSPropertyOp28
 70
     1
102
RTVSPropertyOp29
 70
     1
102
RTVSPropertyOp30
 70
     1
102
RTVSPropertyOp31
 70
     1
102
RTVSPropertyOp32
 70
     1
102
RTVSPropertyOp33
 70
     1
102
RTVSPropertyOp34
 70
     1
102
RTVSPropertyOp35
 70
     1
102
RTVSPropertyOp36
 70
     1
102
RTVSPropertyOp37
 70
     1
102
RTVSPropertyOp38
 70
     1
102
RTVSPropertyOp39
 70
     1
102
RTVSPropertyOp40
 70
     1
102
RTVSPropertyOp41
 70
     1
102
RTVSPropertyOp42
 70
     1
102
RTVSPropertyOp43
 70
     1
102
RTVSPropertyOp44
 70
     1
102
RTVSPropertyOp45
 70
     1
102
RTVSPropertyOp46
 70
     1
102
RTVSPropertyOp47
 70
     1
102
RTVSPropertyOp48
 70
     1
102
RTVSPropertyOp49
 70
     1
102
RTVSPropertyOp50
 70
     1
102
RTVSPropertyOp51
 70
     0
102
RTVSPropertyOp52
 70
     0
102
RTVSPropertyOp53
 70
     1
102
RTVSPropertyOp54
 70
     1
102
RTVSPropertyOp55
 70
     1
102
RTVSPropertyOp56
 70
     1
102
RTVSPropertyOp57
 70
     1
102
RTVSPost2010Prop28
280
     0
102
RTVSPost2010PropOp28
 70
     1
102
RTVSPost2010Prop29
280
     1
102
RTVSPost2010PropOp29
 70
     1
102
RTVSPost2010Prop30
280
     1
102
RTVSPost2010PropOp30
 70
     1
102
RTVSPost2010Prop31
280
     0
102
RTVSPost2010PropOp31
 70
     1
102
RTVSPost2010Prop32
280
     0
102
RTVSPost2010PropOp32
 70
     1
102
RTVSPost2010Prop33
280
     0
102
RTVSPost2010PropOp33
 70
     1
102
RTVSPost2010Prop34
280
     0
102
RTVSPost2010PropOp34
 70
     1
102
RTVSPost2010Prop35
280
     0
102
RTVSPost2010PropOp35
 70
     1
102
RTVSPost2010Prop36
280
     0
102
RTVSPost2010PropOp36
 70
     1
102
RTVSPost2010Prop37
 90
       50
102
RTVSPost2010PropOp37
 70
     1
102
RTVSPost2010Prop38
140
0.0
102
RTVSPost2010PropOp38
 70
     1
102
RTVSPost2010Prop39
140
1.0
102
RTVSPost2010PropOp39
 70
     1
102
RTVSPost2010Prop40
 90
        0
102
RTVSPost2010PropOp40
 70
     1
102
RTVSPost2010Prop41ColorIndex
 90
       18
102
RTVSPost2010Prop41ColorRGB
 90
        0
102
RTVSPost2010PropOp41
 70
     1
102
RTVSPost2010Prop42
 90
       50
102
RTVSPost2010PropOp42
 70
     1
102
RTVSPost2010Prop43
 90
        3
102
RTVSPost2010PropOp43
 70
     1
102
RTVSPost2010Prop44ColorIndex
 90
        5
102
RTVSPost2010Prop44ColorRGB
 90
      255
102
RTVSPost2010PropOp44
 70
     1
102
RTVSPost2010Prop45
280
     0
102
RTVSPost2010PropOp45
 70
     1
102
RTVSPost2010Prop46
 90
       50
102
RTVSPost2010PropOp46
 70
     1
102
RTVSPost2010Prop47
 90
       50
102
RTVSPost2010PropOp47
 70
     1
102
RTVSPost2010Prop48
 90
       50
102
RTVSPost2010PropOp48
 70
     1
102
RTVSPost2010Prop49
280
     0
102
RTVSPost2010PropOp49
 70
     1
102
RTVSPost2010Prop50
 90
       50
102
RTVSPost2010PropOp50
 70
     1
102
RTVSPost2010Prop51ColorIndex
 90
      256
102
RTVSPost2010Prop51ColorRGB
 90
-16777216
102
RTVSPost2010PropOp51
 70
     0
102
RTVSPost2010Prop52
140
1.0
102
RTVSPost2010PropOp52
 70
     0
102
RTVSPost2010Prop53
 90
        2
102
RTVSPost2010PropOp53
 70
     1
102
RTVSPost2010Prop54
  1
strokes_ogs.tif
102
RTVSPost2010PropOp54
 70
     1
102
RTVSPost2010Prop55
280
     0
102
RTVSPost2010PropOp55
 70
     1
102
RTVSPost2010Prop56
140
1.0
102
RTVSPost2010PropOp56
 70
     1
102
RTVSPost2010Prop57
140
1.0
102
RTVSPost2010PropOp57
 70
     1
  0
XRECORD
  5
94B
102
{ACAD_REACTORS
330
94A
102
}
330
94A
100
AcDbXrecord
280
     1
102
RTVSPropertyOp0
 70
     1
102
RTVSPropertyOp1
 70
     1
102
RTVSPropertyOp2
 70
     1
102
RTVSPropertyOp3
 70
     1
102
RTVSPropertyOp4
 70
     1
102
RTVSPropertyOp5
 70
     1
102
RTVSPropertyOp6
 70
     1
102
RTVSPropertyOp7
 70
     1
102
RTVSPropertyOp8
 70
     1
102
RTVSPropertyOp9
 70
     1
102
RTVSPropertyOp10
 70
     1
102
RTVSPropertyOp11
 70
     1
102
RTVSPropertyOp12
 70
     1
102
RTVSPropertyOp13
 70
     1
102
RTVSPropertyOp14
 70
     1
102
RTVSPropertyOp15
 70
     1
102
RTVSPropertyOp16
 70
     1
102
RTVSPropertyOp17
 70
     1
102
RTVSPropertyOp18
 70
     1
102
RTVSPropertyOp19
 70
     1
102
RTVSPropertyOp20
 70
     1
102
RTVSPropertyOp21
 70
     1
102
RTVSPropertyOp22
 70
     1
102
RTVSPropertyOp23
 70
     1
102
RTVSPropertyOp24
 70
     1
102
RTVSPropertyOp25
 70
     1
102
RTVSPropertyOp26
 70
     1
102
RTVSPropertyOp27
 70
     1
102
RTVSPropertyOp28
 70
     1
102
RTVSPropertyOp29
 70
     1
102
RTVSPropertyOp30
 70
     1
102
RTVSPropertyOp31
 70
     1
102
RTVSPropertyOp32
 70
     1
102
RTVSPropertyOp33
 70
     1
102
RTVSPropertyOp34
 70
     1
102
RTVSPropertyOp35
 70
     1
102
RTVSPropertyOp36
 70
     1
102
RTVSPropertyOp37
 70
     1
102
RTVSPropertyOp38
 70
     1
102
RTVSPropertyOp39
 70
     1
102
RTVSPropertyOp40
 70
     1
102
RTVSPropertyOp41
 70
     1
102
RTVSPropertyOp42
 70
     1
102
RTVSPropertyOp43
 70
     1
102
RTVSPropertyOp44
 70
     1
102
RTVSPropertyOp45
 70
     1
102
RTVSPropertyOp46
 70
     1
102
RTVSPropertyOp47
 70
     1
102
RTVSPropertyOp48
 70
     1
102
RTVSPropertyOp49
 70
     1
102
RTVSPropertyOp50
 70
     1
102
RTVSPropertyOp51
 70
     0
102
RTVSPropertyOp52
 70
     0
102
RTVSPropertyOp53
 70
     1
102
RTVSPropertyOp54
 70
     1
102
RTVSPropertyOp55
 70
     1
102
RTVSPropertyOp56
 70
     1
102
RTVSPropertyOp57
 70
     1
102
RTVSPost2010Prop28
280
     0
102
RTVSPost2010PropOp28
 70
     1
102
RTVSPost2010Prop29
280
     1
102
RTVSPost2010PropOp29
 70
     1
102
RTVSPost2010Prop30
280
     1
102
RTVSPost2010PropOp30
 70
     1
102
RTVSPost2010Prop31
280
     0
102
RTVSPost2010PropOp31
 70
     1
102
RTVSPost2010Prop32
280
     0
102
RTVSPost2010PropOp32
 70
     1
102
RTVSPost2010Prop33
280
     0
102
RTVSPost2010PropOp33
 70
     1
102
RTVSPost2010Prop34
280
     0
102
RTVSPost2010PropOp34
 70
     1
102
RTVSPost2010Prop35
280
     0
102
RTVSPost2010PropOp35
 70
     1
102
RTVSPost2010Prop36
280
     0
102
RTVSPost2010PropOp36
 70
     1
102
RTVSPost2010Prop37
 90
       50
102
RTVSPost2010PropOp37
 70
     1
102
RTVSPost2010Prop38
140
0.0
102
RTVSPost2010PropOp38
 70
     1
102
RTVSPost2010Prop39
140
1.0
102
RTVSPost2010PropOp39
 70
     1
102
RTVSPost2010Prop40
 90
        0
102
RTVSPost2010PropOp40
 70
     1
102
RTVSPost2010Prop41ColorIndex
 90
       18
102
RTVSPost2010Prop41ColorRGB
 90
        0
102
RTVSPost2010PropOp41
 70
     1
102
RTVSPost2010Prop42
 90
       50
102
RTVSPost2010PropOp42
 70
     1
102
RTVSPost2010Prop43
 90
        3
102
RTVSPost2010PropOp43
 70
     1
102
RTVSPost2010Prop44ColorIndex
 90
        5
102
RTVSPost2010Prop44ColorRGB
 90
      255
102
RTVSPost2010PropOp44
 70
     1
102
RTVSPost2010Prop45
280
     0
102
RTVSPost2010PropOp45
 70
     1
102
RTVSPost2010Prop46
 90
       50
102
RTVSPost2010PropOp46
 70
     1
102
RTVSPost2010Prop47
 90
       50
102
RTVSPost2010PropOp47
 70
     1
102
RTVSPost2010Prop48
 90
       50
102
RTVSPost2010PropOp48
 70
     1
102
RTVSPost2010Prop49
280
     0
102
RTVSPost2010PropOp49
 70
     1
102
RTVSPost2010Prop50
 90
       50
102
RTVSPost2010PropOp50
 70
     1
102
RTVSPost2010Prop51ColorIndex
 90
      256
102
RTVSPost2010Prop51ColorRGB
 90
-16777216
102
RTVSPost2010PropOp51
 70
     0
102
RTVSPost2010Prop52
140
1.0
102
RTVSPost2010PropOp52
 70
     0
102
RTVSPost2010Prop53
 90
        2
102
RTVSPost2010PropOp53
 70
     1
102
RTVSPost2010Prop54
  1
strokes_ogs.tif
102
RTVSPost2010PropOp54
 70
     1
102
RTVSPost2010Prop55
280
     0
102
RTVSPost2010PropOp55
 70
     1
102
RTVSPost2010Prop56
140
1.0
102
RTVSPost2010PropOp56
 70
     1
102
RTVSPost2010Prop57
140
1.0
102
RTVSPost2010PropOp57
 70
     1
  0
XRECORD
  5
94D
102
{ACAD_REACTORS
330
94C
102
}
330
94C
100
AcDbXrecord
280
     1
102
RTVSPropertyOp0
 70
     1
102
RTVSPropertyOp1
 70
     1
102
RTVSPropertyOp2
 70
     1
102
RTVSPropertyOp3
 70
     1
102
RTVSPropertyOp4
 70
     1
102
RTVSPropertyOp5
 70
     1
102
RTVSPropertyOp6
 70
     1
102
RTVSPropertyOp7
 70
     1
102
RTVSPropertyOp8
 70
     1
102
RTVSPropertyOp9
 70
     1
102
RTVSPropertyOp10
 70
     1
102
RTVSPropertyOp11
 70
     1
102
RTVSPropertyOp12
 70
     1
102
RTVSPropertyOp13
 70
     1
102
RTVSPropertyOp14
 70
     1
102
RTVSPropertyOp15
 70
     1
102
RTVSPropertyOp16
 70
     1
102
RTVSPropertyOp17
 70
     1
102
RTVSPropertyOp18
 70
     1
102
RTVSPropertyOp19
 70
     1
102
RTVSPropertyOp20
 70
     1
102
RTVSPropertyOp21
 70
     1
102
RTVSPropertyOp22
 70
     1
102
RTVSPropertyOp23
 70
     1
102
RTVSPropertyOp24
 70
     1
102
RTVSPropertyOp25
 70
     1
102
RTVSPropertyOp26
 70
     1
102
RTVSPropertyOp27
 70
     1
102
RTVSPropertyOp28
 70
     1
102
RTVSPropertyOp29
 70
     1
102
RTVSPropertyOp30
 70
     1
102
RTVSPropertyOp31
 70
     1
102
RTVSPropertyOp32
 70
     1
102
RTVSPropertyOp33
 70
     1
102
RTVSPropertyOp34
 70
     1
102
RTVSPropertyOp35
 70
     1
102
RTVSPropertyOp36
 70
     1
102
RTVSPropertyOp37
 70
     1
102
RTVSPropertyOp38
 70
     1
102
RTVSPropertyOp39
 70
     1
102
RTVSPropertyOp40
 70
     1
102
RTVSPropertyOp41
 70
     1
102
RTVSPropertyOp42
 70
     1
102
RTVSPropertyOp43
 70
     1
102
RTVSPropertyOp44
 70
     1
102
RTVSPropertyOp45
 70
     1
102
RTVSPropertyOp46
 70
     1
102
RTVSPropertyOp47
 70
     1
102
RTVSPropertyOp48
 70
     1
102
RTVSPropertyOp49
 70
     1
102
RTVSPropertyOp50
 70
     1
102
RTVSPropertyOp51
 70
     0
102
RTVSPropertyOp52
 70
     0
102
RTVSPropertyOp53
 70
     1
102
RTVSPropertyOp54
 70
     1
102
RTVSPropertyOp55
 70
     1
102
RTVSPropertyOp56
 70
     1
102
RTVSPropertyOp57
 70
     1
102
RTVSPost2010Prop28
280
     0
102
RTVSPost2010PropOp28
 70
     1
102
RTVSPost2010Prop29
280
     1
102
RTVSPost2010PropOp29
 70
     1
102
RTVSPost2010Prop30
280
     1
102
RTVSPost2010PropOp30
 70
     1
102
RTVSPost2010Prop31
280
     0
102
RTVSPost2010PropOp31
 70
     1
102
RTVSPost2010Prop32
280
     0
102
RTVSPost2010PropOp32
 70
     1
102
RTVSPost2010Prop33
280
     0
102
RTVSPost2010PropOp33
 70
     1
102
RTVSPost2010Prop34
280
     0
102
RTVSPost2010PropOp34
 70
     1
102
RTVSPost2010Prop35
280
     0
102
RTVSPost2010PropOp35
 70
     1
102
RTVSPost2010Prop36
280
     0
102
RTVSPost2010PropOp36
 70
     1
102
RTVSPost2010Prop37
 90
       50
102
RTVSPost2010PropOp37
 70
     1
102
RTVSPost2010Prop38
140
0.0
102
RTVSPost2010PropOp38
 70
     1
102
RTVSPost2010Prop39
140
1.0
102
RTVSPost2010PropOp39
 70
     1
102
RTVSPost2010Prop40
 90
        0
102
RTVSPost2010PropOp40
 70
     1
102
RTVSPost2010Prop41ColorIndex
 90
       18
102
RTVSPost2010Prop41ColorRGB
 90
        0
102
RTVSPost2010PropOp41
 70
     1
102
RTVSPost2010Prop42
 90
       50
102
RTVSPost2010PropOp42
 70
     1
102
RTVSPost2010Prop43
 90
        3
102
RTVSPost2010PropOp43
 70
     1
102
RTVSPost2010Prop44ColorIndex
 90
        5
102
RTVSPost2010Prop44ColorRGB
 90
      255
102
RTVSPost2010PropOp44
 70
     1
102
RTVSPost2010Prop45
280
     0
102
RTVSPost2010PropOp45
 70
     1
102
RTVSPost2010Prop46
 90
       50
102
RTVSPost2010PropOp46
 70
     1
102
RTVSPost2010Prop47
 90
       50
102
RTVSPost2010PropOp47
 70
     1
102
RTVSPost2010Prop48
 90
       50
102
RTVSPost2010PropOp48
 70
     1
102
RTVSPost2010Prop49
280
     0
102
RTVSPost2010PropOp49
 70
     1
102
RTVSPost2010Prop50
 90
       50
102
RTVSPost2010PropOp50
 70
     1
102
RTVSPost2010Prop51ColorIndex
 90
      256
102
RTVSPost2010Prop51ColorRGB
 90
-16777216
102
RTVSPost2010PropOp51
 70
     0
102
RTVSPost2010Prop52
140
1.0
102
RTVSPost2010PropOp52
 70
     0
102
RTVSPost2010Prop53
 90
        2
102
RTVSPost2010PropOp53
 70
     1
102
RTVSPost2010Prop54
  1
strokes_ogs.tif
102
RTVSPost2010PropOp54
 70
     1
102
RTVSPost2010Prop55
280
     0
102
RTVSPost2010PropOp55
 70
     1
102
RTVSPost2010Prop56
140
1.0
102
RTVSPost2010PropOp56
 70
     1
102
RTVSPost2010Prop57
140
1.0
102
RTVSPost2010PropOp57
 70
     1
  0
XRECORD
  5
94F
102
{ACAD_REACTORS
330
94E
102
}
330
94E
100
AcDbXrecord
280
     1
102
RTVSPropertyOp0
 70
     1
102
RTVSPropertyOp1
 70
     1
102
RTVSPropertyOp2
 70
     1
102
RTVSPropertyOp3
 70
     1
102
RTVSPropertyOp4
 70
     1
102
RTVSPropertyOp5
 70
     1
102
RTVSPropertyOp6
 70
     1
102
RTVSPropertyOp7
 70
     1
102
RTVSPropertyOp8
 70
     1
102
RTVSPropertyOp9
 70
     1
102
RTVSPropertyOp10
 70
     1
102
RTVSPropertyOp11
 70
     1
102
RTVSPropertyOp12
 70
     1
102
RTVSPropertyOp13
 70
     1
102
RTVSPropertyOp14
 70
     1
102
RTVSPropertyOp15
 70
     1
102
RTVSPropertyOp16
 70
     1
102
RTVSPropertyOp17
 70
     1
102
RTVSPropertyOp18
 70
     1
102
RTVSPropertyOp19
 70
     1
102
RTVSPropertyOp20
 70
     1
102
RTVSPropertyOp21
 70
     1
102
RTVSPropertyOp22
 70
     1
102
RTVSPropertyOp23
 70
     1
102
RTVSPropertyOp24
 70
     1
102
RTVSPropertyOp25
 70
     1
102
RTVSPropertyOp26
 70
     1
102
RTVSPropertyOp27
 70
     1
102
RTVSPropertyOp28
 70
     1
102
RTVSPropertyOp29
 70
     1
102
RTVSPropertyOp30
 70
     1
102
RTVSPropertyOp31
 70
     1
102
RTVSPropertyOp32
 70
     1
102
RTVSPropertyOp33
 70
     1
102
RTVSPropertyOp34
 70
     1
102
RTVSPropertyOp35
 70
     1
102
RTVSPropertyOp36
 70
     1
102
RTVSPropertyOp37
 70
     1
102
RTVSPropertyOp38
 70
     1
102
RTVSPropertyOp39
 70
     1
102
RTVSPropertyOp40
 70
     1
102
RTVSPropertyOp41
 70
     1
102
RTVSPropertyOp42
 70
     1
102
RTVSPropertyOp43
 70
     1
102
RTVSPropertyOp44
 70
     1
102
RTVSPropertyOp45
 70
     1
102
RTVSPropertyOp46
 70
     1
102
RTVSPropertyOp47
 70
     1
102
RTVSPropertyOp48
 70
     1
102
RTVSPropertyOp49
 70
     1
102
RTVSPropertyOp50
 70
     1
102
RTVSPropertyOp51
 70
     0
102
RTVSPropertyOp52
 70
     0
102
RTVSPropertyOp53
 70
     1
102
RTVSPropertyOp54
 70
     1
102
RTVSPropertyOp55
 70
     1
102
RTVSPropertyOp56
 70
     1
102
RTVSPropertyOp57
 70
     1
102
RTVSPost2010Prop28
280
     0
102
RTVSPost2010PropOp28
 70
     1
102
RTVSPost2010Prop29
280
     1
102
RTVSPost2010PropOp29
 70
     1
102
RTVSPost2010Prop30
280
     1
102
RTVSPost2010PropOp30
 70
     1
102
RTVSPost2010Prop31
280
     0
102
RTVSPost2010PropOp31
 70
     1
102
RTVSPost2010Prop32
280
     0
102
RTVSPost2010PropOp32
 70
     1
102
RTVSPost2010Prop33
280
     0
102
RTVSPost2010PropOp33
 70
     1
102
RTVSPost2010Prop34
280
     0
102
RTVSPost2010PropOp34
 70
     1
102
RTVSPost2010Prop35
280
     0
102
RTVSPost2010PropOp35
 70
     1
102
RTVSPost2010Prop36
280
     0
102
RTVSPost2010PropOp36
 70
     1
102
RTVSPost2010Prop37
 90
       50
102
RTVSPost2010PropOp37
 70
     1
102
RTVSPost2010Prop38
140
0.0
102
RTVSPost2010PropOp38
 70
     1
102
RTVSPost2010Prop39
140
1.0
102
RTVSPost2010PropOp39
 70
     1
102
RTVSPost2010Prop40
 90
        0
102
RTVSPost2010PropOp40
 70
     1
102
RTVSPost2010Prop41ColorIndex
 90
       18
102
RTVSPost2010Prop41ColorRGB
 90
        0
102
RTVSPost2010PropOp41
 70
     1
102
RTVSPost2010Prop42
 90
       50
102
RTVSPost2010PropOp42
 70
     1
102
RTVSPost2010Prop43
 90
        3
102
RTVSPost2010PropOp43
 70
     1
102
RTVSPost2010Prop44ColorIndex
 90
        5
102
RTVSPost2010Prop44ColorRGB
 90
      255
102
RTVSPost2010PropOp44
 70
     1
102
RTVSPost2010Prop45
280
     0
102
RTVSPost2010PropOp45
 70
     1
102
RTVSPost2010Prop46
 90
       50
102
RTVSPost2010PropOp46
 70
     1
102
RTVSPost2010Prop47
 90
       50
102
RTVSPost2010PropOp47
 70
     1
102
RTVSPost2010Prop48
 90
       50
102
RTVSPost2010PropOp48
 70
     1
102
RTVSPost2010Prop49
280
     0
102
RTVSPost2010PropOp49
 70
     1
102
RTVSPost2010Prop50
 90
       50
102
RTVSPost2010PropOp50
 70
     1
102
RTVSPost2010Prop51ColorIndex
 90
      256
102
RTVSPost2010Prop51ColorRGB
 90
-16777216
102
RTVSPost2010PropOp51
 70
     0
102
RTVSPost2010Prop52
140
1.0
102
RTVSPost2010PropOp52
 70
     0
102
RTVSPost2010Prop53
 90
        2
102
RTVSPost2010PropOp53
 70
     1
102
RTVSPost2010Prop54
  1
strokes_ogs.tif
102
RTVSPost2010PropOp54
 70
     1
102
RTVSPost2010Prop55
280
     0
102
RTVSPost2010PropOp55
 70
     1
102
RTVSPost2010Prop56
140
1.0
102
RTVSPost2010PropOp56
 70
     1
102
RTVSPost2010Prop57
140
1.0
102
RTVSPost2010PropOp57
 70
     1
  0
XRECORD
  5
951
102
{ACAD_REACTORS
330
950
102
}
330
950
100
AcDbXrecord
280
     1
102
RTVSPropertyOp0
 70
     0
102
RTVSPropertyOp1
 70
     0
102
RTVSPropertyOp2
 70
     0
102
RTVSPropertyOp3
 70
     0
102
RTVSPropertyOp4
 70
     0
102
RTVSPropertyOp5
 70
     0
102
RTVSPropertyOp6
 70
     0
102
RTVSPropertyOp7
 70
     0
102
RTVSPropertyOp8
 70
     0
102
RTVSPropertyOp9
 70
     0
102
RTVSPropertyOp10
 70
     0
102
RTVSPropertyOp11
 70
     0
102
RTVSPropertyOp12
 70
     0
102
RTVSPropertyOp13
 70
     0
102
RTVSPropertyOp14
 70
     2
102
RTVSPropertyOp15
 70
     0
102
RTVSPropertyOp16
 70
     0
102
RTVSPropertyOp17
 70
     0
102
RTVSPropertyOp18
 70
     0
102
RTVSPropertyOp19
 70
     0
102
RTVSPropertyOp20
 70
     0
102
RTVSPropertyOp21
 70
     0
102
RTVSPropertyOp22
 70
     0
102
RTVSPropertyOp23
 70
     0
102
RTVSPropertyOp24
 70
     0
102
RTVSPropertyOp25
 70
     0
102
RTVSPropertyOp26
 70
     0
102
RTVSPropertyOp27
 70
     0
102
RTVSPropertyOp28
 70
     1
102
RTVSPropertyOp29
 70
     1
102
RTVSPropertyOp30
 70
     1
102
RTVSPropertyOp31
 70
     1
102
RTVSPropertyOp32
 70
     1
102
RTVSPropertyOp33
 70
     1
102
RTVSPropertyOp34
 70
     1
102
RTVSPropertyOp35
 70
     1
102
RTVSPropertyOp36
 70
     1
102
RTVSPropertyOp37
 70
     1
102
RTVSPropertyOp38
 70
     1
102
RTVSPropertyOp39
 70
     1
102
RTVSPropertyOp40
 70
     1
102
RTVSPropertyOp41
 70
     1
102
RTVSPropertyOp42
 70
     1
102
RTVSPropertyOp43
 70
     1
102
RTVSPropertyOp44
 70
     1
102
RTVSPropertyOp45
 70
     1
102
RTVSPropertyOp46
 70
     1
102
RTVSPropertyOp47
 70
     1
102
RTVSPropertyOp48
 70
     1
102
RTVSPropertyOp49
 70
     1
102
RTVSPropertyOp50
 70
     1
102
RTVSPropertyOp51
 70
     0
102
RTVSPropertyOp52
 70
     0
102
RTVSPropertyOp53
 70
     1
102
RTVSPropertyOp54
 70
     1
102
RTVSPropertyOp55
 70
     1
102
RTVSPropertyOp56
 70
     1
102
RTVSPropertyOp57
 70
     1
102
RTVSPost2010Prop28
280
     0
102
RTVSPost2010PropOp28
 70
     1
102
RTVSPost2010Prop29
280
     1
102
RTVSPost2010PropOp29
 70
     1
102
RTVSPost2010Prop30
280
     1
102
RTVSPost2010PropOp30
 70
     1
102
RTVSPost2010Prop31
280
     0
102
RTVSPost2010PropOp31
 70
     1
102
RTVSPost2010Prop32
280
     0
102
RTVSPost2010PropOp32
 70
     1
102
RTVSPost2010Prop33
280
     0
102
RTVSPost2010PropOp33
 70
     1
102
RTVSPost2010Prop34
280
     0
102
RTVSPost2010PropOp34
 70
     1
102
RTVSPost2010Prop35
280
     0
102
RTVSPost2010PropOp35
 70
     1
102
RTVSPost2010Prop36
280
     0
102
RTVSPost2010PropOp36
 70
     1
102
RTVSPost2010Prop37
 90
       50
102
RTVSPost2010PropOp37
 70
     1
102
RTVSPost2010Prop38
140
0.0
102
RTVSPost2010PropOp38
 70
     1
102
RTVSPost2010Prop39
140
1.0
102
RTVSPost2010PropOp39
 70
     1
102
RTVSPost2010Prop40
 90
        0
102
RTVSPost2010PropOp40
 70
     1
102
RTVSPost2010Prop41ColorIndex
 90
       18
102
RTVSPost2010Prop41ColorRGB
 90
        0
102
RTVSPost2010PropOp41
 70
     1
102
RTVSPost2010Prop42
 90
       50
102
RTVSPost2010PropOp42
 70
     1
102
RTVSPost2010Prop43
 90
        3
102
RTVSPost2010PropOp43
 70
     1
102
RTVSPost2010Prop44ColorIndex
 90
        5
102
RTVSPost2010Prop44ColorRGB
 90
      255
102
RTVSPost2010PropOp44
 70
     1
102
RTVSPost2010Prop45
280
     0
102
RTVSPost2010PropOp45
 70
     1
102
RTVSPost2010Prop46
 90
       50
102
RTVSPost2010PropOp46
 70
     1
102
RTVSPost2010Prop47
 90
       50
102
RTVSPost2010PropOp47
 70
     1
102
RTVSPost2010Prop48
 90
       50
102
RTVSPost2010PropOp48
 70
     1
102
RTVSPost2010Prop49
280
     0
102
RTVSPost2010PropOp49
 70
     1
102
RTVSPost2010Prop50
 90
       50
102
RTVSPost2010PropOp50
 70
     1
102
RTVSPost2010Prop51ColorIndex
 90
      256
102
RTVSPost2010Prop51ColorRGB
 90
-16777216
102
RTVSPost2010PropOp51
 70
     0
102
RTVSPost2010Prop52
140
1.0
102
RTVSPost2010PropOp52
 70
     0
102
RTVSPost2010Prop53
 90
        2
102
RTVSPost2010PropOp53
 70
     1
102
RTVSPost2010Prop54
  1
strokes_ogs.tif
102
RTVSPost2010PropOp54
 70
     1
102
RTVSPost2010Prop55
280
     0
102
RTVSPost2010PropOp55
 70
     1
102
RTVSPost2010Prop56
140
1.0
102
RTVSPost2010PropOp56
 70
     1
102
RTVSPost2010Prop57
140
1.0
102
RTVSPost2010PropOp57
 70
     1
  0
XRECORD
  5
953
102
{ACAD_REACTORS
330
952
102
}
330
952
100
AcDbXrecord
280
     1
102
RTVSPropertyOp0
 70
     1
102
RTVSPropertyOp1
 70
     1
102
RTVSPropertyOp2
 70
     1
102
RTVSPropertyOp3
 70
     1
102
RTVSPropertyOp4
 70
     1
102
RTVSPropertyOp5
 70
     1
102
RTVSPropertyOp6
 70
     1
102
RTVSPropertyOp7
 70
     1
102
RTVSPropertyOp8
 70
     1
102
RTVSPropertyOp9
 70
     1
102
RTVSPropertyOp10
 70
     1
102
RTVSPropertyOp11
 70
     1
102
RTVSPropertyOp12
 70
     1
102
RTVSPropertyOp13
 70
     1
102
RTVSPropertyOp14
 70
     1
102
RTVSPropertyOp15
 70
     1
102
RTVSPropertyOp16
 70
     1
102
RTVSPropertyOp17
 70
     1
102
RTVSPropertyOp18
 70
     1
102
RTVSPropertyOp19
 70
     1
102
RTVSPropertyOp20
 70
     1
102
RTVSPropertyOp21
 70
     1
102
RTVSPropertyOp22
 70
     1
102
RTVSPropertyOp23
 70
     1
102
RTVSPropertyOp24
 70
     1
102
RTVSPropertyOp25
 70
     1
102
RTVSPropertyOp26
 70
     1
102
RTVSPropertyOp27
 70
     1
102
RTVSPropertyOp28
 70
     1
102
RTVSPropertyOp29
 70
     1
102
RTVSPropertyOp30
 70
     1
102
RTVSPropertyOp31
 70
     1
102
RTVSPropertyOp32
 70
     1
102
RTVSPropertyOp33
 70
     1
102
RTVSPropertyOp34
 70
     1
102
RTVSPropertyOp35
 70
     1
102
RTVSPropertyOp36
 70
     1
102
RTVSPropertyOp37
 70
     1
102
RTVSPropertyOp38
 70
     1
102
RTVSPropertyOp39
 70
     1
102
RTVSPropertyOp40
 70
     1
102
RTVSPropertyOp41
 70
     1
102
RTVSPropertyOp42
 70
     1
102
RTVSPropertyOp43
 70
     1
102
RTVSPropertyOp44
 70
     1
102
RTVSPropertyOp45
 70
     1
102
RTVSPropertyOp46
 70
     1
102
RTVSPropertyOp47
 70
     1
102
RTVSPropertyOp48
 70
     1
102
RTVSPropertyOp49
 70
     1
102
RTVSPropertyOp50
 70
     1
102
RTVSPropertyOp51
 70
     0
102
RTVSPropertyOp52
 70
     0
102
RTVSPropertyOp53
 70
     1
102
RTVSPropertyOp54
 70
     1
102
RTVSPropertyOp55
 70
     1
102
RTVSPropertyOp56
 70
     1
102
RTVSPropertyOp57
 70
     1
102
RTVSPost2010Prop28
280
     0
102
RTVSPost2010PropOp28
 70
     1
102
RTVSPost2010Prop29
280
     1
102
RTVSPost2010PropOp29
 70
     1
102
RTVSPost2010Prop30
280
     1
102
RTVSPost2010PropOp30
 70
     1
102
RTVSPost2010Prop31
280
     0
102
RTVSPost2010PropOp31
 70
     1
102
RTVSPost2010Prop32
280
     0
102
RTVSPost2010PropOp32
 70
     1
102
RTVSPost2010Prop33
280
     0
102
RTVSPost2010PropOp33
 70
     1
102
RTVSPost2010Prop34
280
     0
102
RTVSPost2010PropOp34
 70
     1
102
RTVSPost2010Prop35
280
     0
102
RTVSPost2010PropOp35
 70
     1
102
RTVSPost2010Prop36
280
     0
102
RTVSPost2010PropOp36
 70
     1
102
RTVSPost2010Prop37
 90
       50
102
RTVSPost2010PropOp37
 70
     1
102
RTVSPost2010Prop38
140
0.0
102
RTVSPost2010PropOp38
 70
     1
102
RTVSPost2010Prop39
140
1.0
102
RTVSPost2010PropOp39
 70
     1
102
RTVSPost2010Prop40
 90
        0
102
RTVSPost2010PropOp40
 70
     1
102
RTVSPost2010Prop41ColorIndex
 90
       18
102
RTVSPost2010Prop41ColorRGB
 90
        0
102
RTVSPost2010PropOp41
 70
     1
102
RTVSPost2010Prop42
 90
       50
102
RTVSPost2010PropOp42
 70
     1
102
RTVSPost2010Prop43
 90
        3
102
RTVSPost2010PropOp43
 70
     1
102
RTVSPost2010Prop44ColorIndex
 90
        5
102
RTVSPost2010Prop44ColorRGB
 90
      255
102
RTVSPost2010PropOp44
 70
     1
102
RTVSPost2010Prop45
280
     0
102
RTVSPost2010PropOp45
 70
     1
102
RTVSPost2010Prop46
 90
       50
102
RTVSPost2010PropOp46
 70
     1
102
RTVSPost2010Prop47
 90
       50
102
RTVSPost2010PropOp47
 70
     1
102
RTVSPost2010Prop48
 90
       50
102
RTVSPost2010PropOp48
 70
     1
102
RTVSPost2010Prop49
280
     0
102
RTVSPost2010PropOp49
 70
     1
102
RTVSPost2010Prop50
 90
       50
102
RTVSPost2010PropOp50
 70
     1
102
RTVSPost2010Prop51ColorIndex
 90
      256
102
RTVSPost2010Prop51ColorRGB
 90
-16777216
102
RTVSPost2010PropOp51
 70
     0
102
RTVSPost2010Prop52
140
1.0
102
RTVSPost2010PropOp52
 70
     0
102
RTVSPost2010Prop53
 90
        2
102
RTVSPost2010PropOp53
 70
     1
102
RTVSPost2010Prop54
  1
strokes_ogs.tif
102
RTVSPost2010PropOp54
 70
     1
102
RTVSPost2010Prop55
280
     0
102
RTVSPost2010PropOp55
 70
     1
102
RTVSPost2010Prop56
140
1.0
102
RTVSPost2010PropOp56
 70
     1
102
RTVSPost2010Prop57
140
1.0
102
RTVSPost2010PropOp57
 70
     1
  0
XRECORD
  5
955
102
{ACAD_REACTORS
330
954
102
}
330
954
100
AcDbXrecord
280
     1
102
RTVSPropertyOp0
 70
     0
102
RTVSPropertyOp1
 70
     0
102
RTVSPropertyOp2
 70
     0
102
RTVSPropertyOp3
 70
     0
102
RTVSPropertyOp4
 70
     0
102
RTVSPropertyOp5
 70
     0
102
RTVSPropertyOp6
 70
     0
102
RTVSPropertyOp7
 70
     0
102
RTVSPropertyOp8
 70
     0
102
RTVSPropertyOp9
 70
     0
102
RTVSPropertyOp10
 70
     0
102
RTVSPropertyOp11
 70
     0
102
RTVSPropertyOp12
 70
     0
102
RTVSPropertyOp13
 70
     0
102
RTVSPropertyOp14
 70
     2
102
RTVSPropertyOp15
 70
     0
102
RTVSPropertyOp16
 70
     0
102
RTVSPropertyOp17
 70
     0
102
RTVSPropertyOp18
 70
     0
102
RTVSPropertyOp19
 70
     0
102
RTVSPropertyOp20
 70
     0
102
RTVSPropertyOp21
 70
     0
102
RTVSPropertyOp22
 70
     0
102
RTVSPropertyOp23
 70
     0
102
RTVSPropertyOp24
 70
     0
102
RTVSPropertyOp25
 70
     0
102
RTVSPropertyOp26
 70
     0
102
RTVSPropertyOp27
 70
     0
102
RTVSPropertyOp28
 70
     1
102
RTVSPropertyOp29
 70
     1
102
RTVSPropertyOp30
 70
     1
102
RTVSPropertyOp31
 70
     1
102
RTVSPropertyOp32
 70
     1
102
RTVSPropertyOp33
 70
     1
102
RTVSPropertyOp34
 70
     1
102
RTVSPropertyOp35
 70
     1
102
RTVSPropertyOp36
 70
     1
102
RTVSPropertyOp37
 70
     1
102
RTVSPropertyOp38
 70
     1
102
RTVSPropertyOp39
 70
     1
102
RTVSPropertyOp40
 70
     1
102
RTVSPropertyOp41
 70
     1
102
RTVSPropertyOp42
 70
     1
102
RTVSPropertyOp43
 70
     1
102
RTVSPropertyOp44
 70
     1
102
RTVSPropertyOp45
 70
     1
102
RTVSPropertyOp46
 70
     1
102
RTVSPropertyOp47
 70
     1
102
RTVSPropertyOp48
 70
     1
102
RTVSPropertyOp49
 70
     1
102
RTVSPropertyOp50
 70
     1
102
RTVSPropertyOp51
 70
     0
102
RTVSPropertyOp52
 70
     0
102
RTVSPropertyOp53
 70
     1
102
RTVSPropertyOp54
 70
     1
102
RTVSPropertyOp55
 70
     1
102
RTVSPropertyOp56
 70
     1
102
RTVSPropertyOp57
 70
     1
102
RTVSPost2010Prop28
280
     0
102
RTVSPost2010PropOp28
 70
     1
102
RTVSPost2010Prop29
280
     1
102
RTVSPost2010PropOp29
 70
     1
102
RTVSPost2010Prop30
280
     1
102
RTVSPost2010PropOp30
 70
     1
102
RTVSPost2010Prop31
280
     0
102
RTVSPost2010PropOp31
 70
     1
102
RTVSPost2010Prop32
280
     0
102
RTVSPost2010PropOp32
 70
     1
102
RTVSPost2010Prop33
280
     0
102
RTVSPost2010PropOp33
 70
     1
102
RTVSPost2010Prop34
280
     0
102
RTVSPost2010PropOp34
 70
     1
102
RTVSPost2010Prop35
280
     0
102
RTVSPost2010PropOp35
 70
     1
102
RTVSPost2010Prop36
280
     0
102
RTVSPost2010PropOp36
 70
     1
102
RTVSPost2010Prop37
 90
       50
102
RTVSPost2010PropOp37
 70
     1
102
RTVSPost2010Prop38
140
0.0
102
RTVSPost2010PropOp38
 70
     1
102
RTVSPost2010Prop39
140
1.0
102
RTVSPost2010PropOp39
 70
     1
102
RTVSPost2010Prop40
 90
        0
102
RTVSPost2010PropOp40
 70
     1
102
RTVSPost2010Prop41ColorIndex
 90
       18
102
RTVSPost2010Prop41ColorRGB
 90
        0
102
RTVSPost2010PropOp41
 70
     1
102
RTVSPost2010Prop42
 90
       50
102
RTVSPost2010PropOp42
 70
     1
102
RTVSPost2010Prop43
 90
        3
102
RTVSPost2010PropOp43
 70
     1
102
RTVSPost2010Prop44ColorIndex
 90
        5
102
RTVSPost2010Prop44ColorRGB
 90
      255
102
RTVSPost2010PropOp44
 70
     1
102
RTVSPost2010Prop45
280
     0
102
RTVSPost2010PropOp45
 70
     1
102
RTVSPost2010Prop46
 90
       50
102
RTVSPost2010PropOp46
 70
     1
102
RTVSPost2010Prop47
 90
       50
102
RTVSPost2010PropOp47
 70
     1
102
RTVSPost2010Prop48
 90
       50
102
RTVSPost2010PropOp48
 70
     1
102
RTVSPost2010Prop49
280
     0
102
RTVSPost2010PropOp49
 70
     1
102
RTVSPost2010Prop50
 90
       50
102
RTVSPost2010PropOp50
 70
     1
102
RTVSPost2010Prop51ColorIndex
 90
      256
102
RTVSPost2010Prop51ColorRGB
 90
-16777216
102
RTVSPost2010PropOp51
 70
     0
102
RTVSPost2010Prop52
140
1.0
102
RTVSPost2010PropOp52
 70
     0
102
RTVSPost2010Prop53
 90
        2
102
RTVSPost2010PropOp53
 70
     1
102
RTVSPost2010Prop54
  1
strokes_ogs.tif
102
RTVSPost2010PropOp54
 70
     1
102
RTVSPost2010Prop55
280
     0
102
RTVSPost2010PropOp55
 70
     1
102
RTVSPost2010Prop56
140
1.0
102
RTVSPost2010PropOp56
 70
     1
102
RTVSPost2010Prop57
140
1.0
102
RTVSPost2010PropOp57
 70
     1
  0
XRECORD
  5
957
102
{ACAD_REACTORS
330
956
102
}
330
956
100
AcDbXrecord
280
     1
102
RTVSPropertyOp0
 70
     1
102
RTVSPropertyOp1
 70
     1
102
RTVSPropertyOp2
 70
     1
102
RTVSPropertyOp3
 70
     1
102
RTVSPropertyOp4
 70
     1
102
RTVSPropertyOp5
 70
     1
102
RTVSPropertyOp6
 70
     1
102
RTVSPropertyOp7
 70
     1
102
RTVSPropertyOp8
 70
     1
102
RTVSPropertyOp9
 70
     1
102
RTVSPropertyOp10
 70
     1
102
RTVSPropertyOp11
 70
     1
102
RTVSPropertyOp12
 70
     1
102
RTVSPropertyOp13
 70
     1
102
RTVSPropertyOp14
 70
     1
102
RTVSPropertyOp15
 70
     1
102
RTVSPropertyOp16
 70
     1
102
RTVSPropertyOp17
 70
     1
102
RTVSPropertyOp18
 70
     1
102
RTVSPropertyOp19
 70
     1
102
RTVSPropertyOp20
 70
     1
102
RTVSPropertyOp21
 70
     1
102
RTVSPropertyOp22
 70
     1
102
RTVSPropertyOp23
 70
     1
102
RTVSPropertyOp24
 70
     1
102
RTVSPropertyOp25
 70
     1
102
RTVSPropertyOp26
 70
     1
102
RTVSPropertyOp27
 70
     1
102
RTVSPropertyOp28
 70
     1
102
RTVSPropertyOp29
 70
     1
102
RTVSPropertyOp30
 70
     1
102
RTVSPropertyOp31
 70
     1
102
RTVSPropertyOp32
 70
     1
102
RTVSPropertyOp33
 70
     1
102
RTVSPropertyOp34
 70
     1
102
RTVSPropertyOp35
 70
     1
102
RTVSPropertyOp36
 70
     1
102
RTVSPropertyOp37
 70
     1
102
RTVSPropertyOp38
 70
     1
102
RTVSPropertyOp39
 70
     1
102
RTVSPropertyOp40
 70
     1
102
RTVSPropertyOp41
 70
     1
102
RTVSPropertyOp42
 70
     1
102
RTVSPropertyOp43
 70
     1
102
RTVSPropertyOp44
 70
     1
102
RTVSPropertyOp45
 70
     1
102
RTVSPropertyOp46
 70
     1
102
RTVSPropertyOp47
 70
     1
102
RTVSPropertyOp48
 70
     1
102
RTVSPropertyOp49
 70
     1
102
RTVSPropertyOp50
 70
     1
102
RTVSPropertyOp51
 70
     0
102
RTVSPropertyOp52
 70
     0
102
RTVSPropertyOp53
 70
     1
102
RTVSPropertyOp54
 70
     1
102
RTVSPropertyOp55
 70
     1
102
RTVSPropertyOp56
 70
     1
102
RTVSPropertyOp57
 70
     1
102
RTVSPost2010Prop28
280
     0
102
RTVSPost2010PropOp28
 70
     1
102
RTVSPost2010Prop29
280
     1
102
RTVSPost2010PropOp29
 70
     1
102
RTVSPost2010Prop30
280
     1
102
RTVSPost2010PropOp30
 70
     1
102
RTVSPost2010Prop31
280
     0
102
RTVSPost2010PropOp31
 70
     1
102
RTVSPost2010Prop32
280
     0
102
RTVSPost2010PropOp32
 70
     1
102
RTVSPost2010Prop33
280
     0
102
RTVSPost2010PropOp33
 70
     1
102
RTVSPost2010Prop34
280
     0
102
RTVSPost2010PropOp34
 70
     1
102
RTVSPost2010Prop35
280
     0
102
RTVSPost2010PropOp35
 70
     1
102
RTVSPost2010Prop36
280
     0
102
RTVSPost2010PropOp36
 70
     1
102
RTVSPost2010Prop37
 90
       50
102
RTVSPost2010PropOp37
 70
     1
102
RTVSPost2010Prop38
140
0.0
102
RTVSPost2010PropOp38
 70
     1
102
RTVSPost2010Prop39
140
1.0
102
RTVSPost2010PropOp39
 70
     1
102
RTVSPost2010Prop40
 90
        0
102
RTVSPost2010PropOp40
 70
     1
102
RTVSPost2010Prop41ColorIndex
 90
       18
102
RTVSPost2010Prop41ColorRGB
 90
        0
102
RTVSPost2010PropOp41
 70
     1
102
RTVSPost2010Prop42
 90
       50
102
RTVSPost2010PropOp42
 70
     1
102
RTVSPost2010Prop43
 90
        3
102
RTVSPost2010PropOp43
 70
     1
102
RTVSPost2010Prop44ColorIndex
 90
        5
102
RTVSPost2010Prop44ColorRGB
 90
      255
102
RTVSPost2010PropOp44
 70
     1
102
RTVSPost2010Prop45
280
     0
102
RTVSPost2010PropOp45
 70
     1
102
RTVSPost2010Prop46
 90
       50
102
RTVSPost2010PropOp46
 70
     1
102
RTVSPost2010Prop47
 90
       50
102
RTVSPost2010PropOp47
 70
     1
102
RTVSPost2010Prop48
 90
       50
102
RTVSPost2010PropOp48
 70
     1
102
RTVSPost2010Prop49
280
     0
102
RTVSPost2010PropOp49
 70
     1
102
RTVSPost2010Prop50
 90
       50
102
RTVSPost2010PropOp50
 70
     1
102
RTVSPost2010Prop51ColorIndex
 90
      256
102
RTVSPost2010Prop51ColorRGB
 90
-16777216
102
RTVSPost2010PropOp51
 70
     0
102
RTVSPost2010Prop52
140
1.0
102
RTVSPost2010PropOp52
 70
     0
102
RTVSPost2010Prop53
 90
        2
102
RTVSPost2010PropOp53
 70
     1
102
RTVSPost2010Prop54
  1
strokes_ogs.tif
102
RTVSPost2010PropOp54
 70
     1
102
RTVSPost2010Prop55
280
     0
102
RTVSPost2010PropOp55
 70
     1
102
RTVSPost2010Prop56
140
1.0
102
RTVSPost2010PropOp56
 70
     1
102
RTVSPost2010Prop57
140
1.0
102
RTVSPost2010PropOp57
 70
     1
  0
XRECORD
  5
959
102
{ACAD_REACTORS
330
958
102
}
330
958
100
AcDbXrecord
280
     1
102
RTVSPropertyOp0
 70
     1
102
RTVSPropertyOp1
 70
     1
102
RTVSPropertyOp2
 70
     1
102
RTVSPropertyOp3
 70
     1
102
RTVSPropertyOp4
 70
     1
102
RTVSPropertyOp5
 70
     1
102
RTVSPropertyOp6
 70
     1
102
RTVSPropertyOp7
 70
     1
102
RTVSPropertyOp8
 70
     1
102
RTVSPropertyOp9
 70
     1
102
RTVSPropertyOp10
 70
     1
102
RTVSPropertyOp11
 70
     1
102
RTVSPropertyOp12
 70
     1
102
RTVSPropertyOp13
 70
     1
102
RTVSPropertyOp14
 70
     1
102
RTVSPropertyOp15
 70
     1
102
RTVSPropertyOp16
 70
     1
102
RTVSPropertyOp17
 70
     1
102
RTVSPropertyOp18
 70
     1
102
RTVSPropertyOp19
 70
     1
102
RTVSPropertyOp20
 70
     1
102
RTVSPropertyOp21
 70
     1
102
RTVSPropertyOp22
 70
     1
102
RTVSPropertyOp23
 70
     1
102
RTVSPropertyOp24
 70
     1
102
RTVSPropertyOp25
 70
     1
102
RTVSPropertyOp26
 70
     1
102
RTVSPropertyOp27
 70
     1
102
RTVSPropertyOp28
 70
     1
102
RTVSPropertyOp29
 70
     1
102
RTVSPropertyOp30
 70
     1
102
RTVSPropertyOp31
 70
     1
102
RTVSPropertyOp32
 70
     1
102
RTVSPropertyOp33
 70
     1
102
RTVSPropertyOp34
 70
     1
102
RTVSPropertyOp35
 70
     1
102
RTVSPropertyOp36
 70
     1
102
RTVSPropertyOp37
 70
     1
102
RTVSPropertyOp38
 70
     1
102
RTVSPropertyOp39
 70
     1
102
RTVSPropertyOp40
 70
     1
102
RTVSPropertyOp41
 70
     1
102
RTVSPropertyOp42
 70
     1
102
RTVSPropertyOp43
 70
     1
102
RTVSPropertyOp44
 70
     1
102
RTVSPropertyOp45
 70
     1
102
RTVSPropertyOp46
 70
     1
102
RTVSPropertyOp47
 70
     1
102
RTVSPropertyOp48
 70
     1
102
RTVSPropertyOp49
 70
     1
102
RTVSPropertyOp50
 70
     1
102
RTVSPropertyOp51
 70
     0
102
RTVSPropertyOp52
 70
     0
102
RTVSPropertyOp53
 70
     1
102
RTVSPropertyOp54
 70
     1
102
RTVSPropertyOp55
 70
     1
102
RTVSPropertyOp56
 70
     1
102
RTVSPropertyOp57
 70
     1
102
RTVSPost2010Prop28
280
     0
102
RTVSPost2010PropOp28
 70
     1
102
RTVSPost2010Prop29
280
     1
102
RTVSPost2010PropOp29
 70
     1
102
RTVSPost2010Prop30
280
     1
102
RTVSPost2010PropOp30
 70
     1
102
RTVSPost2010Prop31
280
     0
102
RTVSPost2010PropOp31
 70
     1
102
RTVSPost2010Prop32
280
     0
102
RTVSPost2010PropOp32
 70
     1
102
RTVSPost2010Prop33
280
     0
102
RTVSPost2010PropOp33
 70
     1
102
RTVSPost2010Prop34
280
     0
102
RTVSPost2010PropOp34
 70
     1
102
RTVSPost2010Prop35
280
     0
102
RTVSPost2010PropOp35
 70
     1
102
RTVSPost2010Prop36
280
     0
102
RTVSPost2010PropOp36
 70
     1
102
RTVSPost2010Prop37
 90
       50
102
RTVSPost2010PropOp37
 70
     1
102
RTVSPost2010Prop38
140
0.0
102
RTVSPost2010PropOp38
 70
     1
102
RTVSPost2010Prop39
140
1.0
102
RTVSPost2010PropOp39
 70
     1
102
RTVSPost2010Prop40
 90
        0
102
RTVSPost2010PropOp40
 70
     1
102
RTVSPost2010Prop41ColorIndex
 90
       18
102
RTVSPost2010Prop41ColorRGB
 90
        0
102
RTVSPost2010PropOp41
 70
     1
102
RTVSPost2010Prop42
 90
       50
102
RTVSPost2010PropOp42
 70
     1
102
RTVSPost2010Prop43
 90
        3
102
RTVSPost2010PropOp43
 70
     1
102
RTVSPost2010Prop44ColorIndex
 90
        5
102
RTVSPost2010Prop44ColorRGB
 90
      255
102
RTVSPost2010PropOp44
 70
     1
102
RTVSPost2010Prop45
280
     0
102
RTVSPost2010PropOp45
 70
     1
102
RTVSPost2010Prop46
 90
       50
102
RTVSPost2010PropOp46
 70
     1
102
RTVSPost2010Prop47
 90
       50
102
RTVSPost2010PropOp47
 70
     1
102
RTVSPost2010Prop48
 90
       50
102
RTVSPost2010PropOp48
 70
     1
102
RTVSPost2010Prop49
280
     0
102
RTVSPost2010PropOp49
 70
     1
102
RTVSPost2010Prop50
 90
       50
102
RTVSPost2010PropOp50
 70
     1
102
RTVSPost2010Prop51ColorIndex
 90
      256
102
RTVSPost2010Prop51ColorRGB
 90
-16777216
102
RTVSPost2010PropOp51
 70
     0
102
RTVSPost2010Prop52
140
1.0
102
RTVSPost2010PropOp52
 70
     0
102
RTVSPost2010Prop53
 90
        2
102
RTVSPost2010PropOp53
 70
     1
102
RTVSPost2010Prop54
  1
strokes_ogs.tif
102
RTVSPost2010PropOp54
 70
     1
102
RTVSPost2010Prop55
280
     0
102
RTVSPost2010PropOp55
 70
     1
102
RTVSPost2010Prop56
140
1.0
102
RTVSPost2010PropOp56
 70
     1
102
RTVSPost2010Prop57
140
1.0
102
RTVSPost2010PropOp57
 70
     1
  0
XRECORD
  5
95B
102
{ACAD_REACTORS
330
95A
102
}
330
95A
100
AcDbXrecord
280
     1
102
RTVSPropertyOp0
 70
     1
102
RTVSPropertyOp1
 70
     1
102
RTVSPropertyOp2
 70
     1
102
RTVSPropertyOp3
 70
     1
102
RTVSPropertyOp4
 70
     1
102
RTVSPropertyOp5
 70
     1
102
RTVSPropertyOp6
 70
     1
102
RTVSPropertyOp7
 70
     1
102
RTVSPropertyOp8
 70
     1
102
RTVSPropertyOp9
 70
     1
102
RTVSPropertyOp10
 70
     1
102
RTVSPropertyOp11
 70
     1
102
RTVSPropertyOp12
 70
     1
102
RTVSPropertyOp13
 70
     1
102
RTVSPropertyOp14
 70
     1
102
RTVSPropertyOp15
 70
     1
102
RTVSPropertyOp16
 70
     1
102
RTVSPropertyOp17
 70
     1
102
RTVSPropertyOp18
 70
     1
102
RTVSPropertyOp19
 70
     1
102
RTVSPropertyOp20
 70
     1
102
RTVSPropertyOp21
 70
     1
102
RTVSPropertyOp22
 70
     1
102
RTVSPropertyOp23
 70
     1
102
RTVSPropertyOp24
 70
     1
102
RTVSPropertyOp25
 70
     1
102
RTVSPropertyOp26
 70
     1
102
RTVSPropertyOp27
 70
     1
102
RTVSPropertyOp28
 70
     1
102
RTVSPropertyOp29
 70
     1
102
RTVSPropertyOp30
 70
     1
102
RTVSPropertyOp31
 70
     1
102
RTVSPropertyOp32
 70
     1
102
RTVSPropertyOp33
 70
     1
102
RTVSPropertyOp34
 70
     1
102
RTVSPropertyOp35
 70
     1
102
RTVSPropertyOp36
 70
     1
102
RTVSPropertyOp37
 70
     1
102
RTVSPropertyOp38
 70
     1
102
RTVSPropertyOp39
 70
     1
102
RTVSPropertyOp40
 70
     1
102
RTVSPropertyOp41
 70
     1
102
RTVSPropertyOp42
 70
     1
102
RTVSPropertyOp43
 70
     1
102
RTVSPropertyOp44
 70
     1
102
RTVSPropertyOp45
 70
     1
102
RTVSPropertyOp46
 70
     1
102
RTVSPropertyOp47
 70
     1
102
RTVSPropertyOp48
 70
     1
102
RTVSPropertyOp49
 70
     1
102
RTVSPropertyOp50
 70
     1
102
RTVSPropertyOp51
 70
     0
102
RTVSPropertyOp52
 70
     0
102
RTVSPropertyOp53
 70
     1
102
RTVSPropertyOp54
 70
     1
102
RTVSPropertyOp55
 70
     1
102
RTVSPropertyOp56
 70
     1
102
RTVSPropertyOp57
 70
     1
102
RTVSPost2010Prop28
280
     0
102
RTVSPost2010PropOp28
 70
     1
102
RTVSPost2010Prop29
280
     1
102
RTVSPost2010PropOp29
 70
     1
102
RTVSPost2010Prop30
280
     1
102
RTVSPost2010PropOp30
 70
     1
102
RTVSPost2010Prop31
280
     0
102
RTVSPost2010PropOp31
 70
     1
102
RTVSPost2010Prop32
280
     0
102
RTVSPost2010PropOp32
 70
     1
102
RTVSPost2010Prop33
280
     0
102
RTVSPost2010PropOp33
 70
     1
102
RTVSPost2010Prop34
280
     0
102
RTVSPost2010PropOp34
 70
     1
102
RTVSPost2010Prop35
280
     0
102
RTVSPost2010PropOp35
 70
     1
102
RTVSPost2010Prop36
280
     0
102
RTVSPost2010PropOp36
 70
     1
102
RTVSPost2010Prop37
 90
       50
102
RTVSPost2010PropOp37
 70
     1
102
RTVSPost2010Prop38
140
0.0
102
RTVSPost2010PropOp38
 70
     1
102
RTVSPost2010Prop39
140
1.0
102
RTVSPost2010PropOp39
 70
     1
102
RTVSPost2010Prop40
 90
        0
102
RTVSPost2010PropOp40
 70
     1
102
RTVSPost2010Prop41ColorIndex
 90
       18
102
RTVSPost2010Prop41ColorRGB
 90
        0
102
RTVSPost2010PropOp41
 70
     1
102
RTVSPost2010Prop42
 90
       50
102
RTVSPost2010PropOp42
 70
     1
102
RTVSPost2010Prop43
 90
        3
102
RTVSPost2010PropOp43
 70
     1
102
RTVSPost2010Prop44ColorIndex
 90
        5
102
RTVSPost2010Prop44ColorRGB
 90
      255
102
RTVSPost2010PropOp44
 70
     1
102
RTVSPost2010Prop45
280
     0
102
RTVSPost2010PropOp45
 70
     1
102
RTVSPost2010Prop46
 90
       50
102
RTVSPost2010PropOp46
 70
     1
102
RTVSPost2010Prop47
 90
       50
102
RTVSPost2010PropOp47
 70
     1
102
RTVSPost2010Prop48
 90
       50
102
RTVSPost2010PropOp48
 70
     1
102
RTVSPost2010Prop49
280
     0
102
RTVSPost2010PropOp49
 70
     1
102
RTVSPost2010Prop50
 90
       50
102
RTVSPost2010PropOp50
 70
     1
102
RTVSPost2010Prop51ColorIndex
 90
      256
102
RTVSPost2010Prop51ColorRGB
 90
-16777216
102
RTVSPost2010PropOp51
 70
     0
102
RTVSPost2010Prop52
140
1.0
102
RTVSPost2010PropOp52
 70
     0
102
RTVSPost2010Prop53
 90
        2
102
RTVSPost2010PropOp53
 70
     1
102
RTVSPost2010Prop54
  1
strokes_ogs.tif
102
RTVSPost2010PropOp54
 70
     1
102
RTVSPost2010Prop55
280
     0
102
RTVSPost2010PropOp55
 70
     1
102
RTVSPost2010Prop56
140
1.0
102
RTVSPost2010PropOp56
 70
     1
102
RTVSPost2010Prop57
140
1.0
102
RTVSPost2010PropOp57
 70
     1
  0
XRECORD
  5
95D
102
{ACAD_REACTORS
330
95C
102
}
330
95C
100
AcDbXrecord
280
     1
102
RTVSPropertyOp0
 70
     1
102
RTVSPropertyOp1
 70
     1
102
RTVSPropertyOp2
 70
     1
102
RTVSPropertyOp3
 70
     1
102
RTVSPropertyOp4
 70
     1
102
RTVSPropertyOp5
 70
     1
102
RTVSPropertyOp6
 70
     1
102
RTVSPropertyOp7
 70
     1
102
RTVSPropertyOp8
 70
     1
102
RTVSPropertyOp9
 70
     1
102
RTVSPropertyOp10
 70
     1
102
RTVSPropertyOp11
 70
     1
102
RTVSPropertyOp12
 70
     1
102
RTVSPropertyOp13
 70
     1
102
RTVSPropertyOp14
 70
     1
102
RTVSPropertyOp15
 70
     1
102
RTVSPropertyOp16
 70
     1
102
RTVSPropertyOp17
 70
     1
102
RTVSPropertyOp18
 70
     1
102
RTVSPropertyOp19
 70
     1
102
RTVSPropertyOp20
 70
     1
102
RTVSPropertyOp21
 70
     1
102
RTVSPropertyOp22
 70
     1
102
RTVSPropertyOp23
 70
     1
102
RTVSPropertyOp24
 70
     1
102
RTVSPropertyOp25
 70
     1
102
RTVSPropertyOp26
 70
     1
102
RTVSPropertyOp27
 70
     1
102
RTVSPropertyOp28
 70
     1
102
RTVSPropertyOp29
 70
     1
102
RTVSPropertyOp30
 70
     1
102
RTVSPropertyOp31
 70
     1
102
RTVSPropertyOp32
 70
     1
102
RTVSPropertyOp33
 70
     1
102
RTVSPropertyOp34
 70
     1
102
RTVSPropertyOp35
 70
     1
102
RTVSPropertyOp36
 70
     1
102
RTVSPropertyOp37
 70
     1
102
RTVSPropertyOp38
 70
     1
102
RTVSPropertyOp39
 70
     1
102
RTVSPropertyOp40
 70
     1
102
RTVSPropertyOp41
 70
     1
102
RTVSPropertyOp42
 70
     1
102
RTVSPropertyOp43
 70
     1
102
RTVSPropertyOp44
 70
     1
102
RTVSPropertyOp45
 70
     1
102
RTVSPropertyOp46
 70
     1
102
RTVSPropertyOp47
 70
     1
102
RTVSPropertyOp48
 70
     1
102
RTVSPropertyOp49
 70
     1
102
RTVSPropertyOp50
 70
     1
102
RTVSPropertyOp51
 70
     0
102
RTVSPropertyOp52
 70
     0
102
RTVSPropertyOp53
 70
     1
102
RTVSPropertyOp54
 70
     1
102
RTVSPropertyOp55
 70
     1
102
RTVSPropertyOp56
 70
     1
102
RTVSPropertyOp57
 70
     1
102
RTVSPost2010Prop28
280
     0
102
RTVSPost2010PropOp28
 70
     1
102
RTVSPost2010Prop29
280
     1
102
RTVSPost2010PropOp29
 70
     1
102
RTVSPost2010Prop30
280
     1
102
RTVSPost2010PropOp30
 70
     1
102
RTVSPost2010Prop31
280
     0
102
RTVSPost2010PropOp31
 70
     1
102
RTVSPost2010Prop32
280
     0
102
RTVSPost2010PropOp32
 70
     1
102
RTVSPost2010Prop33
280
     0
102
RTVSPost2010PropOp33
 70
     1
102
RTVSPost2010Prop34
280
     0
102
RTVSPost2010PropOp34
 70
     1
102
RTVSPost2010Prop35
280
     0
102
RTVSPost2010PropOp35
 70
     1
102
RTVSPost2010Prop36
280
     0
102
RTVSPost2010PropOp36
 70
     1
102
RTVSPost2010Prop37
 90
       50
102
RTVSPost2010PropOp37
 70
     1
102
RTVSPost2010Prop38
140
0.0
102
RTVSPost2010PropOp38
 70
     1
102
RTVSPost2010Prop39
140
1.0
102
RTVSPost2010PropOp39
 70
     1
102
RTVSPost2010Prop40
 90
        0
102
RTVSPost2010PropOp40
 70
     1
102
RTVSPost2010Prop41ColorIndex
 90
       18
102
RTVSPost2010Prop41ColorRGB
 90
        0
102
RTVSPost2010PropOp41
 70
     1
102
RTVSPost2010Prop42
 90
       50
102
RTVSPost2010PropOp42
 70
     1
102
RTVSPost2010Prop43
 90
        3
102
RTVSPost2010PropOp43
 70
     1
102
RTVSPost2010Prop44ColorIndex
 90
        5
102
RTVSPost2010Prop44ColorRGB
 90
      255
102
RTVSPost2010PropOp44
 70
     1
102
RTVSPost2010Prop45
280
     0
102
RTVSPost2010PropOp45
 70
     1
102
RTVSPost2010Prop46
 90
       50
102
RTVSPost2010PropOp46
 70
     1
102
RTVSPost2010Prop47
 90
       50
102
RTVSPost2010PropOp47
 70
     1
102
RTVSPost2010Prop48
 90
       50
102
RTVSPost2010PropOp48
 70
     1
102
RTVSPost2010Prop49
280
     0
102
RTVSPost2010PropOp49
 70
     1
102
RTVSPost2010Prop50
 90
       50
102
RTVSPost2010PropOp50
 70
     1
102
RTVSPost2010Prop51ColorIndex
 90
      256
102
RTVSPost2010Prop51ColorRGB
 90
-16777216
102
RTVSPost2010PropOp51
 70
     0
102
RTVSPost2010Prop52
140
1.0
102
RTVSPost2010PropOp52
 70
     0
102
RTVSPost2010Prop53
 90
        2
102
RTVSPost2010PropOp53
 70
     1
102
RTVSPost2010Prop54
  1
strokes_ogs.tif
102
RTVSPost2010PropOp54
 70
     1
102
RTVSPost2010Prop55
280
     0
102
RTVSPost2010PropOp55
 70
     1
102
RTVSPost2010Prop56
140
1.0
102
RTVSPost2010PropOp56
 70
     1
102
RTVSPost2010Prop57
140
1.0
102
RTVSPost2010PropOp57
 70
     1
  0
XRECORD
  5
95F
102
{ACAD_REACTORS
330
95E
102
}
330
95E
100
AcDbXrecord
280
     1
102
RTVSPropertyOp0
 70
     1
102
RTVSPropertyOp1
 70
     1
102
RTVSPropertyOp2
 70
     1
102
RTVSPropertyOp3
 70
     1
102
RTVSPropertyOp4
 70
     1
102
RTVSPropertyOp5
 70
     1
102
RTVSPropertyOp6
 70
     1
102
RTVSPropertyOp7
 70
     1
102
RTVSPropertyOp8
 70
     1
102
RTVSPropertyOp9
 70
     1
102
RTVSPropertyOp10
 70
     1
102
RTVSPropertyOp11
 70
     1
102
RTVSPropertyOp12
 70
     1
102
RTVSPropertyOp13
 70
     1
102
RTVSPropertyOp14
 70
     1
102
RTVSPropertyOp15
 70
     1
102
RTVSPropertyOp16
 70
     1
102
RTVSPropertyOp17
 70
     1
102
RTVSPropertyOp18
 70
     1
102
RTVSPropertyOp19
 70
     1
102
RTVSPropertyOp20
 70
     1
102
RTVSPropertyOp21
 70
     1
102
RTVSPropertyOp22
 70
     1
102
RTVSPropertyOp23
 70
     1
102
RTVSPropertyOp24
 70
     1
102
RTVSPropertyOp25
 70
     1
102
RTVSPropertyOp26
 70
     1
102
RTVSPropertyOp27
 70
     1
102
RTVSPropertyOp28
 70
     1
102
RTVSPropertyOp29
 70
     1
102
RTVSPropertyOp30
 70
     1
102
RTVSPropertyOp31
 70
     1
102
RTVSPropertyOp32
 70
     1
102
RTVSPropertyOp33
 70
     1
102
RTVSPropertyOp34
 70
     1
102
RTVSPropertyOp35
 70
     1
102
RTVSPropertyOp36
 70
     1
102
RTVSPropertyOp37
 70
     1
102
RTVSPropertyOp38
 70
     1
102
RTVSPropertyOp39
 70
     1
102
RTVSPropertyOp40
 70
     1
102
RTVSPropertyOp41
 70
     1
102
RTVSPropertyOp42
 70
     1
102
RTVSPropertyOp43
 70
     1
102
RTVSPropertyOp44
 70
     1
102
RTVSPropertyOp45
 70
     1
102
RTVSPropertyOp46
 70
     1
102
RTVSPropertyOp47
 70
     1
102
RTVSPropertyOp48
 70
     1
102
RTVSPropertyOp49
 70
     1
102
RTVSPropertyOp50
 70
     1
102
RTVSPropertyOp51
 70
     0
102
RTVSPropertyOp52
 70
     0
102
RTVSPropertyOp53
 70
     1
102
RTVSPropertyOp54
 70
     1
102
RTVSPropertyOp55
 70
     1
102
RTVSPropertyOp56
 70
     1
102
RTVSPropertyOp57
 70
     1
102
RTVSPost2010Prop28
280
     0
102
RTVSPost2010PropOp28
 70
     1
102
RTVSPost2010Prop29
280
     1
102
RTVSPost2010PropOp29
 70
     1
102
RTVSPost2010Prop30
280
     1
102
RTVSPost2010PropOp30
 70
     1
102
RTVSPost2010Prop31
280
     0
102
RTVSPost2010PropOp31
 70
     1
102
RTVSPost2010Prop32
280
     0
102
RTVSPost2010PropOp32
 70
     1
102
RTVSPost2010Prop33
280
     0
102
RTVSPost2010PropOp33
 70
     1
102
RTVSPost2010Prop34
280
     0
102
RTVSPost2010PropOp34
 70
     1
102
RTVSPost2010Prop35
280
     0
102
RTVSPost2010PropOp35
 70
     1
102
RTVSPost2010Prop36
280
     0
102
RTVSPost2010PropOp36
 70
     1
102
RTVSPost2010Prop37
 90
       50
102
RTVSPost2010PropOp37
 70
     1
102
RTVSPost2010Prop38
140
0.0
102
RTVSPost2010PropOp38
 70
     1
102
RTVSPost2010Prop39
140
1.0
102
RTVSPost2010PropOp39
 70
     1
102
RTVSPost2010Prop40
 90
        0
102
RTVSPost2010PropOp40
 70
     1
102
RTVSPost2010Prop41ColorIndex
 90
       18
102
RTVSPost2010Prop41ColorRGB
 90
        0
102
RTVSPost2010PropOp41
 70
     1
102
RTVSPost2010Prop42
 90
       50
102
RTVSPost2010PropOp42
 70
     1
102
RTVSPost2010Prop43
 90
        3
102
RTVSPost2010PropOp43
 70
     1
102
RTVSPost2010Prop44ColorIndex
 90
        5
102
RTVSPost2010Prop44ColorRGB
 90
      255
102
RTVSPost2010PropOp44
 70
     1
102
RTVSPost2010Prop45
280
     0
102
RTVSPost2010PropOp45
 70
     1
102
RTVSPost2010Prop46
 90
       50
102
RTVSPost2010PropOp46
 70
     1
102
RTVSPost2010Prop47
 90
       50
102
RTVSPost2010PropOp47
 70
     1
102
RTVSPost2010Prop48
 90
       50
102
RTVSPost2010PropOp48
 70
     1
102
RTVSPost2010Prop49
280
     0
102
RTVSPost2010PropOp49
 70
     1
102
RTVSPost2010Prop50
 90
       50
102
RTVSPost2010PropOp50
 70
     1
102
RTVSPost2010Prop51ColorIndex
 90
      256
102
RTVSPost2010Prop51ColorRGB
 90
-16777216
102
RTVSPost2010PropOp51
 70
     0
102
RTVSPost2010Prop52
140
1.0
102
RTVSPost2010PropOp52
 70
     0
102
RTVSPost2010Prop53
 90
        2
102
RTVSPost2010PropOp53
 70
     1
102
RTVSPost2010Prop54
  1
strokes_ogs.tif
102
RTVSPost2010PropOp54
 70
     1
102
RTVSPost2010Prop55
280
     0
102
RTVSPost2010PropOp55
 70
     1
102
RTVSPost2010Prop56
140
1.0
102
RTVSPost2010PropOp56
 70
     1
102
RTVSPost2010Prop57
140
1.0
102
RTVSPost2010PropOp57
 70
     1
  0
XRECORD
  5
961
102
{ACAD_REACTORS
330
960
102
}
330
960
100
AcDbXrecord
280
     1
102
RTVSPropertyOp0
 70
     1
102
RTVSPropertyOp1
 70
     1
102
RTVSPropertyOp2
 70
     1
102
RTVSPropertyOp3
 70
     1
102
RTVSPropertyOp4
 70
     1
102
RTVSPropertyOp5
 70
     1
102
RTVSPropertyOp6
 70
     1
102
RTVSPropertyOp7
 70
     1
102
RTVSPropertyOp8
 70
     1
102
RTVSPropertyOp9
 70
     1
102
RTVSPropertyOp10
 70
     1
102
RTVSPropertyOp11
 70
     1
102
RTVSPropertyOp12
 70
     1
102
RTVSPropertyOp13
 70
     1
102
RTVSPropertyOp14
 70
     1
102
RTVSPropertyOp15
 70
     1
102
RTVSPropertyOp16
 70
     1
102
RTVSPropertyOp17
 70
     1
102
RTVSPropertyOp18
 70
     1
102
RTVSPropertyOp19
 70
     1
102
RTVSPropertyOp20
 70
     1
102
RTVSPropertyOp21
 70
     1
102
RTVSPropertyOp22
 70
     1
102
RTVSPropertyOp23
 70
     1
102
RTVSPropertyOp24
 70
     1
102
RTVSPropertyOp25
 70
     1
102
RTVSPropertyOp26
 70
     1
102
RTVSPropertyOp27
 70
     1
102
RTVSPropertyOp28
 70
     1
102
RTVSPropertyOp29
 70
     1
102
RTVSPropertyOp30
 70
     1
102
RTVSPropertyOp31
 70
     1
102
RTVSPropertyOp32
 70
     1
102
RTVSPropertyOp33
 70
     1
102
RTVSPropertyOp34
 70
     1
102
RTVSPropertyOp35
 70
     1
102
RTVSPropertyOp36
 70
     1
102
RTVSPropertyOp37
 70
     1
102
RTVSPropertyOp38
 70
     1
102
RTVSPropertyOp39
 70
     1
102
RTVSPropertyOp40
 70
     1
102
RTVSPropertyOp41
 70
     1
102
RTVSPropertyOp42
 70
     1
102
RTVSPropertyOp43
 70
     1
102
RTVSPropertyOp44
 70
     1
102
RTVSPropertyOp45
 70
     1
102
RTVSPropertyOp46
 70
     1
102
RTVSPropertyOp47
 70
     1
102
RTVSPropertyOp48
 70
     1
102
RTVSPropertyOp49
 70
     1
102
RTVSPropertyOp50
 70
     1
102
RTVSPropertyOp51
 70
     0
102
RTVSPropertyOp52
 70
     0
102
RTVSPropertyOp53
 70
     1
102
RTVSPropertyOp54
 70
     1
102
RTVSPropertyOp55
 70
     1
102
RTVSPropertyOp56
 70
     1
102
RTVSPropertyOp57
 70
     1
102
RTVSPost2010Prop28
280
     0
102
RTVSPost2010PropOp28
 70
     1
102
RTVSPost2010Prop29
280
     1
102
RTVSPost2010PropOp29
 70
     1
102
RTVSPost2010Prop30
280
     1
102
RTVSPost2010PropOp30
 70
     1
102
RTVSPost2010Prop31
280
     0
102
RTVSPost2010PropOp31
 70
     1
102
RTVSPost2010Prop32
280
     0
102
RTVSPost2010PropOp32
 70
     1
102
RTVSPost2010Prop33
280
     0
102
RTVSPost2010PropOp33
 70
     1
102
RTVSPost2010Prop34
280
     0
102
RTVSPost2010PropOp34
 70
     1
102
RTVSPost2010Prop35
280
     0
102
RTVSPost2010PropOp35
 70
     1
102
RTVSPost2010Prop36
280
     0
102
RTVSPost2010PropOp36
 70
     1
102
RTVSPost2010Prop37
 90
       50
102
RTVSPost2010PropOp37
 70
     1
102
RTVSPost2010Prop38
140
0.0
102
RTVSPost2010PropOp38
 70
     1
102
RTVSPost2010Prop39
140
1.0
102
RTVSPost2010PropOp39
 70
     1
102
RTVSPost2010Prop40
 90
        0
102
RTVSPost2010PropOp40
 70
     1
102
RTVSPost2010Prop41ColorIndex
 90
       18
102
RTVSPost2010Prop41ColorRGB
 90
        0
102
RTVSPost2010PropOp41
 70
     1
102
RTVSPost2010Prop42
 90
       50
102
RTVSPost2010PropOp42
 70
     1
102
RTVSPost2010Prop43
 90
        3
102
RTVSPost2010PropOp43
 70
     1
102
RTVSPost2010Prop44ColorIndex
 90
        5
102
RTVSPost2010Prop44ColorRGB
 90
      255
102
RTVSPost2010PropOp44
 70
     1
102
RTVSPost2010Prop45
280
     0
102
RTVSPost2010PropOp45
 70
     1
102
RTVSPost2010Prop46
 90
       50
102
RTVSPost2010PropOp46
 70
     1
102
RTVSPost2010Prop47
 90
       50
102
RTVSPost2010PropOp47
 70
     1
102
RTVSPost2010Prop48
 90
       50
102
RTVSPost2010PropOp48
 70
     1
102
RTVSPost2010Prop49
280
     0
102
RTVSPost2010PropOp49
 70
     1
102
RTVSPost2010Prop50
 90
       50
102
RTVSPost2010PropOp50
 70
     1
102
RTVSPost2010Prop51ColorIndex
 90
      256
102
RTVSPost2010Prop51ColorRGB
 90
-16777216
102
RTVSPost2010PropOp51
 70
     0
102
RTVSPost2010Prop52
140
1.0
102
RTVSPost2010PropOp52
 70
     0
102
RTVSPost2010Prop53
 90
        2
102
RTVSPost2010PropOp53
 70
     1
102
RTVSPost2010Prop54
  1
strokes_ogs.tif
102
RTVSPost2010PropOp54
 70
     1
102
RTVSPost2010Prop55
280
     0
102
RTVSPost2010PropOp55
 70
     1
102
RTVSPost2010Prop56
140
1.0
102
RTVSPost2010PropOp56
 70
     1
102
RTVSPost2010Prop57
140
1.0
102
RTVSPost2010PropOp57
 70
     1
  0
XRECORD
  5
963
102
{ACAD_REACTORS
330
962
102
}
330
962
100
AcDbXrecord
280
     1
102
RTVSPropertyOp0
 70
     1
102
RTVSPropertyOp1
 70
     1
102
RTVSPropertyOp2
 70
     1
102
RTVSPropertyOp3
 70
     1
102
RTVSPropertyOp4
 70
     1
102
RTVSPropertyOp5
 70
     1
102
RTVSPropertyOp6
 70
     1
102
RTVSPropertyOp7
 70
     1
102
RTVSPropertyOp8
 70
     1
102
RTVSPropertyOp9
 70
     1
102
RTVSPropertyOp10
 70
     1
102
RTVSPropertyOp11
 70
     1
102
RTVSPropertyOp12
 70
     1
102
RTVSPropertyOp13
 70
     1
102
RTVSPropertyOp14
 70
     1
102
RTVSPropertyOp15
 70
     1
102
RTVSPropertyOp16
 70
     1
102
RTVSPropertyOp17
 70
     1
102
RTVSPropertyOp18
 70
     1
102
RTVSPropertyOp19
 70
     1
102
RTVSPropertyOp20
 70
     1
102
RTVSPropertyOp21
 70
     1
102
RTVSPropertyOp22
 70
     1
102
RTVSPropertyOp23
 70
     1
102
RTVSPropertyOp24
 70
     1
102
RTVSPropertyOp25
 70
     1
102
RTVSPropertyOp26
 70
     1
102
RTVSPropertyOp27
 70
     1
102
RTVSPropertyOp28
 70
     1
102
RTVSPropertyOp29
 70
     1
102
RTVSPropertyOp30
 70
     1
102
RTVSPropertyOp31
 70
     1
102
RTVSPropertyOp32
 70
     1
102
RTVSPropertyOp33
 70
     1
102
RTVSPropertyOp34
 70
     1
102
RTVSPropertyOp35
 70
     1
102
RTVSPropertyOp36
 70
     1
102
RTVSPropertyOp37
 70
     1
102
RTVSPropertyOp38
 70
     1
102
RTVSPropertyOp39
 70
     1
102
RTVSPropertyOp40
 70
     1
102
RTVSPropertyOp41
 70
     1
102
RTVSPropertyOp42
 70
     1
102
RTVSPropertyOp43
 70
     1
102
RTVSPropertyOp44
 70
     1
102
RTVSPropertyOp45
 70
     1
102
RTVSPropertyOp46
 70
     1
102
RTVSPropertyOp47
 70
     1
102
RTVSPropertyOp48
 70
     1
102
RTVSPropertyOp49
 70
     1
102
RTVSPropertyOp50
 70
     1
102
RTVSPropertyOp51
 70
     0
102
RTVSPropertyOp52
 70
     0
102
RTVSPropertyOp53
 70
     1
102
RTVSPropertyOp54
 70
     1
102
RTVSPropertyOp55
 70
     1
102
RTVSPropertyOp56
 70
     1
102
RTVSPropertyOp57
 70
     1
102
RTVSPost2010Prop28
280
     0
102
RTVSPost2010PropOp28
 70
     1
102
RTVSPost2010Prop29
280
     1
102
RTVSPost2010PropOp29
 70
     1
102
RTVSPost2010Prop30
280
     1
102
RTVSPost2010PropOp30
 70
     1
102
RTVSPost2010Prop31
280
     0
102
RTVSPost2010PropOp31
 70
     1
102
RTVSPost2010Prop32
280
     0
102
RTVSPost2010PropOp32
 70
     1
102
RTVSPost2010Prop33
280
     0
102
RTVSPost2010PropOp33
 70
     1
102
RTVSPost2010Prop34
280
     0
102
RTVSPost2010PropOp34
 70
     1
102
RTVSPost2010Prop35
280
     0
102
RTVSPost2010PropOp35
 70
     1
102
RTVSPost2010Prop36
280
     0
102
RTVSPost2010PropOp36
 70
     1
102
RTVSPost2010Prop37
 90
       50
102
RTVSPost2010PropOp37
 70
     1
102
RTVSPost2010Prop38
140
0.0
102
RTVSPost2010PropOp38
 70
     1
102
RTVSPost2010Prop39
140
1.0
102
RTVSPost2010PropOp39
 70
     1
102
RTVSPost2010Prop40
 90
        0
102
RTVSPost2010PropOp40
 70
     1
102
RTVSPost2010Prop41ColorIndex
 90
       18
102
RTVSPost2010Prop41ColorRGB
 90
        0
102
RTVSPost2010PropOp41
 70
     1
102
RTVSPost2010Prop42
 90
       50
102
RTVSPost2010PropOp42
 70
     1
102
RTVSPost2010Prop43
 90
        3
102
RTVSPost2010PropOp43
 70
     1
102
RTVSPost2010Prop44ColorIndex
 90
        5
102
RTVSPost2010Prop44ColorRGB
 90
      255
102
RTVSPost2010PropOp44
 70
     1
102
RTVSPost2010Prop45
280
     0
102
RTVSPost2010PropOp45
 70
     1
102
RTVSPost2010Prop46
 90
       50
102
RTVSPost2010PropOp46
 70
     1
102
RTVSPost2010Prop47
 90
       50
102
RTVSPost2010PropOp47
 70
     1
102
RTVSPost2010Prop48
 90
       50
102
RTVSPost2010PropOp48
 70
     1
102
RTVSPost2010Prop49
280
     0
102
RTVSPost2010PropOp49
 70
     1
102
RTVSPost2010Prop50
 90
       50
102
RTVSPost2010PropOp50
 70
     1
102
RTVSPost2010Prop51ColorIndex
 90
      256
102
RTVSPost2010Prop51ColorRGB
 90
-16777216
102
RTVSPost2010PropOp51
 70
     0
102
RTVSPost2010Prop52
140
1.0
102
RTVSPost2010PropOp52
 70
     0
102
RTVSPost2010Prop53
 90
        2
102
RTVSPost2010PropOp53
 70
     1
102
RTVSPost2010Prop54
  1
strokes_ogs.tif
102
RTVSPost2010PropOp54
 70
     1
102
RTVSPost2010Prop55
280
     0
102
RTVSPost2010PropOp55
 70
     1
102
RTVSPost2010Prop56
140
1.0
102
RTVSPost2010PropOp56
 70
     1
102
RTVSPost2010Prop57
140
1.0
102
RTVSPost2010PropOp57
 70
     1
  0
XRECORD
  5
965
102
{ACAD_REACTORS
330
964
102
}
330
964
100
AcDbXrecord
280
     1
102
RTVSPropertyOp0
 70
     1
102
RTVSPropertyOp1
 70
     1
102
RTVSPropertyOp2
 70
     1
102
RTVSPropertyOp3
 70
     1
102
RTVSPropertyOp4
 70
     1
102
RTVSPropertyOp5
 70
     1
102
RTVSPropertyOp6
 70
     1
102
RTVSPropertyOp7
 70
     1
102
RTVSPropertyOp8
 70
     1
102
RTVSPropertyOp9
 70
     1
102
RTVSPropertyOp10
 70
     1
102
RTVSPropertyOp11
 70
     1
102
RTVSPropertyOp12
 70
     1
102
RTVSPropertyOp13
 70
     1
102
RTVSPropertyOp14
 70
     1
102
RTVSPropertyOp15
 70
     1
102
RTVSPropertyOp16
 70
     1
102
RTVSPropertyOp17
 70
     1
102
RTVSPropertyOp18
 70
     1
102
RTVSPropertyOp19
 70
     1
102
RTVSPropertyOp20
 70
     1
102
RTVSPropertyOp21
 70
     1
102
RTVSPropertyOp22
 70
     1
102
RTVSPropertyOp23
 70
     1
102
RTVSPropertyOp24
 70
     1
102
RTVSPropertyOp25
 70
     1
102
RTVSPropertyOp26
 70
     1
102
RTVSPropertyOp27
 70
     1
102
RTVSPropertyOp28
 70
     1
102
RTVSPropertyOp29
 70
     1
102
RTVSPropertyOp30
 70
     1
102
RTVSPropertyOp31
 70
     1
102
RTVSPropertyOp32
 70
     1
102
RTVSPropertyOp33
 70
     1
102
RTVSPropertyOp34
 70
     1
102
RTVSPropertyOp35
 70
     1
102
RTVSPropertyOp36
 70
     1
102
RTVSPropertyOp37
 70
     1
102
RTVSPropertyOp38
 70
     1
102
RTVSPropertyOp39
 70
     1
102
RTVSPropertyOp40
 70
     1
102
RTVSPropertyOp41
 70
     1
102
RTVSPropertyOp42
 70
     1
102
RTVSPropertyOp43
 70
     1
102
RTVSPropertyOp44
 70
     1
102
RTVSPropertyOp45
 70
     1
102
RTVSPropertyOp46
 70
     1
102
RTVSPropertyOp47
 70
     1
102
RTVSPropertyOp48
 70
     1
102
RTVSPropertyOp49
 70
     1
102
RTVSPropertyOp50
 70
     1
102
RTVSPropertyOp51
 70
     0
102
RTVSPropertyOp52
 70
     0
102
RTVSPropertyOp53
 70
     1
102
RTVSPropertyOp54
 70
     1
102
RTVSPropertyOp55
 70
     1
102
RTVSPropertyOp56
 70
     1
102
RTVSPropertyOp57
 70
     1
102
RTVSPost2010Prop28
280
     0
102
RTVSPost2010PropOp28
 70
     1
102
RTVSPost2010Prop29
280
     1
102
RTVSPost2010PropOp29
 70
     1
102
RTVSPost2010Prop30
280
     1
102
RTVSPost2010PropOp30
 70
     1
102
RTVSPost2010Prop31
280
     0
102
RTVSPost2010PropOp31
 70
     1
102
RTVSPost2010Prop32
280
     0
102
RTVSPost2010PropOp32
 70
     1
102
RTVSPost2010Prop33
280
     0
102
RTVSPost2010PropOp33
 70
     1
102
RTVSPost2010Prop34
280
     0
102
RTVSPost2010PropOp34
 70
     1
102
RTVSPost2010Prop35
280
     0
102
RTVSPost2010PropOp35
 70
     1
102
RTVSPost2010Prop36
280
     0
102
RTVSPost2010PropOp36
 70
     1
102
RTVSPost2010Prop37
 90
       50
102
RTVSPost2010PropOp37
 70
     1
102
RTVSPost2010Prop38
140
0.0
102
RTVSPost2010PropOp38
 70
     1
102
RTVSPost2010Prop39
140
1.0
102
RTVSPost2010PropOp39
 70
     1
102
RTVSPost2010Prop40
 90
        0
102
RTVSPost2010PropOp40
 70
     1
102
RTVSPost2010Prop41ColorIndex
 90
       18
102
RTVSPost2010Prop41ColorRGB
 90
        0
102
RTVSPost2010PropOp41
 70
     1
102
RTVSPost2010Prop42
 90
       50
102
RTVSPost2010PropOp42
 70
     1
102
RTVSPost2010Prop43
 90
        3
102
RTVSPost2010PropOp43
 70
     1
102
RTVSPost2010Prop44ColorIndex
 90
        5
102
RTVSPost2010Prop44ColorRGB
 90
      255
102
RTVSPost2010PropOp44
 70
     1
102
RTVSPost2010Prop45
280
     0
102
RTVSPost2010PropOp45
 70
     1
102
RTVSPost2010Prop46
 90
       50
102
RTVSPost2010PropOp46
 70
     1
102
RTVSPost2010Prop47
 90
       50
102
RTVSPost2010PropOp47
 70
     1
102
RTVSPost2010Prop48
 90
       50
102
RTVSPost2010PropOp48
 70
     1
102
RTVSPost2010Prop49
280
     0
102
RTVSPost2010PropOp49
 70
     1
102
RTVSPost2010Prop50
 90
       50
102
RTVSPost2010PropOp50
 70
     1
102
RTVSPost2010Prop51ColorIndex
 90
      256
102
RTVSPost2010Prop51ColorRGB
 90
-16777216
102
RTVSPost2010PropOp51
 70
     0
102
RTVSPost2010Prop52
140
1.0
102
RTVSPost2010PropOp52
 70
     0
102
RTVSPost2010Prop53
 90
        2
102
RTVSPost2010PropOp53
 70
     1
102
RTVSPost2010Prop54
  1
strokes_ogs.tif
102
RTVSPost2010PropOp54
 70
     1
102
RTVSPost2010Prop55
280
     0
102
RTVSPost2010PropOp55
 70
     1
102
RTVSPost2010Prop56
140
1.0
102
RTVSPost2010PropOp56
 70
     1
102
RTVSPost2010Prop57
140
1.0
102
RTVSPost2010PropOp57
 70
     1
  0
ENDSEC
  0
EOF
