  0
SECTION
  2
HEADER
  9
$ACADVER
  1
AC1018
  9
$ACADMAINTVER
 70
     0
  9
$DWGCODEPAGE
  3
ANSI_1252
  9
$LASTSAVEDBY
  1
cloudconvert
  9
$INSBASE
 10
0.0
 20
0.0
 30
0.0
  9
$EXTMIN
 10
-264.3493627481503
 20
594.6899448925283
 30
-0.0015258207003583
  9
$EXTMAX
 10
819.1772484443818
 20
1074.426272179031
 30
0.0000000349246037
  9
$LIMMIN
 10
0.0
 20
0.0
  9
$LIMMAX
 10
1200.0
 20
1200.0
  9
$ORTHOMODE
 70
     0
  9
$REGENMODE
 70
     1
  9
$FILLMODE
 70
     1
  9
$QTEXTMODE
 70
     0
  9
$MIRRTEXT
 70
     0
  9
$LTSCALE
 40
1.0
  9
$ATTMODE
 70
     1
  9
$TEXTSIZE
 40
2.5
  9
$TRACEWID
 40
1.0
  9
$TEXTSTYLE
  7
Standard
  9
$CLAYER
  8
0
  9
$CELTYPE
  6
HIDDEN
  9
$CECOLOR
 62
   256
  9
$CELTSCALE
 40
1.0
  9
$DISPSILH
 70
     0
  9
$DIMSCALE
 40
1.0
  9
$DIMASZ
 40
2.5
  9
$DIMEXO
 40
0.625
  9
$DIMDLI
 40
3.75
  9
$DIMRND
 40
0.0
  9
$DIMDLE
 40
0.0
  9
$DIMEXE
 40
1.25
  9
$DIMTP
 40
0.0
  9
$DIMTM
 40
0.0
  9
$DIMTXT
 40
2.5
  9
$DIMCEN
 40
2.5
  9
$DIMTSZ
 40
0.0
  9
$DIMTOL
 70
     0
  9
$DIMLIM
 70
     0
  9
$DIMTIH
 70
     0
  9
$DIMTOH
 70
     0
  9
$DIMSE1
 70
     0
  9
$DIMSE2
 70
     0
  9
$DIMTAD
 70
     1
  9
$DIMZIN
 70
     8
  9
$DIMBLK
  1

  9
$DIMASO
 70
     1
  9
$DIMSHO
 70
     1
  9
$DIMPOST
  1

  9
$DIMAPOST
  1

  9
$DIMALT
 70
     0
  9
$DIMALTD
 70
     3
  9
$DIMALTF
 40
0.03937007874016
  9
$DIMLFAC
 40
1.0
  9
$DIMTOFL
 70
     1
  9
$DIMTVP
 40
0.0
  9
$DIMTIX
 70
     0
  9
$DIMSOXD
 70
     0
  9
$DIMSAH
 70
     0
  9
$DIMBLK1
  1

  9
$DIMBLK2
  1

  9
$DIMSTYLE
  2
ISO-25
  9
$DIMCLRD
 70
     0
  9
$DIMCLRE
 70
     0
  9
$DIMCLRT
 70
     0
  9
$DIMTFAC
 40
1.0
  9
$DIMGAP
 40
0.625
  9
$DIMJUST
 70
     0
  9
$DIMSD1
 70
     0
  9
$DIMSD2
 70
     0
  9
$DIMTOLJ
 70
     0
  9
$DIMTZIN
 70
     8
  9
$DIMALTZ
 70
     0
  9
$DIMALTTZ
 70
     0
  9
$DIMUPT
 70
     0
  9
$DIMDEC
 70
     2
  9
$DIMTDEC
 70
     2
  9
$DIMALTU
 70
     2
  9
$DIMALTTD
 70
     3
  9
$DIMTXSTY
  7
Standard
  9
$DIMAUNIT
 70
     0
  9
$DIMADEC
 70
     0
  9
$DIMALTRND
 40
0.0
  9
$DIMAZIN
 70
     0
  9
$DIMDSEP
 70
    44
  9
$DIMATFIT
 70
     3
  9
$DIMFRAC
 70
     0
  9
$DIMLDRBLK
  1

  9
$DIMLUNIT
 70
     2
  9
$DIMLWD
 70
    -2
  9
$DIMLWE
 70
    -2
  9
$DIMTMOVE
 70
     0
  9
$LUNITS
 70
     4
  9
$LUPREC
 70
     2
  9
$SKETCHINC
 40
1.0
  9
$FILLETRAD
 40
0.0
  9
$AUNITS
 70
     0
  9
$AUPREC
 70
     0
  9
$MENU
  1
.
  9
$ELEVATION
 40
0.0
  9
$PELEVATION
 40
0.0
  9
$THICKNESS
 40
0.0
  9
$LIMCHECK
 70
     0
  9
$CHAMFERA
 40
0.0
  9
$CHAMFERB
 40
0.0
  9
$CHAMFERC
 40
0.0
  9
$CHAMFERD
 40
0.0
  9
$SKPOLY
 70
     0
  9
$TDCREATE
 40
2461002.386967592
  9
$TDUCREATE
 40
2461002.386967592
  9
$TDUPDATE
 40
2461167.41904831
  9
$TDUUPDATE
 40
2461167.41904831
  9
$TDINDWG
 40
0.6034027778
  9
$TDUSRTIMER
 40
0.6034027778
  9
$USRTIMER
 70
     1
  9
$ANGBASE
 50
0.0
  9
$ANGDIR
 70
     0
  9
$PDMODE
 70
     0
  9
$PDSIZE
 40
0.0
  9
$PLINEWID
 40
0.0
  9
$SPLFRAME
 70
     0
  9
$SPLINETYPE
 70
     6
  9
$SPLINESEGS
 70
     8
  9
$HANDSEED
  5
D93
  9
$SURFTAB1
 70
     6
  9
$SURFTAB2
 70
     6
  9
$SURFTYPE
 70
     6
  9
$SURFU
 70
     6
  9
$SURFV
 70
     6
  9
$UCSBASE
  2

  9
$UCSNAME
  2

  9
$UCSORG
 10
0.0
 20
0.0
 30
0.0
  9
$UCSXDIR
 10
1.0
 20
0.0
 30
0.0
  9
$UCSYDIR
 10
0.0
 20
1.0
 30
0.0
  9
$UCSORTHOREF
  2

  9
$UCSORTHOVIEW
 70
     0
  9
$UCSORGTOP
 10
0.0
 20
0.0
 30
0.0
  9
$UCSORGBOTTOM
 10
0.0
 20
0.0
 30
0.0
  9
$UCSORGLEFT
 10
0.0
 20
0.0
 30
0.0
  9
$UCSORGRIGHT
 10
0.0
 20
0.0
 30
0.0
  9
$UCSORGFRONT
 10
0.0
 20
0.0
 30
0.0
  9
$UCSORGBACK
 10
0.0
 20
0.0
 30
0.0
  9
$PUCSBASE
  2

  9
$PUCSNAME
  2

  9
$PUCSORG
 10
0.0
 20
0.0
 30
0.0
  9
$PUCSXDIR
 10
1.0
 20
0.0
 30
0.0
  9
$PUCSYDIR
 10
0.0
 20
1.0
 30
0.0
  9
$PUCSORTHOREF
  2

  9
$PUCSORTHOVIEW
 70
     0
  9
$PUCSORGTOP
 10
0.0
 20
0.0
 30
0.0
  9
$PUCSORGBOTTOM
 10
0.0
 20
0.0
 30
0.0
  9
$PUCSORGLEFT
 10
0.0
 20
0.0
 30
0.0
  9
$PUCSORGRIGHT
 10
0.0
 20
0.0
 30
0.0
  9
$PUCSORGFRONT
 10
0.0
 20
0.0
 30
0.0
  9
$PUCSORGBACK
 10
0.0
 20
0.0
 30
0.0
  9
$USERI1
 70
     0
  9
$USERI2
 70
     0
  9
$USERI3
 70
     0
  9
$USERI4
 70
     0
  9
$USERI5
 70
     0
  9
$USERR1
 40
0.0
  9
$USERR2
 40
0.0
  9
$USERR3
 40
0.0
  9
$USERR4
 40
0.0
  9
$USERR5
 40
0.0
  9
$WORLDVIEW
 70
     1
  9
$SHADEDGE
 70
     3
  9
$SHADEDIF
 70
    70
  9
$TILEMODE
 70
     1
  9
$MAXACTVP
 70
    64
  9
$PINSBASE
 10
0.0
 20
0.0
 30
0.0
  9
$PLIMCHECK
 70
     0
  9
$PEXTMIN
 10
0.0
 20
0.0
 30
0.0
  9
$PEXTMAX
 10
0.0
 20
0.0
 30
0.0
  9
$PLIMMIN
 10
0.0
 20
0.0
  9
$PLIMMAX
 10
12.0
 20
9.0
  9
$UNITMODE
 70
     0
  9
$VISRETAIN
 70
     1
  9
$PLINEGEN
 70
     0
  9
$PSLTSCALE
 70
     1
  9
$TREEDEPTH
 70
  3020
  9
$CMLSTYLE
  2
Standard
  9
$CMLJUST
 70
     0
  9
$CMLSCALE
 40
20.0
  9
$PROXYGRAPHICS
 70
     1
  9
$MEASUREMENT
 70
     1
  9
$CELWEIGHT
370
    -1
  9
$ENDCAPS
280
     0
  9
$JOINSTYLE
280
     0
  9
$LWDISPLAY
290
     0
  9
$INSUNITS
 70
     2
  9
$HYPERLINKBASE
  1

  9
$STYLESHEET
  1
monochrome.ctb
  9
$XEDIT
290
     1
  9
$CEPSNTYPE
380
     0
  9
$PSTYLEMODE
290
     1
  9
$FINGERPRINTGUID
  2
{2BB1CB6A-1677-8548-9E54-36309FB12211}
  9
$VERSIONGUID
  2
{143A4E50-D882-A34D-9D20-C72BEEA8521E}
  9
$EXTNAMES
290
     1
  9
$PSVPSCALE
 40
0.0
  9
$OLESTARTUP
290
     0
  9
$SORTENTS
280
   127
  9
$INDEXCTL
280
     0
  9
$HIDETEXT
280
     1
  9
$XCLIPFRAME
290
     0
  9
$HALOGAP
280
     0
  9
$OBSCOLOR
 70
   257
  9
$OBSLTYPE
280
     0
  9
$INTERSECTIONDISPLAY
280
     0
  9
$INTERSECTIONCOLOR
 70
   257
  9
$DIMASSOC
280
     2
  9
$PROJECTNAME
  1

  0
ENDSEC
  0
SECTION
  2
CLASSES
  0
CLASS
  1
ACDBDICTIONARYWDFLT
  2
AcDbDictionaryWithDefault
  3
ObjectDBX Classes
 90
        0
 91
        3
280
     0
281
     0
  0
CLASS
  1
ACDBPLACEHOLDER
  2
AcDbPlaceHolder
  3
ObjectDBX Classes
 90
        0
 91
        1
280
     0
281
     0
  0
CLASS
  1
LAYOUT
  2
AcDbLayout
  3
ObjectDBX Classes
 90
        0
 91
        1
280
     0
281
     0
  0
CLASS
  1
DICTIONARYVAR
  2
AcDbDictionaryVar
  3
ObjectDBX Classes
 90
        0
 91
        3
280
     0
281
     0
  0
CLASS
  1
TABLESTYLE
  2
AcDbTableStyle
  3
ObjectDBX Classes
 90
     4095
 91
        3
280
     0
281
     0
  0
CLASS
  1
MATERIAL
  2
AcDbMaterial
  3
ObjectDBX Classes
 90
     1153
 91
        3
280
     0
281
     0
  0
CLASS
  1
VISUALSTYLE
  2
AcDbVisualStyle
  3
ObjectDBX Classes
 90
     4095
 91
        3
280
     0
281
     0
  0
CLASS
  1
SCALE
  2
AcDbScale
  3
ObjectDBX Classes
 90
     1153
 91
        3
280
     0
281
     0
  0
CLASS
  1
MLEADERSTYLE
  2
AcDbMLeaderStyle
  3
ACDB_MLEADERSTYLE_CLASS
 90
     4095
 91
        3
280
     0
281
     0
  0
CLASS
  1
CELLSTYLEMAP
  2
AcDbCellStyleMap
  3
ObjectDBX Classes
 90
     1152
 91
        3
280
     0
281
     0
  0
CLASS
  1
EXACXREFPANELOBJECT
  2
ExAcXREFPanelObject
  3
EXAC_ESW
 90
     1025
 91
        1
280
     1
281
     0
  0
CLASS
  1
NPOCOLLECTION
  2
AcDbImpNonPersistentObjectsCollection
  3
ObjectDBX Classes
 90
     1153
 91
        1
280
     1
281
     0
  0
CLASS
  1
LAYER_INDEX
  2
AcDbLayerIndex
  3
ObjectDBX Classes
 90
        0
 91
        3
280
     0
281
     0
  0
CLASS
  1
SPATIAL_INDEX
  2
AcDbSpatialIndex
  3
AutoCAD 2000
 90
        0
 91
        3
280
     0
281
     0
  0
CLASS
  1
IDBUFFER
  2
AcDbIdBuffer
  3
ObjectDBX Classes
 90
        0
 91
        3
280
     0
281
     0
  0
CLASS
  1
ACDBSECTIONVIEWSTYLE
  2
AcDbSectionViewStyle
  3
ObjectDBX Classes
 90
     1025
 91
        3
280
     0
281
     0
  0
CLASS
  1
ACDBDETAILVIEWSTYLE
  2
AcDbDetailViewStyle
  3
ObjectDBX Classes
 90
     1025
 91
        3
280
     0
281
     0
  0
CLASS
  1
SORTENTSTABLE
  2
AcDbSortentsTable
  3
ObjectDBX Classes
 90
        0
 91
        3
280
     0
281
     0
  0
CLASS
  1
ACAD_EVALUATION_GRAPH
  2
AcDbEvalGraph
  3
ObjectDBX Classes
 90
     1153
 91
        3
280
     0
281
     0
  0
CLASS
  1
BLOCKROTATIONPARAMETER
  2
AcDbBlockRotationParameter
  3
ObjectDBX Classes
 90
     1153
 91
        3
280
     0
281
     0
  0
CLASS
  1
BLOCKROTATIONGRIP
  2
AcDbBlockRotationGrip
  3
ObjectDBX Classes
 90
     1153
 91
        3
280
     0
281
     0
  0
CLASS
  1
BLOCKGRIPLOCATIONCOMPONENT
  2
AcDbBlockGripExpr
  3
ObjectDBX Classes
 90
     1153
 91
        3
280
     0
281
     0
  0
CLASS
  1
BLOCKLINEARPARAMETER
  2
AcDbBlockLinearParameter
  3
ObjectDBX Classes
 90
     1153
 91
        3
280
     0
281
     0
  0
CLASS
  1
BLOCKLINEARGRIP
  2
AcDbBlockLinearGrip
  3
ObjectDBX Classes
 90
     1153
 91
        3
280
     0
281
     0
  0
CLASS
  1
BLOCKFLIPPARAMETER
  2
AcDbBlockFlipParameter
  3
ObjectDBX Classes
 90
     1153
 91
        3
280
     0
281
     0
  0
CLASS
  1
BLOCKFLIPGRIP
  2
AcDbBlockFlipGrip
  3
ObjectDBX Classes
 90
     1153
 91
        3
280
     0
281
     0
  0
CLASS
  1
BLOCKSTRETCHACTION
  2
AcDbBlockStretchAction
  3
ObjectDBX Classes
 90
     1153
 91
        3
280
     0
281
     0
  0
CLASS
  1
BLOCKVISIBILITYPARAMETER
  2
AcDbBlockVisibilityParameter
  3
ObjectDBX Classes
 90
     1153
 91
        3
280
     0
281
     0
  0
CLASS
  1
BLOCKVISIBILITYGRIP
  2
AcDbBlockVisibilityGrip
  3
ObjectDBX Classes
 90
     1153
 91
        3
280
     0
281
     0
  0
CLASS
  1
BLOCKSCALEACTION
  2
AcDbBlockScaleAction
  3
ObjectDBX Classes
 90
     1153
 91
        3
280
     0
281
     0
  0
CLASS
  1
BLOCKROTATEACTION
  2
AcDbBlockRotateAction
  3
ObjectDBX Classes
 90
     1153
 91
        3
280
     0
281
     0
  0
CLASS
  1
BLOCKFLIPACTION
  2
AcDbBlockFlipAction
  3
ObjectDBX Classes
 90
     1153
 91
        3
280
     0
281
     0
  0
CLASS
  1
ACDB_DYNAMICBLOCKPURGEPREVENTER_VERSION
  2
AcDbDynamicBlockPurgePreventer
  3
ObjectDBX Classes
 90
     1153
 91
        3
280
     0
281
     0
  0
CLASS
  1
ACDB_BLOCKREPRESENTATION_DATA
  2
AcDbBlockRepresentationData
  3
ObjectDBX Classes
 90
     1153
 91
        4
280
     0
281
     0
  0
CLASS
  1
ACDB_BLKREFOBJECTCONTEXTDATA_CLASS
  2
AcDbBlkRefObjectContextData
  3
ObjectDBX Classes
 90
     1153
 91
        3
280
     0
281
     0
  0
CLASS
  1
DIMASSOC
  2
AcDbDimAssoc
  3
"AcDbDimAssoc|Product Desc:     AcDim ARX App For Dimension|Company:          Autodesk, Inc.|WEB Address:      www.autodesk.com"
 90
        0
 91
        3
280
     0
281
     0
  0
CLASS
  1
PLOTSETTINGS
  2
AcDbPlotSettings
  3
ObjectDBX Classes
 90
        0
 91
        3
280
     0
281
     0
  0
ENDSEC
  0
SECTION
  2
TABLES
  0
TABLE
  2
VPORT
  5
8
102
{ACAD_XDICTIONARY
360
D41
102
}
330
0
100
AcDbSymbolTable
 70
     1
  0
VPORT
  5
EA
330
8
100
AcDbSymbolTableRecord
100
AcDbViewportTableRecord
  2
*Active
 70
     0
 10
0.0
 20
0.0
 11
1.0
 21
1.0
 12
562.4336883243323
 22
864.3128858623463
 13
0.0
 23
0.0
 14
10.0
 24
10.0
 15
10.0
 25
10.0
 16
0.0
 26
0.0
 36
1.0
 17
0.0
 27
0.0
 37
0.0
 40
608.5869666329496
 41
2.55525965379494
 42
50.0
 43
0.0
 44
0.0
 50
0.0
 51
0.0
 71
     0
 72
  1000
 73
     1
 74
     3
 75
     0
 76
     1
 77
     0
 78
     0
281
     0
 65
     1
110
0.0
120
0.0
130
0.0
111
1.0
121
0.0
131
0.0
112
0.0
122
1.0
132
0.0
 79
     0
146
0.0
1001
ACAD_NAV_VCDISPLAY
1070
     3
  0
ENDTAB
  0
TABLE
  2
LTYPE
  5
5
330
0
100
AcDbSymbolTable
 70
     2
  0
LTYPE
  5
14
330
5
100
AcDbSymbolTableRecord
100
AcDbLinetypeTableRecord
  2
ByBlock
 70
     0
  3

 72
    65
 73
     0
 40
0.0
  0
LTYPE
  5
15
330
5
100
AcDbSymbolTableRecord
100
AcDbLinetypeTableRecord
  2
ByLayer
 70
     0
  3

 72
    65
 73
     0
 40
0.0
  0
LTYPE
  5
16
330
5
100
AcDbSymbolTableRecord
100
AcDbLinetypeTableRecord
  2
Continuous
 70
     0
  3
Solid line
 72
    65
 73
     0
 40
0.0
  0
LTYPE
  5
3BD
330
5
100
AcDbSymbolTableRecord
100
AcDbLinetypeTableRecord
  2
HIDDEN
 70
     0
  3
Hidden __ __ __ __ __ __ __ __ __ __ __ __ __ _
 72
    65
 73
     2
 40
9.524999999999999
 49
6.35
 74
     0
 49
-3.175
 74
     0
  0
ENDTAB
  0
TABLE
  2
LAYER
  5
2
102
{ACAD_XDICTIONARY
360
1FF
102
}
330
0
100
AcDbSymbolTable
 70
     5
  0
LAYER
  5
10
330
2
100
AcDbSymbolTableRecord
100
AcDbLayerTableRecord
  2
0
 70
     0
 62
     7
  6
Continuous
370
    -3
390
F
  0
LAYER
  5
391
330
2
100
AcDbSymbolTableRecord
100
AcDbLayerTableRecord
  2
WALL
 70
     0
 62
    50
  6
Continuous
370
    -3
390
F
1001
AcAecLayerStandard
1000

1000

1001
AcCmTransparency
1071
        0
  0
LAYER
  5
392
330
2
100
AcDbSymbolTableRecord
100
AcDbLayerTableRecord
  2
WINDOW
 70
     0
 62
   130
  6
Continuous
370
    -3
390
F
1001
AcAecLayerStandard
1000

1000

1001
AcCmTransparency
1071
        0
  0
LAYER
  5
7E7
330
2
100
AcDbSymbolTableRecord
100
AcDbLayerTableRecord
  2
Defpoints
 70
     0
 62
     7
  6
Continuous
290
     0
370
    -3
390
F
  0
LAYER
  5
D39
102
{ACAD_XDICTIONARY
360
D3A
102
}
330
2
100
AcDbSymbolTableRecord
100
AcDbLayerTableRecord
  2
0 @ 1
 70
     0
 62
     7
  6
Continuous
370
    -3
390
F
1001
AcadAnnotativeDecomposition
1000
AnnotativeData
1002
{
1070
     1
1070
     1
1002
}
  0
ENDTAB
  0
TABLE
  2
STYLE
  5
3
330
0
100
AcDbSymbolTable
 70
     3
  0
STYLE
  5
11
330
3
100
AcDbSymbolTableRecord
100
AcDbTextStyleTableRecord
  2
Standard
 70
     0
 40
0.0
 41
1.0
 50
0.0
 71
     0
 42
2.5
  3
arial.ttf
  4

1001
ACAD
1000
Arial
1071
       34
  0
STYLE
  5
132
330
3
100
AcDbSymbolTableRecord
100
AcDbTextStyleTableRecord
  2
Annotative
 70
     0
 40
0.0
 41
1.0
 50
0.0
 71
     0
 42
2.5
  3
arial.ttf
  4

1001
AcadAnnotative
1000
AnnotativeData
1002
{
1070
     1
1070
     1
1002
}
1001
ACAD
1000
Arial
1071
       34
  0
STYLE
  5
3BC
330
3
100
AcDbSymbolTableRecord
100
AcDbTextStyleTableRecord
  2

 70
     1
 40
0.0
 41
1.0
 50
0.0
 71
     0
 42
2.5
  3
ltypeshp.shx
  4

  0
ENDTAB
  0
TABLE
  2
VIEW
  5
6
330
0
100
AcDbSymbolTable
 70
     0
  0
ENDTAB
  0
TABLE
  2
UCS
  5
7
330
0
100
AcDbSymbolTable
 70
     0
  0
ENDTAB
  0
TABLE
  2
APPID
  5
9
330
0
100
AcDbSymbolTable
 70
    20
  0
APPID
  5
12
330
9
100
AcDbSymbolTableRecord
100
AcDbRegAppTableRecord
  2
ACAD
 70
     0
  0
APPID
  5
9E
330
9
100
AcDbSymbolTableRecord
100
AcDbRegAppTableRecord
  2
ACAD_PSEXT
 70
     0
  0
APPID
  5
133
330
9
100
AcDbSymbolTableRecord
100
AcDbRegAppTableRecord
  2
AcadAnnoPO
 70
     0
  0
APPID
  5
134
330
9
100
AcDbSymbolTableRecord
100
AcDbRegAppTableRecord
  2
AcadAnnotative
 70
     0
  0
APPID
  5
135
330
9
100
AcDbSymbolTableRecord
100
AcDbRegAppTableRecord
  2
ACAD_DSTYLE_DIMJAG
 70
     0
  0
APPID
  5
136
330
9
100
AcDbSymbolTableRecord
100
AcDbRegAppTableRecord
  2
ACAD_DSTYLE_DIMTALN
 70
     0
  0
APPID
  5
165
330
9
100
AcDbSymbolTableRecord
100
AcDbRegAppTableRecord
  2
ACAD_MLEADERVER
 70
     0
  0
APPID
  5
217
330
9
100
AcDbSymbolTableRecord
100
AcDbRegAppTableRecord
  2
ACAD_NAV_VCDISPLAY
 70
     0
  0
APPID
  5
2CC
330
9
100
AcDbSymbolTableRecord
100
AcDbRegAppTableRecord
  2
ACAD_EXEMPT_FROM_CAD_STANDARDS
 70
     0
  0
APPID
  5
393
330
9
100
AcDbSymbolTableRecord
100
AcDbRegAppTableRecord
  2
AcAecLayerStandard
 70
     0
  0
APPID
  5
394
330
9
100
AcDbSymbolTableRecord
100
AcDbRegAppTableRecord
  2
AcCmTransparency
 70
     0
  0
APPID
  5
593
330
9
100
AcDbSymbolTableRecord
100
AcDbRegAppTableRecord
  2
GradientColor1ACI
 70
     0
  0
APPID
  5
594
330
9
100
AcDbSymbolTableRecord
100
AcDbRegAppTableRecord
  2
GradientColor2ACI
 70
     0
  0
APPID
  5
7E8
330
9
100
AcDbSymbolTableRecord
100
AcDbRegAppTableRecord
  2
AcDbBlockRepETag
 70
     0
  0
APPID
  5
7E9
330
9
100
AcDbSymbolTableRecord
100
AcDbRegAppTableRecord
  2
AcDbDynamicBlockTrueName
 70
     0
  0
APPID
  5
7EA
330
9
100
AcDbSymbolTableRecord
100
AcDbRegAppTableRecord
  2
AcDbDynamicBlockGUID
 70
     0
  0
APPID
  5
7EB
330
9
100
AcDbSymbolTableRecord
100
AcDbRegAppTableRecord
  2
AcDbBlockRepBTag
 70
     0
  0
APPID
  5
ABD
330
9
100
AcDbSymbolTableRecord
100
AcDbRegAppTableRecord
  2
Acad_TC
 70
     0
  0
APPID
  5
AD6
330
9
100
AcDbSymbolTableRecord
100
AcDbRegAppTableRecord
  2
AcadAnnoMonitorAlertIconDisabled
 70
     0
  0
APPID
  5
D3C
330
9
100
AcDbSymbolTableRecord
100
AcDbRegAppTableRecord
  2
AcadAnnotativeDecomposition
 70
     0
  0
ENDTAB
  0
TABLE
  2
DIMSTYLE
  5
A
330
0
100
AcDbSymbolTable
 70
     3
100
AcDbDimStyleTable
  0
DIMSTYLE
105
1B0
330
A
100
AcDbSymbolTableRecord
100
AcDbDimStyleTableRecord
  2
Standard
 70
     0
178
     0
340
11
  0
DIMSTYLE
105
137
330
A
100
AcDbSymbolTableRecord
100
AcDbDimStyleTableRecord
  2
Annotative
 70
     0
 40
0.0
 41
2.5
 42
0.625
 43
3.75
 44
1.25
 73
     0
 74
     0
 77
     1
 78
     8
140
2.5
141
2.5
143
0.03937007874016
147
0.625
171
     3
172
     1
178
     0
271
     2
272
     2
274
     3
278
    44
283
     0
284
     8
340
11
1001
AcadAnnotative
1000
AnnotativeData
1002
{
1070
     1
1070
     1
1002
}
1001
ACAD_DSTYLE_DIMJAG
1070
   388
1040
1.5
1001
ACAD_DSTYLE_DIMTALN
1070
   392
1070
     0
  0
DIMSTYLE
105
27
102
{ACAD_REACTORS
330
AA5
330
ABE
330
B25
330
B3D
330
B79
330
BBB
330
BE5
102
}
330
A
100
AcDbSymbolTableRecord
100
AcDbDimStyleTableRecord
  2
ISO-25
 70
     0
 41
2.5
 42
0.625
 43
3.75
 44
1.25
 73
     0
 74
     0
 77
     1
 78
     8
140
2.5
141
2.5
143
0.03937007874016
147
0.625
171
     3
172
     1
178
     0
271
     2
272
     2
274
     3
278
    44
283
     0
284
     8
340
11
  0
ENDTAB
  0
TABLE
  2
BLOCK_RECORD
  5
1
330
0
100
AcDbSymbolTable
 70
    31
  0
BLOCK_RECORD
  5
1F
102
{ACAD_XDICTIONARY
360
1CE
102
}
330
1
100
AcDbSymbolTableRecord
100
AcDbBlockTableRecord
  2
*Model_Space
340
22
  0
BLOCK_RECORD
  5
D2
330
1
100
AcDbSymbolTableRecord
100
AcDbBlockTableRecord
  2
*Paper_Space
340
D3
  0
BLOCK_RECORD
  5
D6
330
1
100
AcDbSymbolTableRecord
100
AcDbBlockTableRecord
  2
*Paper_Space0
340
D7
  0
BLOCK_RECORD
  5
395
102
{ACAD_XDICTIONARY
360
39A
102
}
330
1
100
AcDbSymbolTableRecord
100
AcDbBlockTableRecord
  2
V1
340
0
310
28000000280000002800000001002000000000000019000001000000010000000000000000000000302821FF302821FF302821FF302821FF302821FF302821FF302821FF302821FF302821FF302821FF302821FF302821FF302821FF302821FF302821FF302821FF302821FF302821FF302821FF302821FF302821FF302821
310
FF302821FF302821FF302821FF302821FF302821FF302821FF302821FF302821FF302821FF302821FF302821FF302821FF302821FF302821FF302821FF302821FF302821FF302821FF302821FF302821FF302821FF302821FF302821FF302821FF302821FF302821FF302821FF302821FF302821FF302821FF302821FF3028
310
21FF302821FF302821FF302821FF302821FF302821FF302821FF302821FF302821FF302821FF302821FF302821FF302821FF302821FF302821FF302821FF302821FF302821FF302821FF302821FF302821FF302821FF302821FF302821FF302821FF302821FF302821FF302821FF302821FF302821FF302821FF302821FF30
310
2821FF302821FF302821FF302821FF302821FF302821FF302821FF302821FF302821FF302821FF302821FF302821FF302821FF302821FF302821FF302821FF302821FF302821FF302821FF302821FF302821FF302821FF302821FF302821FF302821FF302821FF302821FF302821FF302821FF302821FF302821FF302821FF
310
302821FF302821FF302821FF302821FF302821FF302821FF302821FF302821FF302821FF302821FF302821FF302821FF302821FF302821FF302821FF302821FF302821FF302821FF302821FF302821FF302821FF302821FF302821FF302821FF302821FF302821FF302821FF302821FF302821FF302821FF302821FF302821
310
FF302821FF302821FF302821FF302821FF302821FF302821FF302821FF302821FF302821FF302821FF302821FF302821FF302821FF302821FF302821FF302821FF302821FF302821FF302821FF302821FF302821FF302821FF302821FF302821FF302821FF302821FF302821FF302821FF302821FF302821FF302821FF3028
310
21FF302821FF302821FF302821FF302821FF302821FF302821FF302821FF302821FF302821FF302821FF302821FF302821FF302821FF302821FF302821FF302821FF302821FF302821FF302821FF302821FF302821FF302821FF302821FF302821FF302821FF302821FF302821FF302821FF302821FF302821FF302821FF30
310
2821FF302821FF302821FF302821FF302821FF302821FF302821FF302821FF302821FF302821FF302821FF302821FF302821FF302821FF302821FF302821FF302821FF302821FF302821FF302821FF302821FF302821FF302821FF302821FF302821FF302821FF302821FF302821FF302821FF302821FF302821FF302821FF
310
302821FF302821FF302821FF302821FF302821FF302821FF302821FF302821FF302821FF302821FF302821FF302821FF302821FF302821FF302821FF302821FF302821FF302821FF302821FF302821FF302821FF302821FF302821FF302821FF302821FF302821FF302821FF302821FF302821FF302821FF302821FF302821
310
FF302821FF302821FF302821FF302821FF302821FF302821FF302821FF302821FF302821FF302821FF302821FF302821FF302821FF302821FF302821FF302821FF302821FF302821FF302821FF302821FF302821FF302821FF302821FF302821FF302821FF302821FF302821FF302821FF302821FF302821FF302821FF3028
310
21FF302821FF302821FF302821FF302821FF302821FF302821FF302821FF302821FF302821FF302821FF302821FF302821FF302821FF302821FF302821FF302821FF302821FF302821FF302821FF302821FF302821FF302821FF302821FF302821FF302821FF302821FF302821FF302821FF302821FF302821FF302821FF30
310
2821FF302821FF302821FF302821FF302821FF302821FF302821FF302821FF302821FF302821FF302821FF302821FF302821FF302821FF302821FF302821FF302821FF302821FF302821FF302821FF302821FF302821FF302821FF302821FF302821FF302821FF302821FF302821FF302821FF302821FF302821FF302821FF
310
302821FF302821FF302821FF302821FF302821FF302821FF302821FF302821FF302821FF302821FF302821FF302821FF302821FF302821FF302821FF302821FF302821FF302821FF302821FF302821FF302821FF302821FF302821FF302821FF302821FF302821FF302821FF302821FF302821FF302821FF302821FF302821
310
FF302821FF302821FF302821FF302821FF302821FF302821FF302821FF302821FF302821FF302821FF302821FF302821FF302821FF302821FF302821FF302821FF302821FF302821FF302821FF302821FF302821FF302821FF302821FF302821FF302821FF302821FF302821FF302821FF302821FF302821FF302821FF3028
310
21FF302821FF302821FF302821FF302821FF302821FF302821FF302821FF302821FF302821FF302821FF302821FF302821FF302821FF302821FF302821FF302821FF302821FF302821FF302821FF302821FF302821FF302821FF302821FF302821FF302821FF302821FF302821FF302821FF302821FF302821FF302821FF30
310
2821FF302821FF302821FF302821FF302821FF302821FF302821FF302821FF302821FF302821FF302821FF302821FF302821FF302821FF302821FF302821FF302821FF302821FF302821FF302821FF302821FF302821FF302821FF302821FF302821FF302821FF302821FF302821FF302821FF302821FF302821FF302821FF
310
302821FF302821FF302821FF302821FF302821FF302821FF302821FF302821FF302821FF302821FF302821FF302821FF302821FF302821FF302821FF302821FF302821FF302821FF302821FF302821FF302821FF302821FF302821FF302821FFFFFFFFFF302821FF302821FF302821FF302821FF302821FF302821FF302821
310
FF302821FF302821FF302821FF302821FF302821FF302821FF302821FF302821FF302821FF302821FF302821FF302821FF302821FF302821FF302821FF302821FF302821FF302821FF302821FF302821FF302821FF302821FF302821FF302821FF302821FF302821FF302821FFFFFFFFFF302821FF302821FF302821FF3028
310
21FFFFFFFFFF302821FF302821FF302821FF302821FF302821FF302821FF302821FF302821FF302821FF302821FF302821FF302821FF302821FF302821FF302821FF302821FF302821FF302821FF302821FF302821FF302821FF302821FF302821FF302821FF302821FF302821FF302821FF302821FF302821FF302821FF30
310
2821FF302821FF302821FF302821FFFFFFFFFF302821FF302821FF302821FF302821FFFFFFFFFF302821FF302821FF302821FF302821FF302821FF302821FF302821FF302821FF302821FF302821FF302821FF302821FF302821FF302821FF302821FF302821FF302821FF302821FF302821FF302821FF302821FF302821FF
310
302821FF302821FF302821FF302821FF302821FF302821FF302821FF302821FF302821FF302821FF302821FF302821FFFFFFFFFF302821FF302821FF302821FF302821FFFFFFFFFF302821FF302821FF302821FF302821FF302821FF302821FF302821FF302821FF302821FF302821FF302821FF302821FF302821FF302821
310
FF302821FF302821FF302821FF302821FF302821FF302821FF302821FF302821FF302821FF302821FF302821FF302821FF302821FF302821FF302821FF302821FF302821FF302821FF302821FF302821FFFFFFFFFF302821FF302821FF302821FF302821FFFFFFFFFF302821FF302821FF302821FF302821FF302821FF3028
310
21FF302821FF302821FF302821FF302821FF302821FF302821FF302821FF302821FF302821FF302821FF302821FF302821FF302821FF302821FF302821FF302821FF302821FF302821FF302821FF302821FF302821FF302821FF302821FF302821FF302821FF302821FF302821FF302821FFFFFFFFFF302821FF302821FF30
310
2821FF302821FFFFFFFFFFFFFFFFFFFFFFFFFFFFFFFFFFFFFFFFFFFFFFFFFFFFFFFFFFFFFFFFFFFFFFFFFFFFFFFFFFFFFFFFFFFFFFFFFFFFFFFFFFFFFFFFFFFFFFFFFFFFFFFFFFFFFFFFFFFFFFFFFFFFFFFFFFFFFFFFFFFFFFFFFFFFFFFFFFFFFFFFFFFFFFFFFFFFFFFFFFFFFFFFFFFFFFFFFFFFFFFFFFFFFFFFFFFFFFFFFF
310
FFFFFFFFFFFFFFFFFFFFFFFFFFFFFFFFFFFFFFFFFFFFFFFF302821FF302821FF302821FF302821FFFFFFFFFF302821FF302821FF302821FF302821FF302821FF302821FF302821FF302821FF302821FF302821FF302821FF302821FF302821FF302821FF302821FF302821FF302821FF302821FF302821FF302821FF302821
310
FF302821FF302821FF302821FF302821FF302821FF302821FF302821FF302821FF302821FF302821FF302821FF302821FF302821FFFFFFFFFF302821FF302821FF302821FF302821FFFFFFFFFF302821FF302821FF302821FF302821FF302821FF302821FF302821FF302821FF302821FF302821FF302821FF302821FF3028
310
21FF302821FF302821FF302821FF302821FF302821FF302821FF302821FF302821FF302821FF302821FF302821FF302821FF302821FF302821FF302821FF302821FF302821FF302821FF302821FF302821FF302821FFFFFFFFFF302821FF302821FF302821FF302821FFFFFFFFFFFFFFFFFFFFFFFFFFFFFFFFFFFFFFFFFFFF
310
FFFFFFFFFFFFFFFFFFFFFFFFFFFFFFFFFFFFFFFFFFFFFFFFFFFFFFFFFFFFFFFFFFFFFFFFFFFFFFFFFFFFFFFFFFFFFFFFFFFFFFFFFFFFFFFFFFFFFFFFFFFFFFFFFFFFFFFFFFFFFFFFFFFFFFFFFFFFFFFFFFFFFFFFFFFFFFFFFFFFFFFFFFFFFFFFFFFFFFFFFFFFFFFFFFFFFFFFFFFFFFFFFFFFFFFFFFFFFFFFFFFFFF302821FF
310
302821FF302821FF302821FFFFFFFFFF302821FF302821FF302821FF302821FF302821FF302821FF302821FF302821FF302821FF302821FF302821FF302821FF302821FF302821FF302821FF302821FF302821FF302821FF302821FF302821FF302821FF302821FF302821FF302821FF302821FF302821FF302821FF302821
310
FF302821FF302821FF302821FF302821FF302821FF302821FFFFFFFFFF302821FF302821FF302821FF302821FFFFFFFFFF302821FF302821FF302821FF302821FF302821FF302821FF302821FF302821FF302821FF302821FF302821FF302821FF302821FF302821FF302821FF302821FF302821FF302821FF302821FF3028
310
21FF302821FF302821FF302821FF302821FF302821FF302821FF302821FF302821FF302821FF302821FF302821FF302821FF302821FF302821FFFFFFFFFF302821FF302821FF302821FF302821FFFFFFFFFF302821FF302821FF302821FF302821FF302821FF302821FF302821FF302821FF302821FF302821FF302821FF30
310
2821FF302821FF302821FF302821FF302821FF302821FF302821FF302821FF302821FF302821FF302821FF302821FF302821FF302821FF302821FF302821FF302821FF302821FF302821FF302821FF302821FF302821FF302821FFFFFFFFFF302821FF302821FF302821FF302821FFFFFFFFFF302821FF302821FF302821FF
310
302821FF302821FF302821FF302821FF302821FF302821FF302821FF302821FF302821FF302821FF302821FF302821FF302821FF302821FF302821FF302821FF302821FF302821FF302821FF302821FF302821FF302821FF302821FF302821FF302821FF302821FF302821FF302821FF302821FF302821FF302821FFFFFFFF
310
FF302821FF302821FF302821FF302821FFFFFFFFFF302821FF302821FF302821FF302821FF302821FF302821FF302821FF302821FF302821FF302821FF302821FF302821FF302821FF302821FF302821FF302821FF302821FF302821FF302821FF302821FF302821FF302821FF302821FF302821FF302821FF302821FF3028
310
21FF302821FF302821FF302821FF302821FF302821FF302821FF302821FFFFFFFFFF302821FF302821FF302821FF302821FF302821FF302821FF302821FF302821FF302821FF302821FF302821FF302821FF302821FF302821FF302821FF302821FF302821FF302821FF302821FF302821FF302821FF302821FF302821FF30
310
2821FF302821FF302821FF302821FF302821FF302821FF302821FF302821FF302821FF302821FF302821FF302821FF302821FF302821FF302821FF302821FF302821FF302821FF302821FF302821FF302821FF302821FF302821FF302821FF302821FF302821FF302821FF302821FF302821FF302821FF302821FF302821FF
310
302821FF302821FF302821FF302821FF302821FF302821FF302821FF302821FF302821FF302821FF302821FF302821FF302821FF302821FF302821FF302821FF302821FF302821FF302821FF302821FF302821FF302821FF302821FF302821FF302821FF302821FF302821FF302821FF302821FF302821FF302821FF302821
310
FF302821FF302821FF302821FF302821FF302821FF302821FF302821FF302821FF302821FF302821FF302821FF302821FF302821FF302821FF302821FF302821FF302821FF302821FF302821FF302821FF302821FF302821FF302821FF302821FF302821FF302821FF302821FF302821FF302821FF302821FF302821FF3028
310
21FF302821FF302821FF302821FF302821FF302821FF302821FF302821FF302821FF302821FF302821FF302821FF302821FF302821FF302821FF302821FF302821FF302821FF302821FF302821FF302821FF302821FF302821FF302821FF302821FF302821FF302821FF302821FF302821FF302821FF302821FF302821FF30
310
2821FF302821FF302821FF302821FF302821FF302821FF302821FF302821FF302821FF302821FF302821FF302821FF302821FF302821FF302821FF302821FF302821FF302821FF302821FF302821FF302821FF302821FF302821FF302821FF302821FF302821FF302821FF302821FF302821FF302821FF302821FF302821FF
310
302821FF302821FF302821FF302821FF302821FF302821FF302821FF302821FF302821FF302821FF302821FF302821FF302821FF302821FF302821FF302821FF302821FF302821FF302821FF302821FF302821FF302821FF302821FF302821FF302821FF302821FF302821FF302821FF302821FF302821FF302821FF302821
310
FF302821FF302821FF302821FF302821FF302821FF302821FF302821FF302821FF302821FF302821FF302821FF302821FF302821FF302821FF302821FF302821FF302821FF302821FF302821FF302821FF302821FF302821FF302821FF302821FF302821FF302821FF302821FF302821FF302821FF302821FF302821FF3028
310
21FF302821FF302821FF302821FF302821FF302821FF302821FF302821FF302821FF302821FF302821FF302821FF302821FF302821FF302821FF302821FF302821FF302821FF302821FF302821FF302821FF302821FF302821FF302821FF302821FF302821FF302821FF302821FF302821FF302821FF302821FF302821FF30
310
2821FF302821FF302821FF302821FF302821FF302821FF302821FF302821FF302821FF302821FF302821FF302821FF302821FF302821FF302821FF302821FF302821FF302821FF302821FF302821FF302821FF302821FF302821FF302821FF302821FF302821FF302821FF302821FF302821FF302821FF302821FF302821FF
310
302821FF302821FF302821FF302821FF302821FF302821FF302821FF302821FF302821FF302821FF302821FF302821FF302821FF302821FF302821FF302821FF302821FF302821FF302821FF302821FF302821FF302821FF302821FF302821FF302821FF302821FF302821FF302821FF302821FF302821FF302821FF302821
310
FF302821FF302821FF302821FF302821FF302821FF302821FF302821FF302821FF302821FF302821FF302821FF302821FF302821FF302821FF302821FF302821FF302821FF302821FF302821FF302821FF302821FF302821FF302821FF302821FF302821FF302821FF302821FF302821FF302821FF302821FF302821FF3028
310
21FF302821FF302821FF302821FF302821FF302821FF302821FF302821FF302821FF302821FF302821FF302821FF302821FF302821FF302821FF302821FF302821FF302821FF302821FF302821FF302821FF302821FF302821FF302821FF302821FF302821FF302821FF302821FF302821FF302821FF302821FF302821FF30
310
2821FF302821FF302821FF302821FF302821FF302821FF302821FF302821FF302821FF302821FF302821FF302821FF302821FF302821FF302821FF302821FF302821FF302821FF302821FF302821FF302821FF302821FF302821FF302821FF302821FF302821FF302821FF302821FF302821FF302821FF302821FF302821FF
310
302821FF302821FF302821FF302821FF302821FF302821FF302821FF302821FF302821FF302821FF302821FF302821FF302821FF302821FF302821FF302821FF302821FF302821FF302821FF302821FF302821FF302821FF302821FF302821FF302821FF302821FF302821FF302821FF302821FF302821FF302821FF302821
310
FF302821FF302821FF302821FF302821FF302821FF302821FF302821FF302821FF302821FF302821FF302821FF302821FF302821FF302821FF302821FF302821FF302821FF302821FF302821FF302821FF302821FF302821FF302821FF302821FF302821FF302821FF302821FF302821FF302821FF302821FF302821FF3028
310
21FF302821FF302821FF302821FF302821FF302821FF302821FF302821FF302821FF302821FF302821FF302821FF302821FF302821FF302821FF302821FF302821FF302821FF302821FF302821FF302821FF302821FF302821FF
102
{BLKREFS
331
64A
102
}
1001
ACAD
1000
DesignCenter Data
1002
{
1070
     1
1070
     2
1002
}
  0
BLOCK_RECORD
  5
3C1
330
1
100
AcDbSymbolTableRecord
100
AcDbBlockTableRecord
  2
w1
340
0
310
28000000280000002800000001002000000000000019000001000000010000000000000000000000302821FF302821FF302821FF302821FF302821FF302821FF302821FF302821FF302821FF302821FF302821FF302821FF302821FF302821FF302821FF302821FF302821FF302821FF302821FF302821FF302821FF302821
310
FF302821FF302821FF302821FF302821FF302821FF302821FF302821FF302821FF302821FF302821FF302821FF302821FF302821FF302821FF302821FF302821FF302821FF302821FF302821FF302821FF302821FF302821FF302821FF302821FF302821FF302821FF302821FF302821FF302821FF302821FF302821FF3028
310
21FF302821FF302821FF302821FF302821FF302821FF302821FF302821FF302821FF302821FF302821FF302821FF302821FF302821FF302821FF302821FF302821FF302821FF302821FF302821FF302821FF302821FF302821FF302821FF302821FF302821FF302821FF302821FF302821FF302821FF302821FF302821FF30
310
2821FF302821FF302821FF302821FF302821FF302821FF302821FF302821FF302821FF302821FF302821FF302821FF302821FF302821FF302821FF302821FF302821FF302821FF302821FF302821FF302821FF302821FF302821FF302821FF302821FF302821FF302821FF302821FF302821FF302821FF302821FF302821FF
310
302821FF302821FF302821FF302821FF302821FF302821FF302821FF302821FF302821FF302821FF302821FF302821FF302821FF302821FF302821FF302821FF302821FF302821FF302821FF302821FF302821FF302821FF302821FF302821FF302821FF302821FF302821FF302821FF302821FF302821FF302821FF302821
310
FF302821FF302821FF302821FF302821FF302821FF302821FF302821FF302821FF302821FF302821FF302821FF302821FF302821FF302821FF302821FF302821FF302821FF302821FF302821FF302821FF302821FF302821FF302821FF302821FF302821FF302821FF302821FF302821FF302821FF302821FF302821FF3028
310
21FF302821FF302821FF302821FF302821FF302821FF302821FF302821FF302821FF302821FF302821FF302821FF302821FF302821FF302821FF302821FF302821FF302821FF302821FF302821FF302821FF302821FF302821FF302821FF302821FF302821FF302821FF302821FF302821FF302821FF302821FF302821FF30
310
2821FF302821FF302821FF302821FF302821FF302821FF302821FF302821FF302821FF302821FF302821FF302821FF302821FF302821FF302821FF302821FF302821FF302821FF302821FF302821FF302821FF302821FF302821FF302821FF302821FF302821FF302821FF302821FF302821FF302821FF302821FF302821FF
310
302821FF302821FF302821FF302821FF302821FF302821FF302821FF302821FF302821FF302821FF302821FF302821FF302821FF302821FF302821FF302821FF302821FF302821FF302821FF302821FF302821FF302821FF302821FF302821FF302821FF302821FF302821FF302821FF302821FF302821FF302821FF302821
310
FF302821FF302821FF302821FF302821FF302821FF302821FF302821FF302821FF302821FF302821FF302821FF302821FF302821FF302821FF302821FF302821FF302821FF302821FF302821FF302821FF302821FF302821FF302821FF302821FF302821FF302821FF302821FF302821FF302821FF302821FF302821FF3028
310
21FF302821FF302821FF302821FF302821FF302821FF302821FF302821FF302821FF302821FF302821FF302821FF302821FF302821FF302821FF302821FF302821FF302821FF302821FF302821FF302821FF302821FF302821FF302821FF302821FF302821FF302821FF302821FF302821FF302821FF302821FF302821FF30
310
2821FF302821FF302821FF302821FF302821FF302821FF302821FF302821FF302821FF302821FF302821FF302821FF302821FF302821FF302821FF302821FF302821FF302821FF302821FF302821FF302821FF302821FF302821FF302821FF302821FF302821FF302821FF302821FF302821FF302821FF302821FF302821FF
310
302821FF302821FF302821FF302821FF302821FF302821FF302821FF302821FF302821FF302821FF302821FF302821FF302821FF302821FF302821FF302821FF302821FF302821FF302821FF302821FF302821FF302821FF302821FF302821FF302821FF302821FF302821FF302821FF302821FF302821FF302821FF302821
310
FF302821FF302821FF302821FF302821FF302821FF302821FF302821FF302821FF302821FF302821FF302821FF302821FF302821FF302821FF302821FF302821FF302821FF302821FF302821FF302821FF302821FF302821FF302821FF302821FF302821FF302821FF302821FF302821FF302821FF302821FF302821FF3028
310
21FF302821FF302821FF302821FF302821FF302821FF302821FF302821FF302821FF302821FF302821FF302821FF302821FF302821FF302821FF302821FF302821FF302821FF302821FF302821FF302821FF302821FF302821FF302821FF302821FF302821FF302821FF302821FF302821FF302821FF302821FF302821FF30
310
2821FF302821FF302821FF302821FF302821FF302821FF302821FF302821FF302821FF302821FF302821FF302821FF302821FF302821FF302821FF302821FF302821FF302821FF302821FF302821FFFFFFFFFFFFFFFFFFFFFFFFFFFFFFFFFFFFFFFFFFFFFFFFFFFFFFFFFFFFFFFFFFFFFFFFFFFFFFFFFFFFFFFFFFFFFFFFFF
310
FFFFFFFFFFFFFFFFFFFFFFFFFFFFFFFFFFFFFFFFFFFFFFFFFFFFFFFFFFFFFFFFFFFFFFFFFFFFFFFFFFFFFFFFFFFFFFFFFFFFFFFFFFFFFFFFFFFFFFFFFFFFFFFF302821FF302821FF302821FF302821FF302821FF302821FF302821FF302821FF302821FF302821FF302821FF302821FFFFFFFFFF302821FF302821FF302821
310
FF302821FF302821FF302821FF302821FF302821FF302821FF302821FF302821FF302821FF302821FF302821FF302821FF302821FF302821FF302821FF302821FF302821FF302821FF302821FF302821FF302821FF302821FF302821FFFFFFFFFF302821FF302821FF302821FF302821FF302821FF302821FF302821FF3028
310
21FF302821FF302821FF302821FF302821FFFFFFFFFFFFFFFFFFFFFFFFFFFFFFFFFFFFFFFFFFFFFFFFFFFFFFFFFFFFFFFFFFFFFFFFFFFFFFFFFFFFFFFFFFFFFFFFFFFFFFFFFFFFFFFFFFFFFFFFFFFFFFFFFFFFFFFFFFFFFFFFFFFFFFFFFFFFFFFFFFFFFFFFFFFFFFFFFFFFFFFFFFFFFFFFFFFFFFFFFFFFFFFFFFFFFFFFFFFF
310
FFFFFF302821FF302821FF302821FF302821FF302821FF302821FF302821FF302821FF302821FF302821FF302821FF302821FFFFFFFFFF302821FF302821FF302821FF302821FF302821FF302821FF302821FF302821FF302821FF302821FF302821FF302821FF302821FF302821FF302821FF302821FF302821FF302821FF
310
302821FF302821FF302821FF302821FF302821FF302821FF302821FF302821FFFFFFFFFF302821FF302821FF302821FF302821FF302821FF302821FF302821FF302821FF302821FF302821FF302821FF302821FFFFFFFFFFFFFFFFFFFFFFFFFFFFFFFFFFFFFFFFFFFFFFFFFFFFFFFFFFFFFFFFFFFFFFFFFFFFFFFFFFFFFFFF
310
FFFFFFFFFFFFFFFFFFFFFFFFFFFFFFFFFFFFFFFFFFFFFFFFFFFFFFFFFFFFFFFFFFFFFFFFFFFFFFFFFFFFFFFFFFFFFFFFFFFFFFFFFFFFFFFFFFFFFFFFFFFFFFFFFFFFFFFFFF302821FF302821FF302821FF302821FF302821FF302821FF302821FF302821FF302821FF302821FF302821FF302821FFFFFFFFFF302821FF3028
310
21FF302821FF302821FF302821FF302821FF302821FF302821FF302821FF302821FF302821FF302821FF302821FF302821FF302821FF302821FF302821FF302821FF302821FF302821FF302821FF302821FF302821FF302821FF302821FF302821FFFFFFFFFF302821FF302821FF302821FF302821FF302821FF302821FF30
310
2821FF302821FFFFFFFFFF302821FF302821FF302821FFFFFFFFFFFFFFFFFFFFFFFFFFFFFFFFFFFFFFFFFFFFFFFFFFFFFFFFFFFFFFFFFFFFFFFFFFFFFFFFFFFFFFFFFFFFFFFFFFFFFFFFFFFFFFFFFFFFFFFFFFFFFFFFFFFFFFFFFFFFFFFFFFFFFFFFFFFFFFFFFFFFFFFFFFFFFFFFFFFFFFFFFFFFFFFFFFFFFFFFFFFFFFFFFF
310
FFFFFFFFFFFFFFFF302821FF302821FF302821FFFFFFFFFF302821FF302821FF302821FF302821FFFFFFFFFF302821FF302821FF302821FF302821FF302821FF302821FF302821FF302821FF302821FF302821FF302821FF302821FF302821FF302821FF302821FF302821FF302821FF302821FF302821FF302821FF302821
310
FF302821FF302821FF302821FF302821FF302821FF302821FF302821FF302821FF302821FF302821FF302821FF302821FF302821FFFFFFFFFF302821FF302821FF302821FF302821FFFFFFFFFF302821FF302821FF302821FF302821FF302821FF302821FF302821FF302821FF302821FF302821FF302821FF302821FF3028
310
21FF302821FF302821FF302821FF302821FF302821FF302821FF302821FF302821FF302821FF302821FF302821FF302821FF302821FF302821FF302821FF302821FF302821FF302821FF302821FF302821FF302821FFFFFFFFFF302821FF302821FF302821FF302821FFFFFFFFFF302821FF302821FF302821FF302821FF30
310
2821FF302821FF302821FF302821FF302821FF302821FF302821FF302821FF302821FF302821FF302821FF302821FF302821FF302821FF302821FF302821FF302821FF302821FF302821FF302821FF302821FF302821FF302821FF302821FF302821FF302821FF302821FF302821FF302821FF302821FFFFFFFFFF302821FF
310
302821FF302821FF302821FFFFFFFFFF302821FF302821FF302821FF302821FF302821FF302821FF302821FF302821FF302821FF302821FF302821FF302821FF302821FF302821FF302821FF302821FF302821FF302821FF302821FF302821FF302821FF302821FF302821FF302821FF302821FF302821FF302821FF302821
310
FF302821FF302821FF302821FF302821FF302821FF302821FFFFFFFFFF302821FF302821FF302821FF302821FFFFFFFFFF302821FF302821FF302821FF302821FF302821FF302821FF302821FF302821FF302821FF302821FF302821FF302821FF302821FF302821FF302821FF302821FF302821FF302821FF302821FF3028
310
21FF302821FF302821FF302821FF302821FF302821FF302821FF302821FF302821FF302821FF302821FF302821FF302821FF302821FF302821FFFFFFFFFF302821FF302821FF302821FF302821FFFFFFFFFF302821FF302821FF302821FF302821FF302821FF302821FF302821FF302821FF302821FF302821FF302821FF30
310
2821FF302821FF302821FF302821FF302821FF302821FF302821FF302821FF302821FF302821FF302821FF302821FF302821FF302821FF302821FF302821FF302821FF302821FF302821FF302821FF302821FF302821FF302821FFFFFFFFFF302821FF302821FF302821FF302821FFFFFFFFFF302821FF302821FF302821FF
310
302821FF302821FF302821FF302821FF302821FF302821FF302821FF302821FF302821FF302821FF302821FF302821FF302821FF302821FF302821FF302821FF302821FF302821FF302821FF302821FF302821FF302821FF302821FF302821FF302821FF302821FF302821FF302821FF302821FF302821FF302821FFFFFFFF
310
FF302821FF302821FF302821FF302821FFFFFFFFFF302821FF302821FF302821FF302821FF302821FF302821FF302821FF302821FF302821FF302821FF302821FF302821FF302821FF302821FF302821FF302821FF302821FF302821FF302821FF302821FF302821FF302821FF302821FF302821FF302821FF302821FF3028
310
21FF302821FF302821FF302821FF302821FF302821FF302821FF302821FFFFFFFFFF302821FF302821FF302821FF302821FFFFFFFFFFFFFFFFFFFFFFFFFFFFFFFFFFFFFFFFFFFFFFFFFFFFFFFFFFFFFFFFFFFFFFFFFFFFFFFFFFFFFFFFFFFFFFFFFFFFFFFFFFFFFFFFFFFFFFFFFFFFFFFFFFFFFFFFFFFFFFFFFFFFFFFFFFFF
310
FFFFFFFFFFFFFFFFFFFFFFFFFFFFFFFFFFFFFFFFFFFFFFFFFFFFFFFFFFFFFFFFFFFFFFFFFFFFFFFFFFFFFFFFFFFFFFFFFFFFFFFFFFFFFFFFFFFFFFFFFFFFFFFFFFFFFF302821FF302821FF302821FF302821FF302821FF302821FF302821FF302821FF302821FF302821FF302821FF302821FF302821FF302821FF302821FF
310
302821FF302821FF302821FF302821FF302821FF302821FF302821FF302821FF302821FF302821FF302821FF302821FF302821FF302821FF302821FF302821FF302821FF302821FF302821FF302821FF302821FF302821FF302821FF302821FF302821FF302821FF302821FF302821FF302821FF302821FF302821FF302821
310
FF302821FF302821FF302821FF302821FF302821FF302821FF302821FF302821FF302821FF302821FF302821FF302821FF302821FF302821FF302821FF302821FF302821FF302821FF302821FF302821FF302821FF302821FF302821FF302821FF302821FF302821FF302821FF302821FF302821FF302821FF302821FF3028
310
21FF302821FF302821FF302821FF302821FF302821FF302821FF302821FF302821FF302821FF302821FF302821FF302821FF302821FF302821FF302821FF302821FF302821FF302821FF302821FF302821FF302821FF302821FF302821FF302821FF302821FF302821FF302821FF302821FF302821FF302821FF302821FF30
310
2821FF302821FF302821FF302821FF302821FF302821FF302821FF302821FF302821FF302821FF302821FF302821FF302821FF302821FF302821FF302821FF302821FF302821FF302821FF302821FF302821FF302821FF302821FF302821FF302821FF302821FF302821FF302821FF302821FF302821FF302821FF302821FF
310
302821FF302821FF302821FF302821FF302821FF302821FF302821FF302821FF302821FF302821FF302821FF302821FF302821FF302821FF302821FF302821FF302821FF302821FF302821FF302821FF302821FF302821FF302821FF302821FF302821FF302821FF302821FF302821FF302821FF302821FF302821FF302821
310
FF302821FF302821FF302821FF302821FF302821FF302821FF302821FF302821FF302821FF302821FF302821FF302821FF302821FF302821FF302821FF302821FF302821FF302821FF302821FF302821FF302821FF302821FF302821FF302821FF302821FF302821FF302821FF302821FF302821FF302821FF302821FF3028
310
21FF302821FF302821FF302821FF302821FF302821FF302821FF302821FF302821FF302821FF302821FF302821FF302821FF302821FF302821FF302821FF302821FF302821FF302821FF302821FF302821FF302821FF302821FF302821FF302821FF302821FF302821FF302821FF302821FF302821FF302821FF302821FF30
310
2821FF302821FF302821FF302821FF302821FF302821FF302821FF302821FF302821FF302821FF302821FF302821FF302821FF302821FF302821FF302821FF302821FF302821FF302821FF302821FF302821FF302821FF302821FF302821FF302821FF302821FF302821FF302821FF302821FF302821FF302821FF302821FF
310
302821FF302821FF302821FF302821FF302821FF302821FF302821FF302821FF302821FF302821FF302821FF302821FF302821FF302821FF302821FF302821FF302821FF302821FF302821FF302821FF302821FF302821FF302821FF302821FF302821FF302821FF302821FF302821FF302821FF302821FF302821FF302821
310
FF302821FF302821FF302821FF302821FF302821FF302821FF302821FF302821FF302821FF302821FF302821FF302821FF302821FF302821FF302821FF302821FF302821FF302821FF302821FF302821FF302821FF302821FF302821FF302821FF302821FF302821FF302821FF302821FF302821FF302821FF302821FF3028
310
21FF302821FF302821FF302821FF302821FF302821FF302821FF302821FF302821FF302821FF302821FF302821FF302821FF302821FF302821FF302821FF302821FF302821FF302821FF302821FF302821FF302821FF302821FF302821FF302821FF302821FF302821FF302821FF302821FF302821FF302821FF302821FF30
310
2821FF302821FF302821FF302821FF302821FF302821FF302821FF302821FF302821FF302821FF302821FF302821FF302821FF302821FF302821FF302821FF302821FF302821FF302821FF302821FF302821FF302821FF302821FF302821FF302821FF302821FF302821FF302821FF302821FF302821FF302821FF302821FF
310
302821FF302821FF302821FF302821FF302821FF302821FF302821FF302821FF302821FF302821FF302821FF302821FF302821FF302821FF302821FF302821FF302821FF302821FF302821FF302821FF302821FF302821FF302821FF302821FF302821FF302821FF302821FF302821FF302821FF302821FF302821FF302821
310
FF302821FF302821FF302821FF302821FF302821FF302821FF302821FF302821FF302821FF302821FF302821FF302821FF302821FF302821FF302821FF302821FF302821FF302821FF302821FF302821FF302821FF302821FF302821FF302821FF302821FF302821FF302821FF302821FF302821FF302821FF302821FF3028
310
21FF302821FF302821FF302821FF302821FF302821FF302821FF302821FF302821FF302821FF302821FF302821FF302821FF302821FF302821FF302821FF302821FF302821FF302821FF302821FF302821FF302821FF302821FF
102
{BLKREFS
331
7A0
331
63A
331
66D
331
A57
331
A7B
102
}
1001
ACAD
1000
DesignCenter Data
1002
{
1070
     1
1070
     2
1002
}
  0
BLOCK_RECORD
  5
3E4
330
1
100
AcDbSymbolTableRecord
100
AcDbBlockTableRecord
  2
w2
340
0
310
28000000280000002800000001002000000000000019000001000000010000000000000000000000302821FF302821FF302821FF302821FF302821FF302821FF302821FF302821FF302821FF302821FF302821FF302821FF302821FF302821FF302821FF302821FF302821FF302821FF302821FF302821FF302821FF302821
310
FF302821FF302821FF302821FF302821FF302821FF302821FF302821FF302821FF302821FF302821FF302821FF302821FF302821FF302821FF302821FF302821FF302821FF302821FF302821FF302821FF302821FF302821FF302821FF302821FF302821FF302821FF302821FF302821FF302821FF302821FF302821FF3028
310
21FF302821FF302821FF302821FF302821FF302821FF302821FF302821FF302821FF302821FF302821FF302821FF302821FF302821FF302821FF302821FF302821FF302821FF302821FF302821FF302821FF302821FF302821FF302821FF302821FF302821FF302821FF302821FF302821FF302821FF302821FF302821FF30
310
2821FF302821FF302821FF302821FF302821FF302821FF302821FF302821FF302821FF302821FF302821FF302821FF302821FF302821FF302821FF302821FF302821FF302821FF302821FF302821FF302821FF302821FF302821FF302821FF302821FF302821FF302821FF302821FF302821FF302821FF302821FF302821FF
310
302821FF302821FF302821FF302821FF302821FF302821FF302821FF302821FF302821FF302821FF302821FF302821FF302821FF302821FF302821FF302821FF302821FF302821FF302821FF302821FF302821FF302821FF302821FF302821FF302821FF302821FF302821FF302821FF302821FF302821FF302821FF302821
310
FF302821FF302821FF302821FF302821FF302821FF302821FF302821FF302821FF302821FF302821FF302821FF302821FF302821FF302821FF302821FF302821FF302821FF302821FF302821FF302821FF302821FF302821FF302821FF302821FF302821FF302821FF302821FF302821FF302821FF302821FF302821FF3028
310
21FF302821FF302821FF302821FF302821FF302821FF302821FF302821FF302821FF302821FF302821FF302821FF302821FF302821FF302821FF302821FF302821FF302821FF302821FF302821FF302821FF302821FF302821FF302821FF302821FF302821FF302821FF302821FF302821FF302821FF302821FF302821FF30
310
2821FF302821FF302821FF302821FF302821FF302821FF302821FF302821FF302821FF302821FF302821FF302821FF302821FF302821FF302821FF302821FF302821FF302821FF302821FF302821FF302821FF302821FF302821FF302821FF302821FF302821FF302821FF302821FF302821FF302821FF302821FF302821FF
310
302821FF302821FF302821FF302821FF302821FF302821FF302821FF302821FF302821FF302821FF302821FF302821FF302821FF302821FF302821FF302821FF302821FF302821FF302821FF302821FF302821FF302821FF302821FF302821FF302821FF302821FF302821FF302821FF302821FF302821FF302821FF302821
310
FF302821FF302821FF302821FF302821FF302821FF302821FF302821FF302821FF302821FF302821FF302821FF302821FF302821FFFFFFFFFFFFFFFFFFFFFFFFFFFFFFFFFFFFFFFFFFFFFFFFFFFFFFFFFFFFFFFFFFFFFFFFFFFFFFFFFFFFFFFFFFFFFFFFFFFFFFFFFFFFFFFFFFFFFFFFFFFFFFFFFFFFFFFFFFFFFFFFFFFFFF
310
FFFFFFFFFFFFFFFFFFFFFFFFFFFF302821FF302821FF302821FF302821FF302821FF302821FF302821FF302821FF302821FF302821FF302821FF302821FF302821FF302821FF302821FF302821FF302821FF302821FFFFFFFFFF302821FF302821FF302821FF302821FF302821FF302821FF302821FF302821FF302821FF30
310
2821FF302821FF302821FF302821FF302821FF302821FF302821FF302821FF302821FF302821FF302821FFFFFFFFFF302821FF302821FF302821FF302821FF302821FF302821FF302821FF302821FF302821FF302821FF302821FF302821FF302821FF302821FF302821FF302821FF302821FF302821FFFFFFFFFF302821FF
310
302821FF302821FF302821FF302821FF302821FF302821FF302821FF302821FF302821FF302821FF302821FF302821FF302821FF302821FF302821FF302821FF302821FF302821FF302821FFFFFFFFFF302821FF302821FF302821FF302821FF302821FF302821FF302821FF302821FF302821FF302821FF302821FF302821
310
FF302821FF302821FF302821FF302821FF302821FF302821FFFFFFFFFF302821FF302821FF302821FF302821FF302821FF302821FF302821FF302821FF302821FF302821FF302821FF302821FF302821FF302821FF302821FF302821FF302821FF302821FF302821FF302821FFFFFFFFFF302821FF302821FF302821FF3028
310
21FF302821FF302821FF302821FF302821FF302821FF302821FF302821FF302821FF302821FF302821FF302821FF302821FF302821FF302821FFFFFFFFFFFFFFFFFFFFFFFFFFFFFFFFFFFFFFFFFFFFFFFFFFFFFFFFFFFFFFFFFFFFFFFFFFFFFFFFFFFFFFFFFFFFFFFFFFFFFFFFFFFFFFFFFFFFFFFFFFFFFFFFFFFFFFFFFFFF
310
FFFFFFFFFFFFFFFFFFFFFFFFFFFFFFFFFFFFFF302821FF302821FF302821FF302821FF302821FF302821FF302821FF302821FF302821FF302821FF302821FF302821FF302821FF302821FF302821FF302821FF302821FF302821FFFFFFFFFF302821FF302821FF302821FF302821FF302821FF302821FF302821FF302821FF
310
302821FF302821FF302821FF302821FF302821FF302821FF302821FF302821FF302821FF302821FF302821FF302821FFFFFFFFFF302821FF302821FF302821FF302821FF302821FF302821FF302821FF302821FF302821FF302821FF302821FF302821FF302821FF302821FF302821FF302821FF302821FF302821FFFFFFFF
310
FF302821FF302821FF302821FF302821FF302821FF302821FF302821FF302821FF302821FF302821FF302821FF302821FF302821FF302821FF302821FF302821FF302821FF302821FF302821FF302821FFFFFFFFFF302821FF302821FF302821FF302821FF302821FF302821FF302821FF302821FF302821FF302821FF3028
310
21FF302821FF302821FF302821FF302821FF302821FF302821FF302821FFFFFFFFFFFFFFFFFFFFFFFFFFFFFFFFFFFFFFFFFFFFFFFFFFFFFFFFFFFFFFFFFFFFFFFFFFFFFFFFFFFFFFFFFFFFFFFFFFFFFFFFFFFFFFFFFFFFFFFFFFFFFFFFFFFFFFFFFFFFFFFFFFFFFFFFFFFFFFFFFFFFFFFFFFFFFFFFFF302821FF302821FF30
310
2821FF302821FF302821FF302821FF302821FF302821FF302821FF302821FF302821FF302821FF302821FF302821FF302821FF302821FF302821FF302821FFFFFFFFFF302821FF302821FF302821FF302821FF302821FF302821FF302821FF302821FF302821FF302821FF302821FF302821FF302821FF302821FF302821FF
310
302821FF302821FF302821FF302821FF302821FFFFFFFFFF302821FF302821FF302821FF302821FF302821FF302821FF302821FF302821FF302821FF302821FF302821FF302821FF302821FF302821FF302821FF302821FF302821FF302821FFFFFFFFFF302821FF302821FF302821FF302821FF302821FF302821FF302821
310
FF302821FF302821FF302821FF302821FF302821FF302821FF302821FF302821FF302821FF302821FF302821FF302821FF302821FFFFFFFFFF302821FF302821FF302821FF302821FF302821FF302821FF302821FF302821FF302821FF302821FF302821FF302821FF302821FF302821FF302821FF302821FF302821FF3028
310
21FFFFFFFFFF302821FF302821FF302821FF302821FF302821FF302821FF302821FF302821FF302821FF302821FF302821FF302821FF302821FF302821FF302821FF302821FF302821FF302821FF302821FF302821FFFFFFFFFF302821FF302821FF302821FF302821FF302821FF302821FF302821FF302821FF302821FF30
310
2821FF302821FFFFFFFFFF302821FF302821FF302821FF302821FF302821FF302821FFFFFFFFFFFFFFFFFFFFFFFFFFFFFFFFFFFFFFFFFFFFFFFFFFFFFFFFFFFFFFFFFFFFFFFFFFFFFFFFFFFFFFFFFFFFFFFFFFFFFFFFFFFFFFFFFFFFFFFFFFFFFFFFFFFFFFFFFFFFFFFFFFFFFFFFFFFFFFFFFFFFFFFFFFFFFFFFFF302821FF
310
302821FF302821FF302821FF302821FF302821FFFFFFFFFF302821FF302821FF302821FF302821FFFFFFFFFF302821FF302821FF302821FF302821FF302821FF302821FF302821FF302821FF302821FF302821FF302821FF302821FF302821FF302821FF302821FF302821FF302821FF302821FF302821FF302821FF302821
310
FF302821FF302821FF302821FF302821FF302821FF302821FF302821FF302821FF302821FF302821FF302821FF302821FF302821FFFFFFFFFF302821FF302821FF302821FF302821FFFFFFFFFF302821FF302821FF302821FF302821FF302821FF302821FF302821FF302821FF302821FF302821FF302821FF302821FF3028
310
21FF302821FF302821FF302821FF302821FF302821FF302821FF302821FF302821FF302821FF302821FF302821FF302821FF302821FF302821FF302821FF302821FF302821FF302821FF302821FF302821FF302821FFFFFFFFFF302821FF302821FF302821FF302821FFFFFFFFFF302821FF302821FF302821FF302821FF30
310
2821FF302821FF302821FF302821FF302821FF302821FF302821FF302821FF302821FF302821FF302821FF302821FF302821FF302821FF302821FF302821FF302821FF302821FF302821FF302821FF302821FF302821FF302821FF302821FF302821FF302821FF302821FF302821FF302821FF302821FFFFFFFFFF302821FF
310
302821FF302821FF302821FFFFFFFFFF302821FF302821FF302821FF302821FF302821FF302821FF302821FF302821FF302821FF302821FF302821FF302821FF302821FF302821FF302821FF302821FF302821FF302821FF302821FF302821FF302821FF302821FF302821FF302821FF302821FF302821FF302821FF302821
310
FF302821FF302821FF302821FF302821FF302821FF302821FFFFFFFFFF302821FF302821FF302821FF302821FFFFFFFFFF302821FF302821FF302821FF302821FF302821FF302821FF302821FF302821FF302821FF302821FF302821FF302821FF302821FF302821FF302821FF302821FF302821FF302821FF302821FF3028
310
21FF302821FF302821FF302821FF302821FF302821FF302821FF302821FF302821FF302821FF302821FF302821FF302821FF302821FF302821FFFFFFFFFF302821FF302821FF302821FF302821FFFFFFFFFF302821FF302821FF302821FF302821FF302821FF302821FF302821FF302821FF302821FF302821FF302821FF30
310
2821FF302821FF302821FF302821FF302821FF302821FF302821FF302821FF302821FF302821FF302821FF302821FF302821FF302821FF302821FF302821FF302821FF302821FF302821FF302821FF302821FF302821FF302821FFFFFFFFFF302821FF302821FF302821FF302821FFFFFFFFFF302821FF302821FF302821FF
310
302821FF302821FF302821FF302821FF302821FF302821FF302821FF302821FF302821FF302821FF302821FF302821FF302821FF302821FF302821FF302821FF302821FF302821FF302821FF302821FF302821FF302821FF302821FF302821FF302821FF302821FF302821FF302821FF302821FF302821FF302821FFFFFFFF
310
FF302821FF302821FF302821FF302821FFFFFFFFFF302821FF302821FF302821FF302821FF302821FF302821FF302821FF302821FF302821FF302821FF302821FF302821FF302821FF302821FF302821FF302821FF302821FF302821FF302821FF302821FF302821FF302821FF302821FF302821FF302821FF302821FF3028
310
21FF302821FF302821FF302821FF302821FF302821FF302821FF302821FFFFFFFFFF302821FF302821FF302821FF302821FFFFFFFFFF302821FF302821FF302821FF302821FF302821FF302821FF302821FF302821FF302821FF302821FF302821FF302821FF302821FF302821FF302821FF302821FF302821FF302821FF30
310
2821FF302821FF302821FF302821FF302821FF302821FF302821FF302821FF302821FF302821FF302821FF302821FF302821FF302821FF302821FF302821FFFFFFFFFF302821FF302821FF302821FF302821FFFFFFFFFF302821FF302821FF302821FF302821FF302821FF302821FF302821FF302821FF302821FF302821FF
310
302821FF302821FF302821FF302821FF302821FF302821FF302821FF302821FF302821FF302821FF302821FF302821FF302821FF302821FF302821FF302821FF302821FF302821FF302821FF302821FF302821FF302821FF302821FF302821FFFFFFFFFF302821FF302821FF302821FF302821FFFFFFFFFF302821FF302821
310
FF302821FF302821FF302821FF302821FF302821FF302821FF302821FF302821FF302821FF302821FF302821FF302821FF302821FF302821FF302821FF302821FF302821FF302821FF302821FF302821FF302821FF302821FF302821FF302821FF302821FF302821FF302821FF302821FF302821FF302821FF302821FF3028
310
21FFFFFFFFFF302821FF302821FF302821FF302821FFFFFFFFFF302821FF302821FF302821FF302821FF302821FF302821FF302821FF302821FF302821FF302821FF302821FF302821FF302821FF302821FF302821FF302821FF302821FF302821FF302821FF302821FF302821FF302821FF302821FF302821FF302821FF30
310
2821FF302821FF302821FF302821FF302821FF302821FF302821FF302821FF302821FFFFFFFFFF302821FF302821FF302821FF302821FFFFFFFFFF302821FF302821FF302821FF302821FF302821FF302821FF302821FF302821FF302821FF302821FF302821FF302821FF302821FF302821FF302821FF302821FF302821FF
310
302821FF302821FF302821FF302821FF302821FF302821FF302821FF302821FF302821FF302821FF302821FF302821FF302821FF302821FF302821FF302821FF302821FFFFFFFFFF302821FF302821FF302821FF302821FFFFFFFFFFFFFFFFFFFFFFFFFFFFFFFFFFFFFFFFFFFFFFFFFFFFFFFFFFFFFFFFFFFFFFFFFFFFFFFF
310
FFFFFFFFFFFFFFFFFFFFFFFFFFFFFFFFFFFFFFFFFFFFFFFFFFFFFFFFFFFFFFFFFFFFFFFFFFFFFFFFFFFFFFFFFFFFFFFFFFFFFFFFFFFFFFFFFFFFFFFFFFFFFFFFFFFFFFFFFFFFFFFFFFFFFFFFFFFFFFFFFFFFFFFFFFFFFFFFFFFFFFFFFFFFFFFFFFFFFFFFFFFFFFFFFF302821FF302821FF302821FF302821FF302821FF3028
310
21FF302821FF302821FF302821FF302821FF302821FF302821FF302821FF302821FF302821FF302821FF302821FF302821FF302821FF302821FF302821FF302821FF302821FF302821FF302821FF302821FF302821FF302821FF302821FF302821FF302821FF302821FF302821FF302821FF302821FF302821FF302821FF30
310
2821FF302821FF302821FF302821FF302821FF302821FF302821FF302821FF302821FF302821FF302821FF302821FF302821FF302821FF302821FF302821FF302821FF302821FF302821FF302821FF302821FF302821FF302821FF302821FF302821FF302821FF302821FF302821FF302821FF302821FF302821FF302821FF
310
302821FF302821FF302821FF302821FF302821FF302821FF302821FF302821FF302821FF302821FF302821FF302821FF302821FF302821FF302821FF302821FF302821FF302821FF302821FF302821FF302821FF302821FF302821FF302821FF302821FF302821FF302821FF302821FF302821FF302821FF302821FF302821
310
FF302821FF302821FF302821FF302821FF302821FF302821FF302821FF302821FF302821FF302821FF302821FF302821FF302821FF302821FF302821FF302821FF302821FF302821FF302821FF302821FF302821FF302821FF302821FF302821FF302821FF302821FF302821FF302821FF302821FF302821FF302821FF3028
310
21FF302821FF302821FF302821FF302821FF302821FF302821FF302821FF302821FF302821FF302821FF302821FF302821FF302821FF302821FF302821FF302821FF302821FF302821FF302821FF302821FF302821FF302821FF302821FF302821FF302821FF302821FF302821FF302821FF302821FF302821FF302821FF30
310
2821FF302821FF302821FF302821FF302821FF302821FF302821FF302821FF302821FF302821FF302821FF302821FF302821FF302821FF302821FF302821FF302821FF302821FF302821FF302821FF302821FF302821FF302821FF302821FF302821FF302821FF302821FF302821FF302821FF302821FF302821FF302821FF
310
302821FF302821FF302821FF302821FF302821FF302821FF302821FF302821FF302821FF302821FF302821FF302821FF302821FF302821FF302821FF302821FF302821FF302821FF302821FF302821FF302821FF302821FF302821FF302821FF302821FF302821FF302821FF302821FF302821FF302821FF302821FF302821
310
FF302821FF302821FF302821FF302821FF302821FF302821FF302821FF302821FF302821FF302821FF302821FF302821FF302821FF302821FF302821FF302821FF302821FF302821FF302821FF302821FF302821FF302821FF302821FF302821FF302821FF302821FF302821FF302821FF302821FF302821FF302821FF3028
310
21FF302821FF302821FF302821FF302821FF302821FF302821FF302821FF302821FF302821FF302821FF302821FF302821FF302821FF302821FF302821FF302821FF302821FF302821FF302821FF302821FF302821FF302821FF
102
{BLKREFS
331
644
331
3F0
331
63B
102
}
1001
ACAD
1000
DesignCenter Data
1002
{
1070
     1
1070
     2
1002
}
  0
BLOCK_RECORD
  5
3F1
102
{ACAD_XDICTIONARY
360
40A
102
}
330
1
100
AcDbSymbolTableRecord
100
AcDbBlockTableRecord
  2
D6
340
0
1001
ACAD
1000
DesignCenter Data
1002
{
1070
     1
1070
     2
1002
}
  0
BLOCK_RECORD
  5
40F
102
{ACAD_XDICTIONARY
360
419
102
}
330
1
100
AcDbSymbolTableRecord
100
AcDbBlockTableRecord
  2
D3
340
0
1001
ACAD
1000
DesignCenter Data
1002
{
1070
     1
1070
     2
1002
}
  0
BLOCK_RECORD
  5
431
330
1
100
AcDbSymbolTableRecord
100
AcDbBlockTableRecord
  2
D1
340
0
310
28000000280000002800000001002000000000000019000001000000010000000000000000000000302821FF302821FF302821FF302821FF302821FF302821FF302821FF302821FF302821FF302821FF302821FF302821FF302821FF302821FF302821FF302821FF302821FF302821FF302821FF302821FF302821FF302821
310
FF302821FF302821FF302821FF302821FF302821FF302821FF302821FF302821FF302821FF302821FF302821FF302821FF302821FF302821FF302821FF302821FF302821FF302821FF302821FF302821FF302821FF302821FF302821FF302821FF302821FF302821FF302821FF302821FF302821FF302821FF302821FF3028
310
21FF302821FF302821FF302821FF302821FF302821FF302821FF302821FF302821FF302821FF302821FF302821FF302821FF302821FF302821FF302821FF302821FF302821FF302821FF302821FF302821FF302821FF302821FF302821FF302821FF302821FF302821FF302821FF302821FF302821FF302821FF302821FF30
310
2821FF302821FF302821FF302821FF302821FF302821FF302821FF302821FF302821FF302821FF302821FF302821FF302821FF302821FF302821FF302821FF302821FF302821FF302821FF302821FF302821FF302821FF302821FF302821FF302821FF302821FF302821FF302821FF302821FF302821FF302821FF302821FF
310
302821FF302821FF302821FF302821FF302821FF302821FF302821FF302821FF302821FF302821FF302821FF302821FF302821FF302821FF302821FF302821FF302821FF302821FF302821FF302821FF302821FF302821FF302821FF302821FF302821FF302821FF302821FF302821FF302821FF302821FF302821FF302821
310
FF302821FF302821FF302821FF302821FF302821FF302821FF302821FF302821FF302821FF302821FF302821FF302821FF302821FF302821FF302821FF302821FFFFFFFFFFFFFFFFFFFFFFFFFFFFFFFFFFFFFFFFFFFFFFFFFFFFFFFFFFFFFFFFFFFFFFFFFFFFFFFFFFFFFFFFFFFFFFFFFFFFFFFFFFFFFFFFFFFFFFFFFFFFFF
310
FFFFFFFFFFFFFFFFFFFFFFFFFFFFFFFFFFFFFFFFFFFFFFFFFFFFFFFFFFFFFFFFFFFFFFFFFFFFFFFFFFFFFFFFFFFFFFFFFFFFFFFFFFFFFFFFFFFFFFFFFFFFFFFFFFFFFFFFFFFF302821FF302821FF302821FF302821FF302821FF302821FF302821FFFFFFFFFF302821FF302821FFFFFFFFFF302821FF302821FF302821FF30
310
2821FF302821FF302821FF302821FF302821FF302821FF302821FF302821FF302821FF302821FF302821FF302821FF302821FF302821FF302821FF302821FF302821FF302821FF302821FF302821FF302821FF302821FF302821FF302821FF302821FFFFFFFFFF302821FF302821FF302821FF302821FF302821FF302821FF
310
302821FFFFFFFFFF302821FF302821FFFFFFFFFF302821FF302821FF302821FF302821FF302821FF302821FF302821FF302821FF302821FF302821FF302821FF302821FF302821FF302821FF302821FF302821FF302821FF302821FF302821FF302821FF302821FF302821FF302821FF302821FF302821FF302821FF302821
310
FF302821FFFFFFFFFF302821FF302821FF302821FF302821FF302821FF302821FF302821FFFFFFFFFF302821FF302821FFFFFFFFFF302821FF302821FF302821FF302821FF302821FF302821FF302821FF302821FF302821FF302821FF302821FF302821FF302821FF302821FF302821FF302821FF302821FF302821FF3028
310
21FF302821FF302821FF302821FF302821FF302821FF302821FF302821FF302821FF302821FFFFFFFFFF302821FF302821FF302821FF302821FF302821FF302821FF302821FFFFFFFFFF302821FF302821FFFFFFFFFF302821FF302821FF302821FF302821FF302821FF302821FF302821FF302821FF302821FF302821FF30
310
2821FF302821FF302821FF302821FF302821FF302821FF302821FF302821FF302821FF302821FF302821FF302821FF302821FF302821FF302821FF302821FF302821FF302821FFFFFFFFFF302821FF302821FF302821FF302821FF302821FF302821FF302821FFFFFFFFFF302821FF302821FFFFFFFFFF302821FF302821FF
310
302821FF302821FF302821FF302821FF302821FF302821FF302821FF302821FF302821FF302821FF302821FF302821FF302821FF302821FF302821FF302821FF302821FF302821FF302821FF302821FF302821FF302821FF302821FF302821FF302821FF302821FFFFFFFFFF302821FF302821FF302821FF302821FF302821
310
FF302821FF302821FFFFFFFFFF302821FF302821FFFFFFFFFF302821FF302821FF302821FF302821FF302821FF302821FF302821FF302821FF302821FF302821FF302821FF302821FF302821FF302821FF302821FF302821FF302821FF302821FF302821FF302821FF302821FF302821FF302821FF302821FF302821FF3028
310
21FF302821FF302821FFFFFFFFFF302821FF302821FF302821FF302821FF302821FF302821FF302821FFFFFFFFFF302821FF302821FFFFFFFFFF302821FF302821FF302821FF302821FF302821FF302821FF302821FF302821FF302821FF302821FF302821FF302821FF302821FF302821FF302821FF302821FF302821FF30
310
2821FF302821FF302821FF302821FF302821FF302821FF302821FF302821FF302821FF302821FF302821FFFFFFFFFF302821FF302821FF302821FF302821FF302821FF302821FF302821FFFFFFFFFF302821FF302821FFFFFFFFFF302821FF302821FF302821FF302821FF302821FF302821FF302821FF302821FF302821FF
310
302821FF302821FF302821FF302821FF302821FF302821FF302821FF302821FF302821FF302821FF302821FF302821FF302821FF302821FF302821FF302821FF302821FF302821FFFFFFFFFF302821FF302821FF302821FF302821FF302821FF302821FF302821FF302821FFFFFFFFFF302821FF302821FFFFFFFFFF302821
310
FF302821FF302821FF302821FF302821FF302821FF302821FF302821FF302821FF302821FF302821FF302821FF302821FF302821FF302821FF302821FF302821FF302821FF302821FF302821FF302821FF302821FF302821FF302821FF302821FF302821FF302821FFFFFFFFFF302821FF302821FF302821FF302821FF3028
310
21FF302821FF302821FF302821FFFFFFFFFF302821FF302821FFFFFFFFFF302821FF302821FF302821FF302821FF302821FF302821FF302821FF302821FF302821FF302821FF302821FF302821FF302821FF302821FF302821FF302821FF302821FF302821FF302821FF302821FF302821FF302821FF302821FF302821FF30
310
2821FF302821FF302821FFFFFFFFFF302821FF302821FF302821FF302821FF302821FF302821FF302821FF302821FFFFFFFFFF302821FF302821FFFFFFFFFF302821FF302821FF302821FF302821FF302821FF302821FF302821FF302821FF302821FF302821FF302821FF302821FF302821FF302821FF302821FF302821FF
310
302821FF302821FF302821FF302821FF302821FF302821FF302821FF302821FF302821FF302821FFFFFFFFFF302821FF302821FF302821FF302821FF302821FF302821FF302821FF302821FF302821FFFFFFFFFF302821FF302821FFFFFFFFFF302821FF302821FF302821FF302821FF302821FF302821FF302821FF302821
310
FF302821FF302821FF302821FF302821FF302821FF302821FF302821FF302821FF302821FF302821FF302821FF302821FF302821FF302821FF302821FF302821FF302821FF302821FFFFFFFFFF302821FF302821FF302821FF302821FF302821FF302821FF302821FF302821FF302821FFFFFFFFFF302821FF302821FFFFFF
310
FFFF302821FF302821FF302821FF302821FF302821FF302821FF302821FF302821FF302821FF302821FF302821FF302821FF302821FF302821FF302821FF302821FF302821FF302821FF302821FF302821FF302821FF302821FF302821FF302821FF302821FFFFFFFFFF302821FF302821FF302821FF302821FF302821FF30
310
2821FF302821FF302821FF302821FF302821FFFFFFFFFF302821FF302821FFFFFFFFFF302821FF302821FF302821FF302821FF302821FF302821FF302821FF302821FF302821FF302821FF302821FF302821FF302821FF302821FF302821FF302821FF302821FF302821FF302821FF302821FF302821FF302821FF302821FF
310
302821FF302821FFFFFFFFFF302821FF302821FF302821FF302821FF302821FF302821FF302821FF302821FF302821FF302821FFFFFFFFFF302821FF302821FFFFFFFFFF302821FF302821FF302821FF302821FF302821FF302821FF302821FF302821FF302821FF302821FF302821FF302821FF302821FF302821FF302821
310
FF302821FF302821FF302821FF302821FF302821FF302821FF302821FF302821FF302821FFFFFFFFFF302821FF302821FF302821FF302821FF302821FF302821FF302821FF302821FF302821FF302821FF302821FFFFFFFFFF302821FF302821FFFFFFFFFF302821FF302821FF302821FF302821FF302821FF302821FF3028
310
21FF302821FF302821FF302821FF302821FF302821FF302821FF302821FF302821FF302821FF302821FF302821FF302821FF302821FF302821FF302821FF302821FF302821FFFFFFFFFF302821FF302821FF302821FF302821FF302821FF302821FF302821FF302821FF302821FF302821FF302821FFFFFFFFFF302821FF30
310
2821FFFFFFFFFF302821FF302821FF302821FF302821FF302821FF302821FF302821FF302821FF302821FF302821FF302821FF302821FF302821FF302821FF302821FF302821FF302821FF302821FF302821FF302821FF302821FF302821FF302821FFFFFFFFFF302821FF302821FF302821FF302821FF302821FF302821FF
310
302821FF302821FF302821FF302821FF302821FF302821FFFFFFFFFF302821FF302821FFFFFFFFFF302821FF302821FF302821FF302821FF302821FF302821FF302821FF302821FF302821FF302821FF302821FF302821FF302821FF302821FF302821FF302821FF302821FF302821FF302821FF302821FF302821FF302821
310
FFFFFFFFFF302821FF302821FF302821FF302821FF302821FF302821FF302821FF302821FF302821FF302821FF302821FF302821FF302821FFFFFFFFFF302821FF302821FFFFFFFFFF302821FF302821FF302821FF302821FF302821FF302821FF302821FF302821FF302821FF302821FF302821FF302821FF302821FF3028
310
21FF302821FF302821FF302821FF302821FF302821FF302821FF302821FFFFFFFFFF302821FF302821FF302821FF302821FF302821FF302821FF302821FF302821FF302821FF302821FF302821FF302821FF302821FF302821FFFFFFFFFF302821FF302821FFFFFFFFFF302821FF302821FF302821FF302821FF302821FF30
310
2821FF302821FF302821FF302821FF302821FF302821FF302821FF302821FF302821FF302821FF302821FF302821FF302821FF302821FF302821FF302821FFFFFFFFFF302821FF302821FF302821FF302821FF302821FF302821FF302821FF302821FF302821FF302821FF302821FF302821FF302821FF302821FFFFFFFFFF
310
302821FF302821FFFFFFFFFF302821FF302821FF302821FF302821FF302821FF302821FF302821FF302821FF302821FF302821FF302821FF302821FF302821FF302821FF302821FF302821FF302821FF302821FF302821FF302821FFFFFFFFFF302821FF302821FF302821FF302821FF302821FF302821FF302821FF302821
310
FF302821FF302821FF302821FF302821FF302821FF302821FF302821FFFFFFFFFF302821FF302821FFFFFFFFFF302821FF302821FF302821FF302821FF302821FF302821FF302821FF302821FF302821FF302821FF302821FF302821FF302821FF302821FF302821FF302821FF302821FF302821FF302821FFFFFFFFFF3028
310
21FF302821FF302821FF302821FF302821FF302821FF302821FF302821FF302821FF302821FF302821FF302821FF302821FFFFFFFFFFFFFFFFFF302821FFFFFFFFFF302821FF302821FFFFFFFFFF302821FF302821FFFFFFFFFFFFFFFFFF302821FF302821FF302821FF302821FF302821FF302821FF302821FF302821FF30
310
2821FF302821FF302821FF302821FF302821FF302821FFFFFFFFFF302821FF302821FF302821FF302821FF302821FF302821FF302821FF302821FF302821FF302821FF302821FF302821FF302821FF302821FFFFFFFFFFFFFFFFFF302821FFFFFFFFFF302821FF302821FFFFFFFFFF302821FF302821FFFFFFFFFFFFFFFFFF
310
302821FF302821FF302821FF302821FF302821FF302821FF302821FF302821FF302821FF302821FF302821FF302821FFFFFFFFFFFFFFFFFF302821FF302821FF302821FF302821FF302821FF302821FF302821FF302821FF302821FF302821FF302821FF302821FF302821FF302821FF302821FFFFFFFFFFFFFFFFFF302821
310
FFFFFFFFFF302821FF302821FFFFFFFFFF302821FF302821FFFFFFFFFFFFFFFFFF302821FF302821FF302821FF302821FF302821FF302821FF302821FF302821FF302821FF302821FF302821FFFFFFFFFF302821FF302821FF302821FF302821FF302821FF302821FF302821FF302821FF302821FF302821FF302821FF3028
310
21FF302821FF302821FF302821FF302821FF302821FFFFFFFFFFFFFFFFFF302821FFFFFFFFFF302821FF302821FFFFFFFFFF302821FF302821FFFFFFFFFFFFFFFFFF302821FF302821FF302821FF302821FF302821FF302821FF302821FF302821FF302821FF302821FFFFFFFFFF302821FF302821FF302821FF302821FF30
310
2821FF302821FF302821FF302821FF302821FF302821FF302821FF302821FF302821FF302821FF302821FF302821FF302821FF302821FFFFFFFFFFFFFFFFFF302821FFFFFFFFFF302821FF302821FFFFFFFFFF302821FF302821FFFFFFFFFFFFFFFFFF302821FF302821FF302821FF302821FF302821FF302821FF302821FF
310
302821FFFFFFFFFFFFFFFFFF302821FF302821FF302821FF302821FF302821FF302821FF302821FF302821FF302821FF302821FF302821FF302821FF302821FF302821FF302821FF302821FF302821FF302821FF302821FFFFFFFFFFFFFFFFFF302821FFFFFFFFFF302821FF302821FFFFFFFFFF302821FF302821FFFFFFFF
310
FFFFFFFFFF302821FF302821FF302821FF302821FF302821FF302821FFFFFFFFFFFFFFFFFF302821FF302821FF302821FF302821FF302821FF302821FF302821FF302821FF302821FF302821FF302821FF302821FF302821FF302821FF302821FF302821FF302821FF302821FF302821FF302821FF302821FFFFFFFFFFFFFF
310
FFFF302821FFFFFFFFFF302821FF302821FFFFFFFFFF302821FF302821FFFFFFFFFFFFFFFFFF302821FF302821FF302821FF302821FFFFFFFFFFFFFFFFFF302821FF302821FF302821FF302821FF302821FF302821FF302821FF302821FF302821FF302821FF302821FF302821FF302821FF302821FF302821FF302821FF30
310
2821FF302821FF302821FF302821FF302821FF302821FF302821FFFFFFFFFFFFFFFFFF302821FFFFFFFFFF302821FF302821FFFFFFFFFF302821FF302821FFFFFFFFFFFFFFFFFFFFFFFFFFFFFFFFFFFFFFFFFFFFFFFFFF302821FF302821FF302821FF302821FF302821FF302821FF302821FF302821FF302821FF302821FF
310
302821FF302821FF302821FF302821FF302821FF302821FF302821FF302821FF302821FF302821FF302821FF302821FF302821FF302821FF302821FFFFFFFFFFFFFFFFFFFFFFFFFFFFFFFFFFFFFFFFFFFFFFFFFFFFFFFFFFFFFFFFFFFFFFFFFFFFFFFFFFFFFFFFFF302821FF302821FF302821FF302821FF302821FF302821
310
FF302821FF302821FF302821FF302821FF302821FF302821FF302821FF302821FF302821FF302821FF302821FF302821FF302821FF302821FF302821FF302821FF302821FF302821FF302821FF302821FF302821FF302821FF302821FF302821FF302821FF302821FF302821FF302821FF302821FF302821FF302821FF3028
310
21FF302821FF302821FF302821FF302821FF302821FF302821FF302821FF302821FF302821FF302821FF302821FF302821FF302821FF302821FF302821FF302821FF302821FF302821FF302821FF302821FF302821FF302821FF302821FF302821FF302821FF302821FF302821FF302821FF302821FF302821FF302821FF30
310
2821FF302821FF302821FF302821FF302821FF302821FF302821FF302821FF302821FF302821FF302821FF302821FF302821FF302821FF302821FF302821FF302821FF302821FF302821FF302821FF302821FF302821FF302821FF302821FF302821FF302821FF302821FF302821FF302821FF302821FF302821FF302821FF
310
302821FF302821FF302821FF302821FF302821FF302821FF302821FF302821FF302821FF302821FF302821FF302821FF302821FF302821FF302821FF302821FF302821FF302821FF302821FF302821FF302821FF302821FF302821FF302821FF302821FF302821FF302821FF302821FF302821FF302821FF302821FF302821
310
FF302821FF302821FF302821FF302821FF302821FF302821FF302821FF302821FF302821FF302821FF302821FF302821FF302821FF302821FF302821FF302821FF302821FF302821FF302821FF302821FF302821FF302821FF302821FF302821FF302821FF302821FF302821FF302821FF302821FF302821FF302821FF3028
310
21FF302821FF302821FF302821FF302821FF302821FF302821FF302821FF302821FF302821FF302821FF302821FF302821FF302821FF302821FF302821FF302821FF302821FF302821FF302821FF302821FF302821FF302821FF
102
{BLKREFS
331
445
331
44B
331
447
331
5C5
331
674
331
680
331
77C
102
}
1001
ACAD
1000
DesignCenter Data
1002
{
1070
     1
1070
     2
1002
}
  0
BLOCK_RECORD
  5
442
330
1
100
AcDbSymbolTableRecord
100
AcDbBlockTableRecord
  2
D2
340
0
310
28000000280000002800000001002000000000000019000001000000010000000000000000000000302821FF302821FF302821FF302821FF302821FF302821FF302821FF302821FF302821FF302821FF302821FF302821FF302821FF302821FF302821FF302821FF302821FF302821FF302821FF302821FF302821FF302821
310
FF302821FF302821FF302821FF302821FF302821FF302821FF302821FF302821FF302821FF302821FF302821FF302821FF302821FF302821FF302821FF302821FF302821FF302821FF302821FF302821FF302821FF302821FF302821FF302821FF302821FF302821FF302821FF302821FF302821FF302821FF302821FF3028
310
21FF302821FF302821FF302821FF302821FF302821FF302821FF302821FF302821FF302821FF302821FF302821FF302821FF302821FF302821FF302821FF302821FF302821FF302821FF302821FF302821FF302821FF302821FF302821FF302821FF302821FF302821FF302821FF302821FF302821FF302821FF302821FF30
310
2821FF302821FF302821FF302821FF302821FF302821FF302821FF302821FF302821FF302821FF302821FF302821FF302821FF302821FF302821FF302821FF302821FF302821FF302821FF302821FF302821FF302821FF302821FF302821FF302821FF302821FF302821FF302821FF302821FF302821FF302821FF302821FF
310
302821FF302821FF302821FF302821FF302821FF302821FF302821FF302821FF302821FF302821FF302821FF302821FF302821FF302821FF302821FF302821FF302821FF302821FF302821FF302821FF302821FF302821FF302821FF302821FF302821FF302821FF302821FF302821FF302821FF302821FF302821FF302821
310
FF302821FF302821FF302821FF302821FF302821FF302821FF302821FF302821FF302821FF302821FF302821FF302821FF302821FFFFFFFFFFFFFFFFFFFFFFFFFFFFFFFFFFFFFFFFFFFFFFFFFFFFFFFFFFFFFFFFFFFFFFFFFFFFFFFFFFFFFFFFFF302821FF302821FF302821FF302821FF302821FF302821FF302821FF3028
310
21FF302821FF302821FF302821FF302821FF302821FF302821FF302821FF302821FF302821FF302821FF302821FF302821FF302821FF302821FF302821FF302821FF302821FF302821FF302821FF302821FF302821FFFFFFFFFFFFFFFFFF302821FFFFFFFFFF302821FF302821FFFFFFFFFF302821FF302821FFFFFFFFFFFF
310
FFFFFFFFFFFFFFFFFFFFFFFFFFFFFFFFFFFFFF302821FF302821FF302821FF302821FF302821FF302821FF302821FF302821FF302821FF302821FF302821FF302821FF302821FF302821FF302821FF302821FF302821FF302821FF302821FF302821FF302821FF302821FF302821FF302821FF302821FFFFFFFFFFFFFFFFFF
310
302821FFFFFFFFFF302821FF302821FFFFFFFFFF302821FF302821FFFFFFFFFFFFFFFFFF302821FF302821FF302821FF302821FFFFFFFFFFFFFFFFFF302821FF302821FF302821FF302821FF302821FF302821FF302821FF302821FF302821FF302821FF302821FF302821FF302821FF302821FF302821FF302821FF302821
310
FF302821FF302821FF302821FF302821FF302821FF302821FFFFFFFFFFFFFFFFFF302821FFFFFFFFFF302821FF302821FFFFFFFFFF302821FF302821FFFFFFFFFFFFFFFFFF302821FF302821FF302821FF302821FF302821FF302821FFFFFFFFFFFFFFFFFF302821FF302821FF302821FF302821FF302821FF302821FF3028
310
21FF302821FF302821FF302821FF302821FF302821FF302821FF302821FF302821FF302821FF302821FF302821FF302821FF302821FF302821FFFFFFFFFFFFFFFFFF302821FFFFFFFFFF302821FF302821FFFFFFFFFF302821FF302821FFFFFFFFFFFFFFFFFF302821FF302821FF302821FF302821FF302821FF302821FF30
310
2821FF302821FFFFFFFFFFFFFFFFFF302821FF302821FF302821FF302821FF302821FF302821FF302821FF302821FF302821FF302821FF302821FF302821FF302821FF302821FF302821FF302821FF302821FF302821FF302821FFFFFFFFFFFFFFFFFF302821FFFFFFFFFF302821FF302821FFFFFFFFFF302821FF302821FF
310
FFFFFFFFFFFFFFFF302821FF302821FF302821FF302821FF302821FF302821FF302821FF302821FF302821FF302821FFFFFFFFFF302821FF302821FF302821FF302821FF302821FF302821FF302821FF302821FF302821FF302821FF302821FF302821FF302821FF302821FF302821FF302821FF302821FF302821FFFFFFFF
310
FFFFFFFFFF302821FFFFFFFFFF302821FF302821FFFFFFFFFF302821FF302821FFFFFFFFFFFFFFFFFF302821FF302821FF302821FF302821FF302821FF302821FF302821FF302821FF302821FF302821FF302821FFFFFFFFFF302821FF302821FF302821FF302821FF302821FF302821FF302821FF302821FF302821FF3028
310
21FF302821FF302821FF302821FF302821FF302821FF302821FF302821FFFFFFFFFFFFFFFFFF302821FFFFFFFFFF302821FF302821FFFFFFFFFF302821FF302821FFFFFFFFFFFFFFFFFF302821FF302821FF302821FF302821FF302821FF302821FF302821FF302821FF302821FF302821FF302821FF302821FFFFFFFFFFFF
310
FFFFFF302821FF302821FF302821FF302821FF302821FF302821FF302821FF302821FF302821FF302821FF302821FF302821FF302821FF302821FF302821FFFFFFFFFFFFFFFFFF302821FFFFFFFFFF302821FF302821FFFFFFFFFF302821FF302821FFFFFFFFFFFFFFFFFF302821FF302821FF302821FF302821FF302821FF
310
302821FF302821FF302821FF302821FF302821FF302821FF302821FF302821FF302821FFFFFFFFFF302821FF302821FF302821FF302821FF302821FF302821FF302821FF302821FF302821FF302821FF302821FF302821FF302821FF302821FF302821FF302821FF302821FFFFFFFFFF302821FF302821FFFFFFFFFF302821
310
FF302821FF302821FF302821FF302821FF302821FF302821FF302821FF302821FF302821FF302821FF302821FF302821FF302821FF302821FF302821FF302821FF302821FF302821FFFFFFFFFF302821FF302821FF302821FF302821FF302821FF302821FF302821FF302821FF302821FF302821FF302821FF302821FF3028
310
21FF302821FF302821FF302821FFFFFFFFFF302821FF302821FFFFFFFFFF302821FF302821FF302821FF302821FF302821FF302821FF302821FF302821FF302821FF302821FF302821FF302821FF302821FF302821FF302821FF302821FF302821FF302821FF302821FF302821FFFFFFFFFF302821FF302821FF302821FF30
310
2821FF302821FF302821FF302821FF302821FF302821FF302821FF302821FF302821FF302821FF302821FF302821FFFFFFFFFF302821FF302821FFFFFFFFFF302821FF302821FF302821FF302821FF302821FF302821FF302821FF302821FF302821FF302821FF302821FF302821FF302821FF302821FF302821FF302821FF
310
302821FF302821FF302821FF302821FF302821FFFFFFFFFF302821FF302821FF302821FF302821FF302821FF302821FF302821FF302821FF302821FF302821FF302821FF302821FF302821FF302821FFFFFFFFFF302821FF302821FFFFFFFFFF302821FF302821FF302821FF302821FF302821FF302821FF302821FF302821
310
FF302821FF302821FF302821FF302821FF302821FF302821FF302821FF302821FF302821FF302821FF302821FF302821FF302821FFFFFFFFFF302821FF302821FF302821FF302821FF302821FF302821FF302821FF302821FF302821FF302821FF302821FF302821FF302821FF302821FFFFFFFFFF302821FF302821FFFFFF
310
FFFF302821FF302821FF302821FF302821FF302821FF302821FF302821FF302821FF302821FF302821FF302821FF302821FF302821FF302821FF302821FF302821FF302821FF302821FF302821FF302821FF302821FF302821FFFFFFFFFF302821FF302821FF302821FF302821FF302821FF302821FF302821FF302821FF30
310
2821FF302821FF302821FF302821FF302821FFFFFFFFFF302821FF302821FFFFFFFFFF302821FF302821FF302821FF302821FF302821FF302821FF302821FF302821FF302821FF302821FF302821FF302821FF302821FF302821FF302821FF302821FF302821FF302821FF302821FF302821FF302821FF302821FF302821FF
310
FFFFFFFF302821FF302821FF302821FF302821FF302821FF302821FF302821FF302821FF302821FF302821FF302821FF302821FFFFFFFFFF302821FF302821FFFFFFFFFF302821FF302821FF302821FF302821FF302821FF302821FF302821FF302821FF302821FF302821FF302821FF302821FF302821FF302821FF302821
310
FF302821FF302821FF302821FF302821FF302821FF302821FF302821FF302821FF302821FFFFFFFFFF302821FF302821FF302821FF302821FF302821FF302821FF302821FF302821FF302821FF302821FF302821FFFFFFFFFF302821FF302821FFFFFFFFFF302821FF302821FF302821FF302821FF302821FF302821FF3028
310
21FF302821FF302821FF302821FF302821FF302821FF302821FF302821FF302821FF302821FF302821FF302821FF302821FF302821FF302821FF302821FF302821FF302821FFFFFFFFFF302821FF302821FF302821FF302821FF302821FF302821FF302821FF302821FF302821FF302821FF302821FFFFFFFFFF302821FF30
310
2821FFFFFFFFFF302821FF302821FF302821FF302821FF302821FF302821FF302821FF302821FF302821FF302821FF302821FF302821FF302821FF302821FF302821FF302821FF302821FF302821FF302821FF302821FF302821FF302821FF302821FF302821FF302821FFFFFFFFFF302821FF302821FF302821FF302821FF
310
302821FF302821FF302821FF302821FF302821FF302821FFFFFFFFFF302821FF302821FFFFFFFFFF302821FF302821FF302821FF302821FF302821FF302821FF302821FF302821FF302821FF302821FF302821FF302821FF302821FF302821FF302821FF302821FF302821FF302821FF302821FF302821FF302821FF302821
310
FF302821FF302821FF302821FFFFFFFFFF302821FF302821FF302821FF302821FF302821FF302821FF302821FF302821FF302821FF302821FFFFFFFFFF302821FF302821FFFFFFFFFF302821FF302821FF302821FF302821FF302821FF302821FF302821FF302821FF302821FF302821FF302821FF302821FF302821FF3028
310
21FF302821FF302821FF302821FF302821FF302821FF302821FF302821FF302821FF302821FF302821FF302821FF302821FFFFFFFFFF302821FF302821FF302821FF302821FF302821FF302821FF302821FF302821FF302821FFFFFFFFFF302821FF302821FFFFFFFFFF302821FF302821FF302821FF302821FF302821FF30
310
2821FF302821FF302821FF302821FF302821FF302821FF302821FF302821FF302821FF302821FF302821FF302821FF302821FF302821FF302821FF302821FF302821FF302821FF302821FF302821FF302821FFFFFFFFFF302821FF302821FF302821FF302821FF302821FF302821FF302821FF302821FF302821FFFFFFFFFF
310
302821FF302821FFFFFFFFFF302821FF302821FF302821FF302821FF302821FF302821FF302821FF302821FF302821FF302821FF302821FF302821FF302821FF302821FF302821FF302821FF302821FF302821FF302821FF302821FF302821FF302821FF302821FF302821FF302821FF302821FF302821FFFFFFFFFF302821
310
FF302821FF302821FF302821FF302821FF302821FF302821FF302821FFFFFFFFFF302821FF302821FFFFFFFFFF302821FF302821FF302821FF302821FF302821FF302821FF302821FF302821FF302821FF302821FF302821FF302821FF302821FF302821FF302821FF302821FF302821FF302821FF302821FF302821FF3028
310
21FF302821FF302821FF302821FF302821FF302821FF302821FFFFFFFFFF302821FF302821FF302821FF302821FF302821FF302821FF302821FF302821FFFFFFFFFF302821FF302821FFFFFFFFFF302821FF302821FF302821FF302821FF302821FF302821FF302821FF302821FF302821FF302821FF302821FF302821FF30
310
2821FF302821FF302821FF302821FF302821FF302821FF302821FF302821FF302821FF302821FF302821FF302821FF302821FF302821FF302821FFFFFFFFFF302821FF302821FF302821FF302821FF302821FF302821FF302821FF302821FFFFFFFFFF302821FF302821FFFFFFFFFF302821FF302821FF302821FF302821FF
310
302821FF302821FF302821FF302821FF302821FF302821FF302821FF302821FF302821FF302821FF302821FF302821FF302821FF302821FF302821FF302821FF302821FF302821FF302821FF302821FF302821FF302821FF302821FF302821FFFFFFFFFF302821FF302821FF302821FF302821FF302821FF302821FF302821
310
FFFFFFFFFF302821FF302821FFFFFFFFFF302821FF302821FF302821FF302821FF302821FF302821FF302821FF302821FF302821FF302821FF302821FF302821FF302821FF302821FF302821FF302821FF302821FF302821FF302821FF302821FF302821FF302821FF302821FF302821FF302821FF302821FF302821FF3028
310
21FFFFFFFFFF302821FF302821FF302821FF302821FF302821FF302821FF302821FFFFFFFFFF302821FF302821FFFFFFFFFF302821FF302821FF302821FF302821FF302821FF302821FF302821FF302821FF302821FF302821FF302821FF302821FF302821FF302821FF302821FF302821FF302821FF302821FF302821FF30
310
2821FF302821FF302821FF302821FF302821FF302821FF302821FF302821FF302821FFFFFFFFFF302821FF302821FF302821FF302821FF302821FF302821FF302821FFFFFFFFFF302821FF302821FFFFFFFFFF302821FF302821FF302821FF302821FF302821FF302821FF302821FF302821FF302821FF302821FF302821FF
310
302821FF302821FF302821FF302821FF302821FF302821FF302821FF302821FF302821FF302821FF302821FF302821FF302821FF302821FF302821FF302821FF302821FFFFFFFFFF302821FF302821FF302821FF302821FF302821FF302821FF302821FFFFFFFFFF302821FF302821FFFFFFFFFF302821FF302821FF302821
310
FF302821FF302821FF302821FF302821FF302821FF302821FF302821FF302821FF302821FF302821FF302821FF302821FF302821FF302821FF302821FF302821FF302821FF302821FF302821FF302821FF302821FF302821FF302821FF302821FF302821FFFFFFFFFF302821FF302821FF302821FF302821FF302821FF3028
310
21FF302821FFFFFFFFFF302821FF302821FFFFFFFFFF302821FF302821FF302821FF302821FF302821FF302821FF302821FF302821FF302821FF302821FF302821FF302821FF302821FF302821FF302821FF302821FF302821FF302821FF302821FF302821FF302821FF302821FF302821FF302821FF302821FF302821FF30
310
2821FF302821FFFFFFFFFF302821FF302821FF302821FF302821FF302821FF302821FF302821FFFFFFFFFF302821FF302821FFFFFFFFFF302821FF302821FF302821FF302821FF302821FF302821FF302821FF302821FF302821FF302821FF302821FF302821FF302821FF302821FF302821FF302821FF302821FF302821FF
310
302821FF302821FF302821FF302821FF302821FF302821FF302821FF302821FF302821FF302821FFFFFFFFFF302821FF302821FF302821FF302821FF302821FF302821FF302821FFFFFFFFFFFFFFFFFFFFFFFFFFFFFFFFFFFFFFFFFFFFFFFFFFFFFFFFFFFFFFFFFFFFFFFFFFFFFFFFFFFFFFFFFFFFFFFFFFFFFFFFFFFFFFFF
310
FFFFFFFFFFFFFFFFFFFFFFFFFFFFFFFFFFFFFFFFFFFFFFFFFFFFFFFFFFFFFFFFFFFFFFFFFFFFFFFFFFFFFFFFFFFFFFFFFFFFFFFFFFFFFFFFFFFFFFFFFFFFFFFFFFFFFFFFFFFFFFFFFFFFFFFFFF302821FF302821FF302821FF302821FF302821FF302821FF302821FF302821FF302821FF302821FF302821FF302821FF3028
310
21FF302821FF302821FF302821FF302821FF302821FF302821FF302821FF302821FF302821FF302821FF302821FF302821FF302821FF302821FF302821FF302821FF302821FF302821FF302821FF302821FF302821FF302821FF302821FF302821FF302821FF302821FF302821FF302821FF302821FF302821FF302821FF30
310
2821FF302821FF302821FF302821FF302821FF302821FF302821FF302821FF302821FF302821FF302821FF302821FF302821FF302821FF302821FF302821FF302821FF302821FF302821FF302821FF302821FF302821FF302821FF302821FF302821FF302821FF302821FF302821FF302821FF302821FF302821FF302821FF
310
302821FF302821FF302821FF302821FF302821FF302821FF302821FF302821FF302821FF302821FF302821FF302821FF302821FF302821FF302821FF302821FF302821FF302821FF302821FF302821FF302821FF302821FF302821FF302821FF302821FF302821FF302821FF302821FF302821FF302821FF302821FF302821
310
FF302821FF302821FF302821FF302821FF302821FF302821FF302821FF302821FF302821FF302821FF302821FF302821FF302821FF302821FF302821FF302821FF302821FF302821FF302821FF302821FF302821FF302821FF302821FF302821FF302821FF302821FF302821FF302821FF302821FF302821FF302821FF3028
310
21FF302821FF302821FF302821FF302821FF302821FF302821FF302821FF302821FF302821FF302821FF302821FF302821FF302821FF302821FF302821FF302821FF302821FF302821FF302821FF302821FF302821FF302821FF
102
{BLKREFS
331
44C
102
}
1001
ACAD
1000
DesignCenter Data
1002
{
1070
     1
1070
     2
1002
}
  0
BLOCK_RECORD
  5
448
330
1
100
AcDbSymbolTableRecord
100
AcDbBlockTableRecord
  2
D4
340
0
310
28000000280000002800000001002000000000000019000001000000010000000000000000000000302821FF302821FF302821FF302821FF302821FF302821FF302821FF302821FF302821FF302821FF302821FF302821FF302821FF302821FF302821FF302821FF302821FF302821FF302821FF302821FF302821FF302821
310
FF302821FF302821FF302821FF302821FF302821FF302821FF302821FF302821FF302821FF302821FF302821FF302821FF302821FF302821FF302821FF302821FF302821FF302821FF302821FF302821FF302821FF302821FF302821FF302821FF302821FF302821FF302821FF302821FF302821FF302821FF302821FF3028
310
21FF302821FF302821FF302821FF302821FF302821FF302821FF302821FF302821FF302821FF302821FF302821FF302821FF302821FF302821FF302821FF302821FF302821FF302821FF302821FF302821FF302821FF302821FF302821FF302821FF302821FF302821FF302821FF302821FF302821FF302821FF302821FF30
310
2821FF302821FF302821FF302821FF302821FF302821FF302821FF302821FF302821FF302821FF302821FF302821FF302821FF302821FF302821FF302821FF302821FF302821FF302821FF302821FF302821FF302821FF302821FF302821FF302821FF302821FF302821FF302821FF302821FF302821FF302821FF302821FF
310
302821FF302821FF302821FF302821FF302821FF302821FF302821FF302821FF302821FF302821FF302821FF302821FF302821FF302821FF302821FF302821FF302821FF302821FF302821FF302821FF302821FF302821FF302821FF302821FF302821FF302821FF302821FF302821FF302821FF302821FF302821FF302821
310
FF302821FF302821FF302821FF302821FF302821FF302821FF302821FF302821FF302821FF302821FF302821FF302821FF302821FF302821FF302821FF302821FF302821FF302821FF302821FF302821FF302821FF302821FF302821FF302821FF302821FF302821FF302821FF302821FF302821FF302821FF302821FF3028
310
21FF302821FF302821FF302821FF302821FF302821FF302821FF302821FF302821FF302821FF302821FF302821FF302821FF302821FF302821FF302821FF302821FF302821FF302821FF302821FF302821FF302821FF302821FF302821FF302821FF302821FF302821FF302821FF302821FF302821FF302821FF302821FF30
310
2821FF302821FF302821FF302821FF302821FF302821FF302821FF302821FF302821FF302821FF302821FF302821FF302821FF302821FF302821FF302821FF302821FF302821FF302821FF302821FF302821FF302821FF302821FF302821FF302821FF302821FF302821FF302821FF302821FF302821FF302821FF302821FF
310
302821FF302821FF302821FF302821FF302821FF302821FF302821FF302821FF302821FF302821FF302821FF302821FF302821FF302821FF302821FF302821FF302821FF302821FF302821FF302821FF302821FF302821FF302821FF302821FF302821FF302821FF302821FF302821FF302821FF302821FF302821FF302821
310
FF302821FF302821FF302821FF302821FF302821FF302821FF302821FF302821FF302821FF302821FF302821FF302821FF302821FF302821FF302821FF302821FF302821FF302821FF302821FF302821FF302821FF302821FF302821FF302821FF302821FF302821FF302821FF302821FF302821FF302821FF302821FF3028
310
21FF302821FF302821FF302821FF302821FF302821FF302821FF302821FF302821FF302821FF302821FF302821FF302821FF302821FF302821FF302821FF302821FF302821FF302821FF302821FF302821FF302821FF302821FF302821FF302821FF302821FF302821FF302821FF302821FF302821FF302821FF302821FF30
310
2821FF302821FF302821FF302821FF302821FF302821FF302821FF302821FF302821FF302821FF302821FF302821FF302821FF302821FF302821FF302821FF302821FF302821FF302821FF302821FF302821FF302821FF302821FF302821FF302821FF302821FF302821FF302821FF302821FF302821FF302821FF302821FF
310
302821FF302821FF302821FF302821FF302821FF302821FF302821FF302821FF302821FF302821FF302821FF302821FF302821FF302821FF302821FF302821FF302821FF302821FF302821FF302821FF302821FF302821FF302821FF302821FF302821FF302821FF302821FF302821FF302821FF302821FF302821FF302821
310
FF302821FF302821FF302821FF302821FF302821FF302821FF302821FF302821FF302821FF302821FF302821FF302821FF302821FF302821FF302821FF302821FF302821FF302821FF302821FF302821FF302821FF302821FF302821FF302821FF302821FF302821FF302821FF302821FF302821FF302821FF302821FF3028
310
21FF302821FF302821FF302821FF302821FF302821FF302821FF302821FF302821FF302821FF302821FF302821FF302821FF302821FF302821FF302821FF302821FF302821FF302821FF302821FF302821FF302821FF302821FF302821FF302821FF302821FF302821FF302821FF302821FF302821FF302821FF302821FF30
310
2821FF302821FF302821FF302821FF302821FF302821FF302821FF302821FF302821FF302821FF302821FF302821FF302821FF302821FF302821FF302821FF302821FF302821FFFFFFFFFFFFFFFFFFFFFFFFFFFFFFFFFFFFFFFFFFFFFFFFFFFFFFFFFFFFFFFFFFFFFFFFFFFFFFFFFFFFFFFFFFFFFFFFFFFFFFFFFFFFFFFFFF
310
FFFFFFFFFFFFFFFFFFFFFFFFFFFFFFFFFFFFFFFFFFFFFFFFFFFFFFFFFFFFFFFFFFFFFFFFFFFFFFFFFFFFFFFFFFFFFFFFFFFFFFFFFFFFFFFFFFFFFFFFFFFFFFFFFFFFFFFFFFFFFFFF302821FF302821FF302821FF302821FF302821FF302821FF302821FF302821FFFFFFFFFFFFFFFFFF302821FF302821FF302821FF302821
310
FF302821FF302821FF302821FF302821FF302821FF302821FF302821FF302821FF302821FFFFFFFFFF302821FF302821FF302821FF302821FF302821FF302821FF302821FF302821FF302821FF302821FF302821FF302821FF302821FF302821FFFFFFFFFFFFFFFFFF302821FF302821FF302821FF302821FF302821FF3028
310
21FF302821FF302821FFFFFFFFFFFFFFFFFF302821FF302821FF302821FF302821FF302821FF302821FF302821FF302821FF302821FF302821FF302821FF302821FF302821FFFFFFFFFFFFFFFFFF302821FF302821FF302821FF302821FF302821FF302821FF302821FF302821FF302821FF302821FF302821FF302821FF30
310
2821FFFFFFFFFFFFFFFFFF302821FF302821FF302821FF302821FF302821FF302821FF302821FF302821FFFFFFFFFFFFFFFFFF302821FF302821FF302821FF302821FF302821FF302821FF302821FF302821FF302821FF302821FF302821FF302821FF302821FFFFFFFFFFFFFFFFFF302821FF302821FF302821FF302821FF
310
302821FF302821FF302821FF302821FF302821FF302821FF302821FF302821FF302821FFFFFFFFFFFFFFFFFF302821FF302821FF302821FF302821FF302821FF302821FF302821FF302821FFFFFFFFFFFFFFFFFF302821FF302821FF302821FF302821FF302821FF302821FF302821FF302821FF302821FF302821FF302821
310
FF302821FF302821FFFFFFFFFFFFFFFFFF302821FF302821FF302821FF302821FF302821FF302821FF302821FF302821FF302821FF302821FF302821FF302821FF302821FFFFFFFFFFFFFFFFFF302821FF302821FF302821FF302821FF302821FF302821FF302821FF302821FFFFFFFFFFFFFFFFFF302821FF302821FF3028
310
21FF302821FF302821FF302821FF302821FF302821FF302821FF302821FF302821FF302821FFFFFFFFFF302821FF302821FFFFFFFFFF302821FF302821FF302821FF302821FF302821FF302821FF302821FF302821FF302821FF302821FF302821FF302821FFFFFFFFFFFFFFFFFF302821FF302821FF302821FF302821FF30
310
2821FF302821FF302821FF302821FFFFFFFFFFFFFFFFFF302821FF302821FF302821FF302821FF302821FF302821FF302821FF302821FF302821FF302821FF302821FF302821FFFFFFFFFF302821FF302821FFFFFFFFFF302821FF302821FF302821FF302821FF302821FF302821FF302821FF302821FF302821FF302821FF
310
302821FF302821FFFFFFFFFFFFFFFFFF302821FF302821FF302821FF302821FF302821FF302821FF302821FF302821FFFFFFFFFFFFFFFFFF302821FF302821FF302821FF302821FF302821FF302821FF302821FF302821FF302821FF302821FF302821FF302821FFFFFFFFFF302821FF302821FF302821FFFFFFFFFF302821
310
FF302821FF302821FF302821FF302821FF302821FF302821FF302821FF302821FF302821FF302821FFFFFFFFFFFFFFFFFF302821FF302821FF302821FF302821FF302821FF302821FF302821FF302821FFFFFFFFFFFFFFFFFF302821FF302821FF302821FF302821FF302821FF302821FF302821FF302821FF302821FF3028
310
21FF302821FFFFFFFFFF302821FF302821FF302821FF302821FFFFFFFFFF302821FF302821FF302821FF302821FF302821FF302821FF302821FF302821FF302821FF302821FF302821FFFFFFFFFFFFFFFFFF302821FF302821FF302821FF302821FF302821FF302821FF302821FF302821FFFFFFFFFFFFFFFFFF302821FF30
310
2821FF302821FF302821FF302821FF302821FF302821FF302821FF302821FF302821FFFFFFFFFF302821FF302821FF302821FF302821FF302821FF302821FFFFFFFFFF302821FF302821FF302821FF302821FF302821FF302821FF302821FF302821FF302821FF302821FFFFFFFFFFFFFFFFFF302821FF302821FF302821FF
310
302821FF302821FF302821FF302821FF302821FFFFFFFFFFFFFFFFFF302821FF302821FF302821FF302821FF302821FF302821FF302821FF302821FF302821FF302821FFFFFFFFFF302821FF302821FF302821FF302821FF302821FF302821FFFFFFFFFF302821FF302821FF302821FF302821FF302821FF302821FF302821
310
FF302821FF302821FF302821FFFFFFFFFFFFFFFFFF302821FF302821FF302821FF302821FF302821FF302821FFFFFFFFFF302821FFFFFFFFFFFFFFFFFFFFFFFFFFFFFFFFFF302821FF302821FF302821FF302821FF302821FF302821FF302821FFFFFFFFFF302821FF302821FF302821FF302821FF302821FF302821FF3028
310
21FF302821FFFFFFFFFF302821FF302821FF302821FF302821FF302821FF302821FF302821FFFFFFFFFFFFFFFFFFFFFFFFFFFFFFFFFF302821FFFFFFFFFF302821FF302821FF302821FF302821FFFFFFFFFF302821FFFFFFFFFFFFFFFFFFFFFFFFFFFFFFFFFF302821FF302821FF302821FF302821FF302821FFFFFFFFFFFF
310
FFFFFF302821FF302821FF302821FF302821FF302821FF302821FF302821FF302821FF302821FF302821FFFFFFFFFFFFFFFFFF302821FF302821FF302821FF302821FF302821FFFFFFFFFFFFFFFFFFFFFFFFFFFFFFFFFF302821FFFFFFFFFF302821FF302821FF302821FF302821FFFFFFFFFF302821FFFFFFFFFFFFFFFFFF
310
FFFFFFFFFFFFFFFF302821FF302821FF302821FFFFFFFFFFFFFFFFFF302821FF302821FF302821FF302821FF302821FF302821FF302821FF302821FF302821FF302821FF302821FF302821FF302821FF302821FFFFFFFFFFFFFFFFFF302821FF302821FF302821FFFFFFFFFFFFFFFFFFFFFFFFFFFFFFFFFF302821FFFFFFFF
310
FF302821FF302821FF302821FF302821FFFFFFFFFF302821FFFFFFFFFFFFFFFFFFFFFFFFFFFFFFFFFF302821FFFFFFFFFFFFFFFFFF302821FF302821FF302821FF302821FF302821FF302821FF302821FF302821FF302821FF302821FF302821FF302821FF302821FF302821FF302821FF302821FF302821FF302821FFFFFF
310
FFFFFFFFFFFF302821FFFFFFFFFFFFFFFFFFFFFFFFFFFFFFFFFF302821FFFFFFFFFF302821FF302821FF302821FF302821FFFFFFFFFFFFFFFFFFFFFFFFFFFFFFFFFFFFFFFFFFFFFFFFFFFFFFFFFF302821FF302821FF302821FF302821FF302821FF302821FF302821FF302821FF302821FF302821FF302821FF302821FF30
310
2821FF302821FF302821FF302821FF302821FF302821FF302821FF302821FF302821FF302821FFFFFFFFFFFFFFFFFFFFFFFFFFFFFFFFFFFFFFFFFFFFFFFFFFFFFFFFFF302821FF302821FF302821FF302821FF302821FF302821FF302821FF302821FF302821FF302821FF302821FF302821FF302821FF302821FF302821FF
310
302821FF302821FF302821FF302821FF302821FF302821FF302821FF302821FF302821FF302821FF302821FF302821FF302821FF302821FF302821FF302821FF302821FF302821FF302821FF302821FF302821FF302821FF302821FF302821FF302821FF302821FF302821FF302821FF302821FF302821FF302821FF302821
310
FF302821FF302821FF302821FF302821FF302821FF302821FF302821FF302821FF302821FF302821FF302821FF302821FF302821FF302821FF302821FF302821FF302821FF302821FF302821FF302821FF302821FF302821FF302821FF302821FF302821FF302821FF302821FF302821FF302821FF302821FF302821FF3028
310
21FF302821FF302821FF302821FF302821FF302821FF302821FF302821FF302821FF302821FF302821FF302821FF302821FF302821FF302821FF302821FF302821FF302821FF302821FF302821FF302821FF302821FF302821FF302821FF302821FF302821FF302821FF302821FF302821FF302821FF302821FF302821FF30
310
2821FF302821FF302821FF302821FF302821FF302821FF302821FF302821FF302821FF302821FF302821FF302821FF302821FF302821FF302821FF302821FF302821FF302821FF302821FF302821FF302821FF302821FF302821FF302821FF302821FF302821FF302821FF302821FF302821FF302821FF302821FF302821FF
310
302821FF302821FF302821FF302821FF302821FF302821FF302821FF302821FF302821FF302821FF302821FF302821FF302821FF302821FF302821FF302821FF302821FF302821FF302821FF302821FF302821FF302821FF302821FF302821FF302821FF302821FF302821FF302821FF302821FF302821FF302821FF302821
310
FF302821FF302821FF302821FF302821FF302821FF302821FF302821FF302821FF302821FF302821FF302821FF302821FF302821FF302821FF302821FF302821FF302821FF302821FF302821FF302821FF302821FF302821FF302821FF302821FF302821FF302821FF302821FF302821FF302821FF302821FF302821FF3028
310
21FF302821FF302821FF302821FF302821FF302821FF302821FF302821FF302821FF302821FF302821FF302821FF302821FF302821FF302821FF302821FF302821FF302821FF302821FF302821FF302821FF302821FF302821FF302821FF302821FF302821FF302821FF302821FF302821FF302821FF302821FF302821FF30
310
2821FF302821FF302821FF302821FF302821FF302821FF302821FF302821FF302821FF302821FF302821FF302821FF302821FF302821FF302821FF302821FF302821FF302821FF302821FF302821FF302821FF302821FF302821FF302821FF302821FF302821FF302821FF302821FF302821FF302821FF302821FF302821FF
310
302821FF302821FF302821FF302821FF302821FF302821FF302821FF302821FF302821FF302821FF302821FF302821FF302821FF302821FF302821FF302821FF302821FF302821FF302821FF302821FF302821FF302821FF302821FF302821FF302821FF302821FF302821FF302821FF302821FF302821FF302821FF302821
310
FF302821FF302821FF302821FF302821FF302821FF302821FF302821FF302821FF302821FF302821FF302821FF302821FF302821FF302821FF302821FF302821FF302821FF302821FF302821FF302821FF302821FF302821FF302821FF302821FF302821FF302821FF302821FF302821FF302821FF302821FF302821FF3028
310
21FF302821FF302821FF302821FF302821FF302821FF302821FF302821FF302821FF302821FF302821FF302821FF302821FF302821FF302821FF302821FF302821FF302821FF302821FF302821FF302821FF302821FF302821FF302821FF302821FF302821FF302821FF302821FF302821FF302821FF302821FF302821FF30
310
2821FF302821FF302821FF302821FF302821FF302821FF302821FF302821FF302821FF302821FF302821FF302821FF302821FF302821FF302821FF302821FF302821FF302821FF302821FF302821FF302821FF302821FF302821FF302821FF302821FF302821FF302821FF302821FF302821FF302821FF302821FF302821FF
310
302821FF302821FF302821FF302821FF302821FF302821FF302821FF302821FF302821FF302821FF302821FF302821FF302821FF302821FF302821FF302821FF302821FF302821FF302821FF302821FF302821FF302821FF302821FF302821FF302821FF302821FF302821FF302821FF302821FF302821FF302821FF302821
310
FF302821FF302821FF302821FF302821FF302821FF302821FF302821FF302821FF302821FF302821FF302821FF302821FF302821FF302821FF302821FF302821FF302821FF302821FF302821FF302821FF302821FF302821FF302821FF302821FF302821FF302821FF302821FF302821FF302821FF302821FF302821FF3028
310
21FF302821FF302821FF302821FF302821FF302821FF302821FF302821FF302821FF302821FF302821FF302821FF302821FF302821FF302821FF302821FF302821FF302821FF302821FF302821FF302821FF302821FF302821FF
102
{BLKREFS
331
5DA
102
}
1001
ACAD
1000
DesignCenter Data
1002
{
1070
     1
1070
     2
1002
}
  0
BLOCK_RECORD
  5
568
330
1
100
AcDbSymbolTableRecord
100
AcDbBlockTableRecord
  2
pillar
340
0
310
28000000280000002800000001002000000000000019000001000000010000000000000000000000302821FF302821FF302821FF302821FF302821FF302821FF302821FF302821FF302821FF302821FF302821FF302821FF302821FF302821FF302821FF302821FF302821FF302821FF302821FF302821FF302821FF302821
310
FF302821FF302821FF302821FF302821FF302821FF302821FF302821FF302821FF302821FF302821FF302821FF302821FF302821FF302821FF302821FF302821FF302821FF302821FF302821FF302821FF302821FF302821FF302821FF302821FF302821FF302821FF302821FF302821FF302821FF302821FF302821FF3028
310
21FF302821FF302821FF302821FF302821FF302821FF302821FF302821FF302821FF302821FF302821FF302821FF302821FF302821FF302821FF302821FF302821FF302821FF302821FF302821FF302821FF302821FF302821FF302821FF302821FF302821FF302821FF302821FF302821FFFFFFFFFFFFFFFFFFFFFFFFFFFF
310
FFFFFFFFFFFFFFFFFFFFFFFFFFFFFFFFFFFFFFFFFFFFFFFFFFFFFFFFFFFFFFFFFFFFFFFFFFFFFFFFFFFFFFFFFFFFFFFFFFFFFFFFFFFFFFFFFFFFFFFFFFFFFFFFFFFFFFFFFFFFFFFFFFFFFFFFFFFFFFFFFFFFFFFFFFFFFFFFFFFFFFFFFFFFFFFFFFFFFFFFFFFFFFFFFFFFFFFFFFFFFFFFFFFFFFFFFFFFFFFFFFFFFFFFFFFFFF
310
FFFFFFFF302821FF302821FF302821FF302821FFFFFFFFFF302821FF302821FF302821FF302821FF302821FF302821FF302821FF302821FF302821FF302821FF302821FF302821FF302821FF302821FF302821FF302821FF302821FF302821FF302821FF302821FF302821FF302821FF302821FF302821FF302821FF302821
310
FF302821FF302821FF302821FF302821FF302821FF302821FF302821FF302821FFFFFFFFFF302821FF302821FF302821FF302821FFFFFFFFFF302821FF302821FF302821FF302821FF302821FF302821FF302821FF302821FF302821FF302821FF302821FF302821FF302821FF302821FF302821FF302821FF302821FF3028
310
21FF302821FF302821FF302821FF302821FF302821FF302821FF302821FF302821FF302821FF302821FF302821FF302821FF302821FF302821FF302821FF302821FFFFFFFFFF302821FF302821FF302821FF302821FFFFFFFFFF302821FF302821FF302821FF302821FF302821FF302821FF302821FF302821FF302821FF30
310
2821FF302821FF302821FF302821FF302821FF302821FF302821FF302821FF302821FF302821FF302821FF302821FF302821FF302821FF302821FF302821FF302821FF302821FF302821FF302821FF302821FF302821FF302821FF302821FF302821FFFFFFFFFF302821FF302821FF302821FF302821FFFFFFFFFF302821FF
310
302821FF302821FF302821FF302821FF302821FF302821FF302821FF302821FF302821FF302821FF302821FF302821FF302821FF302821FF302821FF302821FF302821FF302821FF302821FF302821FF302821FF302821FF302821FF302821FF302821FF302821FF302821FF302821FF302821FF302821FF302821FF302821
310
FF302821FFFFFFFFFF302821FF302821FF302821FF302821FFFFFFFFFF302821FF302821FF302821FF302821FF302821FF302821FF302821FF302821FF302821FF302821FF302821FF302821FF302821FF302821FF302821FF302821FF302821FF302821FF302821FF302821FF302821FF302821FF302821FF302821FF3028
310
21FF302821FF302821FF302821FF302821FF302821FF302821FF302821FF302821FF302821FFFFFFFFFF302821FF302821FF302821FF302821FFFFFFFFFF302821FF302821FF302821FF302821FF302821FF302821FF302821FF302821FF302821FF302821FF302821FF302821FF302821FF302821FF302821FF302821FF30
310
2821FF302821FF302821FF302821FF302821FF302821FF302821FF302821FF302821FF302821FF302821FF302821FF302821FF302821FF302821FF302821FF302821FF302821FFFFFFFFFF302821FF302821FF302821FF302821FFFFFFFFFF302821FF302821FF302821FF302821FF302821FF302821FF302821FF302821FF
310
302821FF302821FF302821FF302821FF302821FF302821FF302821FF302821FF302821FF302821FF302821FF302821FF302821FF302821FF302821FF302821FF302821FF302821FF302821FF302821FF302821FF302821FF302821FF302821FF302821FF302821FFFFFFFFFF302821FF302821FF302821FF302821FFFFFFFF
310
FF302821FF302821FF302821FF302821FF302821FF302821FF302821FF302821FF302821FF302821FF302821FF302821FF302821FF302821FF302821FF302821FF302821FF302821FF302821FF302821FF302821FF302821FF302821FF302821FF302821FF302821FF302821FF302821FF302821FF302821FF302821FF3028
310
21FF302821FF302821FFFFFFFFFF302821FF302821FF302821FF302821FFFFFFFFFF302821FF302821FF302821FF302821FF302821FF302821FF302821FF302821FF302821FF302821FF302821FF302821FF302821FF302821FF302821FF302821FF302821FF302821FF302821FF302821FF302821FF302821FF302821FF30
310
2821FF302821FF302821FF302821FF302821FF302821FF302821FF302821FF302821FF302821FF302821FFFFFFFFFF302821FF302821FF302821FF302821FFFFFFFFFF302821FF302821FF302821FF302821FF302821FF302821FF302821FF302821FF302821FF302821FF302821FF302821FF302821FF302821FF302821FF
310
302821FF302821FF302821FF302821FF302821FF302821FF302821FF302821FF302821FF302821FF302821FF302821FF302821FF302821FF302821FF302821FF302821FF302821FF302821FFFFFFFFFF302821FF302821FF302821FF302821FFFFFFFFFF302821FF302821FF302821FF302821FF302821FF302821FF302821
310
FF302821FF302821FF302821FF302821FF302821FF302821FF302821FF302821FF302821FF302821FF302821FF302821FF302821FF302821FF302821FF302821FF302821FF302821FF302821FF302821FF302821FF302821FF302821FF302821FF302821FF302821FF302821FFFFFFFFFF302821FF302821FF302821FF3028
310
21FFFFFFFFFF302821FF302821FF302821FF302821FF302821FF302821FF302821FF302821FF302821FF302821FF302821FF302821FF302821FF302821FF302821FF302821FF302821FF302821FF302821FF302821FF302821FF302821FF302821FF302821FF302821FF302821FF302821FF302821FF302821FF302821FF30
310
2821FF302821FF302821FF302821FFFFFFFFFF302821FF302821FF302821FF302821FFFFFFFFFF302821FF302821FF302821FF302821FF302821FF302821FF302821FF302821FF302821FF302821FF302821FF302821FF302821FF302821FF302821FF302821FF302821FF302821FF302821FF302821FF302821FF302821FF
310
302821FF302821FF302821FF302821FF302821FF302821FF302821FF302821FF302821FF302821FF302821FF302821FFFFFFFFFF302821FF302821FF302821FF302821FFFFFFFFFF302821FF302821FF302821FF302821FF302821FF302821FF302821FF302821FF302821FF302821FF302821FF302821FF302821FF302821
310
FF302821FF302821FF302821FF302821FF302821FF302821FF302821FF302821FF302821FF302821FF302821FF302821FF302821FF302821FF302821FF302821FF302821FF302821FF302821FF302821FFFFFFFFFF302821FF302821FF302821FF302821FFFFFFFFFF302821FF302821FF302821FF302821FF302821FF3028
310
21FF302821FF302821FF302821FF302821FF302821FF302821FF302821FF302821FF302821FF302821FF302821FF302821FF302821FF302821FF302821FF302821FF302821FF302821FF302821FF302821FF302821FF302821FF302821FF302821FF302821FF302821FF302821FF302821FFFFFFFFFF302821FF302821FF30
310
2821FF302821FFFFFFFFFF302821FF302821FF302821FF302821FF302821FF302821FF302821FF302821FF302821FF302821FF302821FF302821FF302821FF302821FF302821FF302821FF302821FF302821FF302821FF302821FF302821FF302821FF302821FF302821FF302821FF302821FF302821FF302821FF302821FF
310
302821FF302821FF302821FF302821FF302821FFFFFFFFFF302821FF302821FF302821FF302821FFFFFFFFFF302821FF302821FF302821FF302821FF302821FF302821FF302821FF302821FF302821FF302821FF302821FF302821FF302821FF302821FF302821FF302821FF302821FF302821FF302821FF302821FF302821
310
FF302821FF302821FF302821FF302821FF302821FF302821FF302821FF302821FF302821FF302821FF302821FF302821FF302821FFFFFFFFFF302821FF302821FF302821FF302821FFFFFFFFFF302821FF302821FF302821FF302821FF302821FF302821FF302821FF302821FF302821FF302821FF302821FF302821FF3028
310
21FF302821FF302821FF302821FF302821FF302821FF302821FF302821FF302821FF302821FF302821FF302821FF302821FF302821FF302821FF302821FF302821FF302821FF302821FF302821FF302821FF302821FFFFFFFFFF302821FF302821FF302821FF302821FFFFFFFFFF302821FF302821FF302821FF302821FF30
310
2821FF302821FF302821FF302821FF302821FF302821FF302821FF302821FF302821FF302821FF302821FF302821FF302821FF302821FF302821FF302821FF302821FF302821FF302821FF302821FF302821FF302821FF302821FF302821FF302821FF302821FF302821FF302821FF302821FF302821FFFFFFFFFF302821FF
310
302821FF302821FF302821FFFFFFFFFF302821FF302821FF302821FF302821FF302821FF302821FF302821FF302821FF302821FF302821FF302821FF302821FF302821FF302821FF302821FF302821FF302821FF302821FF302821FF302821FF302821FF302821FF302821FF302821FF302821FF302821FF302821FF302821
310
FF302821FF302821FF302821FF302821FF302821FF302821FFFFFFFFFF302821FF302821FF302821FF302821FFFFFFFFFF302821FF302821FF302821FF302821FF302821FF302821FF302821FF302821FF302821FF302821FF302821FF302821FF302821FF302821FF302821FF302821FF302821FF302821FF302821FF3028
310
21FF302821FF302821FF302821FF302821FF302821FF302821FF302821FF302821FF302821FF302821FF302821FF302821FF302821FF302821FFFFFFFFFF302821FF302821FF302821FF302821FFFFFFFFFF302821FF302821FF302821FF302821FF302821FF302821FF302821FF302821FF302821FF302821FF302821FF30
310
2821FF302821FF302821FF302821FF302821FF302821FF302821FF302821FF302821FF302821FF302821FF302821FF302821FF302821FF302821FF302821FF302821FF302821FF302821FF302821FF302821FF302821FF302821FFFFFFFFFF302821FF302821FF302821FF302821FFFFFFFFFF302821FF302821FF302821FF
310
302821FF302821FF302821FF302821FF302821FF302821FF302821FF302821FF302821FF302821FF302821FF302821FF302821FF302821FF302821FF302821FF302821FF302821FF302821FF302821FF302821FF302821FF302821FF302821FF302821FF302821FF302821FF302821FF302821FF302821FF302821FFFFFFFF
310
FF302821FF302821FF302821FF302821FFFFFFFFFF302821FF302821FF302821FF302821FF302821FF302821FF302821FF302821FF302821FF302821FF302821FF302821FF302821FF302821FF302821FF302821FF302821FF302821FF302821FF302821FF302821FF302821FF302821FF302821FF302821FF302821FF3028
310
21FF302821FF302821FF302821FF302821FF302821FF302821FF302821FFFFFFFFFF302821FF302821FF302821FF302821FFFFFFFFFF302821FF302821FF302821FF302821FF302821FF302821FF302821FF302821FF302821FF302821FF302821FF302821FF302821FF302821FF302821FF302821FF302821FF302821FF30
310
2821FF302821FF302821FF302821FF302821FF302821FF302821FF302821FF302821FF302821FF302821FF302821FF302821FF302821FF302821FF302821FFFFFFFFFF302821FF302821FF302821FF302821FFFFFFFFFF302821FF302821FF302821FF302821FF302821FF302821FF302821FF302821FF302821FF302821FF
310
302821FF302821FF302821FF302821FF302821FF302821FF302821FF302821FF302821FF302821FF302821FF302821FF302821FF302821FF302821FF302821FF302821FF302821FF302821FF302821FF302821FF302821FF302821FF302821FFFFFFFFFF302821FF302821FF302821FF302821FFFFFFFFFF302821FF302821
310
FF302821FF302821FF302821FF302821FF302821FF302821FF302821FF302821FF302821FF302821FF302821FF302821FF302821FF302821FF302821FF302821FF302821FF302821FF302821FF302821FF302821FF302821FF302821FF302821FF302821FF302821FF302821FF302821FF302821FF302821FF302821FF3028
310
21FFFFFFFFFF302821FF302821FF302821FF302821FFFFFFFFFF302821FF302821FF302821FF302821FF302821FF302821FF302821FF302821FF302821FF302821FF302821FF302821FF302821FF302821FF302821FF302821FF302821FF302821FF302821FF302821FF302821FF302821FF302821FF302821FF302821FF30
310
2821FF302821FF302821FF302821FF302821FF302821FF302821FF302821FF302821FFFFFFFFFF302821FF302821FF302821FF302821FFFFFFFFFF302821FF302821FF302821FF302821FF302821FF302821FF302821FF302821FF302821FF302821FF302821FF302821FF302821FF302821FF302821FF302821FF302821FF
310
302821FF302821FF302821FF302821FF302821FF302821FF302821FF302821FF302821FF302821FF302821FF302821FF302821FF302821FF302821FF302821FF302821FFFFFFFFFF302821FF302821FF302821FF302821FFFFFFFFFF302821FF302821FF302821FF302821FF302821FF302821FF302821FF302821FF302821
310
FF302821FF302821FF302821FF302821FF302821FF302821FF302821FF302821FF302821FF302821FF302821FF302821FF302821FF302821FF302821FF302821FF302821FF302821FF302821FF302821FF302821FF302821FF302821FF302821FF302821FFFFFFFFFF302821FF302821FF302821FF302821FFFFFFFFFF3028
310
21FF302821FF302821FF302821FF302821FF302821FF302821FF302821FF302821FF302821FF302821FF302821FF302821FF302821FF302821FF302821FF302821FF302821FF302821FF302821FF302821FF302821FF302821FF302821FF302821FF302821FF302821FF302821FF302821FF302821FF302821FF302821FF30
310
2821FF302821FFFFFFFFFF302821FF302821FF302821FF302821FFFFFFFFFF302821FF302821FF302821FF302821FF302821FF302821FF302821FF302821FF302821FF302821FF302821FF302821FF302821FF302821FF302821FF302821FF302821FF302821FF302821FF302821FF302821FF302821FF302821FF302821FF
310
302821FF302821FF302821FF302821FF302821FF302821FF302821FF302821FF302821FF302821FFFFFFFFFF302821FF302821FF302821FF302821FFFFFFFFFF302821FF302821FF302821FF302821FF302821FF302821FF302821FF302821FF302821FF302821FF302821FF302821FF302821FF302821FF302821FF302821
310
FF302821FF302821FF302821FF302821FF302821FF302821FF302821FF302821FF302821FF302821FF302821FF302821FF302821FF302821FF302821FF302821FF302821FF302821FFFFFFFFFF302821FF302821FF302821FF302821FFFFFFFFFF302821FF302821FF302821FF302821FF302821FF302821FF302821FF3028
310
21FF302821FF302821FF302821FF302821FF302821FF302821FF302821FF302821FF302821FF302821FF302821FF302821FF302821FF302821FF302821FF302821FF302821FF302821FF302821FF302821FF302821FF302821FF302821FF302821FF302821FF302821FFFFFFFFFF302821FF302821FF302821FF302821FFFF
310
FFFFFFFFFFFFFFFFFFFFFFFFFFFFFFFFFFFFFFFFFFFFFFFFFFFFFFFFFFFFFFFFFFFFFFFFFFFFFFFFFFFFFFFFFFFFFFFFFFFFFFFFFFFFFFFFFFFFFFFFFFFFFFFFFFFFFFFFFFFFFFFFFFFFFFFFFFFFFFFFFFFFFFFFFFFFFFFFFFFFFFFFFFFFFFFFFFFFFFFFFFFFFFFFFFFFFFFFFFFFFFFFFFFFFFFFFFFFFFFFFFFFFFFFFFFFFF
310
FFFFFFFFFFFFFFFFFFFFFFFFFFFFFFFF302821FF302821FF302821FF302821FF302821FF302821FF302821FF302821FF302821FF302821FF302821FF302821FF302821FF302821FF302821FF302821FF302821FF302821FF302821FF302821FF302821FF302821FF302821FF302821FF302821FF302821FF302821FF302821
310
FF302821FF302821FF302821FF302821FF302821FF302821FF302821FF302821FF302821FF302821FF302821FF302821FF302821FF302821FF302821FF302821FF302821FF302821FF302821FF302821FF302821FF302821FF302821FF302821FF302821FF302821FF302821FF302821FF302821FF302821FF302821FF3028
310
21FF302821FF302821FF302821FF302821FF302821FF302821FF302821FF302821FF302821FF302821FF302821FF302821FF302821FF302821FF302821FF302821FF302821FF302821FF302821FF302821FF302821FF302821FF
102
{BLKREFS
331
5E3
331
5E9
331
56F
331
570
331
571
331
574
331
575
331
577
331
578
102
}
1001
ACAD
1000
DesignCenter Data
1002
{
1070
     1
1070
     2
1002
}
  0
BLOCK_RECORD
  5
5E0
330
1
100
AcDbSymbolTableRecord
100
AcDbBlockTableRecord
  2
bl
340
0
310
28000000280000002800000001002000000000000019000001000000010000000000000000000000302821FF302821FF302821FF302821FF302821FF302821FF302821FF302821FF302821FF302821FF302821FF302821FF302821FF302821FF302821FF302821FF302821FF302821FF302821FF302821FF302821FF302821
310
FF302821FF302821FF302821FF302821FF302821FF302821FF302821FF302821FF302821FF302821FF302821FF302821FF302821FF302821FF302821FF302821FF302821FF302821FF302821FF302821FF302821FF302821FF302821FF302821FF302821FF302821FF302821FF302821FF302821FF302821FF302821FF3028
310
21FF302821FF302821FF302821FF302821FF302821FF302821FF302821FF302821FF302821FF302821FF302821FF302821FF302821FF302821FF302821FF302821FF302821FF302821FF302821FF302821FF302821FF302821FF302821FF302821FF302821FF302821FF302821FF302821FFFFFFFFFFFFFFFFFFFFFFFFFFFF
310
FFFFFFFFFFFFFFFFFFFFFFFFFFFFFFFFFFFFFFFFFFFFFFFFFFFFFFFFFFFFFFFFFFFFFFFFFFFFFFFFFFFFFFFFFFFFFFFFFFFFFFFFFFFFFFFFFFFFFFFFFFFFFFFFFFFFFFFFFFFFFFFFFFFFFFFFFFFFFFFFFFFFFFFFFFFFFFFFFFFFFFFFFFFFFFFFFFFFFFFFFFFFFFFFFFFFFFFFFFFFFFFFFFFFFFFFFFFFFFFFFFFFFFFFFFFFFF
310
FFFFFFFF302821FF302821FF302821FF302821FFFFFFFFFF302821FF302821FF302821FF302821FF302821FF302821FF302821FF302821FF302821FF302821FF302821FF302821FF302821FF302821FF302821FF302821FF302821FF302821FF302821FF302821FF302821FF302821FF302821FF302821FF302821FF302821
310
FF302821FF302821FF302821FF302821FF302821FF302821FF302821FF302821FFFFFFFFFF302821FF302821FF302821FF302821FFFFFFFFFF302821FF302821FF302821FF302821FF302821FF302821FF302821FF302821FF302821FF302821FF302821FF302821FF302821FF302821FF302821FF302821FF302821FF3028
310
21FF302821FF302821FF302821FF302821FF302821FF302821FF302821FF302821FF302821FF302821FF302821FF302821FF302821FF302821FF302821FF302821FFFFFFFFFF302821FF302821FF302821FF302821FFFFFFFFFF302821FF302821FF302821FF302821FF302821FF302821FF302821FF302821FF302821FF30
310
2821FF302821FF302821FF302821FF302821FF302821FF302821FF302821FF302821FF302821FF302821FF302821FF302821FF302821FF302821FF302821FF302821FF302821FF302821FF302821FF302821FF302821FF302821FF302821FF302821FFFFFFFFFF302821FF302821FF302821FF302821FFFFFFFFFF302821FF
310
302821FF302821FF302821FF302821FF302821FF302821FF302821FF302821FF302821FF302821FF302821FF302821FF302821FF302821FF302821FF302821FF302821FF302821FF302821FF302821FF302821FF302821FF302821FF302821FF302821FF302821FF302821FF302821FF302821FF302821FF302821FF302821
310
FF302821FFFFFFFFFF302821FF302821FF302821FF302821FFFFFFFFFF302821FF302821FF302821FF302821FF302821FF302821FF302821FF302821FF302821FF302821FF302821FF302821FF302821FF302821FF302821FF302821FF302821FF302821FF302821FF302821FF302821FF302821FF302821FF302821FF3028
310
21FF302821FF302821FF302821FF302821FF302821FF302821FF302821FF302821FF302821FFFFFFFFFF302821FF302821FF302821FF302821FFFFFFFFFF302821FF302821FF302821FF302821FF302821FF302821FF302821FF302821FF302821FF302821FF302821FF302821FF302821FF302821FF302821FF302821FF30
310
2821FF302821FF302821FF302821FF302821FF302821FF302821FF302821FF302821FF302821FF302821FF302821FF302821FF302821FF302821FF302821FF302821FF302821FFFFFFFFFF302821FF302821FF302821FF302821FFFFFFFFFF302821FF302821FF302821FF302821FF302821FF302821FF302821FF302821FF
310
302821FF302821FF302821FF302821FF302821FF302821FF302821FF302821FF302821FF302821FF302821FF302821FF302821FF302821FF302821FF302821FF302821FF302821FF302821FF302821FF302821FF302821FF302821FF302821FF302821FF302821FFFFFFFFFF302821FF302821FF302821FF302821FFFFFFFF
310
FF302821FF302821FF302821FF302821FF302821FF302821FF302821FF302821FF302821FF302821FF302821FF302821FF302821FF302821FF302821FF302821FF302821FF302821FF302821FF302821FF302821FF302821FF302821FF302821FF302821FF302821FF302821FF302821FF302821FF302821FF302821FF3028
310
21FF302821FF302821FFFFFFFFFF302821FF302821FF302821FF302821FFFFFFFFFF302821FF302821FF302821FF302821FF302821FF302821FF302821FF302821FF302821FF302821FF302821FF302821FF302821FF302821FF302821FF302821FF302821FF302821FF302821FF302821FF302821FF302821FF302821FF30
310
2821FF302821FF302821FF302821FF302821FF302821FF302821FF302821FF302821FF302821FF302821FFFFFFFFFF302821FF302821FF302821FF302821FFFFFFFFFF302821FF302821FF302821FF302821FF302821FF302821FF302821FF302821FF302821FF302821FF302821FF302821FF302821FF302821FF302821FF
310
302821FF302821FF302821FF302821FF302821FF302821FF302821FF302821FF302821FF302821FF302821FF302821FF302821FF302821FF302821FF302821FF302821FF302821FF302821FFFFFFFFFF302821FF302821FF302821FF302821FFFFFFFFFF302821FF302821FF302821FF302821FF302821FF302821FF302821
310
FF302821FF302821FF302821FF302821FF302821FF302821FF302821FF302821FF302821FF302821FF302821FF302821FF302821FF302821FF302821FF302821FF302821FF302821FF302821FF302821FF302821FF302821FF302821FF302821FF302821FF302821FF302821FFFFFFFFFF302821FF302821FF302821FF3028
310
21FFFFFFFFFF302821FF302821FF302821FF302821FF302821FF302821FF302821FF302821FF302821FF302821FF302821FF302821FF302821FF302821FF302821FF302821FF302821FF302821FF302821FF302821FF302821FF302821FF302821FF302821FF302821FF302821FF302821FF302821FF302821FF302821FF30
310
2821FF302821FF302821FF302821FFFFFFFFFF302821FF302821FF302821FF302821FFFFFFFFFF302821FF302821FF302821FF302821FF302821FF302821FF302821FF302821FF302821FF302821FF302821FF302821FF302821FF302821FF302821FF302821FF302821FF302821FF302821FF302821FF302821FF302821FF
310
302821FF302821FF302821FF302821FF302821FF302821FF302821FF302821FF302821FF302821FF302821FF302821FFFFFFFFFF302821FF302821FF302821FF302821FFFFFFFFFF302821FF302821FF302821FF302821FF302821FF302821FF302821FF302821FF302821FF302821FF302821FF302821FF302821FF302821
310
FF302821FF302821FF302821FF302821FF302821FF302821FF302821FF302821FF302821FF302821FF302821FF302821FF302821FF302821FF302821FF302821FF302821FF302821FF302821FF302821FFFFFFFFFF302821FF302821FF302821FF302821FFFFFFFFFF302821FF302821FF302821FF302821FF302821FF3028
310
21FF302821FF302821FF302821FF302821FF302821FF302821FF302821FF302821FF302821FF302821FF302821FF302821FF302821FF302821FF302821FF302821FF302821FF302821FF302821FF302821FF302821FF302821FF302821FF302821FF302821FF302821FF302821FF302821FFFFFFFFFF302821FF302821FF30
310
2821FF302821FFFFFFFFFF302821FF302821FF302821FF302821FF302821FF302821FF302821FF302821FF302821FF302821FF302821FF302821FF302821FF302821FF302821FF302821FF302821FF302821FF302821FF302821FF302821FF302821FF302821FF302821FF302821FF302821FF302821FF302821FF302821FF
310
302821FF302821FF302821FF302821FF302821FFFFFFFFFF302821FF302821FF302821FF302821FFFFFFFFFF302821FF302821FF302821FF302821FF302821FF302821FF302821FF302821FF302821FF302821FF302821FF302821FF302821FF302821FF302821FF302821FF302821FF302821FF302821FF302821FF302821
310
FF302821FF302821FF302821FF302821FF302821FF302821FF302821FF302821FF302821FF302821FF302821FF302821FF302821FFFFFFFFFF302821FF302821FF302821FF302821FFFFFFFFFF302821FF302821FF302821FF302821FF302821FF302821FF302821FF302821FF302821FF302821FF302821FF302821FF3028
310
21FF302821FF302821FF302821FF302821FF302821FF302821FF302821FF302821FF302821FF302821FF302821FF302821FF302821FF302821FF302821FF302821FF302821FF302821FF302821FF302821FF302821FFFFFFFFFF302821FF302821FF302821FF302821FFFFFFFFFF302821FF302821FF302821FF302821FF30
310
2821FF302821FF302821FF302821FF302821FF302821FF302821FF302821FF302821FF302821FF302821FF302821FF302821FF302821FF302821FF302821FF302821FF302821FF302821FF302821FF302821FF302821FF302821FF302821FF302821FF302821FF302821FF302821FF302821FF302821FFFFFFFFFF302821FF
310
302821FF302821FF302821FFFFFFFFFF302821FF302821FF302821FF302821FF302821FF302821FF302821FF302821FF302821FF302821FF302821FF302821FF302821FF302821FF302821FF302821FF302821FF302821FF302821FF302821FF302821FF302821FF302821FF302821FF302821FF302821FF302821FF302821
310
FF302821FF302821FF302821FF302821FF302821FF302821FFFFFFFFFF302821FF302821FF302821FF302821FFFFFFFFFF302821FF302821FF302821FF302821FF302821FF302821FF302821FF302821FF302821FF302821FF302821FF302821FF302821FF302821FF302821FF302821FF302821FF302821FF302821FF3028
310
21FF302821FF302821FF302821FF302821FF302821FF302821FF302821FF302821FF302821FF302821FF302821FF302821FF302821FF302821FFFFFFFFFF302821FF302821FF302821FF302821FFFFFFFFFF302821FF302821FF302821FF302821FF302821FF302821FF302821FF302821FF302821FF302821FF302821FF30
310
2821FF302821FF302821FF302821FF302821FF302821FF302821FF302821FF302821FF302821FF302821FF302821FF302821FF302821FF302821FF302821FF302821FF302821FF302821FF302821FF302821FF302821FF302821FFFFFFFFFF302821FF302821FF302821FF302821FFFFFFFFFF302821FF302821FF302821FF
310
302821FF302821FF302821FF302821FF302821FF302821FF302821FF302821FF302821FF302821FF302821FF302821FF302821FF302821FF302821FF302821FF302821FF302821FF302821FF302821FF302821FF302821FF302821FF302821FF302821FF302821FF302821FF302821FF302821FF302821FF302821FFFFFFFF
310
FF302821FF302821FF302821FF302821FFFFFFFFFF302821FF302821FF302821FF302821FF302821FF302821FF302821FF302821FF302821FF302821FF302821FF302821FF302821FF302821FF302821FF302821FF302821FF302821FF302821FF302821FF302821FF302821FF302821FF302821FF302821FF302821FF3028
310
21FF302821FF302821FF302821FF302821FF302821FF302821FF302821FFFFFFFFFF302821FF302821FF302821FF302821FFFFFFFFFF302821FF302821FF302821FF302821FF302821FF302821FF302821FF302821FF302821FF302821FF302821FF302821FF302821FF302821FF302821FF302821FF302821FF302821FF30
310
2821FF302821FF302821FF302821FF302821FF302821FF302821FF302821FF302821FF302821FF302821FF302821FF302821FF302821FF302821FF302821FFFFFFFFFF302821FF302821FF302821FF302821FFFFFFFFFF302821FF302821FF302821FF302821FF302821FF302821FF302821FF302821FF302821FF302821FF
310
302821FF302821FF302821FF302821FF302821FF302821FF302821FF302821FF302821FF302821FF302821FF302821FF302821FF302821FF302821FF302821FF302821FF302821FF302821FF302821FF302821FF302821FF302821FF302821FFFFFFFFFF302821FF302821FF302821FF302821FFFFFFFFFF302821FF302821
310
FF302821FF302821FF302821FF302821FF302821FF302821FF302821FF302821FF302821FF302821FF302821FF302821FF302821FF302821FF302821FF302821FF302821FF302821FF302821FF302821FF302821FF302821FF302821FF302821FF302821FF302821FF302821FF302821FF302821FF302821FF302821FF3028
310
21FFFFFFFFFF302821FF302821FF302821FF302821FFFFFFFFFF302821FF302821FF302821FF302821FF302821FF302821FF302821FF302821FF302821FF302821FF302821FF302821FF302821FF302821FF302821FF302821FF302821FF302821FF302821FF302821FF302821FF302821FF302821FF302821FF302821FF30
310
2821FF302821FF302821FF302821FF302821FF302821FF302821FF302821FF302821FFFFFFFFFF302821FF302821FF302821FF302821FFFFFFFFFF302821FF302821FF302821FF302821FF302821FF302821FF302821FF302821FF302821FF302821FF302821FF302821FF302821FF302821FF302821FF302821FF302821FF
310
302821FF302821FF302821FF302821FF302821FF302821FF302821FF302821FF302821FF302821FF302821FF302821FF302821FF302821FF302821FF302821FF302821FFFFFFFFFF302821FF302821FF302821FF302821FFFFFFFFFF302821FF302821FF302821FF302821FF302821FF302821FF302821FF302821FF302821
310
FF302821FF302821FF302821FF302821FF302821FF302821FF302821FF302821FF302821FF302821FF302821FF302821FF302821FF302821FF302821FF302821FF302821FF302821FF302821FF302821FF302821FF302821FF302821FF302821FF302821FFFFFFFFFF302821FF302821FF302821FF302821FFFFFFFFFF3028
310
21FF302821FF302821FF302821FF302821FF302821FF302821FF302821FF302821FF302821FF302821FF302821FF302821FF302821FF302821FF302821FF302821FF302821FF302821FF302821FF302821FF302821FF302821FF302821FF302821FF302821FF302821FF302821FF302821FF302821FF302821FF302821FF30
310
2821FF302821FFFFFFFFFF302821FF302821FF302821FF302821FFFFFFFFFF302821FF302821FF302821FF302821FF302821FF302821FF302821FF302821FF302821FF302821FF302821FF302821FF302821FF302821FF302821FF302821FF302821FF302821FF302821FF302821FF302821FF302821FF302821FF302821FF
310
302821FF302821FF302821FF302821FF302821FF302821FF302821FF302821FF302821FF302821FFFFFFFFFF302821FF302821FF302821FF302821FFFFFFFFFF302821FF302821FF302821FF302821FF302821FF302821FF302821FF302821FF302821FF302821FF302821FF302821FF302821FF302821FF302821FF302821
310
FF302821FF302821FF302821FF302821FF302821FF302821FF302821FF302821FF302821FF302821FF302821FF302821FF302821FF302821FF302821FF302821FF302821FF302821FFFFFFFFFF302821FF302821FF302821FF302821FFFFFFFFFF302821FF302821FF302821FF302821FF302821FF302821FF302821FF3028
310
21FF302821FF302821FF302821FF302821FF302821FF302821FF302821FF302821FF302821FF302821FF302821FF302821FF302821FF302821FF302821FF302821FF302821FF302821FF302821FF302821FF302821FF302821FF302821FF302821FF302821FF302821FFFFFFFFFF302821FF302821FF302821FF302821FFFF
310
FFFFFFFFFFFFFFFFFFFFFFFFFFFFFFFFFFFFFFFFFFFFFFFFFFFFFFFFFFFFFFFFFFFFFFFFFFFFFFFFFFFFFFFFFFFFFFFFFFFFFFFFFFFFFFFFFFFFFFFFFFFFFFFFFFFFFFFFFFFFFFFFFFFFFFFFFFFFFFFFFFFFFFFFFFFFFFFFFFFFFFFFFFFFFFFFFFFFFFFFFFFFFFFFFFFFFFFFFFFFFFFFFFFFFFFFFFFFFFFFFFFFFFFFFFFFFF
310
FFFFFFFFFFFFFFFFFFFFFFFFFFFFFFFF302821FF302821FF302821FF302821FF302821FF302821FF302821FF302821FF302821FF302821FF302821FF302821FF302821FF302821FF302821FF302821FF302821FF302821FF302821FF302821FF302821FF302821FF302821FF302821FF302821FF302821FF302821FF302821
310
FF302821FF302821FF302821FF302821FF302821FF302821FF302821FF302821FF302821FF302821FF302821FF302821FF302821FF302821FF302821FF302821FF302821FF302821FF302821FF302821FF302821FF302821FF302821FF302821FF302821FF302821FF302821FF302821FF302821FF302821FF302821FF3028
310
21FF302821FF302821FF302821FF302821FF302821FF302821FF302821FF302821FF302821FF302821FF302821FF302821FF302821FF302821FF302821FF302821FF302821FF302821FF302821FF302821FF302821FF302821FF
1001
ACAD
1000
DesignCenter Data
1002
{
1070
     1
1070
     2
1002
}
  0
BLOCK_RECORD
  5
5E6
330
1
100
AcDbSymbolTableRecord
100
AcDbBlockTableRecord
  2
block
340
0
310
28000000280000002800000001002000000000000019000001000000010000000000000000000000302821FF302821FF302821FF302821FF302821FF302821FF302821FF302821FF302821FF302821FF302821FF302821FF302821FF302821FF302821FF302821FF302821FF302821FF302821FF302821FF302821FF302821
310
FF302821FF302821FF302821FF302821FF302821FF302821FF302821FF302821FF302821FF302821FF302821FF302821FF302821FF302821FF302821FF302821FF302821FF302821FF302821FF302821FF302821FF302821FF302821FF302821FF302821FF302821FF302821FF302821FF302821FF302821FF302821FF3028
310
21FF302821FF302821FF302821FF302821FF302821FF302821FF302821FF302821FF302821FF302821FF302821FF302821FF302821FF302821FF302821FF302821FF302821FF302821FF302821FF302821FF302821FF302821FF302821FF302821FF302821FF302821FF302821FF302821FFFFFFFFFFFFFFFFFFFFFFFFFFFF
310
FFFFFFFFFFFFFFFFFFFFFFFFFFFFFFFFFFFFFFFFFFFFFFFFFFFFFFFFFFFFFFFFFFFFFFFFFFFFFFFFFFFFFFFFFFFFFFFFFFFFFFFFFFFFFFFFFFFFFFFFFFFFFFFFFFFFFFFFFFFFFFFFFFFFFFFFFFFFFFFFFFFFFFFFFFFFFFFFFFFFFFFFFFFFFFFFFFFFFFFFFFFFFFFFFFFFFFFFFFFFFFFFFFFFFFFFFFFFFFFFFFFFFFFFFFFFFF
310
FFFFFFFF302821FF302821FF302821FF302821FFFFFFFFFF302821FF302821FF302821FF302821FF302821FF302821FF302821FF302821FF302821FF302821FF302821FF302821FF302821FF302821FF302821FF302821FF302821FF302821FF302821FF302821FF302821FF302821FF302821FF302821FF302821FF302821
310
FF302821FF302821FF302821FF302821FF302821FF302821FF302821FF302821FFFFFFFFFF302821FF302821FF302821FF302821FFFFFFFFFF302821FF302821FF302821FF302821FF302821FF302821FF302821FF302821FF302821FF302821FF302821FF302821FF302821FF302821FF302821FF302821FF302821FF3028
310
21FF302821FF302821FF302821FF302821FF302821FF302821FF302821FF302821FF302821FF302821FF302821FF302821FF302821FF302821FF302821FF302821FFFFFFFFFF302821FF302821FF302821FF302821FFFFFFFFFF302821FF302821FF302821FF302821FF302821FF302821FF302821FF302821FF302821FF30
310
2821FF302821FF302821FF302821FF302821FF302821FF302821FF302821FF302821FF302821FF302821FF302821FF302821FF302821FF302821FF302821FF302821FF302821FF302821FF302821FF302821FF302821FF302821FF302821FF302821FFFFFFFFFF302821FF302821FF302821FF302821FFFFFFFFFF302821FF
310
302821FF302821FF302821FF302821FF302821FF302821FF302821FF302821FF302821FF302821FF302821FF302821FF302821FF302821FF302821FF302821FF302821FF302821FF302821FF302821FF302821FF302821FF302821FF302821FF302821FF302821FF302821FF302821FF302821FF302821FF302821FF302821
310
FF302821FFFFFFFFFF302821FF302821FF302821FF302821FFFFFFFFFF302821FF302821FF302821FF302821FF302821FF302821FF302821FF302821FF302821FF302821FF302821FF302821FF302821FF302821FF302821FF302821FF302821FF302821FF302821FF302821FF302821FF302821FF302821FF302821FF3028
310
21FF302821FF302821FF302821FF302821FF302821FF302821FF302821FF302821FF302821FFFFFFFFFF302821FF302821FF302821FF302821FFFFFFFFFF302821FF302821FF302821FF302821FF302821FF302821FF302821FF302821FF302821FF302821FF302821FF302821FF302821FF302821FF302821FF302821FF30
310
2821FF302821FF302821FF302821FF302821FF302821FF302821FF302821FF302821FF302821FF302821FF302821FF302821FF302821FF302821FF302821FF302821FF302821FFFFFFFFFF302821FF302821FF302821FF302821FFFFFFFFFF302821FF302821FF302821FF302821FF302821FF302821FF302821FF302821FF
310
302821FF302821FF302821FF302821FF302821FF302821FF302821FF302821FF302821FF302821FF302821FF302821FF302821FF302821FF302821FF302821FF302821FF302821FF302821FF302821FF302821FF302821FF302821FF302821FF302821FF302821FFFFFFFFFF302821FF302821FF302821FF302821FFFFFFFF
310
FF302821FF302821FF302821FF302821FF302821FF302821FF302821FF302821FF302821FF302821FF302821FF302821FF302821FF302821FF302821FF302821FF302821FF302821FF302821FF302821FF302821FF302821FF302821FF302821FF302821FF302821FF302821FF302821FF302821FF302821FF302821FF3028
310
21FF302821FF302821FFFFFFFFFF302821FF302821FF302821FF302821FFFFFFFFFF302821FF302821FF302821FF302821FF302821FF302821FF302821FF302821FF302821FF302821FF302821FF302821FF302821FF302821FF302821FF302821FF302821FF302821FF302821FF302821FF302821FF302821FF302821FF30
310
2821FF302821FF302821FF302821FF302821FF302821FF302821FF302821FF302821FF302821FF302821FFFFFFFFFF302821FF302821FF302821FF302821FFFFFFFFFF302821FF302821FF302821FF302821FF302821FF302821FF302821FF302821FF302821FF302821FF302821FF302821FF302821FF302821FF302821FF
310
302821FF302821FF302821FF302821FF302821FF302821FF302821FF302821FF302821FF302821FF302821FF302821FF302821FF302821FF302821FF302821FF302821FF302821FF302821FFFFFFFFFF302821FF302821FF302821FF302821FFFFFFFFFF302821FF302821FF302821FF302821FF302821FF302821FF302821
310
FF302821FF302821FF302821FF302821FF302821FF302821FF302821FF302821FF302821FF302821FF302821FF302821FF302821FF302821FF302821FF302821FF302821FF302821FF302821FF302821FF302821FF302821FF302821FF302821FF302821FF302821FF302821FFFFFFFFFF302821FF302821FF302821FF3028
310
21FFFFFFFFFF302821FF302821FF302821FF302821FF302821FF302821FF302821FF302821FF302821FF302821FF302821FF302821FF302821FF302821FF302821FF302821FF302821FF302821FF302821FF302821FF302821FF302821FF302821FF302821FF302821FF302821FF302821FF302821FF302821FF302821FF30
310
2821FF302821FF302821FF302821FFFFFFFFFF302821FF302821FF302821FF302821FFFFFFFFFF302821FF302821FF302821FF302821FF302821FF302821FF302821FF302821FF302821FF302821FF302821FF302821FF302821FF302821FF302821FF302821FF302821FF302821FF302821FF302821FF302821FF302821FF
310
302821FF302821FF302821FF302821FF302821FF302821FF302821FF302821FF302821FF302821FF302821FF302821FFFFFFFFFF302821FF302821FF302821FF302821FFFFFFFFFF302821FF302821FF302821FF302821FF302821FF302821FF302821FF302821FF302821FF302821FF302821FF302821FF302821FF302821
310
FF302821FF302821FF302821FF302821FF302821FF302821FF302821FF302821FF302821FF302821FF302821FF302821FF302821FF302821FF302821FF302821FF302821FF302821FF302821FF302821FFFFFFFFFF302821FF302821FF302821FF302821FFFFFFFFFF302821FF302821FF302821FF302821FF302821FF3028
310
21FF302821FF302821FF302821FF302821FF302821FF302821FF302821FF302821FF302821FF302821FF302821FF302821FF302821FF302821FF302821FF302821FF302821FF302821FF302821FF302821FF302821FF302821FF302821FF302821FF302821FF302821FF302821FF302821FFFFFFFFFF302821FF302821FF30
310
2821FF302821FFFFFFFFFF302821FF302821FF302821FF302821FF302821FF302821FF302821FF302821FF302821FF302821FF302821FF302821FF302821FF302821FF302821FF302821FF302821FF302821FF302821FF302821FF302821FF302821FF302821FF302821FF302821FF302821FF302821FF302821FF302821FF
310
302821FF302821FF302821FF302821FF302821FFFFFFFFFF302821FF302821FF302821FF302821FFFFFFFFFF302821FF302821FF302821FF302821FF302821FF302821FF302821FF302821FF302821FF302821FF302821FF302821FF302821FF302821FF302821FF302821FF302821FF302821FF302821FF302821FF302821
310
FF302821FF302821FF302821FF302821FF302821FF302821FF302821FF302821FF302821FF302821FF302821FF302821FF302821FFFFFFFFFF302821FF302821FF302821FF302821FFFFFFFFFF302821FF302821FF302821FF302821FF302821FF302821FF302821FF302821FF302821FF302821FF302821FF302821FF3028
310
21FF302821FF302821FF302821FF302821FF302821FF302821FF302821FF302821FF302821FF302821FF302821FF302821FF302821FF302821FF302821FF302821FF302821FF302821FF302821FF302821FF302821FFFFFFFFFF302821FF302821FF302821FF302821FFFFFFFFFF302821FF302821FF302821FF302821FF30
310
2821FF302821FF302821FF302821FF302821FF302821FF302821FF302821FF302821FF302821FF302821FF302821FF302821FF302821FF302821FF302821FF302821FF302821FF302821FF302821FF302821FF302821FF302821FF302821FF302821FF302821FF302821FF302821FF302821FF302821FFFFFFFFFF302821FF
310
302821FF302821FF302821FFFFFFFFFF302821FF302821FF302821FF302821FF302821FF302821FF302821FF302821FF302821FF302821FF302821FF302821FF302821FF302821FF302821FF302821FF302821FF302821FF302821FF302821FF302821FF302821FF302821FF302821FF302821FF302821FF302821FF302821
310
FF302821FF302821FF302821FF302821FF302821FF302821FFFFFFFFFF302821FF302821FF302821FF302821FFFFFFFFFF302821FF302821FF302821FF302821FF302821FF302821FF302821FF302821FF302821FF302821FF302821FF302821FF302821FF302821FF302821FF302821FF302821FF302821FF302821FF3028
310
21FF302821FF302821FF302821FF302821FF302821FF302821FF302821FF302821FF302821FF302821FF302821FF302821FF302821FF302821FFFFFFFFFF302821FF302821FF302821FF302821FFFFFFFFFF302821FF302821FF302821FF302821FF302821FF302821FF302821FF302821FF302821FF302821FF302821FF30
310
2821FF302821FF302821FF302821FF302821FF302821FF302821FF302821FF302821FF302821FF302821FF302821FF302821FF302821FF302821FF302821FF302821FF302821FF302821FF302821FF302821FF302821FF302821FFFFFFFFFF302821FF302821FF302821FF302821FFFFFFFFFF302821FF302821FF302821FF
310
302821FF302821FF302821FF302821FF302821FF302821FF302821FF302821FF302821FF302821FF302821FF302821FF302821FF302821FF302821FF302821FF302821FF302821FF302821FF302821FF302821FF302821FF302821FF302821FF302821FF302821FF302821FF302821FF302821FF302821FF302821FFFFFFFF
310
FF302821FF302821FF302821FF302821FFFFFFFFFF302821FF302821FF302821FF302821FF302821FF302821FF302821FF302821FF302821FF302821FF302821FF302821FF302821FF302821FF302821FF302821FF302821FF302821FF302821FF302821FF302821FF302821FF302821FF302821FF302821FF302821FF3028
310
21FF302821FF302821FF302821FF302821FF302821FF302821FF302821FFFFFFFFFF302821FF302821FF302821FF302821FFFFFFFFFF302821FF302821FF302821FF302821FF302821FF302821FF302821FF302821FF302821FF302821FF302821FF302821FF302821FF302821FF302821FF302821FF302821FF302821FF30
310
2821FF302821FF302821FF302821FF302821FF302821FF302821FF302821FF302821FF302821FF302821FF302821FF302821FF302821FF302821FF302821FFFFFFFFFF302821FF302821FF302821FF302821FFFFFFFFFF302821FF302821FF302821FF302821FF302821FF302821FF302821FF302821FF302821FF302821FF
310
302821FF302821FF302821FF302821FF302821FF302821FF302821FF302821FF302821FF302821FF302821FF302821FF302821FF302821FF302821FF302821FF302821FF302821FF302821FF302821FF302821FF302821FF302821FF302821FFFFFFFFFF302821FF302821FF302821FF302821FFFFFFFFFF302821FF302821
310
FF302821FF302821FF302821FF302821FF302821FF302821FF302821FF302821FF302821FF302821FF302821FF302821FF302821FF302821FF302821FF302821FF302821FF302821FF302821FF302821FF302821FF302821FF302821FF302821FF302821FF302821FF302821FF302821FF302821FF302821FF302821FF3028
310
21FFFFFFFFFF302821FF302821FF302821FF302821FFFFFFFFFF302821FF302821FF302821FF302821FF302821FF302821FF302821FF302821FF302821FF302821FF302821FF302821FF302821FF302821FF302821FF302821FF302821FF302821FF302821FF302821FF302821FF302821FF302821FF302821FF302821FF30
310
2821FF302821FF302821FF302821FF302821FF302821FF302821FF302821FF302821FFFFFFFFFF302821FF302821FF302821FF302821FFFFFFFFFF302821FF302821FF302821FF302821FF302821FF302821FF302821FF302821FF302821FF302821FF302821FF302821FF302821FF302821FF302821FF302821FF302821FF
310
302821FF302821FF302821FF302821FF302821FF302821FF302821FF302821FF302821FF302821FF302821FF302821FF302821FF302821FF302821FF302821FF302821FFFFFFFFFF302821FF302821FF302821FF302821FFFFFFFFFF302821FF302821FF302821FF302821FF302821FF302821FF302821FF302821FF302821
310
FF302821FF302821FF302821FF302821FF302821FF302821FF302821FF302821FF302821FF302821FF302821FF302821FF302821FF302821FF302821FF302821FF302821FF302821FF302821FF302821FF302821FF302821FF302821FF302821FF302821FFFFFFFFFF302821FF302821FF302821FF302821FFFFFFFFFF3028
310
21FF302821FF302821FF302821FF302821FF302821FF302821FF302821FF302821FF302821FF302821FF302821FF302821FF302821FF302821FF302821FF302821FF302821FF302821FF302821FF302821FF302821FF302821FF302821FF302821FF302821FF302821FF302821FF302821FF302821FF302821FF302821FF30
310
2821FF302821FFFFFFFFFF302821FF302821FF302821FF302821FFFFFFFFFF302821FF302821FF302821FF302821FF302821FF302821FF302821FF302821FF302821FF302821FF302821FF302821FF302821FF302821FF302821FF302821FF302821FF302821FF302821FF302821FF302821FF302821FF302821FF302821FF
310
302821FF302821FF302821FF302821FF302821FF302821FF302821FF302821FF302821FF302821FFFFFFFFFF302821FF302821FF302821FF302821FFFFFFFFFF302821FF302821FF302821FF302821FF302821FF302821FF302821FF302821FF302821FF302821FF302821FF302821FF302821FF302821FF302821FF302821
310
FF302821FF302821FF302821FF302821FF302821FF302821FF302821FF302821FF302821FF302821FF302821FF302821FF302821FF302821FF302821FF302821FF302821FF302821FFFFFFFFFF302821FF302821FF302821FF302821FFFFFFFFFF302821FF302821FF302821FF302821FF302821FF302821FF302821FF3028
310
21FF302821FF302821FF302821FF302821FF302821FF302821FF302821FF302821FF302821FF302821FF302821FF302821FF302821FF302821FF302821FF302821FF302821FF302821FF302821FF302821FF302821FF302821FF302821FF302821FF302821FF302821FFFFFFFFFF302821FF302821FF302821FF302821FFFF
310
FFFFFFFFFFFFFFFFFFFFFFFFFFFFFFFFFFFFFFFFFFFFFFFFFFFFFFFFFFFFFFFFFFFFFFFFFFFFFFFFFFFFFFFFFFFFFFFFFFFFFFFFFFFFFFFFFFFFFFFFFFFFFFFFFFFFFFFFFFFFFFFFFFFFFFFFFFFFFFFFFFFFFFFFFFFFFFFFFFFFFFFFFFFFFFFFFFFFFFFFFFFFFFFFFFFFFFFFFFFFFFFFFFFFFFFFFFFFFFFFFFFFFFFFFFFFFF
310
FFFFFFFFFFFFFFFFFFFFFFFFFFFFFFFF302821FF302821FF302821FF302821FF302821FF302821FF302821FF302821FF302821FF302821FF302821FF302821FF302821FF302821FF302821FF302821FF302821FF302821FF302821FF302821FF302821FF302821FF302821FF302821FF302821FF302821FF302821FF302821
310
FF302821FF302821FF302821FF302821FF302821FF302821FF302821FF302821FF302821FF302821FF302821FF302821FF302821FF302821FF302821FF302821FF302821FF302821FF302821FF302821FF302821FF302821FF302821FF302821FF302821FF302821FF302821FF302821FF302821FF302821FF302821FF3028
310
21FF302821FF302821FF302821FF302821FF302821FF302821FF302821FF302821FF302821FF302821FF302821FF302821FF302821FF302821FF302821FF302821FF302821FF302821FF302821FF302821FF302821FF302821FF
102
{BLKREFS
331
5EA
102
}
1001
ACAD
1000
DesignCenter Data
1002
{
1070
     1
1070
     2
1002
}
  0
BLOCK_RECORD
  5
641
330
1
100
AcDbSymbolTableRecord
100
AcDbBlockTableRecord
  2
sidewin
340
0
310
28000000280000002800000001002000000000000019000001000000010000000000000000000000302821FF302821FF302821FF302821FF302821FF302821FF302821FF302821FF302821FF302821FF302821FF302821FF302821FF302821FF302821FF302821FF302821FF302821FF302821FF302821FF302821FF302821
310
FF302821FF302821FF302821FF302821FF302821FF302821FF302821FF302821FF302821FF302821FF302821FF302821FF302821FF302821FF302821FF302821FF302821FF302821FF302821FF302821FF302821FF302821FF302821FF302821FF302821FF302821FF302821FF302821FF302821FF302821FF302821FF3028
310
21FF302821FF302821FF302821FF302821FF302821FF302821FF302821FF302821FF302821FF302821FF302821FF302821FF302821FF302821FF302821FF302821FF302821FF302821FF302821FF302821FF302821FF302821FF302821FF302821FF302821FF302821FF302821FF302821FF302821FF302821FF302821FF30
310
2821FF302821FFFFFFFFFFFFFFFFFFFFFFFFFFFFFFFFFFFFFFFFFFFFFFFFFFFFFFFFFFFFFFFFFFFFFFFFFFFFFFFFFFFFFFFFFFFFFFFFFFFFFFFFFFFFFFFFFFFFFFFFFF302821FF302821FF302821FF302821FF302821FF302821FF302821FF302821FF302821FF302821FF302821FF302821FF302821FF302821FF302821FF
310
302821FF302821FF302821FF302821FF302821FF302821FF302821FF302821FF302821FF302821FFFFFFFFFF302821FF302821FF302821FF302821FF302821FF302821FF302821FF302821FF302821FF302821FF302821FF302821FF302821FF302821FF302821FF302821FF302821FF302821FF302821FF302821FF302821
310
FF302821FF302821FF302821FF302821FF302821FF302821FF302821FF302821FF302821FF302821FF302821FF302821FF302821FF302821FF302821FF302821FF302821FF302821FFFFFFFFFF302821FF302821FF302821FF302821FF302821FF302821FF302821FF302821FF302821FF302821FF302821FF302821FF3028
310
21FF302821FF302821FF302821FF302821FF302821FF302821FF302821FF302821FF302821FF302821FF302821FF302821FF302821FF302821FF302821FF302821FF302821FF302821FF302821FF302821FF302821FF302821FF302821FF302821FF302821FF302821FFFFFFFFFF302821FF302821FF302821FF302821FF30
310
2821FF302821FF302821FF302821FF302821FF302821FF302821FF302821FF302821FF302821FF302821FF302821FF302821FF302821FF302821FF302821FF302821FF302821FF302821FF302821FF302821FF302821FF302821FF302821FF302821FF302821FF302821FF302821FF302821FF302821FF302821FF302821FF
310
302821FF302821FF302821FFFFFFFFFF302821FF302821FF302821FF302821FF302821FF302821FF302821FF302821FF302821FF302821FF302821FF302821FF302821FF302821FF302821FF302821FF302821FF302821FF302821FF302821FF302821FF302821FF302821FF302821FF302821FF302821FF302821FF302821
310
FF302821FF302821FF302821FF302821FF302821FF302821FF302821FF302821FF302821FF302821FF302821FFFFFFFFFF302821FF302821FF302821FF302821FF302821FF302821FF302821FF302821FF302821FF302821FF302821FF302821FF302821FF302821FF302821FF302821FF302821FF302821FF302821FF3028
310
21FF302821FF302821FF302821FF302821FF302821FF302821FF302821FF302821FF302821FF302821FF302821FF302821FF302821FF302821FF302821FF302821FF302821FF302821FF302821FFFFFFFFFF302821FF302821FF302821FF302821FF302821FF302821FF302821FF302821FF302821FF302821FF302821FF30
310
2821FF302821FF302821FF302821FF302821FF302821FF302821FF302821FF302821FF302821FF302821FF302821FF302821FF302821FF302821FF302821FF302821FF302821FF302821FF302821FF302821FF302821FF302821FF302821FF302821FF302821FF302821FF302821FFFFFFFFFF302821FF302821FF302821FF
310
302821FF302821FF302821FF302821FF302821FF302821FF302821FF302821FF302821FF302821FFFFFFFFFFFFFFFFFFFFFFFFFFFFFFFFFFFFFFFFFFFFFFFFFFFFFFFFFFFFFFFFFFFFFFFFFFFFFFFFFFFFFFFFFFFFFFFFFF302821FF302821FF302821FF302821FF302821FF302821FF302821FF302821FF302821FF302821
310
FF302821FF302821FF302821FF302821FFFFFFFFFF302821FF302821FF302821FF302821FF302821FF302821FF302821FF302821FF302821FF302821FF302821FF302821FF302821FFFFFFFFFF302821FF302821FF302821FFFFFFFFFF302821FF302821FFFFFFFFFF302821FF302821FF302821FFFFFFFFFF302821FF3028
310
21FF302821FF302821FF302821FF302821FF302821FF302821FF302821FF302821FF302821FF302821FF302821FF302821FFFFFFFFFF302821FF302821FF302821FF302821FF302821FF302821FF302821FF302821FF302821FF302821FF302821FF302821FF302821FFFFFFFFFF302821FF302821FF302821FFFFFFFFFF30
310
2821FF302821FFFFFFFFFF302821FF302821FF302821FFFFFFFFFF302821FF302821FF302821FF302821FF302821FF302821FF302821FF302821FF302821FF302821FF302821FF302821FF302821FF302821FFFFFFFFFF302821FF302821FF302821FF302821FF302821FF302821FF302821FF302821FF302821FF302821FF
310
302821FF302821FF302821FFFFFFFFFF302821FF302821FF302821FFFFFFFFFF302821FF302821FFFFFFFFFF302821FF302821FF302821FFFFFFFFFF302821FF302821FF302821FF302821FF302821FF302821FF302821FF302821FF302821FF302821FF302821FF302821FF302821FF302821FFFFFFFFFF302821FF302821
310
FF302821FF302821FF302821FF302821FF302821FF302821FF302821FF302821FF302821FF302821FF302821FFFFFFFFFF302821FF302821FF302821FFFFFFFFFF302821FF302821FFFFFFFFFF302821FF302821FF302821FFFFFFFFFF302821FF302821FF302821FF302821FF302821FF302821FF302821FF302821FF3028
310
21FF302821FF302821FF302821FF302821FF302821FFFFFFFFFF302821FF302821FF302821FF302821FF302821FF302821FF302821FF302821FF302821FF302821FF302821FF302821FF302821FFFFFFFFFF302821FF302821FF302821FFFFFFFFFF302821FF302821FFFFFFFFFF302821FF302821FF302821FFFFFFFFFF30
310
2821FF302821FF302821FF302821FF302821FF302821FF302821FF302821FF302821FF302821FF302821FF302821FF302821FF302821FFFFFFFFFF302821FF302821FF302821FF302821FF302821FF302821FF302821FF302821FF302821FF302821FF302821FF302821FF302821FFFFFFFFFF302821FF302821FF302821FF
310
FFFFFFFF302821FF302821FFFFFFFFFF302821FF302821FF302821FFFFFFFFFF302821FF302821FF302821FF302821FF302821FF302821FF302821FF302821FF302821FF302821FF302821FF302821FF302821FF302821FFFFFFFFFF302821FF302821FF302821FF302821FF302821FF302821FF302821FF302821FF302821
310
FF302821FF302821FF302821FF302821FFFFFFFFFF302821FF302821FF302821FFFFFFFFFF302821FF302821FFFFFFFFFF302821FF302821FF302821FFFFFFFFFF302821FF302821FF302821FF302821FF302821FF302821FF302821FF302821FF302821FF302821FF302821FF302821FF302821FF302821FFFFFFFFFF3028
310
21FF302821FF302821FF302821FF302821FF302821FF302821FF302821FF302821FF302821FF302821FF302821FF302821FFFFFFFFFF302821FF302821FF302821FFFFFFFFFF302821FF302821FFFFFFFFFF302821FF302821FF302821FFFFFFFFFF302821FF302821FF302821FF302821FF302821FF302821FF302821FF30
310
2821FF302821FF302821FF302821FF302821FF302821FF302821FFFFFFFFFF302821FF302821FF302821FF302821FF302821FF302821FF302821FF302821FF302821FF302821FF302821FF302821FF302821FFFFFFFFFF302821FF302821FF302821FFFFFFFFFF302821FF302821FFFFFFFFFF302821FF302821FF302821FF
310
FFFFFFFF302821FF302821FF302821FF302821FF302821FF302821FF302821FF302821FF302821FF302821FF302821FF302821FF302821FF302821FFFFFFFFFF302821FF302821FF302821FF302821FF302821FF302821FF302821FF302821FF302821FF302821FF302821FF302821FF302821FFFFFFFFFF302821FF302821
310
FF302821FFFFFFFFFF302821FF302821FFFFFFFFFF302821FF302821FF302821FFFFFFFFFF302821FF302821FF302821FF302821FF302821FF302821FF302821FF302821FF302821FF302821FF302821FF302821FF302821FF302821FFFFFFFFFF302821FF302821FF302821FF302821FF302821FF302821FF302821FF3028
310
21FF302821FF302821FF302821FF302821FF302821FFFFFFFFFF302821FF302821FF302821FFFFFFFFFF302821FF302821FFFFFFFFFF302821FF302821FF302821FFFFFFFFFF302821FF302821FF302821FF302821FF302821FF302821FF302821FF302821FF302821FF302821FF302821FF302821FF302821FF302821FFFF
310
FFFFFF302821FF302821FF302821FF302821FF302821FF302821FF302821FF302821FF302821FF302821FF302821FF302821FF302821FFFFFFFFFF302821FF302821FF302821FFFFFFFFFF302821FF302821FFFFFFFFFF302821FF302821FF302821FFFFFFFFFF302821FF302821FF302821FF302821FF302821FF302821FF
310
302821FF302821FF302821FF302821FF302821FF302821FF302821FF302821FFFFFFFFFF302821FF302821FF302821FF302821FF302821FF302821FF302821FF302821FF302821FF302821FF302821FF302821FF302821FFFFFFFFFF302821FF302821FF302821FFFFFFFFFF302821FF302821FFFFFFFFFF302821FF302821
310
FF302821FFFFFFFFFF302821FF302821FF302821FF302821FF302821FF302821FF302821FF302821FF302821FF302821FF302821FF302821FF302821FF302821FFFFFFFFFF302821FF302821FF302821FF302821FF302821FF302821FF302821FF302821FF302821FF302821FF302821FF302821FF302821FFFFFFFFFF3028
310
21FF302821FF302821FFFFFFFFFF302821FF302821FFFFFFFFFF302821FF302821FF302821FFFFFFFFFF302821FF302821FF302821FF302821FF302821FF302821FF302821FF302821FF302821FF302821FF302821FF302821FF302821FF302821FFFFFFFFFF302821FF302821FF302821FF302821FF302821FF302821FF30
310
2821FF302821FF302821FF302821FF302821FF302821FF302821FFFFFFFFFF302821FF302821FF302821FFFFFFFFFF302821FF302821FFFFFFFFFF302821FF302821FF302821FFFFFFFFFF302821FF302821FF302821FF302821FF302821FF302821FF302821FF302821FF302821FF302821FF302821FF302821FF302821FF
310
302821FFFFFFFFFF302821FF302821FF302821FF302821FF302821FF302821FF302821FF302821FF302821FF302821FF302821FF302821FF302821FFFFFFFFFF302821FF302821FF302821FFFFFFFFFF302821FF302821FFFFFFFFFF302821FF302821FF302821FFFFFFFFFF302821FF302821FF302821FF302821FF302821
310
FF302821FF302821FF302821FF302821FF302821FF302821FF302821FF302821FF302821FFFFFFFFFF302821FF302821FF302821FF302821FF302821FF302821FF302821FF302821FF302821FF302821FF302821FF302821FF302821FFFFFFFFFF302821FF302821FF302821FFFFFFFFFF302821FF302821FFFFFFFFFF3028
310
21FF302821FF302821FFFFFFFFFF302821FF302821FF302821FF302821FF302821FF302821FF302821FF302821FF302821FF302821FF302821FF302821FF302821FF302821FFFFFFFFFF302821FF302821FF302821FF302821FF302821FF302821FF302821FF302821FF302821FF302821FF302821FF302821FF302821FFFF
310
FFFFFF302821FF302821FF302821FFFFFFFFFF302821FF302821FFFFFFFFFF302821FF302821FF302821FFFFFFFFFF302821FF302821FF302821FF302821FF302821FF302821FF302821FF302821FF302821FF302821FF302821FF302821FF302821FF302821FFFFFFFFFF302821FF302821FF302821FF302821FF302821FF
310
302821FF302821FF302821FF302821FF302821FF302821FF302821FF302821FFFFFFFFFF302821FF302821FF302821FFFFFFFFFF302821FF302821FFFFFFFFFF302821FF302821FF302821FFFFFFFFFF302821FF302821FF302821FF302821FF302821FF302821FF302821FF302821FF302821FF302821FF302821FF302821
310
FF302821FF302821FFFFFFFFFF302821FF302821FF302821FF302821FF302821FF302821FF302821FF302821FF302821FF302821FF302821FF302821FF302821FFFFFFFFFF302821FF302821FF302821FFFFFFFFFF302821FF302821FFFFFFFFFF302821FF302821FF302821FFFFFFFFFF302821FF302821FF302821FF3028
310
21FF302821FF302821FF302821FF302821FF302821FF302821FF302821FF302821FF302821FF302821FFFFFFFFFF302821FF302821FF302821FF302821FF302821FF302821FF302821FF302821FF302821FF302821FF302821FF302821FF302821FFFFFFFFFFFFFFFFFFFFFFFFFFFFFFFFFFFFFFFFFFFFFFFFFFFFFFFFFFFF
310
FFFFFFFFFFFFFFFFFFFFFFFFFFFFFFFFFFFFFF302821FF302821FF302821FF302821FF302821FF302821FF302821FF302821FF302821FF302821FF302821FF302821FF302821FF302821FFFFFFFFFF302821FF302821FF302821FF302821FF302821FF302821FF302821FF302821FF302821FF302821FF302821FF302821FF
310
302821FF302821FF302821FF302821FF302821FF302821FF302821FF302821FF302821FF302821FF302821FF302821FF302821FF302821FF302821FF302821FF302821FF302821FF302821FF302821FF302821FF302821FF302821FF302821FF302821FF302821FF302821FFFFFFFFFF302821FF302821FF302821FF302821
310
FF302821FF302821FF302821FF302821FF302821FF302821FF302821FF302821FF302821FF302821FF302821FF302821FF302821FF302821FF302821FF302821FF302821FF302821FF302821FF302821FF302821FF302821FF302821FF302821FF302821FF302821FF302821FF302821FF302821FF302821FF302821FF3028
310
21FF302821FF302821FF302821FFFFFFFFFF302821FF302821FF302821FF302821FF302821FF302821FF302821FF302821FF302821FF302821FF302821FF302821FF302821FF302821FF302821FF302821FF302821FF302821FF302821FF302821FF302821FF302821FF302821FF302821FF302821FF302821FF302821FF30
310
2821FF302821FF302821FF302821FF302821FF302821FF302821FF302821FF302821FF302821FF302821FF302821FFFFFFFFFF302821FF302821FF302821FF302821FF302821FF302821FF302821FF302821FF302821FF302821FF302821FF302821FF302821FF302821FF302821FF302821FF302821FF302821FF302821FF
310
302821FF302821FF302821FF302821FF302821FF302821FF302821FF302821FF302821FF302821FF302821FF302821FF302821FF302821FF302821FF302821FF302821FF302821FF302821FF302821FFFFFFFFFF302821FF302821FF302821FF302821FF302821FF302821FF302821FF302821FF302821FF302821FF302821
310
FF302821FF302821FF302821FF302821FF302821FF302821FF302821FF302821FF302821FF302821FF302821FF302821FF302821FF302821FF302821FF302821FF302821FF302821FF302821FF302821FF302821FF302821FF302821FF302821FF302821FF302821FF302821FF302821FFFFFFFFFF302821FF302821FF3028
310
21FF302821FF302821FF302821FF302821FF302821FF302821FF302821FF302821FF302821FF302821FF302821FF302821FF302821FF302821FF302821FF302821FF302821FF302821FF302821FF302821FF302821FF302821FF302821FF302821FF302821FF302821FF302821FF302821FF302821FF302821FF302821FF30
310
2821FF302821FF302821FF302821FF302821FFFFFFFFFFFFFFFFFFFFFFFFFFFFFFFFFFFFFFFFFFFFFFFFFFFFFFFFFFFFFFFFFFFFFFFFFFFFFFFFFFFFFFFFFFFFFFFFFFFFFFFFFFFFFFFFFFFFFFFFFF302821FF302821FF302821FF302821FF302821FF302821FF302821FF302821FF302821FF302821FF302821FF302821FF
310
302821FF302821FF302821FF302821FF302821FF302821FF302821FF302821FF302821FF302821FF302821FF302821FF302821FF302821FF302821FF302821FF302821FF302821FF302821FF302821FF302821FF302821FF302821FF302821FF302821FF302821FF302821FF302821FF302821FF302821FF302821FF302821
310
FF302821FF302821FF302821FF302821FF302821FF302821FF302821FF302821FF302821FF302821FF302821FF302821FF302821FF302821FF302821FF302821FF302821FF302821FF302821FF302821FF302821FF302821FF302821FF302821FF302821FF302821FF302821FF302821FF302821FF302821FF302821FF3028
310
21FF302821FF302821FF302821FF302821FF302821FF302821FF302821FF302821FF302821FF302821FF302821FF302821FF302821FF302821FF302821FF302821FF302821FF302821FF302821FF302821FF302821FF302821FF
102
{BLKREFS
331
645
102
}
1001
ACAD
1000
DesignCenter Data
1002
{
1070
     1
1070
     2
1002
}
  0
BLOCK_RECORD
  5
647
330
1
100
AcDbSymbolTableRecord
100
AcDbBlockTableRecord
  2
v2
340
0
310
28000000280000002800000001002000000000000019000001000000010000000000000000000000302821FF302821FF302821FF302821FF302821FF302821FF302821FF302821FF302821FF302821FF302821FF302821FF302821FF302821FF302821FF302821FF302821FF302821FF302821FF302821FF302821FF302821
310
FF302821FF302821FF302821FF302821FF302821FF302821FF302821FF302821FF302821FF302821FF302821FF302821FF302821FF302821FF302821FF302821FF302821FF302821FF302821FF302821FF302821FF302821FF302821FF302821FF302821FF302821FF302821FF302821FF302821FF302821FF302821FF3028
310
21FF302821FF302821FF302821FF302821FF302821FF302821FF302821FF302821FF302821FF302821FF302821FF302821FF302821FF302821FF302821FF302821FF302821FF302821FF302821FF302821FF302821FF302821FF302821FF302821FF302821FF302821FF302821FF302821FF302821FF302821FF302821FF30
310
2821FF302821FF302821FF302821FF302821FF302821FF302821FF302821FF302821FF302821FF302821FF302821FF302821FF302821FF302821FF302821FF302821FF302821FF302821FF302821FF302821FF302821FF302821FF302821FF302821FF302821FF302821FF302821FF302821FF302821FF302821FF302821FF
310
302821FF302821FF302821FF302821FF302821FF302821FF302821FF302821FF302821FF302821FF302821FF302821FF302821FF302821FF302821FF302821FF302821FF302821FF302821FF302821FF302821FF302821FF302821FF302821FF302821FF302821FF302821FF302821FF302821FF302821FF302821FF302821
310
FF302821FF302821FF302821FF302821FF302821FF302821FF302821FF302821FF302821FF302821FF302821FF302821FF302821FF302821FF302821FF302821FF302821FF302821FF302821FF302821FF302821FF302821FF302821FF302821FF302821FF302821FF302821FF302821FF302821FF302821FF302821FF3028
310
21FF302821FF302821FF302821FF302821FF302821FF302821FF302821FF302821FF302821FF302821FF302821FF302821FF302821FF302821FF302821FF302821FF302821FF302821FF302821FF302821FF302821FF302821FF302821FF302821FF302821FF302821FF302821FF302821FF302821FF302821FF302821FF30
310
2821FF302821FF302821FF302821FF302821FF302821FF302821FF302821FF302821FF302821FF302821FF302821FF302821FF302821FF302821FF302821FF302821FF302821FF302821FF302821FF302821FF302821FF302821FF302821FF302821FF302821FF302821FF302821FF302821FF302821FF302821FF302821FF
310
302821FF302821FF302821FF302821FF302821FF302821FF302821FF302821FF302821FF302821FF302821FF302821FF302821FF302821FF302821FF302821FF302821FF302821FF302821FF302821FF302821FF302821FF302821FF302821FF302821FF302821FF302821FF302821FF302821FF302821FF302821FF302821
310
FF302821FF302821FF302821FF302821FF302821FF302821FF302821FF302821FF302821FF302821FF302821FF302821FF302821FF302821FF302821FF302821FF302821FF302821FF302821FF302821FF302821FF302821FF302821FF302821FF302821FF302821FF302821FF302821FF302821FF302821FF302821FF3028
310
21FF302821FF302821FF302821FF302821FF302821FF302821FF302821FF302821FF302821FF302821FF302821FF302821FF302821FF302821FF302821FF302821FF302821FF302821FF302821FF302821FF302821FF302821FF302821FF302821FF302821FF302821FF302821FF302821FF302821FF302821FF302821FF30
310
2821FF302821FF302821FF302821FF302821FF302821FF302821FF302821FF302821FF302821FF302821FF302821FF302821FF302821FF302821FF302821FF302821FF302821FF302821FF302821FF302821FF302821FF302821FF302821FF302821FF302821FF302821FF302821FF302821FF302821FF302821FF302821FF
310
302821FF302821FF302821FF302821FF302821FF302821FF302821FF302821FF302821FF302821FF302821FF302821FF302821FF302821FF302821FF302821FF302821FF302821FF302821FF302821FF302821FF302821FF302821FF302821FF302821FF302821FF302821FF302821FF302821FF302821FF302821FF302821
310
FF302821FF302821FF302821FF302821FF302821FF302821FF302821FF302821FF302821FF302821FF302821FF302821FF302821FF302821FF302821FF302821FF302821FF302821FF302821FF302821FF302821FF302821FF302821FF302821FF302821FF302821FF302821FF302821FF302821FF302821FF302821FF3028
310
21FF302821FF302821FF302821FF302821FF302821FF302821FF302821FF302821FF302821FF302821FF302821FF302821FF302821FF302821FF302821FF302821FF302821FF302821FF302821FF302821FF302821FF302821FF302821FF302821FF302821FF302821FF302821FF302821FF302821FF302821FF302821FF30
310
2821FF302821FF302821FF302821FF302821FF302821FF302821FF302821FF302821FF302821FF302821FF302821FF302821FF302821FF302821FF302821FF302821FF302821FF302821FF302821FF302821FF302821FF302821FF302821FF302821FF302821FF302821FF302821FF302821FF302821FF302821FF302821FF
310
302821FF302821FF302821FF302821FF302821FF302821FF302821FF302821FF302821FF302821FF302821FF302821FF302821FF302821FF302821FF302821FF302821FF302821FF302821FF302821FF302821FF302821FF302821FF302821FFFFFFFFFF302821FF302821FF302821FF302821FF302821FF302821FF302821
310
FF302821FF302821FF302821FF302821FF302821FF302821FF302821FF302821FF302821FF302821FF302821FF302821FF302821FF302821FF302821FF302821FF302821FF302821FF302821FF302821FF302821FF302821FF302821FF302821FF302821FF302821FF302821FFFFFFFFFF302821FF302821FF302821FF3028
310
21FFFFFFFFFF302821FF302821FF302821FF302821FF302821FF302821FF302821FF302821FF302821FF302821FF302821FF302821FF302821FF302821FF302821FF302821FF302821FF302821FF302821FF302821FF302821FF302821FF302821FF302821FF302821FF302821FF302821FF302821FF302821FF302821FF30
310
2821FF302821FF302821FF302821FFFFFFFFFF302821FF302821FF302821FF302821FFFFFFFFFF302821FF302821FF302821FF302821FF302821FF302821FF302821FF302821FF302821FF302821FF302821FF302821FF302821FF302821FF302821FF302821FF302821FF302821FF302821FF302821FF302821FF302821FF
310
302821FF302821FF302821FF302821FF302821FF302821FF302821FF302821FF302821FF302821FF302821FF302821FFFFFFFFFF302821FF302821FF302821FF302821FFFFFFFFFF302821FF302821FF302821FF302821FF302821FF302821FF302821FF302821FF302821FF302821FF302821FF302821FF302821FF302821
310
FF302821FF302821FF302821FF302821FF302821FF302821FF302821FF302821FF302821FF302821FF302821FF302821FF302821FF302821FF302821FF302821FF302821FF302821FF302821FF302821FFFFFFFFFF302821FF302821FF302821FF302821FFFFFFFFFF302821FF302821FF302821FF302821FF302821FF3028
310
21FF302821FF302821FF302821FF302821FF302821FF302821FF302821FF302821FF302821FF302821FF302821FF302821FF302821FF302821FF302821FF302821FF302821FF302821FF302821FF302821FF302821FF302821FF302821FF302821FF302821FF302821FF302821FF302821FFFFFFFFFF302821FF302821FF30
310
2821FF302821FFFFFFFFFFFFFFFFFFFFFFFFFFFFFFFFFFFFFFFFFFFFFFFFFFFFFFFFFFFFFFFFFFFFFFFFFFFFFFFFFFFFFFFFFFFFFFFFFFFFFFFFFFFFFFFFFFFFFFFFFFFFFFFFFFFFFFFFFFFFFFFFFFFFFFFFFFFFFFFFFFFFFFFFFFFFFFFFFFFFFFFFFFFFFFFFFFFFFFFFFFFFFFFFFFFFFFFFFFFFFFFFFFFFFFFFFFFFFFFFFF
310
FFFFFFFFFFFFFFFFFFFFFFFFFFFFFFFFFFFFFFFFFFFFFFFF302821FF302821FF302821FF302821FFFFFFFFFF302821FF302821FF302821FF302821FF302821FF302821FF302821FF302821FF302821FF302821FF302821FF302821FF302821FF302821FF302821FF302821FF302821FF302821FF302821FF302821FF302821
310
FF302821FF302821FF302821FF302821FF302821FF302821FF302821FF302821FF302821FF302821FF302821FF302821FF302821FFFFFFFFFF302821FF302821FF302821FF302821FFFFFFFFFF302821FF302821FF302821FF302821FF302821FF302821FF302821FF302821FF302821FF302821FF302821FF302821FF3028
310
21FF302821FF302821FF302821FF302821FF302821FF302821FF302821FF302821FF302821FF302821FF302821FF302821FF302821FF302821FF302821FF302821FF302821FF302821FF302821FF302821FF302821FFFFFFFFFF302821FF302821FF302821FF302821FFFFFFFFFFFFFFFFFFFFFFFFFFFFFFFFFFFFFFFFFFFF
310
FFFFFFFFFFFFFFFFFFFFFFFFFFFFFFFFFFFFFFFFFFFFFFFFFFFFFFFFFFFFFFFFFFFFFFFFFFFFFFFFFFFFFFFFFFFFFFFFFFFFFFFFFFFFFFFFFFFFFFFFFFFFFFFFFFFFFFFFFFFFFFFFFFFFFFFFFFFFFFFFFFFFFFFFFFFFFFFFFFFFFFFFFFFFFFFFFFFFFFFFFFFFFFFFFFFFFFFFFFFFFFFFFFFFFFFFFFFFFFFFFFFFFF302821FF
310
302821FF302821FF302821FFFFFFFFFF302821FF302821FF302821FF302821FF302821FF302821FF302821FF302821FF302821FF302821FF302821FF302821FF302821FF302821FF302821FF302821FF302821FF302821FF302821FF302821FF302821FF302821FF302821FF302821FF302821FF302821FF302821FF302821
310
FF302821FF302821FF302821FF302821FF302821FF302821FFFFFFFFFF302821FF302821FF302821FF302821FFFFFFFFFF302821FF302821FF302821FF302821FF302821FF302821FF302821FF302821FF302821FF302821FF302821FF302821FF302821FF302821FF302821FF302821FF302821FF302821FF302821FF3028
310
21FF302821FF302821FF302821FF302821FF302821FF302821FF302821FF302821FF302821FF302821FF302821FF302821FF302821FF302821FFFFFFFFFF302821FF302821FF302821FF302821FFFFFFFFFF302821FF302821FF302821FF302821FF302821FF302821FF302821FF302821FF302821FF302821FF302821FF30
310
2821FF302821FF302821FF302821FF302821FF302821FF302821FF302821FF302821FF302821FF302821FF302821FF302821FF302821FF302821FF302821FF302821FF302821FF302821FF302821FF302821FF302821FF302821FFFFFFFFFF302821FF302821FF302821FF302821FFFFFFFFFF302821FF302821FF302821FF
310
302821FF302821FF302821FF302821FF302821FF302821FF302821FF302821FF302821FF302821FF302821FF302821FF302821FF302821FF302821FF302821FF302821FF302821FF302821FF302821FF302821FF302821FF302821FF302821FF302821FF302821FF302821FF302821FF302821FF302821FF302821FFFFFFFF
310
FF302821FF302821FF302821FF302821FFFFFFFFFF302821FF302821FF302821FF302821FF302821FF302821FF302821FF302821FF302821FF302821FF302821FF302821FF302821FF302821FF302821FF302821FF302821FF302821FF302821FF302821FF302821FF302821FF302821FF302821FF302821FF302821FF3028
310
21FF302821FF302821FF302821FF302821FF302821FF302821FF302821FFFFFFFFFF302821FF302821FF302821FF302821FF302821FF302821FF302821FF302821FF302821FF302821FF302821FF302821FF302821FF302821FF302821FF302821FF302821FF302821FF302821FF302821FF302821FF302821FF302821FF30
310
2821FF302821FF302821FF302821FF302821FF302821FF302821FF302821FF302821FF302821FF302821FF302821FF302821FF302821FF302821FF302821FF302821FF302821FF302821FF302821FF302821FF302821FF302821FF302821FF302821FF302821FF302821FF302821FF302821FF302821FF302821FF302821FF
310
302821FF302821FF302821FF302821FF302821FF302821FF302821FF302821FF302821FF302821FF302821FF302821FF302821FF302821FF302821FF302821FF302821FF302821FF302821FF302821FF302821FF302821FF302821FF302821FF302821FF302821FF302821FF302821FF302821FF302821FF302821FF302821
310
FF302821FF302821FF302821FF302821FF302821FF302821FF302821FF302821FF302821FF302821FF302821FF302821FF302821FF302821FF302821FF302821FF302821FF302821FF302821FF302821FF302821FF302821FF302821FF302821FF302821FF302821FF302821FF302821FF302821FF302821FF302821FF3028
310
21FF302821FF302821FF302821FF302821FF302821FF302821FF302821FF302821FF302821FF302821FF302821FF302821FF302821FF302821FF302821FF302821FF302821FF302821FF302821FF302821FF302821FF302821FF302821FF302821FF302821FF302821FF302821FF302821FF302821FF302821FF302821FF30
310
2821FF302821FF302821FF302821FF302821FF302821FF302821FF302821FF302821FF302821FF302821FF302821FF302821FF302821FF302821FF302821FF302821FF302821FF302821FF302821FF302821FF302821FF302821FF302821FF302821FF302821FF302821FF302821FF302821FF302821FF302821FF302821FF
310
302821FF302821FF302821FF302821FF302821FF302821FF302821FF302821FF302821FF302821FF302821FF302821FF302821FF302821FF302821FF302821FF302821FF302821FF302821FF302821FF302821FF302821FF302821FF302821FF302821FF302821FF302821FF302821FF302821FF302821FF302821FF302821
310
FF302821FF302821FF302821FF302821FF302821FF302821FF302821FF302821FF302821FF302821FF302821FF302821FF302821FF302821FF302821FF302821FF302821FF302821FF302821FF302821FF302821FF302821FF302821FF302821FF302821FF302821FF302821FF302821FF302821FF302821FF302821FF3028
310
21FF302821FF302821FF302821FF302821FF302821FF302821FF302821FF302821FF302821FF302821FF302821FF302821FF302821FF302821FF302821FF302821FF302821FF302821FF302821FF302821FF302821FF302821FF302821FF302821FF302821FF302821FF302821FF302821FF302821FF302821FF302821FF30
310
2821FF302821FF302821FF302821FF302821FF302821FF302821FF302821FF302821FF302821FF302821FF302821FF302821FF302821FF302821FF302821FF302821FF302821FF302821FF302821FF302821FF302821FF302821FF302821FF302821FF302821FF302821FF302821FF302821FF302821FF302821FF302821FF
310
302821FF302821FF302821FF302821FF302821FF302821FF302821FF302821FF302821FF302821FF302821FF302821FF302821FF302821FF302821FF302821FF302821FF302821FF302821FF302821FF302821FF302821FF302821FF302821FF302821FF302821FF302821FF302821FF302821FF302821FF302821FF302821
310
FF302821FF302821FF302821FF302821FF302821FF302821FF302821FF302821FF302821FF302821FF302821FF302821FF302821FF302821FF302821FF302821FF302821FF302821FF302821FF302821FF302821FF302821FF302821FF302821FF302821FF302821FF302821FF302821FF302821FF302821FF302821FF3028
310
21FF302821FF302821FF302821FF302821FF302821FF302821FF302821FF302821FF302821FF302821FF302821FF302821FF302821FF302821FF302821FF302821FF302821FF302821FF302821FF302821FF302821FF302821FF302821FF302821FF302821FF302821FF302821FF302821FF302821FF302821FF302821FF30
310
2821FF302821FF302821FF302821FF302821FF302821FF302821FF302821FF302821FF302821FF302821FF302821FF302821FF302821FF302821FF302821FF302821FF302821FF302821FF302821FF302821FF302821FF302821FF302821FF302821FF302821FF302821FF302821FF302821FF302821FF302821FF302821FF
310
302821FF302821FF302821FF302821FF302821FF302821FF302821FF302821FF302821FF302821FF302821FF302821FF302821FF302821FF302821FF302821FF302821FF302821FF302821FF302821FF302821FF302821FF302821FF302821FF302821FF302821FF302821FF302821FF302821FF302821FF302821FF302821
310
FF302821FF302821FF302821FF302821FF302821FF302821FF302821FF302821FF302821FF302821FF302821FF302821FF302821FF302821FF302821FF302821FF302821FF302821FF302821FF302821FF302821FF302821FF302821FF302821FF302821FF302821FF302821FF302821FF302821FF302821FF302821FF3028
310
21FF302821FF302821FF302821FF302821FF302821FF302821FF302821FF302821FF302821FF302821FF302821FF302821FF302821FF302821FF302821FF302821FF302821FF302821FF302821FF302821FF302821FF302821FF
1001
ACAD
1000
DesignCenter Data
1002
{
1070
     1
1070
     2
1002
}
  0
BLOCK_RECORD
  5
75A
330
1
100
AcDbSymbolTableRecord
100
AcDbBlockTableRecord
  2
updown w1
340
0
310
28000000280000002800000001002000000000000019000001000000010000000000000000000000302821FF302821FF302821FF302821FF302821FF302821FF302821FF302821FF302821FF302821FF302821FF302821FF302821FF302821FF302821FF302821FF302821FF302821FF302821FF302821FF302821FF302821
310
FF302821FF302821FF302821FF302821FF302821FF302821FF302821FF302821FF302821FF302821FF302821FF302821FF302821FF302821FF302821FF302821FF302821FF302821FF302821FF302821FF302821FF302821FF302821FF302821FF302821FF302821FF302821FF302821FF302821FF302821FF302821FF3028
310
21FF302821FF302821FF302821FF302821FF302821FF302821FF302821FF302821FF302821FF302821FF302821FF302821FF302821FF302821FF302821FF302821FF302821FF302821FF302821FF302821FF302821FF302821FF302821FF302821FF302821FF302821FF302821FF302821FF302821FF302821FF302821FF30
310
2821FF302821FF302821FF302821FF302821FF302821FF302821FF302821FF302821FF302821FF302821FF302821FF302821FF302821FF302821FF302821FF302821FF302821FF302821FF302821FF302821FF302821FF302821FF302821FF302821FF302821FF302821FF302821FF302821FF302821FF302821FF302821FF
310
302821FF302821FF302821FF302821FF302821FF302821FF302821FF302821FF302821FF302821FF302821FF302821FF302821FF302821FF302821FF302821FF302821FF302821FF302821FF302821FF302821FF302821FF302821FF302821FF302821FF302821FF302821FF302821FF302821FF302821FF302821FF302821
310
FF302821FF302821FF302821FF302821FF302821FF302821FF302821FF302821FF302821FF302821FF302821FF302821FF302821FF302821FF302821FF302821FF302821FF302821FF302821FF302821FF302821FF302821FF302821FF302821FF302821FF302821FF302821FF302821FF302821FF302821FF302821FF3028
310
21FF302821FF302821FF302821FF302821FF302821FF302821FF302821FF302821FF302821FF302821FF302821FF302821FF302821FF302821FF302821FF302821FF302821FF302821FF302821FF302821FF302821FF302821FF302821FF302821FF302821FF302821FF302821FF302821FF302821FF302821FF302821FF30
310
2821FF302821FF302821FF302821FF302821FF302821FF302821FF302821FF302821FF302821FF302821FF302821FF302821FF302821FF302821FF302821FF302821FF302821FF302821FF302821FF302821FF302821FF302821FF302821FF302821FF302821FF302821FF302821FF302821FF302821FF302821FF302821FF
310
302821FF302821FF302821FF302821FF302821FF302821FF302821FF302821FF302821FF302821FF302821FF302821FF302821FF302821FF302821FF302821FF302821FF302821FF302821FF302821FF302821FF302821FF302821FF302821FF302821FF302821FF302821FF302821FF302821FF302821FF302821FF302821
310
FF302821FF302821FF302821FF302821FF302821FF302821FF302821FF302821FF302821FF302821FF302821FF302821FF302821FF302821FF302821FF302821FF302821FF302821FF302821FF302821FF302821FF302821FF302821FF302821FF302821FF302821FF302821FF302821FF302821FF302821FF302821FF3028
310
21FF302821FF302821FF302821FF302821FF302821FF302821FF302821FF302821FF302821FF302821FF302821FF302821FF302821FF302821FF302821FF302821FF302821FF302821FF302821FF302821FF302821FF302821FF302821FF302821FF302821FF302821FF302821FF302821FF302821FF302821FF302821FF30
310
2821FF302821FF302821FF302821FF302821FF302821FF302821FF302821FF302821FF302821FF302821FF302821FF302821FF302821FF302821FF302821FF302821FF302821FF302821FF302821FF302821FF302821FF302821FF302821FF302821FF302821FF302821FF302821FF302821FF302821FF302821FF302821FF
310
302821FF302821FF302821FF302821FF302821FF302821FF302821FF302821FF302821FF302821FF302821FF302821FF302821FF302821FF302821FF302821FF302821FF302821FF302821FF302821FF302821FF302821FF302821FF302821FF302821FF302821FF302821FF302821FF302821FF302821FF302821FF302821
310
FF302821FF302821FF302821FF302821FF302821FF302821FF302821FF302821FF302821FF302821FF302821FF302821FF302821FF302821FF302821FF302821FF302821FF302821FF302821FF302821FF302821FF302821FF302821FF302821FF302821FF302821FF302821FF302821FF302821FF302821FF302821FF3028
310
21FF302821FF302821FF302821FF302821FF302821FF302821FF302821FF302821FF302821FF302821FF302821FF302821FF302821FF302821FF302821FF302821FF302821FF302821FF302821FF302821FF302821FF302821FF302821FF302821FF302821FF302821FF302821FF302821FF302821FF302821FF302821FF30
310
2821FF302821FF302821FF302821FF302821FF302821FF302821FF302821FF302821FF302821FF302821FF302821FF302821FF302821FF302821FF302821FF302821FF302821FF302821FF302821FF302821FF302821FF302821FF302821FF302821FF302821FF302821FF302821FF302821FF302821FF302821FF302821FF
310
302821FF302821FF302821FF302821FF302821FF302821FF302821FF302821FF302821FF302821FF302821FF302821FF302821FF302821FF302821FF302821FF302821FF302821FF302821FF302821FF302821FF302821FF302821FF302821FFFFFFFFFFFFFFFFFFFFFFFFFFFFFFFFFFFFFFFFFFFFFFFFFFFFFFFFFFFFFFFF
310
FFFFFFFFFFFFFFFFFFFFFFFFFFFFFFFFFFFFFFFFFFFFFFFFFFFFFFFFFFFFFFFFFFFFFFFFFFFFFFFFFFFFFFFFFFFFFFFFFFFFFFFFFFFFFFFFFFFFFFFFFFFFFFFFFFFFFFFFFFFFFFFFFFFFFFFFFFFFFFFFFFFFFFFFFFFFFFFFFFFFFFFFFFFFFFFFFFFFFFFFFFFFFFFFFFFFFFFFFFFFFFFFFF302821FF302821FF302821FF3028
310
21FFFFFFFFFF302821FF302821FF302821FF302821FF302821FF302821FF302821FF302821FF302821FF302821FF302821FF302821FF302821FF302821FF302821FF302821FF302821FF302821FF302821FF302821FF302821FF302821FF302821FF302821FF302821FF302821FF302821FF302821FF302821FF302821FF30
310
2821FF302821FF302821FF302821FFFFFFFFFF302821FF302821FF302821FF302821FFFFFFFFFF302821FF302821FF302821FF302821FF302821FF302821FF302821FF302821FF302821FF302821FF302821FF302821FF302821FF302821FF302821FF302821FF302821FF302821FF302821FF302821FF302821FF302821FF
310
302821FF302821FF302821FF302821FF302821FF302821FF302821FF302821FF302821FF302821FF302821FF302821FFFFFFFFFF302821FF302821FF302821FF302821FFFFFFFFFF302821FF302821FF302821FF302821FF302821FF302821FF302821FF302821FF302821FF302821FF302821FF302821FF302821FF302821
310
FF302821FF302821FF302821FF302821FF302821FF302821FF302821FF302821FF302821FF302821FF302821FF302821FF302821FF302821FF302821FF302821FF302821FF302821FF302821FF302821FFFFFFFFFF302821FF302821FF302821FF302821FFFFFFFFFF302821FF302821FF302821FF302821FF302821FF3028
310
21FF302821FF302821FF302821FF302821FF302821FF302821FF302821FF302821FF302821FF302821FF302821FF302821FF302821FF302821FF302821FF302821FF302821FF302821FF302821FF302821FF302821FF302821FF302821FF302821FF302821FF302821FF302821FF302821FFFFFFFFFF302821FF302821FF30
310
2821FF302821FFFFFFFFFF302821FF302821FF302821FF302821FF302821FF302821FF302821FF302821FF302821FF302821FF302821FF302821FF302821FF302821FF302821FF302821FF302821FF302821FF302821FF302821FF302821FF302821FF302821FF302821FF302821FF302821FF302821FF302821FF302821FF
310
302821FF302821FF302821FF302821FF302821FFFFFFFFFF302821FF302821FF302821FF302821FFFFFFFFFF302821FF302821FF302821FF302821FF302821FF302821FF302821FF302821FF302821FF302821FF302821FF302821FF302821FF302821FF302821FF302821FF302821FF302821FF302821FF302821FF302821
310
FF302821FF302821FF302821FF302821FF302821FF302821FF302821FF302821FF302821FF302821FF302821FF302821FF302821FFFFFFFFFF302821FF302821FF302821FF302821FFFFFFFFFF302821FF302821FF302821FF302821FF302821FF302821FF302821FF302821FF302821FF302821FF302821FF302821FF3028
310
21FF302821FF302821FF302821FF302821FF302821FF302821FF302821FF302821FF302821FF302821FF302821FF302821FF302821FF302821FF302821FF302821FF302821FF302821FF302821FF302821FF302821FFFFFFFFFF302821FF302821FF302821FF302821FFFFFFFFFF302821FF302821FF302821FF302821FF30
310
2821FF302821FF302821FF302821FF302821FF302821FF302821FF302821FF302821FF302821FF302821FF302821FF302821FF302821FF302821FF302821FF302821FF302821FF302821FF302821FF302821FF302821FF302821FF302821FF302821FF302821FF302821FF302821FF302821FF302821FFFFFFFFFF302821FF
310
302821FF302821FF302821FFFFFFFFFF302821FF302821FF302821FFFFFFFFFFFFFFFFFFFFFFFFFFFFFFFFFFFFFFFFFFFFFFFFFFFFFFFFFFFFFFFFFFFFFFFFFFFFFFFFFFFFFFFFFFFFFFFFFFFFFFFFFFFFFFFFFFFFFFFFFFFFFFFFFFFFFFFFFFFFFFFFFFFFFFFFFFFFFFFFFFFFFFFFFFFFFFFFFFFFFFFFFFFFFFFFFFFFFFFF
310
FFFFFFFFFFFFFFFFFFFFFFFFFF302821FF302821FF302821FFFFFFFFFF302821FF302821FF302821FF302821FF302821FF302821FF302821FF302821FFFFFFFFFFFFFFFFFFFFFFFFFFFFFFFFFFFFFFFFFFFFFFFFFFFFFFFFFFFFFFFFFFFFFFFFFFFFFFFFFFFFFFFFFFFFFFFFFFFFFFFFFFFFFFFFFFFFFFFFFFFFFFFFFFFFFF
310
FFFFFFFFFFFFFFFFFFFFFFFFFFFFFFFFFFFFFFFFFFFFFFFFFFFFFFFFFFFFFFFFFFFFFFFFFFFFFFFFFFFFFFFFFFFF302821FF302821FF302821FF302821FF302821FF302821FF302821FF302821FF302821FF302821FF302821FF302821FFFFFFFFFF302821FF302821FF302821FF302821FF302821FF302821FF302821FF30
310
2821FF302821FF302821FF302821FF302821FF302821FF302821FF302821FF302821FF302821FF302821FF302821FF302821FF302821FF302821FF302821FF302821FF302821FF302821FFFFFFFFFF302821FF302821FF302821FF302821FF302821FF302821FF302821FF302821FF302821FF302821FF302821FF302821FF
310
FFFFFFFFFFFFFFFFFFFFFFFFFFFFFFFFFFFFFFFFFFFFFFFFFFFFFFFFFFFFFFFFFFFFFFFFFFFFFFFFFFFFFFFFFFFFFFFFFFFFFFFFFFFFFFFFFFFFFFFFFFFFFFFFFFFFFFFFFFFFFFFFFFFFFFFFFFFFFFFFFFFFFFFFFFFFFFFFFFFFFFFFFFFFFFFFFFFFFFFFFFFFFFFFFFFFFFFFFFFFFFFF302821FF302821FF302821FF302821
310
FF302821FF302821FF302821FF302821FF302821FF302821FF302821FF302821FFFFFFFFFFFFFFFFFFFFFFFFFFFFFFFFFFFFFFFFFFFFFFFFFFFFFFFFFFFFFFFFFFFFFFFFFFFFFFFFFFFFFFFFFFFFFFFFFFFFFFFFFFFFFFFFFFFFFFFFFFFFFFFFFFFFFFFFFFFFFFFFFFFFFFFFFFFFFFFFFFFFFFFFFFFFFFFFFFFFFFFFFFFFFF
310
FFFFFFFFFFFFFFFFFFFFFFFFFFFFFFFFFFFF302821FF302821FF302821FF302821FF302821FF302821FF302821FF302821FF302821FF302821FF302821FF302821FF302821FF302821FF302821FF302821FF302821FF302821FF302821FF302821FF302821FF302821FF302821FF302821FF302821FF302821FF302821FF30
310
2821FF302821FF302821FF302821FF302821FF302821FF302821FF302821FF302821FF302821FF302821FF302821FF302821FF302821FF302821FF302821FF302821FF302821FF302821FF302821FF302821FF302821FF302821FF302821FF302821FF302821FF302821FF302821FF302821FF302821FF302821FF302821FF
310
302821FF302821FF302821FF302821FF302821FF302821FF302821FF302821FF302821FF302821FF302821FF302821FF302821FF302821FF302821FF302821FF302821FF302821FF302821FF302821FF302821FF302821FF302821FF302821FF302821FF302821FF302821FF302821FF302821FF302821FF302821FF302821
310
FF302821FF302821FF302821FF302821FF302821FF302821FF302821FF302821FF302821FF302821FF302821FF302821FF302821FF302821FF302821FF302821FF302821FF302821FF302821FF302821FF302821FF302821FF302821FF302821FF302821FF302821FF302821FF302821FF302821FF302821FF302821FF3028
310
21FF302821FF302821FF302821FF302821FF302821FF302821FF302821FF302821FF302821FF302821FF302821FF302821FF302821FF302821FF302821FF302821FF302821FF302821FF302821FF302821FF302821FF302821FF302821FF302821FF302821FF302821FF302821FF302821FF302821FF302821FF302821FF30
310
2821FF302821FF302821FF302821FF302821FF302821FF302821FF302821FF302821FF302821FF302821FF302821FF302821FF302821FF302821FF302821FF302821FF302821FF302821FF302821FF302821FF302821FF302821FF302821FF302821FF302821FF302821FF302821FF302821FF302821FF302821FF302821FF
310
302821FF302821FF302821FF302821FF302821FF302821FF302821FF302821FF302821FF302821FF302821FF302821FF302821FF302821FF302821FF302821FF302821FF302821FF302821FF302821FF302821FF302821FF302821FF302821FF302821FF302821FF302821FF302821FF302821FF302821FF302821FF302821
310
FF302821FF302821FF302821FF302821FF302821FF302821FF302821FF302821FF302821FF302821FF302821FF302821FF302821FF302821FF302821FF302821FF302821FF302821FF302821FF302821FF302821FF302821FF302821FF302821FF302821FF302821FF302821FF302821FF302821FF302821FF302821FF3028
310
21FF302821FF302821FF302821FF302821FF302821FF302821FF302821FF302821FF302821FF302821FF302821FF302821FF302821FF302821FF302821FF302821FF302821FF302821FF302821FF302821FF302821FF302821FF302821FF302821FF302821FF302821FF302821FF302821FF302821FF302821FF302821FF30
310
2821FF302821FF302821FF302821FF302821FF302821FF302821FF302821FF302821FF302821FF302821FF302821FF302821FF302821FF302821FF302821FF302821FF302821FF302821FF302821FF302821FF302821FF302821FF302821FF302821FF302821FF302821FF302821FF302821FF302821FF302821FF302821FF
310
302821FF302821FF302821FF302821FF302821FF302821FF302821FF302821FF302821FF302821FF302821FF302821FF302821FF302821FF302821FF302821FF302821FF302821FF302821FF302821FF302821FF302821FF302821FF302821FF302821FF302821FF302821FF302821FF302821FF302821FF302821FF302821
310
FF302821FF302821FF302821FF302821FF302821FF302821FF302821FF302821FF302821FF302821FF302821FF302821FF302821FF302821FF302821FF302821FF302821FF302821FF302821FF302821FF302821FF302821FF302821FF302821FF302821FF302821FF302821FF302821FF302821FF302821FF302821FF3028
310
21FF302821FF302821FF302821FF302821FF302821FF302821FF302821FF302821FF302821FF302821FF302821FF302821FF302821FF302821FF302821FF302821FF302821FF302821FF302821FF302821FF302821FF302821FF302821FF302821FF302821FF302821FF302821FF302821FF302821FF302821FF302821FF30
310
2821FF302821FF302821FF302821FF302821FF302821FF302821FF302821FF302821FF302821FF302821FF302821FF302821FF302821FF302821FF302821FF302821FF302821FF302821FF302821FF302821FF302821FF302821FF302821FF302821FF302821FF302821FF302821FF302821FF302821FF302821FF302821FF
310
302821FF302821FF302821FF302821FF302821FF302821FF302821FF302821FF302821FF302821FF302821FF302821FF302821FF302821FF302821FF302821FF302821FF302821FF302821FF302821FF302821FF302821FF302821FF302821FF302821FF302821FF302821FF302821FF302821FF302821FF302821FF302821
310
FF302821FF302821FF302821FF302821FF302821FF302821FF302821FF302821FF302821FF302821FF302821FF302821FF302821FF302821FF302821FF302821FF302821FF302821FF302821FF302821FF302821FF302821FF302821FF302821FF302821FF302821FF302821FF302821FF302821FF302821FF302821FF3028
310
21FF302821FF302821FF302821FF302821FF302821FF302821FF302821FF302821FF302821FF302821FF302821FF302821FF302821FF302821FF302821FF302821FF302821FF302821FF302821FF302821FF302821FF302821FF
102
{BLKREFS
331
766
102
}
1001
ACAD
1000
DesignCenter Data
1002
{
1070
     1
1070
     2
1002
}
  0
BLOCK_RECORD
  5
79D
330
1
100
AcDbSymbolTableRecord
100
AcDbBlockTableRecord
  2
landfoill
340
0
310
28000000280000002800000001002000000000000019000001000000010000000000000000000000302821FF302821FF302821FF302821FF302821FF302821FF302821FF302821FF302821FF302821FF302821FF302821FF302821FF302821FF302821FF302821FF302821FF302821FF302821FF302821FF302821FF302821
310
FF302821FF302821FF302821FF302821FF302821FF302821FF302821FF302821FF302821FF302821FF302821FF302821FF302821FF302821FF302821FF302821FF302821FF302821FF302821FF302821FF302821FF302821FF302821FF302821FF302821FF302821FF302821FF302821FF302821FF302821FF302821FF3028
310
21FF302821FF302821FF302821FF302821FF302821FF302821FF302821FF302821FF302821FF302821FF302821FF302821FF302821FF302821FF302821FF302821FF302821FF302821FF302821FF302821FF302821FF302821FF302821FF302821FF302821FF302821FF302821FF302821FF302821FF302821FF302821FF30
310
2821FF302821FF302821FF302821FF302821FF302821FF302821FFFFFFFFFFFFFFFFFFFFFFFFFFFFFFFFFFFFFFFFFFFFFFFFFFFFFFFFFFFFFFFFFFFFFFFFFFFFFFFFFF302821FF302821FF302821FF302821FF302821FF302821FF302821FF302821FF302821FF302821FF302821FF302821FF302821FF302821FF302821FF
310
302821FF302821FF302821FF302821FF302821FF302821FF302821FF302821FF302821FF302821FF302821FF302821FF302821FF302821FF302821FFFFFFFFFF302821FF302821FF302821FF302821FF302821FF302821FF302821FF302821FF302821FF302821FF302821FF302821FF302821FF302821FF302821FF302821
310
FF302821FF302821FF302821FF302821FF302821FF302821FF302821FF302821FF302821FF302821FF302821FF302821FF302821FF302821FF302821FF302821FF302821FF302821FF302821FF302821FF302821FF302821FF302821FFFFFFFFFF302821FF302821FF302821FF302821FF302821FF302821FF302821FF3028
310
21FF302821FF302821FF302821FF302821FF302821FF302821FF302821FF302821FF302821FF302821FF302821FF302821FF302821FF302821FF302821FF302821FF302821FF302821FF302821FF302821FF302821FF302821FF302821FF302821FF302821FF302821FF302821FF302821FF302821FF302821FF302821FFFF
310
FFFFFF302821FF302821FF302821FF302821FF302821FF302821FF302821FF302821FF302821FF302821FF302821FF302821FF302821FF302821FF302821FF302821FF302821FF302821FF302821FF302821FF302821FF302821FF302821FF302821FF302821FF302821FF302821FF302821FF302821FF302821FF302821FF
310
302821FF302821FF302821FF302821FF302821FF302821FF302821FF302821FFFFFFFFFF302821FF302821FF302821FF302821FF302821FF302821FF302821FF302821FFFFFFFFFFFFFFFFFFFFFFFFFFFFFFFFFFFFFFFFFFFFFFFFFFFFFFFFFF302821FF302821FF302821FF302821FF302821FF302821FF302821FF302821
310
FF302821FF302821FF302821FF302821FF302821FF302821FF302821FF302821FF302821FF302821FF302821FF302821FF302821FF302821FF302821FF302821FFFFFFFFFF302821FF302821FF302821FF302821FF302821FF302821FF302821FF302821FFFFFFFFFF302821FFFFFFFFFF302821FFFFFFFFFF302821FFFFFF
310
FFFF302821FF302821FF302821FF302821FF302821FF302821FF302821FF302821FF302821FF302821FF302821FF302821FF302821FF302821FF302821FF302821FF302821FF302821FF302821FF302821FF302821FF302821FF302821FF302821FFFFFFFFFF302821FF302821FF302821FF302821FF302821FF302821FF30
310
2821FF302821FFFFFFFFFF302821FFFFFFFFFF302821FFFFFFFFFF302821FFFFFFFFFF302821FF302821FF302821FF302821FF302821FF302821FF302821FF302821FF302821FF302821FF302821FF302821FF302821FF302821FF302821FF302821FF302821FF302821FF302821FF302821FF302821FF302821FF302821FF
310
302821FFFFFFFFFF302821FF302821FF302821FF302821FF302821FF302821FF302821FF302821FFFFFFFFFF302821FFFFFFFFFF302821FFFFFFFFFF302821FFFFFFFFFF302821FF302821FF302821FF302821FF302821FF302821FF302821FF302821FF302821FF302821FF302821FF302821FF302821FF302821FF302821
310
FF302821FF302821FF302821FF302821FF302821FF302821FF302821FF302821FF302821FFFFFFFFFF302821FF302821FF302821FF302821FF302821FF302821FF302821FF302821FFFFFFFFFF302821FFFFFFFFFF302821FFFFFFFFFF302821FFFFFFFFFF302821FF302821FF302821FF302821FF302821FF302821FF3028
310
21FF302821FF302821FF302821FF302821FF302821FF302821FF302821FF302821FF302821FF302821FF302821FF302821FF302821FF302821FF302821FF302821FF302821FFFFFFFFFF302821FF302821FF302821FF302821FF302821FF302821FF302821FF302821FFFFFFFFFF302821FFFFFFFFFF302821FFFFFFFFFF30
310
2821FFFFFFFFFF302821FF302821FF302821FF302821FF302821FF302821FF302821FF302821FF302821FF302821FF302821FF302821FF302821FF302821FF302821FF302821FF302821FF302821FF302821FF302821FF302821FF302821FF302821FF302821FFFFFFFFFF302821FF302821FF302821FF302821FF302821FF
310
302821FF302821FF302821FFFFFFFFFF302821FFFFFFFFFF302821FFFFFFFFFF302821FFFFFFFFFF302821FF302821FF302821FF302821FF302821FF302821FF302821FF302821FF302821FF302821FF302821FF302821FF302821FF302821FF302821FF302821FF302821FF302821FF302821FF302821FF302821FF302821
310
FF302821FF302821FFFFFFFFFF302821FF302821FF302821FF302821FF302821FF302821FF302821FF302821FFFFFFFFFF302821FFFFFFFFFF302821FFFFFFFFFF302821FFFFFFFFFF302821FF302821FF302821FF302821FF302821FF302821FF302821FF302821FF302821FF302821FF302821FF302821FF302821FF3028
310
21FF302821FF302821FF302821FF302821FF302821FF302821FF302821FF302821FF302821FF302821FFFFFFFFFF302821FF302821FF302821FF302821FF302821FF302821FF302821FF302821FFFFFFFFFF302821FFFFFFFFFF302821FFFFFFFFFF302821FFFFFFFFFF302821FF302821FF302821FF302821FF302821FF30
310
2821FF302821FF302821FF302821FF302821FF302821FF302821FF302821FF302821FF302821FF302821FF302821FF302821FF302821FF302821FF302821FF302821FF302821FF302821FFFFFFFFFF302821FF302821FF302821FF302821FF302821FF302821FF302821FF302821FFFFFFFFFF302821FFFFFFFFFF302821FF
310
FFFFFFFF302821FFFFFFFFFF302821FF302821FF302821FF302821FF302821FF302821FF302821FF302821FF302821FF302821FF302821FF302821FF302821FF302821FF302821FF302821FF302821FF302821FF302821FF302821FF302821FF302821FF302821FF302821FFFFFFFFFF302821FF302821FF302821FF302821
310
FF302821FF302821FF302821FF302821FFFFFFFFFF302821FFFFFFFFFF302821FFFFFFFFFF302821FFFFFFFFFF302821FF302821FF302821FF302821FF302821FF302821FF302821FF302821FF302821FF302821FF302821FF302821FF302821FF302821FF302821FF302821FF302821FF302821FF302821FF302821FF3028
310
21FF302821FF302821FF302821FFFFFFFFFF302821FF302821FF302821FF302821FF302821FF302821FF302821FF302821FFFFFFFFFF302821FFFFFFFFFF302821FFFFFFFFFF302821FFFFFFFFFF302821FF302821FF302821FF302821FF302821FF302821FF302821FF302821FF302821FF302821FF302821FF302821FF30
310
2821FF302821FF302821FF302821FF302821FF302821FF302821FF302821FF302821FF302821FF302821FF302821FFFFFFFFFF302821FF302821FF302821FF302821FF302821FF302821FF302821FF302821FFFFFFFFFF302821FFFFFFFFFF302821FFFFFFFFFF302821FFFFFFFFFF302821FF302821FF302821FF302821FF
310
302821FF302821FF302821FF302821FF302821FF302821FF302821FF302821FF302821FF302821FF302821FF302821FF302821FF302821FF302821FF302821FF302821FF302821FF302821FF302821FFFFFFFFFF302821FF302821FF302821FF302821FF302821FF302821FF302821FF302821FFFFFFFFFF302821FFFFFFFF
310
FF302821FFFFFFFFFF302821FFFFFFFFFF302821FF302821FF302821FF302821FF302821FF302821FF302821FF302821FF302821FF302821FF302821FF302821FF302821FF302821FF302821FF302821FF302821FF302821FF302821FF302821FF302821FF302821FF302821FF302821FFFFFFFFFF302821FF302821FF3028
310
21FF302821FF302821FF302821FF302821FF302821FFFFFFFFFF302821FFFFFFFFFF302821FFFFFFFFFF302821FFFFFFFFFF302821FF302821FF302821FF302821FF302821FF302821FF302821FF302821FF302821FF302821FF302821FF302821FF302821FF302821FF302821FF302821FF302821FF302821FF302821FF30
310
2821FF302821FF302821FF302821FF302821FFFFFFFFFF302821FF302821FF302821FF302821FF302821FF302821FF302821FF302821FFFFFFFFFF302821FFFFFFFFFF302821FFFFFFFFFF302821FFFFFFFFFF302821FF302821FF302821FF302821FF302821FF302821FF302821FF302821FF302821FF302821FF302821FF
310
302821FF302821FF302821FF302821FF302821FF302821FF302821FF302821FF302821FF302821FF302821FF302821FF302821FFFFFFFFFF302821FF302821FF302821FF302821FF302821FF302821FF302821FF302821FFFFFFFFFF302821FFFFFFFFFF302821FFFFFFFFFF302821FFFFFFFFFF302821FF302821FF302821
310
FF302821FF302821FF302821FF302821FF302821FF302821FF302821FF302821FF302821FF302821FF302821FF302821FF302821FF302821FF302821FF302821FF302821FF302821FF302821FF302821FF302821FFFFFFFFFF302821FF302821FF302821FF302821FF302821FF302821FF302821FF302821FFFFFFFFFF3028
310
21FFFFFFFFFF302821FFFFFFFFFF302821FFFFFFFFFF302821FF302821FF302821FF302821FF302821FF302821FF302821FF302821FF302821FF302821FF302821FF302821FF302821FF302821FF302821FF302821FF302821FF302821FF302821FF302821FF302821FF302821FF302821FF302821FFFFFFFFFF302821FF30
310
2821FF302821FF302821FF302821FF302821FF302821FF302821FFFFFFFFFF302821FFFFFFFFFF302821FFFFFFFFFF302821FFFFFFFFFF302821FF302821FF302821FF302821FF302821FF302821FF302821FF302821FF302821FF302821FF302821FF302821FF302821FF302821FF302821FF302821FF302821FF302821FF
310
302821FF302821FF302821FF302821FF302821FF302821FFFFFFFFFF302821FF302821FF302821FF302821FF302821FF302821FF302821FF302821FFFFFFFFFF302821FFFFFFFFFF302821FFFFFFFFFF302821FFFFFFFFFF302821FF302821FF302821FF302821FF302821FF302821FF302821FF302821FF302821FF302821
310
FF302821FF302821FF302821FF302821FF302821FF302821FF302821FF302821FF302821FF302821FF302821FF302821FF302821FF302821FFFFFFFFFF302821FF302821FF302821FF302821FF302821FF302821FF302821FF302821FFFFFFFFFF302821FFFFFFFFFF302821FFFFFFFFFF302821FFFFFFFFFF302821FF3028
310
21FF302821FF302821FF302821FF302821FF302821FF302821FF302821FF302821FF302821FF302821FF302821FF302821FF302821FF302821FF302821FF302821FF302821FF302821FF302821FF302821FF302821FF302821FFFFFFFFFF302821FF302821FF302821FF302821FF302821FF302821FF302821FF302821FFFF
310
FFFFFF302821FFFFFFFFFF302821FFFFFFFFFF302821FFFFFFFFFF302821FF302821FF302821FF302821FF302821FF302821FF302821FF302821FF302821FF302821FF302821FF302821FF302821FF302821FF302821FF302821FF302821FF302821FF302821FF302821FF302821FF302821FF302821FF302821FFFFFFFFFF
310
302821FF302821FF302821FF302821FF302821FF302821FF302821FF302821FFFFFFFFFF302821FFFFFFFFFF302821FFFFFFFFFF302821FFFFFFFFFF302821FF302821FF302821FF302821FF302821FF302821FF302821FF302821FF302821FF302821FF302821FF302821FF302821FF302821FF302821FF302821FF302821
310
FF302821FF302821FF302821FF302821FF302821FF302821FF302821FFFFFFFFFF302821FF302821FF302821FF302821FF302821FF302821FF302821FF302821FFFFFFFFFF302821FFFFFFFFFF302821FFFFFFFFFF302821FFFFFFFFFF302821FF302821FF302821FF302821FF302821FF302821FF302821FF302821FF3028
310
21FF302821FF302821FF302821FF302821FF302821FF302821FF302821FF302821FF302821FF302821FF302821FF302821FF302821FF302821FF302821FFFFFFFFFF302821FF302821FF302821FF302821FF302821FF302821FF302821FF302821FFFFFFFFFF302821FFFFFFFFFF302821FFFFFFFFFF302821FFFFFFFFFF30
310
2821FF302821FF302821FF302821FF302821FF302821FF302821FF302821FF302821FF302821FF302821FF302821FF302821FF302821FF302821FF302821FF302821FF302821FF302821FF302821FF302821FF302821FF302821FF302821FFFFFFFFFF302821FF302821FF302821FF302821FF302821FF302821FF302821FF
310
302821FFFFFFFFFF302821FFFFFFFFFF302821FFFFFFFFFF302821FFFFFFFFFF302821FF302821FF302821FF302821FF302821FF302821FF302821FF302821FF302821FF302821FF302821FF302821FF302821FF302821FF302821FF302821FF302821FF302821FF302821FF302821FF302821FF302821FF302821FF302821
310
FFFFFFFFFF302821FF302821FF302821FF302821FF302821FF302821FF302821FF302821FFFFFFFFFF302821FFFFFFFFFF302821FFFFFFFFFF302821FFFFFFFFFF302821FF302821FF302821FF302821FF302821FF302821FF302821FF302821FF302821FF302821FF302821FF302821FF302821FF302821FF302821FF3028
310
21FF302821FF302821FF302821FF302821FF302821FF302821FF302821FF302821FFFFFFFFFF302821FF302821FF302821FF302821FF302821FF302821FF302821FF302821FFFFFFFFFFFFFFFFFFFFFFFFFFFFFFFFFFFFFFFFFFFFFFFFFFFFFFFFFF302821FF302821FF302821FF302821FF302821FF302821FF302821FF30
310
2821FF302821FF302821FF302821FF302821FF302821FF302821FF302821FF302821FF302821FF302821FF302821FF302821FF302821FF302821FF302821FF302821FFFFFFFFFF302821FF302821FF302821FF302821FF302821FF302821FF302821FF302821FF302821FF302821FF302821FF302821FF302821FF302821FF
310
302821FF302821FF302821FF302821FF302821FF302821FF302821FF302821FF302821FF302821FF302821FF302821FF302821FF302821FF302821FF302821FF302821FF302821FF302821FF302821FF302821FF302821FF302821FF302821FF302821FFFFFFFFFF302821FF302821FF302821FF302821FF302821FF302821
310
FF302821FF302821FF302821FF302821FF302821FF302821FF302821FF302821FF302821FF302821FF302821FF302821FF302821FF302821FF302821FF302821FF302821FF302821FF302821FF302821FF302821FF302821FF302821FF302821FF302821FF302821FF302821FF302821FF302821FF302821FF302821FF3028
310
21FF302821FFFFFFFFFF302821FF302821FF302821FF302821FF302821FF302821FF302821FF302821FF302821FF302821FF302821FF302821FF302821FF302821FF302821FF302821FF302821FF302821FF302821FF302821FF302821FF302821FF302821FF302821FF302821FF302821FF302821FF302821FF302821FF30
310
2821FF302821FF302821FF302821FF302821FF302821FF302821FF302821FF302821FF302821FFFFFFFFFFFFFFFFFFFFFFFFFFFFFFFFFFFFFFFFFFFFFFFFFFFFFFFFFFFFFFFFFFFFFFFFFFFFFFFFFF302821FF302821FF302821FF302821FF302821FF302821FF302821FF302821FF302821FF302821FF302821FF302821FF
310
302821FF302821FF302821FF302821FF302821FF302821FF302821FF302821FF302821FF302821FF302821FF302821FF302821FF302821FF302821FF302821FF302821FF302821FF302821FF302821FF302821FF302821FF302821FF302821FF302821FF302821FF302821FF302821FF302821FF302821FF302821FF302821
310
FF302821FF302821FF302821FF302821FF302821FF302821FF302821FF302821FF302821FF302821FF302821FF302821FF302821FF302821FF302821FF302821FF302821FF302821FF302821FF302821FF302821FF302821FF302821FF302821FF302821FF302821FF302821FF302821FF302821FF302821FF302821FF3028
310
21FF302821FF302821FF302821FF302821FF302821FF302821FF302821FF302821FF302821FF302821FF302821FF302821FF302821FF302821FF302821FF302821FF302821FF302821FF302821FF302821FF302821FF302821FF
102
{BLKREFS
331
7A1
102
}
1001
ACAD
1000
DesignCenter Data
1002
{
1070
     1
1070
     2
1002
}
  0
BLOCK_RECORD
  5
7A5
102
{ACAD_XDICTIONARY
360
7A6
102
}
330
1
100
AcDbSymbolTableRecord
100
AcDbBlockTableRecord
  2
*U17
340
0
1001
AcadAnnotative
1000
AnnotativeData
1002
{
1070
     1
1070
     1
1002
}
1001
AcDbBlockRepETag
1070
     1
1071
       12
1001
AcDbDynamicBlockTrueName
1000
Arrows - Imperial
1001
AcDbDynamicBlockGUID
1000
{1F84F174-A84C-9E4B-9CA1-6E311FF937A3}
1001
ACAD
1000
DesignCenter Data
1002
{
1070
     1
1070
     1
1002
}
  0
BLOCK_RECORD
  5
8CF
102
{ACAD_XDICTIONARY
360
8D0
102
}
330
1
100
AcDbSymbolTableRecord
100
AcDbBlockTableRecord
  2
*U20
340
0
1001
AcadAnnotative
1000
AnnotativeData
1002
{
1070
     1
1070
     1
1002
}
1001
AcDbDynamicBlockTrueName
1000
Arrows - Metric
1001
AcDbDynamicBlockGUID
1000
{52D44637-9F09-DD42-9CB8-9ACB24D13F07}
1001
AcDbBlockRepETag
1070
     1
1071
       12
1001
ACAD
1000
DesignCenter Data
1002
{
1070
     1
1070
     4
1002
}
  0
BLOCK_RECORD
  5
900
102
{ACAD_XDICTIONARY
360
901
102
}
330
1
100
AcDbSymbolTableRecord
100
AcDbBlockTableRecord
  2
*U21
340
0
102
{BLKREFS
331
92E
102
}
1001
AcDbBlockRepBTag
1070
     1
1005
8CF
  0
BLOCK_RECORD
  5
9E0
102
{ACAD_XDICTIONARY
360
9EF
102
}
330
1
100
AcDbSymbolTableRecord
100
AcDbBlockTableRecord
  2
*U26
340
0
102
{BLKREFS
331
9CB
102
}
1001
AcDbBlockRepBTag
1070
     1
1005
8CF
  0
BLOCK_RECORD
  5
A68
330
1
100
AcDbSymbolTableRecord
100
AcDbBlockTableRecord
  2
W4
340
0
310
28000000280000002800000001002000000000000019000001000000010000000000000000000000302821FF302821FF302821FF302821FF302821FF302821FF302821FF302821FF302821FF302821FF302821FF302821FF302821FF302821FF302821FF302821FF302821FF302821FF302821FF302821FF302821FF302821
310
FF302821FF302821FF302821FF302821FF302821FF302821FF302821FF302821FF302821FF302821FF302821FF302821FF302821FF302821FF302821FF302821FF302821FF302821FF302821FF302821FF302821FF302821FF302821FF302821FF302821FF302821FF302821FF302821FF302821FF302821FF302821FF3028
310
21FF302821FF302821FF302821FF302821FF302821FF302821FF302821FF302821FF302821FF302821FF302821FF302821FF302821FF302821FF302821FF302821FF302821FF302821FF302821FF302821FF302821FF302821FF302821FF302821FF302821FF302821FF302821FF302821FF302821FF302821FF302821FF30
310
2821FF302821FF302821FF302821FF302821FF302821FF302821FF302821FF302821FF302821FF302821FF302821FF302821FF302821FF302821FF302821FF302821FF302821FF302821FF302821FF302821FF302821FF302821FF302821FF302821FF302821FF302821FF302821FF302821FF302821FF302821FF302821FF
310
302821FF302821FF302821FF302821FF302821FF302821FF302821FF302821FF302821FF302821FF302821FF302821FF302821FF302821FF302821FF302821FF302821FF302821FF302821FF302821FF302821FF302821FF302821FF302821FF302821FF302821FF302821FF302821FF302821FF302821FF302821FF302821
310
FF302821FF302821FF302821FF302821FF302821FF302821FF302821FF302821FF302821FF302821FF302821FF302821FF302821FF302821FF302821FF302821FF302821FF302821FF302821FF302821FF302821FF302821FF302821FF302821FF302821FF302821FF302821FF302821FF302821FF302821FF302821FF3028
310
21FF302821FF302821FF302821FF302821FF302821FF302821FF302821FF302821FF302821FF302821FF302821FF302821FF302821FF302821FF302821FF302821FF302821FF302821FF302821FF302821FF302821FF302821FF302821FF302821FF302821FF302821FF302821FF302821FF302821FF302821FF302821FF30
310
2821FF302821FF302821FF302821FF302821FF302821FF302821FF302821FF302821FF302821FF302821FF302821FF302821FF302821FF302821FF302821FF302821FF302821FF302821FF302821FF302821FF302821FF302821FF302821FF302821FF302821FF302821FF302821FF302821FF302821FF302821FF302821FF
310
302821FF302821FF302821FF302821FF302821FF302821FF302821FF302821FF302821FF302821FF302821FF302821FF302821FF302821FF302821FF302821FF302821FF302821FF302821FF302821FF302821FF302821FF302821FF302821FF302821FF302821FF302821FF302821FF302821FF302821FF302821FF302821
310
FF302821FF302821FF302821FF302821FF302821FF302821FF302821FF302821FF302821FF302821FF302821FF302821FF302821FF302821FF302821FF302821FF302821FF302821FF302821FF302821FF302821FF302821FF302821FF302821FF302821FF302821FF302821FF302821FF302821FF302821FF302821FF3028
310
21FF302821FF302821FF302821FF302821FF302821FF302821FF302821FF302821FF302821FF302821FF302821FF302821FF302821FF302821FF302821FF302821FF302821FF302821FF302821FF302821FF302821FF302821FF302821FF302821FF302821FF302821FF302821FF302821FF302821FF302821FF302821FF30
310
2821FF302821FF302821FF302821FF302821FF302821FF302821FF302821FF302821FF302821FF302821FF302821FF302821FF302821FF302821FF302821FF302821FF302821FF302821FF302821FF302821FF302821FF302821FF302821FF302821FF302821FF302821FF302821FF302821FF302821FF302821FF302821FF
310
302821FF302821FF302821FF302821FF302821FF302821FF302821FF302821FF302821FF302821FF302821FF302821FF302821FF302821FF302821FF302821FF302821FF302821FF302821FF302821FF302821FF302821FF302821FF302821FF302821FF302821FF302821FF302821FF302821FF302821FF302821FF302821
310
FF302821FF302821FF302821FF302821FF302821FF302821FF302821FF302821FF302821FF302821FF302821FF302821FF302821FF302821FF302821FF302821FF302821FF302821FF302821FF302821FF302821FF302821FF302821FF302821FF302821FF302821FF302821FF302821FF302821FF302821FF302821FF3028
310
21FF302821FF302821FF302821FF302821FF302821FF302821FF302821FF302821FF302821FF302821FF302821FF302821FF302821FF302821FF302821FF302821FF302821FF302821FF302821FF302821FF302821FF302821FF302821FF302821FF302821FF302821FF302821FF302821FF302821FF302821FF302821FF30
310
2821FF302821FF302821FF302821FF302821FF302821FF302821FF302821FF302821FF302821FF302821FF302821FF302821FF302821FF302821FF302821FF302821FF302821FF302821FF302821FF302821FF302821FF302821FF302821FF302821FF302821FF302821FF302821FF302821FF302821FF302821FF302821FF
310
302821FF302821FF302821FF302821FF302821FF302821FF302821FF302821FF302821FF302821FF302821FF302821FF302821FF302821FF302821FF302821FF302821FF302821FF302821FF302821FF302821FF302821FF302821FF302821FF302821FF302821FF302821FF302821FF302821FF302821FF302821FF302821
310
FF302821FF302821FF302821FF302821FF302821FF302821FF302821FF302821FF302821FF302821FF302821FF302821FF302821FF302821FF302821FF302821FF302821FF302821FF302821FF302821FF302821FF302821FF302821FF302821FF302821FF302821FF302821FF302821FF302821FF302821FF302821FF3028
310
21FF302821FF302821FF302821FF302821FF302821FF302821FF302821FF302821FF302821FF302821FF302821FF302821FF302821FF302821FF302821FF302821FF302821FF302821FF302821FF302821FF302821FF302821FF302821FF302821FF302821FF302821FF302821FF302821FF302821FF302821FF302821FF30
310
2821FF302821FF302821FF302821FF302821FF302821FF302821FF302821FF302821FF302821FF302821FFFFFFFFFFFFFFFFFFFFFFFFFFFFFFFFFFFFFFFFFFFFFFFFFFFFFFFFFFFFFFFFFFFFFFFFFFFFFFFFFFFFFFFFFFFFFFFFFFFFFFFFFFFFFFFFFFFFFFFFFFFFFFFFFFFFFFFFFFFFFFFFFFFFFFFFFFFFFFFFFFFFFFFFFF
310
FFFFFFFFFFFFFFFFFFFFFFFFFFFFFFFFFFFFFFFFFFFFFFFFFFFFFFFFFFFFFFFFFFFFFFFFFFFFFFFFFFFFFFFF302821FF302821FF302821FF302821FF302821FF302821FF302821FF302821FFFFFFFFFF302821FF302821FF302821FF302821FF302821FF302821FF302821FF302821FF302821FF302821FF302821FF302821
310
FF302821FF302821FF302821FF302821FF302821FF302821FF302821FF302821FF302821FF302821FF302821FF302821FF302821FF302821FF302821FF302821FF302821FF302821FFFFFFFFFF302821FF302821FF302821FF302821FF302821FF302821FF302821FF302821FFFFFFFFFFFFFFFFFFFFFFFFFFFFFFFFFFFFFF
310
FFFFFFFFFFFFFFFFFFFFFFFFFFFFFFFFFFFFFFFFFFFFFFFFFFFFFFFFFFFFFFFFFFFFFFFFFFFFFFFFFFFFFFFFFFFFFFFFFFFFFFFFFFFFFFFFFFFFFFFFFFFFFFFFFFFFFFFFFFFFFFFFFFFFFFFFFFFFFFFFFFFFFFFFFFFFFFFFFFFFFFFFFFFFFFFFFFFFFFFFFFFFFFFFFFFFFFFFFFFF302821FF302821FF302821FF302821FF30
310
2821FF302821FF302821FF302821FFFFFFFFFF302821FF302821FF302821FF302821FF302821FF302821FF302821FF302821FF302821FF302821FF302821FF302821FF302821FF302821FF302821FF302821FF302821FF302821FF302821FF302821FF302821FF302821FF302821FF302821FF302821FF302821FF302821FF
310
302821FF302821FF302821FFFFFFFFFF302821FF302821FF302821FF302821FF302821FF302821FFFFFFFFFF302821FFFFFFFFFFFFFFFFFFFFFFFFFFFFFFFFFFFFFFFFFFFFFFFFFFFFFFFFFFFFFFFFFFFFFFFFFFFFFFFFFFFFFFFFFFFFFFFFFFFFFFFFFFFFFFFFFFFFFFFFFFFFFFFFFFFFFFFFFFFFFFFFFFFFFFFFFFFFFFFF
310
FFFFFFFFFFFFFFFFFFFFFFFFFFFFFFFFFFFFFFFFFFFFFFFFFFFFFFFFFFFFFFFFFFFFFFFFFFFFFFFFFFFFFFFFFFFFFFFFFF302821FFFFFFFFFF302821FF302821FF302821FF302821FFFFFFFFFF302821FF302821FF302821FF302821FF302821FF302821FF302821FF302821FF302821FF302821FF302821FF302821FF3028
310
21FF302821FF302821FF302821FF302821FF302821FF302821FF302821FF302821FF302821FF302821FF302821FF302821FF302821FF302821FF302821FF302821FF302821FF302821FF302821FF302821FF302821FFFFFFFFFF302821FF302821FF302821FF302821FFFFFFFFFF302821FF302821FF302821FF302821FF30
310
2821FF302821FF302821FF302821FF302821FF302821FF302821FF302821FF302821FF302821FF302821FF302821FF302821FF302821FF302821FF302821FF302821FF302821FF302821FF302821FF302821FF302821FF302821FF302821FF302821FF302821FF302821FF302821FF302821FF302821FFFFFFFFFF302821FF
310
302821FF302821FF302821FFFFFFFFFF302821FF302821FF302821FF302821FF302821FF302821FF302821FF302821FF302821FF302821FF302821FF302821FF302821FF302821FF302821FF302821FF302821FF302821FF302821FF302821FF302821FF302821FF302821FF302821FF302821FF302821FF302821FF302821
310
FF302821FF302821FF302821FF302821FF302821FF302821FFFFFFFFFF302821FF302821FF302821FF302821FFFFFFFFFF302821FF302821FF302821FF302821FF302821FF302821FF302821FF302821FF302821FF302821FF302821FF302821FF302821FF302821FF302821FF302821FF302821FF302821FF302821FF3028
310
21FF302821FF302821FF302821FF302821FF302821FF302821FF302821FF302821FF302821FF302821FF302821FF302821FF302821FF302821FFFFFFFFFF302821FF302821FF302821FF302821FFFFFFFFFFFFFFFFFFFFFFFFFFFFFFFFFFFFFFFFFFFFFFFFFFFFFFFFFFFFFFFFFFFFFFFFFFFFFFFFFFFFFFFFFFFFFFFFFFFF
310
FFFFFFFFFFFFFFFFFFFFFFFFFFFFFFFFFFFFFFFFFFFFFFFFFFFFFFFFFFFFFFFFFFFFFFFFFFFFFFFFFFFFFFFFFFFFFFFFFFFFFFFFFFFFFFFFFFFFFFFFFFFFFFFFFFFFFFFFFFFFFFFFFFFFFFFFFFFFFFFFFFFFFFFFFFFFFFFFFFFFFFFFFFFFFF302821FF302821FF302821FF302821FF302821FF302821FF302821FF302821FF
310
302821FF302821FF302821FF302821FF302821FF302821FF302821FF302821FF302821FF302821FF302821FF302821FF302821FF302821FF302821FF302821FF302821FF302821FF302821FF302821FF302821FF302821FF302821FF302821FF302821FF302821FF302821FF302821FF302821FF302821FF302821FF302821
310
FF302821FF302821FF302821FF302821FF302821FF302821FF302821FF302821FF302821FF302821FF302821FF302821FF302821FF302821FF302821FF302821FF302821FF302821FF302821FF302821FF302821FF302821FF302821FF302821FF302821FF302821FF302821FF302821FF302821FF302821FF302821FF3028
310
21FF302821FF302821FF302821FF302821FF302821FF302821FF302821FF302821FF302821FF302821FF302821FF302821FF302821FF302821FF302821FF302821FF302821FF302821FF302821FF302821FF302821FF302821FF302821FF302821FF302821FF302821FF302821FF302821FF302821FF302821FF302821FF30
310
2821FF302821FF302821FF302821FF302821FF302821FF302821FF302821FF302821FF302821FF302821FF302821FF302821FF302821FF302821FF302821FF302821FF302821FF302821FF302821FF302821FF302821FF302821FF302821FF302821FF302821FF302821FF302821FF302821FF302821FF302821FF302821FF
310
302821FF302821FF302821FF302821FF302821FF302821FF302821FF302821FF302821FF302821FF302821FF302821FF302821FF302821FF302821FF302821FF302821FF302821FF302821FF302821FF302821FF302821FF302821FF302821FF302821FF302821FF302821FF302821FF302821FF302821FF302821FF302821
310
FF302821FF302821FF302821FF302821FF302821FF302821FF302821FF302821FF302821FF302821FF302821FF302821FF302821FF302821FF302821FF302821FF302821FF302821FF302821FF302821FF302821FF302821FF302821FF302821FF302821FF302821FF302821FF302821FF302821FF302821FF302821FF3028
310
21FF302821FF302821FF302821FF302821FF302821FF302821FF302821FF302821FF302821FF302821FF302821FF302821FF302821FF302821FF302821FF302821FF302821FF302821FF302821FF302821FF302821FF302821FF302821FF302821FF302821FF302821FF302821FF302821FF302821FF302821FF302821FF30
310
2821FF302821FF302821FF302821FF302821FF302821FF302821FF302821FF302821FF302821FF302821FF302821FF302821FF302821FF302821FF302821FF302821FF302821FF302821FF302821FF302821FF302821FF302821FF302821FF302821FF302821FF302821FF302821FF302821FF302821FF302821FF302821FF
310
302821FF302821FF302821FF302821FF302821FF302821FF302821FF302821FF302821FF302821FF302821FF302821FF302821FF302821FF302821FF302821FF302821FF302821FF302821FF302821FF302821FF302821FF302821FF302821FF302821FF302821FF302821FF302821FF302821FF302821FF302821FF302821
310
FF302821FF302821FF302821FF302821FF302821FF302821FF302821FF302821FF302821FF302821FF302821FF302821FF302821FF302821FF302821FF302821FF302821FF302821FF302821FF302821FF302821FF302821FF302821FF302821FF302821FF302821FF302821FF302821FF302821FF302821FF302821FF3028
310
21FF302821FF302821FF302821FF302821FF302821FF302821FF302821FF302821FF302821FF302821FF302821FF302821FF302821FF302821FF302821FF302821FF302821FF302821FF302821FF302821FF302821FF302821FF302821FF302821FF302821FF302821FF302821FF302821FF302821FF302821FF302821FF30
310
2821FF302821FF302821FF302821FF302821FF302821FF302821FF302821FF302821FF302821FF302821FF302821FF302821FF302821FF302821FF302821FF302821FF302821FF302821FF302821FF302821FF302821FF302821FF302821FF302821FF302821FF302821FF302821FF302821FF302821FF302821FF302821FF
310
302821FF302821FF302821FF302821FF302821FF302821FF302821FF302821FF302821FF302821FF302821FF302821FF302821FF302821FF302821FF302821FF302821FF302821FF302821FF302821FF302821FF302821FF302821FF302821FF302821FF302821FF302821FF302821FF302821FF302821FF302821FF302821
310
FF302821FF302821FF302821FF302821FF302821FF302821FF302821FF302821FF302821FF302821FF302821FF302821FF302821FF302821FF302821FF302821FF302821FF302821FF302821FF302821FF302821FF302821FF302821FF302821FF302821FF302821FF302821FF302821FF302821FF302821FF302821FF3028
310
21FF302821FF302821FF302821FF302821FF302821FF302821FF302821FF302821FF302821FF302821FF302821FF302821FF302821FF302821FF302821FF302821FF302821FF302821FF302821FF302821FF302821FF302821FF302821FF302821FF302821FF302821FF302821FF302821FF302821FF302821FF302821FF30
310
2821FF302821FF302821FF302821FF302821FF302821FF302821FF302821FF302821FF302821FF302821FF302821FF302821FF302821FF302821FF302821FF302821FF302821FF302821FF302821FF302821FF302821FF302821FF302821FF302821FF302821FF302821FF302821FF302821FF302821FF302821FF302821FF
310
302821FF302821FF302821FF302821FF302821FF302821FF302821FF302821FF302821FF302821FF302821FF302821FF302821FF302821FF302821FF302821FF302821FF302821FF302821FF302821FF302821FF302821FF302821FF302821FF302821FF302821FF302821FF302821FF302821FF302821FF302821FF302821
310
FF302821FF302821FF302821FF302821FF302821FF302821FF302821FF302821FF302821FF302821FF302821FF302821FF302821FF302821FF302821FF302821FF302821FF302821FF302821FF302821FF302821FF302821FF302821FF302821FF302821FF302821FF302821FF302821FF302821FF302821FF302821FF3028
310
21FF302821FF302821FF302821FF302821FF302821FF302821FF302821FF302821FF302821FF302821FF302821FF302821FF302821FF302821FF302821FF302821FF302821FF302821FF302821FF302821FF302821FF302821FF
102
{BLKREFS
331
A79
331
A74
331
A7C
102
}
1001
ACAD
1000
DesignCenter Data
1002
{
1070
     1
1070
     2
1002
}
  0
BLOCK_RECORD
  5
A76
330
1
100
AcDbSymbolTableRecord
100
AcDbBlockTableRecord
  2
RIGPT W
340
0
310
28000000280000002800000001002000000000000019000001000000010000000000000000000000302821FF302821FF302821FF302821FF302821FF302821FF302821FF302821FF302821FF302821FF302821FF302821FF302821FF302821FF302821FF302821FF302821FF302821FF302821FF302821FF302821FF302821
310
FF302821FF302821FF302821FF302821FF302821FF302821FF302821FF302821FF302821FF302821FF302821FF302821FF302821FF302821FF302821FF302821FF302821FF302821FF302821FF302821FF302821FF302821FF302821FF302821FF302821FF302821FF302821FF302821FF302821FF302821FF302821FF3028
310
21FF302821FF302821FF302821FF302821FF302821FF302821FF302821FF302821FF302821FF302821FF302821FF302821FF302821FF302821FF302821FF302821FF302821FF302821FF302821FF302821FF302821FF302821FF302821FF302821FF302821FF302821FF302821FF302821FF302821FF302821FF302821FF30
310
2821FF302821FF302821FF302821FF302821FF302821FF302821FF302821FF302821FF302821FF302821FF302821FF302821FF302821FF302821FF302821FF302821FF302821FF302821FF302821FF302821FF302821FF302821FF302821FF302821FF302821FF302821FF302821FF302821FF302821FF302821FF302821FF
310
302821FF302821FF302821FF302821FF302821FF302821FF302821FF302821FF302821FF302821FF302821FF302821FF302821FF302821FF302821FF302821FF302821FF302821FF302821FF302821FF302821FF302821FF302821FF302821FF302821FF302821FF302821FF302821FF302821FF302821FF302821FF302821
310
FF302821FF302821FF302821FF302821FF302821FF302821FF302821FF302821FF302821FF302821FF302821FF302821FF302821FF302821FF302821FF302821FF302821FF302821FF302821FF302821FF302821FF302821FF302821FF302821FF302821FF302821FF302821FF302821FF302821FF302821FF302821FF3028
310
21FF302821FF302821FF302821FF302821FF302821FF302821FF302821FF302821FF302821FF302821FF302821FF302821FF302821FF302821FF302821FF302821FF302821FF302821FF302821FF302821FF302821FF302821FF302821FF302821FF302821FF302821FF302821FF302821FF302821FF302821FF302821FF30
310
2821FF302821FF302821FF302821FF302821FF302821FF302821FF302821FF302821FF302821FF302821FF302821FF302821FF302821FF302821FF302821FF302821FF302821FF302821FF302821FF302821FF302821FF302821FF302821FF302821FF302821FF302821FF302821FF302821FF302821FF302821FF302821FF
310
302821FF302821FF302821FF302821FF302821FF302821FF302821FF302821FF302821FF302821FF302821FF302821FF302821FF302821FF302821FF302821FF302821FF302821FF302821FF302821FF302821FF302821FF302821FF302821FF302821FF302821FF302821FF302821FF302821FF302821FF302821FF302821
310
FF302821FF302821FF302821FF302821FF302821FF302821FF302821FF302821FF302821FF302821FF302821FF302821FF302821FF302821FF302821FF302821FF302821FF302821FF302821FF302821FF302821FF302821FF302821FF302821FF302821FF302821FF302821FF302821FF302821FF302821FF302821FF3028
310
21FF302821FF302821FF302821FF302821FF302821FF302821FF302821FF302821FF302821FF302821FF302821FF302821FF302821FF302821FF302821FF302821FF302821FF302821FF302821FF302821FF302821FF302821FF302821FF302821FF302821FF302821FF302821FF302821FF302821FF302821FF302821FF30
310
2821FF302821FF302821FF302821FF302821FF302821FF302821FF302821FF302821FF302821FF302821FF302821FF302821FF302821FF302821FF302821FF302821FF302821FF302821FF302821FF302821FF302821FF302821FF302821FF302821FF302821FF302821FF302821FF302821FF302821FF302821FF302821FF
310
302821FF302821FF302821FF302821FF302821FF302821FF302821FF302821FF302821FF302821FF302821FF302821FF302821FF302821FF302821FF302821FF302821FF302821FF302821FF302821FF302821FF302821FF302821FF302821FF302821FF302821FF302821FF302821FF302821FF302821FF302821FF302821
310
FF302821FF302821FF302821FF302821FF302821FF302821FF302821FF302821FF302821FF302821FF302821FF302821FF302821FF302821FF302821FF302821FF302821FF302821FF302821FF302821FF302821FF302821FF302821FF302821FF302821FF302821FF302821FF302821FF302821FF302821FF302821FF3028
310
21FF302821FF302821FF302821FF302821FF302821FF302821FF302821FF302821FF302821FF302821FF302821FF302821FF302821FF302821FF302821FF302821FF302821FF302821FF302821FF302821FF302821FF302821FF302821FF302821FF302821FF302821FF302821FF302821FF302821FF302821FF302821FF30
310
2821FF302821FF302821FF302821FF302821FF302821FF302821FF302821FF302821FF302821FF302821FF302821FF302821FF302821FF302821FF302821FF302821FF302821FF302821FF302821FF302821FF302821FF302821FF302821FF302821FF302821FF302821FF302821FF302821FF302821FF302821FF302821FF
310
302821FF302821FF302821FF302821FF302821FF302821FF302821FF302821FF302821FF302821FF302821FF302821FF302821FF302821FF302821FF302821FF302821FF302821FF302821FF302821FF302821FF302821FF302821FF302821FF302821FF302821FF302821FF302821FF302821FF302821FF302821FF302821
310
FF302821FF302821FF302821FF302821FF302821FF302821FF302821FF302821FF302821FF302821FF302821FF302821FF302821FF302821FF302821FF302821FF302821FF302821FF302821FF302821FF302821FF302821FF302821FF302821FF302821FF302821FF302821FF302821FF302821FF302821FF302821FF3028
310
21FF302821FF302821FF302821FF302821FF302821FF302821FF302821FF302821FF302821FF302821FF302821FF302821FF302821FF302821FF302821FF302821FF302821FF302821FF302821FF302821FF302821FF302821FF302821FF302821FF302821FF302821FF302821FF302821FF302821FF302821FF302821FF30
310
2821FF302821FF302821FF302821FF302821FF302821FF302821FF302821FF302821FF302821FF302821FFFFFFFFFFFFFFFFFFFFFFFFFFFFFFFFFFFFFFFFFFFFFFFFFFFFFFFFFFFFFFFFFFFFFFFFFFFFFFFFFFFFFFFFFFFFFFFFFFFFFFFFFFFFFFFFFFFFFFFFFFFFFFFFFFFFFFFFFFFFFFFFFFFFFFFFFFFFFFFFFFFFFFFFFF
310
FFFFFFFFFFFFFFFFFFFFFFFFFFFFFFFFFFFFFFFFFFFFFFFFFFFFFFFFFFFFFFFFFFFFFFFFFFFFFFFFFFFFFFFF302821FF302821FF302821FF302821FF302821FF302821FF302821FF302821FFFFFFFFFF302821FF302821FF302821FF302821FF302821FF302821FF302821FF302821FF302821FF302821FF302821FF302821
310
FF302821FF302821FF302821FF302821FF302821FF302821FF302821FF302821FF302821FF302821FF302821FF302821FF302821FF302821FF302821FF302821FF302821FF302821FFFFFFFFFF302821FF302821FF302821FF302821FF302821FF302821FF302821FF302821FFFFFFFFFFFFFFFFFFFFFFFFFFFFFFFFFFFFFF
310
FFFFFFFFFFFFFFFFFFFFFFFFFFFFFFFFFFFFFFFFFFFFFFFFFFFFFFFFFFFFFFFFFFFFFFFFFFFFFFFFFFFFFFFFFFFFFFFFFFFFFFFFFFFFFFFFFFFFFFFFFFFFFFFFFFFFFFFFFFFFFFFFFFFFFFFFFFFFFFFFFFFFFFFFFFFFFFFFFFFFFFFFFFFFFFFFFFFFFFFFFFFFFFFFFFFFFFFFFFFF302821FF302821FF302821FF302821FF30
310
2821FF302821FF302821FF302821FFFFFFFFFF302821FF302821FF302821FF302821FF302821FF302821FF302821FF302821FF302821FF302821FF302821FF302821FF302821FF302821FF302821FF302821FF302821FF302821FF302821FF302821FF302821FF302821FF302821FF302821FF302821FF302821FF302821FF
310
302821FF302821FF302821FFFFFFFFFF302821FF302821FF302821FF302821FF302821FF302821FFFFFFFFFF302821FFFFFFFFFFFFFFFFFFFFFFFFFFFFFFFFFFFFFFFFFFFFFFFFFFFFFFFFFFFFFFFFFFFFFFFFFFFFFFFFFFFFFFFFFFFFFFFFFFFFFFFFFFFFFFFFFFFFFFFFFFFFFFFFFFFFFFFFFFFFFFFFFFFFFFFFFFFFFFFF
310
FFFFFFFFFFFFFFFFFFFFFFFFFFFFFFFFFFFFFFFFFFFFFFFFFFFFFFFFFFFFFFFFFFFFFFFFFFFFFFFFFFFFFFFFFFFFFFFFFF302821FFFFFFFFFF302821FF302821FF302821FF302821FFFFFFFFFF302821FF302821FF302821FF302821FF302821FF302821FF302821FF302821FF302821FF302821FF302821FF302821FF3028
310
21FF302821FF302821FF302821FF302821FF302821FF302821FF302821FF302821FF302821FF302821FF302821FF302821FF302821FF302821FF302821FF302821FF302821FF302821FF302821FF302821FF302821FFFFFFFFFF302821FF302821FF302821FF302821FFFFFFFFFF302821FF302821FF302821FF302821FF30
310
2821FF302821FF302821FF302821FF302821FF302821FF302821FF302821FF302821FF302821FF302821FF302821FF302821FF302821FF302821FF302821FF302821FF302821FF302821FF302821FF302821FF302821FF302821FF302821FF302821FF302821FF302821FF302821FF302821FF302821FFFFFFFFFF302821FF
310
302821FF302821FF302821FFFFFFFFFF302821FF302821FF302821FF302821FF302821FF302821FF302821FF302821FF302821FF302821FF302821FF302821FF302821FF302821FF302821FF302821FF302821FF302821FF302821FF302821FF302821FF302821FF302821FF302821FF302821FF302821FF302821FF302821
310
FF302821FF302821FF302821FF302821FF302821FF302821FFFFFFFFFF302821FF302821FF302821FF302821FFFFFFFFFF302821FF302821FF302821FF302821FF302821FF302821FF302821FF302821FF302821FF302821FF302821FF302821FF302821FF302821FF302821FF302821FF302821FF302821FF302821FF3028
310
21FF302821FF302821FF302821FF302821FF302821FF302821FF302821FF302821FF302821FF302821FF302821FF302821FF302821FF302821FFFFFFFFFF302821FF302821FF302821FF302821FFFFFFFFFFFFFFFFFFFFFFFFFFFFFFFFFFFFFFFFFFFFFFFFFFFFFFFFFFFFFFFFFFFFFFFFFFFFFFFFFFFFFFFFFFFFFFFFFFFF
310
FFFFFFFFFFFFFFFFFFFFFFFFFFFFFFFFFFFFFFFFFFFFFFFFFFFFFFFFFFFFFFFFFFFFFFFFFFFFFFFFFFFFFFFFFFFFFFFFFFFFFFFFFFFFFFFFFFFFFFFFFFFFFFFFFFFFFFFFFFFFFFFFFFFFFFFFFFFFFFFFFFFFFFFFFFFFFFFFFFFFFFFFFFFFFF302821FF302821FF302821FF302821FF302821FF302821FF302821FF302821FF
310
302821FF302821FF302821FF302821FF302821FF302821FF302821FF302821FF302821FF302821FF302821FF302821FF302821FF302821FF302821FF302821FF302821FF302821FF302821FF302821FF302821FF302821FF302821FF302821FF302821FF302821FF302821FF302821FF302821FF302821FF302821FF302821
310
FF302821FF302821FF302821FF302821FF302821FF302821FF302821FF302821FF302821FF302821FF302821FF302821FF302821FF302821FF302821FF302821FF302821FF302821FF302821FF302821FF302821FF302821FF302821FF302821FF302821FF302821FF302821FF302821FF302821FF302821FF302821FF3028
310
21FF302821FF302821FF302821FF302821FF302821FF302821FF302821FF302821FF302821FF302821FF302821FF302821FF302821FF302821FF302821FF302821FF302821FF302821FF302821FF302821FF302821FF302821FF302821FF302821FF302821FF302821FF302821FF302821FF302821FF302821FF302821FF30
310
2821FF302821FF302821FF302821FF302821FF302821FF302821FF302821FF302821FF302821FF302821FF302821FF302821FF302821FF302821FF302821FF302821FF302821FF302821FF302821FF302821FF302821FF302821FF302821FF302821FF302821FF302821FF302821FF302821FF302821FF302821FF302821FF
310
302821FF302821FF302821FF302821FF302821FF302821FF302821FF302821FF302821FF302821FF302821FF302821FF302821FF302821FF302821FF302821FF302821FF302821FF302821FF302821FF302821FF302821FF302821FF302821FF302821FF302821FF302821FF302821FF302821FF302821FF302821FF302821
310
FF302821FF302821FF302821FF302821FF302821FF302821FF302821FF302821FF302821FF302821FF302821FF302821FF302821FF302821FF302821FF302821FF302821FF302821FF302821FF302821FF302821FF302821FF302821FF302821FF302821FF302821FF302821FF302821FF302821FF302821FF302821FF3028
310
21FF302821FF302821FF302821FF302821FF302821FF302821FF302821FF302821FF302821FF302821FF302821FF302821FF302821FF302821FF302821FF302821FF302821FF302821FF302821FF302821FF302821FF302821FF302821FF302821FF302821FF302821FF302821FF302821FF302821FF302821FF302821FF30
310
2821FF302821FF302821FF302821FF302821FF302821FF302821FF302821FF302821FF302821FF302821FF302821FF302821FF302821FF302821FF302821FF302821FF302821FF302821FF302821FF302821FF302821FF302821FF302821FF302821FF302821FF302821FF302821FF302821FF302821FF302821FF302821FF
310
302821FF302821FF302821FF302821FF302821FF302821FF302821FF302821FF302821FF302821FF302821FF302821FF302821FF302821FF302821FF302821FF302821FF302821FF302821FF302821FF302821FF302821FF302821FF302821FF302821FF302821FF302821FF302821FF302821FF302821FF302821FF302821
310
FF302821FF302821FF302821FF302821FF302821FF302821FF302821FF302821FF302821FF302821FF302821FF302821FF302821FF302821FF302821FF302821FF302821FF302821FF302821FF302821FF302821FF302821FF302821FF302821FF302821FF302821FF302821FF302821FF302821FF302821FF302821FF3028
310
21FF302821FF302821FF302821FF302821FF302821FF302821FF302821FF302821FF302821FF302821FF302821FF302821FF302821FF302821FF302821FF302821FF302821FF302821FF302821FF302821FF302821FF302821FF302821FF302821FF302821FF302821FF302821FF302821FF302821FF302821FF302821FF30
310
2821FF302821FF302821FF302821FF302821FF302821FF302821FF302821FF302821FF302821FF302821FF302821FF302821FF302821FF302821FF302821FF302821FF302821FF302821FF302821FF302821FF302821FF302821FF302821FF302821FF302821FF302821FF302821FF302821FF302821FF302821FF302821FF
310
302821FF302821FF302821FF302821FF302821FF302821FF302821FF302821FF302821FF302821FF302821FF302821FF302821FF302821FF302821FF302821FF302821FF302821FF302821FF302821FF302821FF302821FF302821FF302821FF302821FF302821FF302821FF302821FF302821FF302821FF302821FF302821
310
FF302821FF302821FF302821FF302821FF302821FF302821FF302821FF302821FF302821FF302821FF302821FF302821FF302821FF302821FF302821FF302821FF302821FF302821FF302821FF302821FF302821FF302821FF302821FF302821FF302821FF302821FF302821FF302821FF302821FF302821FF302821FF3028
310
21FF302821FF302821FF302821FF302821FF302821FF302821FF302821FF302821FF302821FF302821FF302821FF302821FF302821FF302821FF302821FF302821FF302821FF302821FF302821FF302821FF302821FF302821FF302821FF302821FF302821FF302821FF302821FF302821FF302821FF302821FF302821FF30
310
2821FF302821FF302821FF302821FF302821FF302821FF302821FF302821FF302821FF302821FF302821FF302821FF302821FF302821FF302821FF302821FF302821FF302821FF302821FF302821FF302821FF302821FF302821FF302821FF302821FF302821FF302821FF302821FF302821FF302821FF302821FF302821FF
310
302821FF302821FF302821FF302821FF302821FF302821FF302821FF302821FF302821FF302821FF302821FF302821FF302821FF302821FF302821FF302821FF302821FF302821FF302821FF302821FF302821FF302821FF302821FF302821FF302821FF302821FF302821FF302821FF302821FF302821FF302821FF302821
310
FF302821FF302821FF302821FF302821FF302821FF302821FF302821FF302821FF302821FF302821FF302821FF302821FF302821FF302821FF302821FF302821FF302821FF302821FF302821FF302821FF302821FF302821FF302821FF302821FF302821FF302821FF302821FF302821FF302821FF302821FF302821FF3028
310
21FF302821FF302821FF302821FF302821FF302821FF302821FF302821FF302821FF302821FF302821FF302821FF302821FF302821FF302821FF302821FF302821FF302821FF302821FF302821FF302821FF302821FF302821FF
102
{BLKREFS
331
A7A
102
}
1001
ACAD
1000
DesignCenter Data
1002
{
1070
     1
1070
     2
1002
}
  0
BLOCK_RECORD
  5
A86
330
1
100
AcDbSymbolTableRecord
100
AcDbBlockTableRecord
  2
INSIDE WINDOW
340
0
310
28000000280000002800000001002000000000000019000001000000010000000000000000000000302821FF302821FF302821FF302821FF302821FF302821FF302821FF302821FF302821FF302821FF302821FF302821FF302821FF302821FF302821FF302821FF302821FF302821FF302821FF302821FF302821FF302821
310
FF302821FF302821FF302821FF302821FF302821FF302821FF302821FF302821FF302821FF302821FF302821FF302821FF302821FF302821FF302821FF302821FF302821FF302821FF302821FF302821FF302821FF302821FF302821FF302821FF302821FF302821FF302821FF302821FF302821FF302821FF302821FF3028
310
21FF302821FF302821FF302821FF302821FF302821FF302821FF302821FF302821FF302821FF302821FF302821FF302821FF302821FF302821FF302821FF302821FF302821FF302821FF302821FF302821FF302821FF302821FF302821FF302821FF302821FF302821FF302821FF302821FF302821FF302821FF302821FF30
310
2821FF302821FF302821FF302821FF302821FF302821FF302821FF302821FF302821FF302821FF302821FF302821FFFFFFFFFFFFFFFFFFFFFFFFFFFFFFFFFFFFFFFFFFFFFFFFFF302821FF302821FF302821FF302821FF302821FF302821FF302821FF302821FF302821FF302821FF302821FF302821FF302821FF302821FF
310
302821FF302821FF302821FF302821FF302821FF302821FF302821FF302821FF302821FF302821FF302821FF302821FF302821FF302821FF302821FF302821FF302821FF302821FF302821FF302821FF302821FF302821FFFFFFFFFFFFFFFFFF302821FF302821FF302821FF302821FF302821FF302821FF302821FF302821
310
FF302821FF302821FF302821FF302821FF302821FF302821FF302821FF302821FF302821FF302821FF302821FF302821FF302821FF302821FF302821FF302821FF302821FF302821FF302821FF302821FF302821FF302821FF302821FF302821FF302821FF302821FF302821FF302821FF302821FF302821FFFFFFFFFFFFFF
310
FFFF302821FF302821FF302821FF302821FF302821FF302821FF302821FF302821FF302821FF302821FF302821FF302821FF302821FF302821FF302821FF302821FF302821FF302821FF302821FF302821FF302821FF302821FF302821FF302821FF302821FF302821FF302821FF302821FF302821FF302821FF302821FF30
310
2821FF302821FF302821FF302821FF302821FF302821FF302821FFFFFFFFFFFFFFFFFF302821FF302821FF302821FF302821FF302821FF302821FF302821FF302821FF302821FF302821FF302821FF302821FF302821FF302821FF302821FF302821FF302821FF302821FF302821FF302821FF302821FF302821FF302821FF
310
302821FF302821FF302821FF302821FF302821FF302821FF302821FF302821FF302821FF302821FF302821FF302821FF302821FF302821FF302821FFFFFFFFFFFFFFFFFF302821FF302821FF302821FF302821FF302821FF302821FF302821FF302821FF302821FF302821FF302821FF302821FF302821FF302821FF302821
310
FF302821FF302821FF302821FF302821FF302821FF302821FF302821FF302821FF302821FF302821FF302821FF302821FF302821FF302821FF302821FF302821FF302821FF302821FF302821FF302821FF302821FF302821FF302821FFFFFFFFFFFFFFFFFF302821FF302821FF302821FF302821FF302821FF302821FF3028
310
21FF302821FF302821FF302821FF302821FF302821FF302821FF302821FF302821FF302821FF302821FF302821FF302821FF302821FF302821FF302821FF302821FF302821FF302821FF302821FF302821FF302821FF302821FF302821FF302821FF302821FF302821FF302821FF302821FF302821FF302821FF302821FFFF
310
FFFFFFFFFFFFFF302821FF302821FF302821FF302821FF302821FF302821FF302821FF302821FF302821FF302821FF302821FF302821FF302821FF302821FF302821FF302821FF302821FF302821FF302821FF302821FF302821FF302821FF302821FF302821FF302821FF302821FF302821FF302821FF302821FF302821FF
310
302821FF302821FF302821FF302821FF302821FF302821FF302821FF302821FFFFFFFFFFFFFFFFFF302821FF302821FF302821FF302821FF302821FF302821FF302821FF302821FF302821FF302821FF302821FF302821FF302821FF302821FF302821FF302821FF302821FF302821FF302821FF302821FF302821FF302821
310
FF302821FF302821FF302821FF302821FF302821FF302821FF302821FF302821FF302821FF302821FF302821FF302821FF302821FF302821FF302821FF302821FFFFFFFFFFFFFFFFFF302821FF302821FF302821FF302821FF302821FF302821FF302821FF302821FF302821FF302821FF302821FF302821FF302821FF3028
310
21FF302821FF302821FF302821FF302821FF302821FF302821FF302821FF302821FF302821FF302821FF302821FF302821FF302821FF302821FF302821FF302821FF302821FF302821FF302821FF302821FF302821FF302821FF302821FF302821FFFFFFFFFFFFFFFFFF302821FF302821FF302821FF302821FF302821FF30
310
2821FF302821FF302821FF302821FF302821FF302821FF302821FF302821FF302821FF302821FF302821FF302821FF302821FF302821FF302821FF302821FF302821FF302821FF302821FF302821FF302821FF302821FF302821FF302821FF302821FF302821FF302821FF302821FF302821FF302821FF302821FF302821FF
310
302821FFFFFFFFFFFFFFFFFF302821FF302821FF302821FF302821FF302821FF302821FF302821FF302821FF302821FF302821FF302821FF302821FF302821FF302821FF302821FF302821FF302821FF302821FF302821FF302821FF302821FF302821FF302821FF302821FF302821FF302821FF302821FF302821FF302821
310
FF302821FF302821FF302821FF302821FF302821FF302821FF302821FF302821FF302821FFFFFFFFFFFFFFFFFF302821FF302821FF302821FF302821FF302821FF302821FF302821FF302821FF302821FF302821FF302821FF302821FF302821FF302821FF302821FF302821FF302821FF302821FF302821FF302821FF3028
310
21FF302821FF302821FF302821FF302821FF302821FF302821FF302821FF302821FF302821FF302821FF302821FF302821FF302821FF302821FF302821FF302821FF302821FFFFFFFFFFFFFFFFFF302821FF302821FF302821FF302821FF302821FF302821FF302821FF302821FF302821FF302821FF302821FF302821FF30
310
2821FF302821FF302821FF302821FF302821FF302821FF302821FF302821FF302821FF302821FF302821FF302821FF302821FF302821FF302821FF302821FF302821FF302821FF302821FF302821FF302821FF302821FF302821FF302821FF302821FF302821FFFFFFFFFFFFFFFFFF302821FF302821FF302821FF302821FF
310
302821FF302821FF302821FF302821FF302821FF302821FF302821FF302821FF302821FF302821FF302821FF302821FF302821FF302821FF302821FF302821FF302821FF302821FF302821FF302821FF302821FF302821FF302821FF302821FF302821FF302821FF302821FF302821FF302821FF302821FF302821FF302821
310
FF302821FF302821FFFFFFFFFFFFFFFFFF302821FF302821FF302821FF302821FF302821FF302821FF302821FF302821FF302821FF302821FF302821FF302821FF302821FF302821FF302821FF302821FF302821FF302821FF302821FF302821FF302821FF302821FF302821FF302821FF302821FF302821FF302821FF3028
310
21FF302821FF302821FF302821FF302821FF302821FF302821FF302821FF302821FF302821FF302821FFFFFFFFFFFFFFFFFF302821FF302821FF302821FF302821FF302821FF302821FF302821FF302821FF302821FF302821FF302821FF302821FF302821FF302821FF302821FF302821FF302821FF302821FF302821FF30
310
2821FF302821FF302821FF302821FF302821FF302821FF302821FF302821FF302821FF302821FF302821FF302821FF302821FF302821FF302821FF302821FF302821FF302821FF302821FFFFFFFFFFFFFFFFFF302821FF302821FF302821FF302821FF302821FF302821FF302821FF302821FF302821FF302821FF302821FF
310
302821FF302821FF302821FF302821FF302821FF302821FF302821FF302821FF302821FF302821FF302821FF302821FF302821FF302821FF302821FF302821FF302821FF302821FF302821FF302821FF302821FF302821FF302821FF302821FF302821FF302821FF302821FFFFFFFFFFFFFFFFFF302821FF302821FF302821
310
FF302821FF302821FF302821FF302821FF302821FF302821FF302821FF302821FF302821FF302821FF302821FF302821FF302821FF302821FF302821FF302821FF302821FF302821FF302821FF302821FF302821FF302821FF302821FF302821FF302821FF302821FF302821FF302821FF302821FF302821FF302821FF3028
310
21FF302821FF302821FF302821FFFFFFFFFFFFFFFFFF302821FF302821FF302821FF302821FF302821FF302821FF302821FF302821FF302821FF302821FF302821FF302821FF302821FF302821FF302821FF302821FF302821FF302821FF302821FF302821FF302821FF302821FF302821FF302821FF302821FF302821FF30
310
2821FF302821FF302821FF302821FF302821FF302821FF302821FF302821FF302821FF302821FF302821FF302821FFFFFFFFFFFFFFFFFF302821FF302821FF302821FF302821FF302821FF302821FF302821FF302821FF302821FF302821FF302821FF302821FF302821FF302821FF302821FF302821FF302821FF302821FF
310
302821FF302821FF302821FF302821FF302821FF302821FF302821FF302821FF302821FF302821FF302821FF302821FF302821FF302821FF302821FF302821FF302821FF302821FF302821FF302821FFFFFFFFFFFFFFFFFF302821FF302821FF302821FF302821FF302821FF302821FF302821FF302821FF302821FF302821
310
FF302821FF302821FF302821FF302821FF302821FF302821FF302821FF302821FF302821FF302821FF302821FF302821FF302821FF302821FF302821FF302821FF302821FF302821FF302821FF302821FF302821FF302821FF302821FF302821FF302821FF302821FF302821FF302821FFFFFFFFFFFFFFFFFF302821FF3028
310
21FF302821FF302821FF302821FF302821FF302821FF302821FF302821FF302821FF302821FF302821FF302821FF302821FF302821FF302821FF302821FF302821FF302821FF302821FF302821FF302821FF302821FF302821FF302821FF302821FF302821FF302821FF302821FF302821FF302821FF302821FF302821FF30
310
2821FF302821FF302821FF302821FF302821FFFFFFFFFFFFFFFFFF302821FF302821FF302821FF302821FF302821FF302821FF302821FF302821FF302821FF302821FF302821FF302821FF302821FF302821FF302821FF302821FF302821FF302821FF302821FF302821FF302821FF302821FF302821FF302821FF302821FF
310
302821FF302821FF302821FF302821FF302821FF302821FF302821FF302821FF302821FF302821FF302821FF302821FF302821FFFFFFFFFFFFFFFFFF302821FF302821FF302821FF302821FF302821FF302821FF302821FF302821FF302821FF302821FF302821FF302821FF302821FF302821FF302821FF302821FF302821
310
FF302821FF302821FF302821FF302821FF302821FF302821FF302821FF302821FF302821FF302821FF302821FF302821FF302821FF302821FF302821FF302821FF302821FF302821FF302821FF302821FF302821FFFFFFFFFFFFFFFFFF302821FF302821FF302821FF302821FF302821FF302821FF302821FF302821FF3028
310
21FF302821FF302821FF302821FF302821FF302821FF302821FF302821FF302821FF302821FF302821FF302821FF302821FF302821FF302821FF302821FF302821FF302821FF302821FF302821FF302821FF302821FF302821FF302821FF302821FF302821FF302821FF302821FF302821FF302821FFFFFFFFFFFFFFFFFF30
310
2821FF302821FF302821FF302821FF302821FF302821FF302821FF302821FF302821FF302821FF302821FF302821FF302821FF302821FF302821FF302821FF302821FF302821FF302821FF302821FF302821FF302821FF302821FF302821FF302821FF302821FF302821FF302821FF302821FF302821FF302821FF302821FF
310
302821FF302821FF302821FF302821FF302821FF302821FFFFFFFFFFFFFFFFFF302821FF302821FF302821FF302821FF302821FF302821FF302821FF302821FF302821FF302821FF302821FF302821FF302821FF302821FF302821FF302821FF302821FF302821FF302821FF302821FF302821FF302821FF302821FF302821
310
FF302821FF302821FF302821FF302821FF302821FF302821FF302821FF302821FF302821FF302821FF302821FF302821FF302821FF302821FFFFFFFFFFFFFFFFFF302821FF302821FF302821FF302821FF302821FF302821FF302821FF302821FF302821FF302821FF302821FF302821FF302821FF302821FF302821FF3028
310
21FF302821FF302821FF302821FF302821FF302821FF302821FF302821FF302821FF302821FF302821FF302821FF302821FF302821FF302821FF302821FF302821FF302821FF302821FF302821FF302821FF302821FF302821FFFFFFFFFFFFFFFFFF302821FF302821FF302821FF302821FF302821FF302821FF302821FF30
310
2821FF302821FF302821FF302821FF302821FF302821FF302821FF302821FF302821FF302821FF302821FF302821FF302821FF302821FF302821FF302821FF302821FF302821FF302821FF302821FF302821FF302821FF302821FF302821FF302821FF302821FF302821FF302821FF302821FF302821FF302821FFFFFFFFFF
310
FFFFFFFF302821FF302821FF302821FF302821FF302821FF302821FF302821FF302821FF302821FF302821FF302821FF302821FF302821FF302821FF302821FF302821FF302821FF302821FF302821FF302821FF302821FF302821FF302821FF302821FF302821FF302821FF302821FF302821FF302821FF302821FF302821
310
FF302821FF302821FF302821FF302821FF302821FF302821FF302821FFFFFFFFFFFFFFFFFF302821FF302821FF302821FF302821FF302821FF302821FF302821FF302821FF302821FF302821FF302821FF302821FF302821FF302821FF302821FF302821FF302821FF302821FF302821FF302821FF302821FF302821FF3028
310
21FF302821FF302821FF302821FF302821FF302821FF302821FF302821FF302821FF302821FF302821FF302821FF302821FF302821FF302821FF302821FFFFFFFFFFFFFFFFFF302821FF302821FF302821FF302821FF302821FF302821FF302821FF302821FF302821FF302821FF302821FF302821FF302821FF302821FF30
310
2821FF302821FF302821FF302821FF302821FF302821FF302821FF302821FF302821FF302821FF302821FF302821FF302821FF302821FF302821FF302821FF302821FF302821FF302821FF302821FF302821FF302821FF302821FF302821FFFFFFFFFFFFFFFFFF302821FF302821FF302821FF302821FF302821FF302821FF
310
302821FF302821FF302821FF302821FF302821FF302821FF302821FF302821FF302821FF302821FF302821FF302821FF302821FF302821FF302821FF302821FF302821FF302821FF302821FF302821FF302821FF302821FF302821FF302821FF302821FF302821FF302821FF302821FF302821FF302821FF302821FF302821
310
FFFFFFFFFFFFFFFFFF302821FF302821FF302821FF302821FF302821FF302821FF302821FF302821FF302821FF302821FF302821FF302821FF302821FF302821FF302821FF302821FF302821FF302821FF302821FF302821FF302821FF302821FF302821FF302821FF302821FF302821FF302821FF302821FF302821FF3028
310
21FF302821FF302821FF302821FF302821FF302821FF302821FF302821FF302821FFFFFFFFFFFFFFFFFF302821FF302821FF302821FF302821FF302821FF302821FF302821FF302821FF302821FF302821FF302821FF302821FF302821FF302821FF302821FF302821FF302821FF302821FF302821FF302821FF302821FF30
310
2821FF302821FF302821FF302821FF302821FF302821FF302821FF302821FF302821FF302821FF302821FF302821FF302821FF302821FF302821FFFFFFFFFFFFFFFFFFFFFFFFFFFFFFFFFFFFFFFFFFFFFFFFFF302821FF302821FF302821FF302821FF302821FF302821FF302821FF302821FF302821FF302821FF302821FF
310
302821FF302821FF302821FF302821FF302821FF302821FF302821FF302821FF302821FF302821FF302821FF302821FF302821FF302821FF302821FF302821FF302821FF302821FF302821FF302821FF302821FF302821FF302821FF302821FF302821FF302821FF302821FF302821FF302821FF302821FF302821FF302821
310
FF302821FF302821FF302821FF302821FF302821FF302821FF302821FF302821FF302821FF302821FF302821FF302821FF302821FF302821FF302821FF302821FF302821FF302821FF302821FF302821FF302821FF302821FF302821FF302821FF302821FF302821FF302821FF302821FF302821FF302821FF302821FF3028
310
21FF302821FF302821FF302821FF302821FF302821FF302821FF302821FF302821FF302821FF302821FF302821FF302821FF302821FF302821FF302821FF302821FF302821FF302821FF302821FF302821FF302821FF302821FF
102
{BLKREFS
331
A9E
102
}
1001
ACAD
1000
DesignCenter Data
1002
{
1070
     1
1070
     2
1002
}
  0
BLOCK_RECORD
  5
A9B
330
1
100
AcDbSymbolTableRecord
100
AcDbBlockTableRecord
  2
PEPO
340
0
310
28000000280000002800000001002000000000000019000001000000010000000000000000000000302821FF302821FF302821FF302821FF302821FF302821FF302821FF302821FF302821FF302821FF302821FF302821FF302821FF302821FF302821FF302821FF302821FF302821FF302821FF302821FF302821FF302821
310
FF302821FF302821FF302821FF302821FF302821FF302821FF302821FF302821FF302821FF302821FF302821FF302821FF302821FF302821FF302821FF302821FF302821FF302821FF302821FF302821FF302821FF302821FF302821FF302821FF302821FF302821FF302821FF302821FF302821FF302821FF302821FF3028
310
21FF302821FF302821FF302821FF302821FF302821FF302821FF302821FF302821FF302821FF302821FF302821FF302821FF302821FF302821FF302821FF302821FF302821FF302821FF302821FF302821FF302821FF302821FF302821FF302821FF302821FF302821FF302821FF302821FF302821FF302821FF302821FF30
310
2821FF302821FF302821FF302821FF302821FF302821FF302821FF302821FF302821FF302821FF302821FF302821FFFFFFFFFFFFFFFFFFFFFFFFFFFFFFFFFFFFFFFFFFFFFFFFFFFFFFFFFFFFFFFFFFFFFFFFFFFFFFFFFF302821FF302821FF302821FF302821FF302821FF302821FF302821FF302821FF302821FF302821FF
310
302821FF302821FF302821FF302821FF302821FF302821FF302821FF302821FF302821FF302821FF302821FF302821FF302821FF302821FF302821FF302821FF302821FF302821FF302821FF302821FF302821FF302821FF302821FF302821FF302821FF302821FF302821FF302821FF302821FFFFFFFFFF302821FF302821
310
FF302821FF302821FF302821FF302821FF302821FF302821FF302821FF302821FF302821FF302821FF302821FF302821FF302821FF302821FF302821FF302821FF302821FF302821FF302821FF302821FF302821FF302821FF302821FF302821FF302821FF302821FF302821FF302821FF302821FF302821FF302821FF3028
310
21FF302821FF302821FF302821FF302821FF302821FFFFFFFFFF302821FF302821FF302821FF302821FF302821FF302821FF302821FF302821FF302821FF302821FF302821FF302821FF302821FF302821FF302821FF302821FF302821FF302821FF302821FF302821FF302821FF302821FF302821FF302821FF302821FF30
310
2821FF302821FF302821FF302821FF302821FF302821FF302821FF302821FF302821FF302821FF302821FF302821FF302821FF302821FFFFFFFFFF302821FF302821FF302821FF302821FF302821FF302821FF302821FF302821FF302821FF302821FF302821FF302821FF302821FF302821FF302821FF302821FF302821FF
310
302821FF302821FF302821FF302821FF302821FF302821FF302821FF302821FF302821FFFFFFFFFFFFFFFFFFFFFFFFFFFFFFFFFFFFFFFFFF302821FF302821FF302821FF302821FF302821FF302821FF302821FF302821FFFFFFFFFF302821FF302821FF302821FF302821FF302821FF302821FF302821FF302821FF302821
310
FF302821FF302821FF302821FF302821FF302821FF302821FF302821FF302821FF302821FF302821FF302821FF302821FF302821FF302821FF302821FF302821FF302821FFFFFFFFFFFFFFFFFF302821FFFFFFFFFFFFFFFFFF302821FF302821FF302821FF302821FF302821FF302821FF302821FF302821FFFFFFFFFF3028
310
21FF302821FF302821FF302821FF302821FF302821FF302821FF302821FF302821FF302821FF302821FF302821FF302821FF302821FF302821FF302821FF302821FF302821FF302821FF302821FF302821FF302821FF302821FF302821FF302821FF302821FFFFFFFFFFFFFFFFFF302821FFFFFFFFFFFFFFFFFF302821FF30
310
2821FF302821FF302821FF302821FF302821FF302821FF302821FFFFFFFFFF302821FF302821FF302821FF302821FF302821FF302821FF302821FF302821FF302821FF302821FF302821FF302821FF302821FF302821FF302821FF302821FF302821FF302821FF302821FF302821FF302821FF302821FF302821FF302821FF
310
302821FF302821FFFFFFFFFFFFFFFFFF302821FFFFFFFFFFFFFFFFFF302821FF302821FF302821FF302821FF302821FF302821FF302821FF302821FFFFFFFFFF302821FF302821FF302821FF302821FF302821FF302821FF302821FF302821FF302821FF302821FF302821FF302821FF302821FF302821FF302821FF302821
310
FF302821FF302821FF302821FF302821FF302821FF302821FF302821FF302821FF302821FF302821FFFFFFFFFFFFFFFFFF302821FFFFFFFFFFFFFFFFFF302821FF302821FF302821FF302821FF302821FF302821FF302821FF302821FFFFFFFFFF302821FF302821FF302821FF302821FF302821FF302821FF302821FF3028
310
21FF302821FF302821FF302821FF302821FF302821FF302821FF302821FF302821FF302821FF302821FF302821FF302821FF302821FF302821FF302821FF302821FF302821FF302821FFFFFFFFFFFFFFFFFF302821FFFFFFFFFFFFFFFFFF302821FF302821FF302821FF302821FF302821FF302821FF302821FF302821FFFF
310
FFFFFF302821FF302821FF302821FF302821FF302821FF302821FF302821FF302821FF302821FF302821FF302821FF302821FF302821FF302821FF302821FF302821FF302821FF302821FF302821FF302821FF302821FF302821FF302821FF302821FF302821FF302821FFFFFFFFFFFFFFFFFF302821FFFFFFFFFFFFFFFFFF
310
302821FF302821FF302821FF302821FF302821FF302821FF302821FF302821FFFFFFFFFF302821FF302821FF302821FF302821FF302821FF302821FF302821FF302821FF302821FF302821FF302821FF302821FF302821FF302821FF302821FF302821FF302821FF302821FF302821FF302821FF302821FF302821FF302821
310
FF302821FF302821FF302821FFFFFFFFFFFFFFFFFF302821FFFFFFFFFFFFFFFFFF302821FF302821FF302821FF302821FF302821FF302821FF302821FF302821FFFFFFFFFF302821FF302821FF302821FF302821FF302821FF302821FF302821FF302821FF302821FF302821FF302821FF302821FF302821FF302821FF3028
310
21FF302821FF302821FF302821FF302821FF302821FF302821FF302821FF302821FF302821FF302821FF302821FFFFFFFFFFFFFFFFFF302821FFFFFFFFFFFFFFFFFF302821FF302821FF302821FF302821FF302821FF302821FF302821FF302821FFFFFFFFFF302821FF302821FF302821FF302821FF302821FF302821FF30
310
2821FF302821FF302821FF302821FF302821FF302821FF302821FF302821FF302821FF302821FF302821FF302821FF302821FF302821FF302821FF302821FF302821FF302821FF302821FF302821FFFFFFFFFFFFFFFFFF302821FFFFFFFFFFFFFFFFFF302821FF302821FF302821FF302821FF302821FF302821FF302821FF
310
302821FFFFFFFFFF302821FF302821FF302821FF302821FF302821FF302821FF302821FF302821FF302821FF302821FF302821FF302821FF302821FF302821FF302821FF302821FF302821FF302821FF302821FF302821FF302821FF302821FF302821FF302821FF302821FF302821FFFFFFFFFFFFFFFFFF302821FFFFFFFF
310
FFFFFFFFFF302821FF302821FF302821FF302821FF302821FF302821FF302821FF302821FFFFFFFFFF302821FF302821FF302821FF302821FF302821FF302821FF302821FF302821FF302821FF302821FF302821FF302821FF302821FF302821FF302821FF302821FF302821FF302821FF302821FF302821FF302821FF3028
310
21FF302821FF302821FF302821FF302821FFFFFFFFFFFFFFFFFF302821FFFFFFFFFFFFFFFFFF302821FF302821FF302821FF302821FF302821FF302821FF302821FF302821FFFFFFFFFF302821FF302821FF302821FF302821FF302821FF302821FF302821FF302821FF302821FF302821FF302821FF302821FF302821FF30
310
2821FF302821FF302821FF302821FF302821FF302821FF302821FF302821FF302821FF302821FF302821FF302821FF302821FFFFFFFFFFFFFFFFFF302821FFFFFFFFFFFFFFFFFF302821FF302821FF302821FF302821FF302821FF302821FF302821FF302821FFFFFFFFFF302821FF302821FF302821FF302821FF302821FF
310
302821FF302821FF302821FF302821FF302821FF302821FF302821FF302821FF302821FF302821FF302821FF302821FF302821FF302821FF302821FF302821FF302821FF302821FF302821FF302821FF302821FFFFFFFFFFFFFFFFFF302821FFFFFFFFFFFFFFFFFF302821FF302821FF302821FF302821FF302821FF302821
310
FF302821FF302821FFFFFFFFFF302821FF302821FF302821FF302821FF302821FF302821FF302821FF302821FF302821FF302821FF302821FF302821FF302821FF302821FF302821FF302821FF302821FF302821FF302821FF302821FF302821FF302821FF302821FF302821FF302821FF302821FFFFFFFFFFFFFFFFFF3028
310
21FFFFFFFFFFFFFFFFFF302821FF302821FF302821FF302821FF302821FF302821FF302821FF302821FFFFFFFFFF302821FF302821FF302821FF302821FF302821FF302821FF302821FF302821FF302821FF302821FF302821FF302821FF302821FF302821FF302821FF302821FF302821FF302821FF302821FF302821FF30
310
2821FF302821FF302821FF302821FF302821FF302821FFFFFFFFFFFFFFFFFF302821FFFFFFFFFFFFFFFFFF302821FF302821FF302821FF302821FF302821FF302821FF302821FF302821FFFFFFFFFF302821FF302821FF302821FF302821FF302821FF302821FF302821FF302821FF302821FF302821FF302821FF302821FF
310
302821FF302821FF302821FF302821FF302821FF302821FF302821FF302821FF302821FF302821FF302821FF302821FF302821FF302821FFFFFFFFFFFFFFFFFF302821FFFFFFFFFFFFFFFFFF302821FF302821FF302821FF302821FF302821FF302821FF302821FF302821FFFFFFFFFF302821FF302821FF302821FF302821
310
FF302821FF302821FF302821FF302821FF302821FF302821FF302821FF302821FF302821FF302821FF302821FF302821FF302821FF302821FF302821FF302821FF302821FF302821FF302821FF302821FF302821FF302821FFFFFFFFFFFFFFFFFF302821FFFFFFFFFFFFFFFFFF302821FF302821FF302821FF302821FF3028
310
21FF302821FF302821FF302821FFFFFFFFFF302821FF302821FF302821FF302821FF302821FF302821FF302821FF302821FF302821FF302821FF302821FF302821FF302821FF302821FF302821FF302821FF302821FF302821FF302821FF302821FF302821FF302821FF302821FF302821FF302821FF302821FFFFFFFFFFFF
310
FFFFFF302821FFFFFFFFFFFFFFFFFF302821FF302821FF302821FF302821FF302821FF302821FF302821FF302821FFFFFFFFFF302821FF302821FF302821FF302821FF302821FF302821FF302821FF302821FF302821FF302821FF302821FF302821FF302821FF302821FF302821FF302821FF302821FF302821FF302821FF
310
302821FF302821FF302821FF302821FF302821FF302821FF302821FFFFFFFFFFFFFFFFFF302821FFFFFFFFFFFFFFFFFF302821FF302821FF302821FF302821FF302821FF302821FF302821FF302821FFFFFFFFFF302821FF302821FF302821FF302821FF302821FF302821FF302821FF302821FF302821FF302821FF302821
310
FF302821FF302821FF302821FF302821FF302821FF302821FF302821FF302821FF302821FF302821FF302821FF302821FF302821FF302821FF302821FFFFFFFFFFFFFFFFFF302821FFFFFFFFFFFFFFFFFF302821FF302821FF302821FF302821FF302821FF302821FF302821FF302821FFFFFFFFFF302821FF302821FF3028
310
21FF302821FF302821FF302821FF302821FF302821FF302821FF302821FF302821FF302821FF302821FF302821FF302821FF302821FF302821FF302821FF302821FF302821FF302821FF302821FF302821FF302821FF302821FF302821FFFFFFFFFFFFFFFFFF302821FFFFFFFFFFFFFFFFFF302821FF302821FF302821FF30
310
2821FF302821FF302821FF302821FF302821FFFFFFFFFF302821FF302821FF302821FF302821FF302821FF302821FF302821FF302821FF302821FF302821FF302821FF302821FF302821FF302821FF302821FF302821FF302821FF302821FF302821FF302821FF302821FF302821FF302821FF302821FF302821FF302821FF
310
FFFFFFFFFFFFFFFF302821FFFFFFFFFFFFFFFFFF302821FF302821FF302821FF302821FF302821FF302821FF302821FF302821FFFFFFFFFF302821FF302821FF302821FF302821FF302821FF302821FF302821FF302821FF302821FF302821FF302821FF302821FF302821FF302821FF302821FF302821FF302821FF302821
310
FF302821FF302821FF302821FF302821FF302821FF302821FF302821FF302821FFFFFFFFFFFFFFFFFF302821FFFFFFFFFFFFFFFFFF302821FF302821FF302821FF302821FF302821FF302821FF302821FF302821FFFFFFFFFF302821FF302821FF302821FF302821FF302821FF302821FF302821FF302821FF302821FF3028
310
21FF302821FF302821FF302821FF302821FF302821FF302821FF302821FF302821FF302821FF302821FF302821FF302821FF302821FF302821FF302821FF302821FFFFFFFFFFFFFFFFFF302821FFFFFFFFFFFFFFFFFF302821FF302821FF302821FF302821FF302821FF302821FF302821FF302821FFFFFFFFFF302821FF30
310
2821FF302821FF302821FF302821FF302821FF302821FF302821FF302821FF302821FF302821FF302821FF302821FF302821FF302821FF302821FF302821FF302821FF302821FF302821FF302821FF302821FF302821FF302821FF302821FF302821FFFFFFFFFFFFFFFFFF302821FFFFFFFFFFFFFFFFFF302821FF302821FF
310
302821FF302821FF302821FF302821FF302821FF302821FFFFFFFFFF302821FF302821FF302821FF302821FF302821FF302821FF302821FF302821FF302821FF302821FF302821FF302821FF302821FF302821FF302821FF302821FF302821FF302821FF302821FF302821FF302821FF302821FF302821FF302821FF302821
310
FF302821FFFFFFFFFFFFFFFFFF302821FFFFFFFFFFFFFFFFFF302821FF302821FF302821FF302821FF302821FF302821FF302821FF302821FFFFFFFFFF302821FF302821FF302821FF302821FF302821FF302821FF302821FF302821FF302821FF302821FF302821FF302821FF302821FF302821FF302821FF302821FF3028
310
21FF302821FF302821FF302821FF302821FF302821FF302821FF302821FF302821FF302821FFFFFFFFFFFFFFFFFFFFFFFFFFFFFFFFFFFFFFFFFF302821FF302821FF302821FF302821FF302821FF302821FF302821FF302821FFFFFFFFFF302821FF302821FF302821FF302821FF302821FF302821FF302821FF302821FF30
310
2821FF302821FF302821FF302821FF302821FF302821FF302821FF302821FF302821FF302821FF302821FF302821FF302821FF302821FF302821FF302821FF302821FF302821FF302821FF302821FF302821FF302821FF302821FF302821FF302821FF302821FF302821FF302821FF302821FF302821FF302821FFFFFFFFFF
310
302821FF302821FF302821FF302821FF302821FF302821FF302821FF302821FF302821FF302821FF302821FF302821FF302821FF302821FF302821FF302821FF302821FF302821FF302821FF302821FF302821FF302821FF302821FF302821FF302821FF302821FF302821FF302821FF302821FF302821FF302821FF302821
310
FF302821FF302821FF302821FF302821FF302821FF302821FF302821FFFFFFFFFF302821FF302821FF302821FF302821FF302821FF302821FF302821FF302821FF302821FF302821FF302821FF302821FF302821FF302821FF302821FF302821FF302821FF302821FF302821FF302821FF302821FF302821FF302821FF3028
310
21FF302821FF302821FF302821FF302821FF302821FF302821FF302821FF302821FF302821FF302821FF302821FF302821FF302821FF302821FF302821FFFFFFFFFF302821FF302821FF302821FF302821FF302821FF302821FF302821FF302821FF302821FF302821FF302821FF302821FF302821FF302821FF302821FF30
310
2821FF302821FF302821FF302821FF302821FF302821FF302821FF302821FF302821FF302821FF302821FF302821FF302821FF302821FF302821FFFFFFFFFFFFFFFFFFFFFFFFFFFFFFFFFFFFFFFFFFFFFFFFFFFFFFFFFFFFFFFFFFFFFFFFFFFFFFFFFF302821FF302821FF302821FF302821FF302821FF302821FF302821FF
310
302821FF302821FF302821FF302821FF302821FF302821FF302821FF302821FF302821FF302821FF302821FF302821FF302821FF302821FF302821FF302821FF302821FF302821FF302821FF302821FF302821FF302821FF302821FF302821FF302821FF302821FF302821FF302821FF302821FF302821FF302821FF302821
310
FF302821FF302821FF302821FF302821FF302821FF302821FF302821FF302821FF302821FF302821FF302821FF302821FF302821FF302821FF302821FF302821FF302821FF302821FF302821FF302821FF302821FF302821FF302821FF302821FF302821FF302821FF302821FF302821FF302821FF302821FF302821FF3028
310
21FF302821FF302821FF302821FF302821FF302821FF302821FF302821FF302821FF302821FF302821FF302821FF302821FF302821FF302821FF302821FF302821FF302821FF302821FF302821FF302821FF302821FF302821FF
102
{BLKREFS
331
AA4
102
}
1001
ACAD
1000
DesignCenter Data
1002
{
1070
     1
1070
     2
1002
}
  0
BLOCK_RECORD
  5
AA6
330
1
100
AcDbSymbolTableRecord
100
AcDbBlockTableRecord
  2
*D31
340
0
  0
BLOCK_RECORD
  5
ABF
330
1
100
AcDbSymbolTableRecord
100
AcDbBlockTableRecord
  2
*D32
340
0
  0
BLOCK_RECORD
  5
B26
330
1
100
AcDbSymbolTableRecord
100
AcDbBlockTableRecord
  2
*D34
340
0
  0
BLOCK_RECORD
  5
B3E
330
1
100
AcDbSymbolTableRecord
100
AcDbBlockTableRecord
  2
*D35
340
0
  0
BLOCK_RECORD
  5
B7A
330
1
100
AcDbSymbolTableRecord
100
AcDbBlockTableRecord
  2
*D36
340
0
  0
BLOCK_RECORD
  5
BBC
330
1
100
AcDbSymbolTableRecord
100
AcDbBlockTableRecord
  2
*D38
340
0
  0
BLOCK_RECORD
  5
BE6
330
1
100
AcDbSymbolTableRecord
100
AcDbBlockTableRecord
  2
*D39
340
0
  0
ENDTAB
  0
ENDSEC
  0
SECTION
  2
BLOCKS
  0
BLOCK
  5
20
330
1F
100
AcDbEntity
  8
0
100
AcDbBlockBegin
  2
*Model_Space
 70
     0
 10
0.0
 20
0.0
 30
0.0
  3
*Model_Space
  1

  0
ENDBLK
  5
21
330
1F
100
AcDbEntity
  8
0
100
AcDbBlockEnd
  0
BLOCK
  5
D4
330
D2
100
AcDbEntity
 67
     1
  8
0
100
AcDbBlockBegin
  2
*Paper_Space
 70
     0
 10
0.0
 20
0.0
 30
0.0
  3
*Paper_Space
  1

  0
ENDBLK
  5
D5
330
D2
100
AcDbEntity
 67
     1
  8
0
100
AcDbBlockEnd
  0
BLOCK
  5
D8
330
D6
100
AcDbEntity
  8
0
100
AcDbBlockBegin
  2
*Paper_Space0
 70
     0
 10
0.0
 20
0.0
 30
0.0
  3
*Paper_Space0
  1

  0
ENDBLK
  5
D9
330
D6
100
AcDbEntity
  8
0
100
AcDbBlockEnd
  0
BLOCK
  5
39C
330
395
100
AcDbEntity
  8
0
100
AcDbBlockBegin
  2
V1
 70
     0
 10
0.0
 20
0.0
 30
0.0
  3
V1
  1

  0
LINE
  5
3D5
330
395
100
AcDbEntity
  8
0
  6
Continuous
100
AcDbLine
 10
-0.0503158288897794
 20
8.999859349865574
 30
0.0
 11
0.0
 21
0.0
 31
0.0
  0
LINE
  5
3D6
330
395
100
AcDbEntity
  8
0
  6
Continuous
100
AcDbLine
 10
24.0
 20
0.0
 30
0.0
 11
23.95654101134323
 21
8.999895072516438
 31
0.0
  0
LINE
  5
3D7
330
395
100
AcDbEntity
  8
0
  6
Continuous
100
AcDbLine
 10
-0.0251571703292939
 20
3.499929674933014
 30
0.0
 11
23.97827124978721
 21
3.499947536258446
 31
0.0
  0
LINE
  5
3D8
330
395
100
AcDbEntity
  8
0
  6
Continuous
100
AcDbLine
 10
-0.0251586585604855
 20
5.499929674932559
 30
0.0
 11
23.97826976155602
 21
5.499947536257991
 31
0.0
  0
ENDBLK
  5
39D
330
395
100
AcDbEntity
  8
0
100
AcDbBlockEnd
  0
BLOCK
  5
3C2
330
3C1
100
AcDbEntity
  8
0
100
AcDbBlockBegin
  2
w1
 70
     0
 10
0.0
 20
0.0
 30
0.0
  3
w1
  1

  0
LINE
  5
3C4
330
3C1
100
AcDbEntity
  8
0
100
AcDbLine
 10
-36.05146616467323
 20
8.999852845124451
 30
0.0
 11
-36.0
 21
0.0
 31
0.0
  0
LINE
  5
3C5
330
3C1
100
AcDbEntity
  8
0
100
AcDbLine
 10
-36.0
 20
0.0
 30
0.0
 11
0.0
 21
0.0
 31
0.0
  0
LINE
  5
3C6
330
3C1
100
AcDbEntity
  8
0
100
AcDbLine
 10
0.0
 20
0.0
 30
0.0
 11
0.0000000000002274
 21
9.0
 31
0.0
  0
LINE
  5
3C7
330
3C1
100
AcDbEntity
  8
0
100
AcDbLine
 10
0.0000000000002274
 20
9.0
 30
0.0
 11
-36.05146616467323
 21
8.999852845124451
 31
0.0
  0
LINE
  5
3C8
330
3C1
100
AcDbEntity
  8
0
  6
HIDDEN
100
AcDbLine
 10
-42.05146616462321
 20
8.999828354324336
 30
0.0
 11
-42.05146616462321
 21
20.99982835432434
 31
0.0
  0
LINE
  5
3C9
330
3C1
100
AcDbEntity
  8
0
  6
HIDDEN
100
AcDbLine
 10
-42.05146616462321
 20
20.99982835432434
 30
0.0
 11
5.948533835376793
 21
20.99982835432434
 31
0.0
  0
LINE
  5
3CA
330
3C1
100
AcDbEntity
  8
0
  6
HIDDEN
100
AcDbLine
 10
5.948533835376793
 20
20.99982835432434
 30
0.0
 11
5.94853383537702
 21
8.999828354324336
 31
0.0
  0
LINE
  5
3CB
330
3C1
100
AcDbEntity
  8
0
  6
Continuous
100
AcDbLine
 10
-36.02573308233661
 20
3.499926422562226
 30
0.0
 11
0.0
 21
3.499926422562226
 31
0.0
  0
LINE
  5
3CC
330
3C1
100
AcDbEntity
  8
0
  6
Continuous
100
AcDbLine
 10
-36.02573308233661
 20
5.499926422562226
 30
0.0
 11
0.0
 21
5.499926422562226
 31
0.0
  0
ENDBLK
  5
3C3
330
3C1
100
AcDbEntity
  8
0
100
AcDbBlockEnd
  0
BLOCK
  5
3E5
330
3E4
100
AcDbEntity
  8
0
100
AcDbBlockBegin
  2
w2
 70
     0
 10
0.0
 20
0.0
 30
0.0
  3
w2
  1

  0
LINE
  5
3E7
330
3E4
100
AcDbEntity
  8
0
100
AcDbLine
 10
-0.0514661646732293
 20
8.999852845124451
 30
0.0
 11
0.0
 21
0.0
 31
0.0
  0
LINE
  5
3E8
330
3E4
100
AcDbEntity
  8
0
100
AcDbLine
 10
0.0
 20
0.0
 30
0.0
 11
18.00000000014984
 21
-0.0000734724004587
 31
0.0
  0
LINE
  5
3E9
330
3E4
100
AcDbEntity
  8
0
100
AcDbLine
 10
18.00000000014984
 20
-0.0000734724004587
 30
0.0
 11
18.00000000015007
 21
8.999926527599541
 31
0.0
  0
LINE
  5
3EA
330
3E4
100
AcDbEntity
  8
0
100
AcDbLine
 10
18.00000000015007
 20
8.999926527599541
 30
0.0
 11
-0.0514661646732293
 21
8.999852845124451
 31
0.0
  0
LINE
  5
3EB
330
3E4
100
AcDbEntity
  8
0
  6
HIDDEN
100
AcDbLine
 10
-6.051466164623207
 20
8.999828354324336
 30
0.0
 11
-6.051466164623207
 21
20.99982835432434
 31
0.0
  0
LINE
  5
3EC
330
3E4
100
AcDbEntity
  8
0
  6
HIDDEN
100
AcDbLine
 10
-6.051466164623207
 20
20.99982835432434
 30
0.0
 11
23.94853383552663
 21
20.99975488192388
 31
0.0
  0
LINE
  5
3ED
330
3E4
100
AcDbEntity
  8
0
  6
HIDDEN
100
AcDbLine
 10
23.94853383552663
 20
20.99975488192388
 30
0.0
 11
23.94853383552686
 21
8.999754881923877
 31
0.0
  0
LINE
  5
3EE
330
3E4
100
AcDbEntity
  8
0
  6
Continuous
100
AcDbLine
 10
-0.0257330823367283
 20
3.499926422562226
 30
0.0
 11
18.00000000014984
 21
3.499852950161767
 31
0.0
  0
LINE
  5
3EF
330
3E4
100
AcDbEntity
  8
0
  6
Continuous
100
AcDbLine
 10
-0.0257330823367283
 20
5.499926422562226
 30
0.0
 11
18.00000000014984
 21
5.499852950161767
 31
0.0
  0
ENDBLK
  5
3E6
330
3E4
100
AcDbEntity
  8
0
100
AcDbBlockEnd
  0
BLOCK
  5
40C
330
3F1
100
AcDbEntity
  8
0
100
AcDbBlockBegin
  2
D6
 70
     0
 10
0.0
 20
0.0
 30
0.0
  3
D6
  1

  0
LINE
  5
3F2
330
3F1
100
AcDbEntity
  8
0
100
AcDbLine
 10
0.0
 20
0.0
 30
0.0
 11
6.0
 21
0.0
 31
0.0
  0
LINE
  5
3F3
330
3F1
100
AcDbEntity
  8
0
100
AcDbLine
 10
-4.999824657649015
 20
35.09278922561927
 30
0.0
 11
-4.999824657649015
 21
26.09278922561927
 31
0.0
  0
LINE
  5
3F4
330
3F1
100
AcDbEntity
  8
0
 62
    32
420
 13461800
100
AcDbLine
 10
-5.999824657649015
 20
35.09278922561927
 30
0.0
 11
-5.999824657649242
 21
36.10116422591645
 31
0.0
  0
LINE
  5
3F5
330
3F1
100
AcDbEntity
  8
0
 62
    32
420
 13461800
100
AcDbLine
 10
-5.999824657649242
 20
36.10116422591645
 30
0.0
 11
-4.999824657649015
 21
36.09278922561927
 31
0.0
  0
LINE
  5
3F6
330
3F1
100
AcDbEntity
  8
0
 62
    32
420
 13461800
100
AcDbLine
 10
6.0
 20
0.0
 30
0.0
 11
6.092843266320642
 21
35.48066037902976
 31
0.0
  0
LINE
  5
3F7
330
3F1
100
AcDbEntity
  8
0
 62
    32
420
 13461800
100
AcDbLine
 10
0.0
 20
36.05091569262572
 30
0.0
 11
0.0
 21
0.0
 31
0.0
  0
LINE
  5
3F8
330
3F1
100
AcDbEntity
  8
0
 62
    32
420
 13461800
100
AcDbLine
 10
0.0
 20
0.0
 30
0.0
 11
6.0
 21
0.0
 31
0.0
  0
ARC
  5
3F9
330
3F1
100
AcDbEntity
  8
0
 62
    32
420
 13461800
100
AcDbCircle
 10
0.0
 20
0.0
 30
0.0
 40
36.0
100
AcDbArc
 50
0.0
 51
90.0
  0
LINE
  5
3FA
330
3F1
100
AcDbEntity
  8
0
 62
    32
420
 13461800
100
AcDbLine
 10
0.0
 20
36.05091569262572
 30
0.0
 11
-4.999824657649015
 21
36.09278922561927
 31
0.0
  0
LINE
  5
3FB
330
3F1
100
AcDbEntity
  8
0
 62
    32
420
 13461800
100
AcDbLine
 10
-4.999824657649015
 20
26.09278922561927
 30
0.0
 11
-5.999824657649015
 21
26.09278922561927
 31
0.0
  0
LINE
  5
3FC
330
3F1
100
AcDbEntity
  8
0
 62
    32
420
 13461800
100
AcDbLine
 10
-5.999824657649015
 20
26.09278922561927
 30
0.0
 11
-5.999824657649015
 21
35.09278922561927
 31
0.0
  0
LINE
  5
3FD
330
3F1
100
AcDbEntity
  8
0
 62
    32
420
 13461800
100
AcDbLine
 10
-4.999824657649015
 20
26.09278922561927
 30
0.0
 11
-4.999824657649015
 21
35.09278922561927
 31
0.0
  0
LINE
  5
3FE
330
3F1
100
AcDbEntity
  8
0
 62
    32
420
 13461800
100
AcDbLine
 10
-4.999824657649015
 20
35.09278922561927
 30
0.0
 11
0.0
 21
35.09278922561927
 31
0.0
  0
LINE
  5
3FF
330
3F1
100
AcDbEntity
  8
0
 62
    32
420
 13461800
100
AcDbLine
 10
65.9998102341624
 20
0.0000219712619582
 30
0.0
 11
65.90696696784175
 21
35.48068235029172
 31
0.0
  0
LINE
  5
400
330
3F1
100
AcDbEntity
  8
0
 62
    32
420
 13461800
100
AcDbLine
 10
71.9998102341624
 20
36.05093766388768
 30
0.0
 11
71.9998102341624
 21
0.0000219712619582
 31
0.0
  0
LINE
  5
401
330
3F1
100
AcDbEntity
  8
0
 62
    32
420
 13461800
100
AcDbLine
 10
71.9998102341624
 20
0.0000219712619582
 30
0.0
 11
65.9998102341624
 21
0.0000219712619582
 31
0.0
  0
ARC
  5
402
330
3F1
100
AcDbEntity
  8
0
 62
    32
420
 13461800
100
AcDbCircle
 10
71.9998102341624
 20
0.0000219712619582
 30
0.0
 40
36.0
100
AcDbArc
 50
90.0
 51
180.0
  0
LINE
  5
403
330
3F1
100
AcDbEntity
  8
0
 62
    32
420
 13461800
100
AcDbLine
 10
71.9998102341624
 20
36.05093766388768
 30
0.0
 11
76.99963489181141
 21
36.09281119688123
 31
0.0
  0
LINE
  5
404
330
3F1
100
AcDbEntity
  8
0
 62
    32
420
 13461800
100
AcDbLine
 10
76.99963489181141
 20
26.09281119688123
 30
0.0
 11
77.99963489181141
 21
26.09281119688123
 31
0.0
  0
LINE
  5
405
330
3F1
100
AcDbEntity
  8
0
 62
    32
420
 13461800
100
AcDbLine
 10
77.99963489181141
 20
26.09281119688123
 30
0.0
 11
77.99963489181141
 21
35.09281119688123
 31
0.0
  0
LINE
  5
406
330
3F1
100
AcDbEntity
  8
0
 62
    32
420
 13461800
100
AcDbLine
 10
76.99963489181141
 20
26.09281119688123
 30
0.0
 11
76.99963489181141
 21
35.09281119688123
 31
0.0
  0
LINE
  5
407
330
3F1
100
AcDbEntity
  8
0
 62
    32
420
 13461800
100
AcDbLine
 10
76.99963489181141
 20
35.09281119688123
 30
0.0
 11
71.9998102341624
 21
35.09281119688123
 31
0.0
  0
LINE
  5
408
330
3F1
100
AcDbEntity
  8
0
 62
    32
420
 13461800
100
AcDbLine
 10
76.99963489181141
 20
36.09281119688123
 30
0.0
 11
77.99963489181141
 21
36.10118619717839
 31
0.0
  0
LINE
  5
409
330
3F1
100
AcDbEntity
  8
0
 62
    32
420
 13461800
100
AcDbLine
 10
77.99963489181141
 20
36.10118619717839
 30
0.0
 11
77.99963489181141
 21
35.09281119688123
 31
0.0
  0
ENDBLK
  5
40D
330
3F1
100
AcDbEntity
  8
0
100
AcDbBlockEnd
  0
BLOCK
  5
41B
330
40F
100
AcDbEntity
  8
0
100
AcDbBlockBegin
  2
D3
 70
     0
 10
0.0
 20
0.0
 30
0.0
  3
D3
  1

  0
LINE
  5
410
330
40F
100
AcDbEntity
  8
0
 62
    32
420
 13461800
100
AcDbLine
 10
6.0
 20
0.0
 30
0.0
 11
6.092843266320642
 21
35.48066037902976
 31
0.0
  0
LINE
  5
411
330
40F
100
AcDbEntity
  8
0
 62
    32
420
 13461800
100
AcDbLine
 10
0.0
 20
36.05091569262572
 30
0.0
 11
0.0
 21
0.0
 31
0.0
  0
LINE
  5
412
330
40F
100
AcDbEntity
  8
0
 62
    32
420
 13461800
100
AcDbLine
 10
0.0
 20
0.0
 30
0.0
 11
6.0
 21
0.0
 31
0.0
  0
ARC
  5
413
330
40F
100
AcDbEntity
  8
0
 62
    32
420
 13461800
100
AcDbCircle
 10
0.0
 20
0.0
 30
0.0
 40
36.0
100
AcDbArc
 50
0.0
 51
90.0
  0
LINE
  5
414
330
40F
100
AcDbEntity
  8
0
 62
    32
420
 13461800
100
AcDbLine
 10
0.0
 20
36.05091569262572
 30
0.0
 11
-4.999824657649015
 21
36.09278922561927
 31
0.0
  0
LINE
  5
415
330
40F
100
AcDbEntity
  8
0
 62
    32
420
 13461800
100
AcDbLine
 10
-4.999824657649015
 20
26.09278922561927
 30
0.0
 11
-5.999824657649015
 21
26.09278922561927
 31
0.0
  0
LINE
  5
416
330
40F
100
AcDbEntity
  8
0
 62
    32
420
 13461800
100
AcDbLine
 10
-5.999824657649015
 20
26.09278922561927
 30
0.0
 11
-5.999824657649015
 21
35.09278922561927
 31
0.0
  0
LINE
  5
417
330
40F
100
AcDbEntity
  8
0
 62
    32
420
 13461800
100
AcDbLine
 10
-4.999824657649015
 20
26.09278922561927
 30
0.0
 11
-4.999824657649015
 21
35.09278922561927
 31
0.0
  0
LINE
  5
418
330
40F
100
AcDbEntity
  8
0
 62
    32
420
 13461800
100
AcDbLine
 10
-4.999824657649015
 20
35.09278922561927
 30
0.0
 11
0.0
 21
35.09278922561927
 31
0.0
  0
ENDBLK
  5
41C
330
40F
100
AcDbEntity
  8
0
100
AcDbBlockEnd
  0
BLOCK
  5
432
330
431
100
AcDbEntity
  8
0
100
AcDbBlockBegin
  2
D1
 70
     0
 10
0.0
 20
0.0
 30
0.0
  3
D1
  1

  0
LINE
  5
434
330
431
100
AcDbEntity
  8
0
  6
Continuous
100
AcDbLine
 10
0.0
 20
0.0
 30
0.0
 11
35.99999995828443
 21
0.0017330646422806
 31
0.0
  0
LINE
  5
435
330
431
100
AcDbEntity
  8
0
  6
Continuous
100
AcDbLine
 10
0.0
 20
0.0
 30
0.0
 11
0.0
 21
36.0
 31
0.0
  0
LINE
  5
436
330
431
100
AcDbEntity
  8
0
  6
Continuous
100
AcDbLine
 10
3.0
 20
0.0
 30
0.0
 11
3.0
 21
35.87478222930417
 31
0.0
  0
LINE
  5
437
330
431
100
AcDbEntity
  8
0
  6
Continuous
100
AcDbLine
 10
0.0
 20
36.0
 30
0.0
 11
-4.0
 21
36.0
 31
0.0
  0
LINE
  5
438
330
431
100
AcDbEntity
  8
0
  6
Continuous
100
AcDbLine
 10
-4.0
 20
36.0
 30
0.0
 11
-4.0
 21
27.0
 31
0.0
  0
LWPOLYLINE
  5
439
330
431
100
AcDbEntity
  8
0
  6
Continuous
100
AcDbPolyline
 90
        3
 70
     0
 43
0.0
 10
0.0
 20
36.0
 10
-4.0
 20
36.0
 10
-4.0
 20
27.0
  0
LWPOLYLINE
  5
43A
330
431
100
AcDbEntity
  8
0
  6
Continuous
100
AcDbPolyline
 90
        3
 70
     0
 43
0.0
 10
0.0
 20
35.0
 10
-3.0
 20
35.0
 10
-3.0
 20
27.0
  0
LINE
  5
43B
330
431
100
AcDbEntity
  8
0
  6
Continuous
100
AcDbLine
 10
-4.0
 20
27.0
 30
0.0
 11
-3.0
 21
27.0
 31
0.0
  0
LWPOLYLINE
  5
43C
330
431
100
AcDbEntity
  8
0
  6
Continuous
100
AcDbPolyline
 90
        2
 70
     0
 43
0.0
 10
7.0
 20
35.31288716601921
 10
7.0
 20
27.0
  0
LWPOLYLINE
  5
43D
330
431
100
AcDbEntity
  8
0
  6
Continuous
100
AcDbPolyline
 90
        3
 70
     0
 43
0.0
 10
3.0
 20
35.0
 10
6.0
 20
35.0
 10
6.0
 20
27.0
  0
LINE
  5
43E
330
431
100
AcDbEntity
  8
0
  6
Continuous
100
AcDbLine
 10
6.0
 20
27.0
 30
0.0
 11
7.0
 21
27.0
 31
0.0
  0
ARC
  5
43F
330
431
100
AcDbEntity
  8
0
  6
Continuous
100
AcDbCircle
 10
0.0
 20
0.0
 30
0.0
 40
36.0
100
AcDbArc
 50
0.0027582580456899
 51
90.0
  0
ENDBLK
  5
433
330
431
100
AcDbEntity
  8
0
100
AcDbBlockEnd
  0
BLOCK
  5
443
330
442
100
AcDbEntity
  8
0
100
AcDbBlockBegin
  2
D2
 70
     0
 10
0.0
 20
0.0
 30
0.0
  3
D2
  1

  0
INSERT
  5
445
330
442
100
AcDbEntity
  8
0
  6
Continuous
100
AcDbBlockReference
  2
D1
 10
-35.99999983313796
 20
0.0034661292809233
 30
0.0
 41
-1.0
 50
179.9972417419532
  0
ENDBLK
  5
444
330
442
100
AcDbEntity
  8
0
100
AcDbBlockEnd
  0
BLOCK
  5
449
330
448
100
AcDbEntity
  8
0
100
AcDbBlockBegin
  2
D4
 70
     0
 10
0.0
 20
0.0
 30
0.0
  3
D4
  1

  0
INSERT
  5
44B
330
448
100
AcDbEntity
  8
0
  6
Continuous
100
AcDbBlockReference
  2
D1
 10
0.0
 20
0.0
 30
0.0
  0
INSERT
  5
44C
330
448
100
AcDbEntity
  8
0
  6
Continuous
100
AcDbBlockReference
  2
D2
 10
35.99999983313796
 20
0.0000000000035243
 30
0.0
 50
179.9944834839069
  0
ENDBLK
  5
44A
330
448
100
AcDbEntity
  8
0
100
AcDbBlockEnd
  0
BLOCK
  5
569
330
568
100
AcDbEntity
  8
0
100
AcDbBlockBegin
  2
pillar
 70
     0
 10
0.0
 20
0.0
 30
0.0
  3
pillar
  1

  0
LINE
  5
56B
330
568
100
AcDbEntity
  8
0
  6
Continuous
100
AcDbLine
 10
-8.999973602235968
 20
8.978201856603846
 30
0.0
 11
0.0
 21
9.0
 31
0.0
  0
LINE
  5
56C
330
568
100
AcDbEntity
  8
0
  6
Continuous
100
AcDbLine
 10
0.0
 20
9.0
 30
0.0
 11
0.0
 21
0.0
 31
0.0
  0
LINE
  5
56D
330
568
100
AcDbEntity
  8
0
  6
Continuous
100
AcDbLine
 10
0.0
 20
0.0
 30
0.0
 11
-9.0
 21
0.0
 31
0.0
  0
LINE
  5
56E
330
568
100
AcDbEntity
  8
0
  6
Continuous
100
AcDbLine
 10
-9.0
 20
0.0
 30
0.0
 11
-8.999973602235968
 21
8.978201856603846
 31
0.0
  0
ENDBLK
  5
56A
330
568
100
AcDbEntity
  8
0
100
AcDbBlockEnd
  0
BLOCK
  5
5E1
330
5E0
100
AcDbEntity
  8
0
100
AcDbBlockBegin
  2
bl
 70
     0
 10
0.0
 20
0.0
 30
0.0
  3
bl
  1

  0
INSERT
  5
5E3
330
5E0
100
AcDbEntity
  8
0
  6
Continuous
100
AcDbBlockReference
  2
pillar
 10
0.0
 20
-9.0
 30
0.0
  0
ENDBLK
  5
5E2
330
5E0
100
AcDbEntity
  8
0
100
AcDbBlockEnd
  0
BLOCK
  5
5E7
330
5E6
100
AcDbEntity
  8
0
100
AcDbBlockBegin
  2
block
 70
     0
 10
0.0
 20
0.0
 30
0.0
  3
block
  1

  0
INSERT
  5
5E9
330
5E6
100
AcDbEntity
  8
0
  6
Continuous
100
AcDbBlockReference
  2
pillar
 10
0.0
 20
-9.0
 30
0.0
  0
ENDBLK
  5
5E8
330
5E6
100
AcDbEntity
  8
0
100
AcDbBlockEnd
  0
BLOCK
  5
642
330
641
100
AcDbEntity
  8
0
100
AcDbBlockBegin
  2
sidewin
 70
     0
 10
0.0
 20
0.0
 30
0.0
  3
sidewin
  1

  0
INSERT
  5
644
330
641
100
AcDbEntity
  8
0
  6
Continuous
100
AcDbBlockReference
  2
w2
 10
8.999926527599541
 20
-18.00000000015007
 30
0.0
 50
90.0
  0
ENDBLK
  5
643
330
641
100
AcDbEntity
  8
0
100
AcDbBlockEnd
  0
BLOCK
  5
648
330
647
100
AcDbEntity
  8
0
100
AcDbBlockBegin
  2
v2
 70
     0
 10
0.0
 20
0.0
 30
0.0
  3
v2
  1

  0
INSERT
  5
64A
330
647
100
AcDbEntity
  8
0
  6
Continuous
100
AcDbBlockReference
  2
V1
 10
-24.0
 20
0.0
 30
0.0
  0
ENDBLK
  5
649
330
647
100
AcDbEntity
  8
0
100
AcDbBlockEnd
  0
BLOCK
  5
75B
330
75A
100
AcDbEntity
  8
0
100
AcDbBlockBegin
  2
updown w1
 70
     0
 10
0.0
 20
0.0
 30
0.0
  3
updown w1
  1

  0
LINE
  5
75D
330
75A
100
AcDbEntity
  8
0
  6
Continuous
100
AcDbLine
 10
-36.0
 20
0.0
 30
0.0
 11
0.0
 21
0.0
 31
0.0
  0
LINE
  5
75E
330
75A
100
AcDbEntity
  8
0
  6
Continuous
100
AcDbLine
 10
0.0
 20
0.0
 30
0.0
 11
0.0042304183883743
 21
-4.99999821035567
 31
0.0
  0
LINE
  5
75F
330
75A
100
AcDbEntity
  8
0
  6
Continuous
100
AcDbLine
 10
0.0042304183883743
 20
-4.99999821035567
 30
0.0
 11
-36.00000000000011
 21
-4.999998210355784
 31
0.0
  0
LINE
  5
760
330
75A
100
AcDbEntity
  8
0
  6
Continuous
100
AcDbLine
 10
-36.00000000000011
 20
-4.999998210355784
 30
0.0
 11
-36.00000000000011
 21
0.0
 31
0.0
  0
LINE
  5
761
330
75A
100
AcDbEntity
  8
0
  6
Continuous
100
AcDbLine
 10
-36.00000000000011
 20
-3.499999105177949
 30
0.0
 11
0.002115209194244
 21
-3.499999105177949
 31
0.0
  0
LINE
  5
762
330
75A
100
AcDbEntity
  8
0
  6
Continuous
100
AcDbLine
 10
-36.00000000000011
 20
-1.499999105177949
 30
0.0
 11
0.002115209194244
 21
-1.499999105177949
 31
0.0
  0
LINE
  5
763
330
75A
100
AcDbEntity
  8
0
  6
HIDDEN
100
AcDbLine
 10
-42.00000000000011
 20
-4.999998210355784
 30
0.0
 11
-42.00000000000011
 21
-16.99999821035578
 31
0.0
  0
LINE
  5
764
330
75A
100
AcDbEntity
  8
0
  6
HIDDEN
100
AcDbLine
 10
-42.00000000000011
 20
-16.99999821035578
 30
0.0
 11
5.999999576193773
 21
-17.00637671973425
 31
0.0
  0
LINE
  5
765
330
75A
100
AcDbEntity
  8
0
  6
HIDDEN
100
AcDbLine
 10
5.999999576193773
 20
-17.00637671973425
 30
0.0
 11
5.999999576193886
 21
-5.006376719734249
 31
0.0
  0
ENDBLK
  5
75C
330
75A
100
AcDbEntity
  8
0
100
AcDbBlockEnd
  0
BLOCK
  5
79E
330
79D
100
AcDbEntity
  8
0
100
AcDbBlockBegin
  2
landfoill
 70
     0
 10
0.0
 20
0.0
 30
0.0
  3
landfoill
  1

  0
INSERT
  5
7A0
330
79D
100
AcDbEntity
  8
0
  6
Continuous
100
AcDbBlockReference
  2
w1
 10
8.99985284512536
 20
36.051466164673
 30
0.0
 50
89.99999999999855
  0
ENDBLK
  5
79F
330
79D
100
AcDbEntity
  8
0
100
AcDbBlockEnd
  0
BLOCK
  5
7C8
330
7A5
100
AcDbEntity
  8
0
100
AcDbBlockBegin
  2
*U17
 70
     1
 10
0.0
 20
0.0
 30
0.0
  3
*U17
  1

  0
LWPOLYLINE
  5
7C9
102
{ACAD_REACTORS
330
7CF
102
}
330
7A5
100
AcDbEntity
  8
0
  6
Continuous
 62
     0
100
AcDbPolyline
 90
        7
 70
     1
 43
0.0
 10
0.0000000000000001
 20
-0.0000000000000001
 10
-0.2500000000000003
 20
-0.2499999999999997
 10
-0.2500000000000001
 20
-0.0850000000000005
 10
-1.0
 20
-0.0849999999999993
 10
-0.9999999999999998
 20
0.0850000000000024
 10
-0.2499999999999997
 20
0.0850000000000012
 10
-0.2499999999999994
 20
0.2500000000000003
1001
AcDbBlockRepETag
1070
     1
1071
        0
1005
7C9
  0
LWPOLYLINE
  5
7CA
102
{ACAD_REACTORS
330
7D1
102
}
330
7A5
100
AcDbEntity
  8
0
  6
Continuous
 62
     0
 60
     1
100
AcDbPolyline
 90
        9
 70
     1
 43
0.0
 10
0.0000000000000001
 20
-0.0000000000000001
 10
-0.3750000000000005
 20
-0.3749999999999995
 10
-0.4687500000000003
 20
-0.2812499999999993
 10
-0.2812500000000001
 20
-0.0937499999999996
 10
-1.0
 20
-0.0937499999999984
 10
-0.9999999999999998
 20
0.0937500000000016
 10
-0.2812499999999997
 20
0.0937500000000004
 10
-0.4687499999999994
 20
0.2812500000000007
 10
-0.3749999999999993
 20
0.3750000000000005
1001
AcDbBlockRepETag
1070
     1
1071
        1
1005
7CA
  0
LWPOLYLINE
  5
7CB
102
{ACAD_REACTORS
330
7D3
102
}
330
7A5
100
AcDbEntity
  8
0
  6
Continuous
 62
     0
 60
     1
100
AcDbPolyline
 90
       12
 70
     1
 43
0.0
 10
0.0000000000000001
 20
-0.0000000000000001
 10
-0.1443380000000006
 20
-0.2499999999999999
 10
-0.1443380000000003
 20
-0.0624999999999999
 10
-0.7306619999999997
 20
-0.0624999999999989
 10
-0.8750000000000003
 20
-0.2499999999999986
 10
-1.144338
 20
-0.2499999999999982
 10
-0.9999999999999999
 20
0.0000000000000016
 10
-1.144337999999999
 20
0.2500000000000018
 10
-0.8749999999999994
 20
0.2500000000000013
 10
-0.7306619999999995
 20
0.0625000000000011
 10
-0.144338
 20
0.0625000000000001
 10
-0.1443379999999997
 20
0.2500000000000001
1001
AcDbBlockRepETag
1070
     1
1071
        2
1005
7CB
  0
LWPOLYLINE
  5
7CC
102
{ACAD_REACTORS
330
7D0
102
}
330
7A5
100
AcDbEntity
  8
0
  6
Continuous
 62
     0
 60
     1
100
AcDbPolyline
 90
       10
 70
     1
 43
0.0
 10
0.0000000000000001
 20
-0.0000000000000001
 10
-0.3999999999999993
 20
0.3000000000000004
 10
-0.3124999999999997
 20
0.1250000000000004
 10
-0.6874999999999997
 20
0.125000000000001
 10
-0.5999999999999994
 20
0.3000000000000007
 10
-0.9999999999999999
 20
0.0000000000000016
 10
-0.6000000000000005
 20
-0.2999999999999998
 10
-0.6875000000000001
 20
-0.124999999999999
 10
-0.3125000000000001
 20
-0.1249999999999996
 10
-0.4000000000000003
 20
-0.3000000000000002
1001
AcDbBlockRepETag
1070
     1
1071
        3
1005
7CC
  0
LWPOLYLINE
  5
7CD
102
{ACAD_REACTORS
330
7D2
102
}
330
7A5
100
AcDbEntity
  8
0
  6
Continuous
 62
     0
 60
     1
100
AcDbPolyline
 90
        8
 70
     1
 43
0.0
 10
0.0000000000000001
 20
-0.0000000000000001
 10
-0.3124999999999994
 20
0.2500000000000004
 10
-0.2499999999999996
 20
0.1250000000000003
 10
-1.062499999999999
 20
0.2500000000000017
 10
-0.9999999999999999
 20
0.0000000000000016
 10
-1.0625
 20
-0.2499999999999983
 10
-0.2500000000000001
 20
-0.1249999999999997
 10
-0.3125000000000003
 20
-0.2499999999999996
1001
AcDbBlockRepETag
1070
     1
1071
        4
1005
7CD
  0
LWPOLYLINE
  5
7CE
102
{ACAD_REACTORS
330
7D4
102
}
330
7A5
100
AcDbEntity
  8
0
  6
Continuous
 62
     0
 60
     1
100
AcDbPolyline
 90
       15
 70
     1
 43
0.0
 10
-0.7980638450968343
 20
0.1889123198226205
 42
-0.2789295557162637
 10
-0.2225755098025836
 20
0.2006728141482437
 10
-0.093750374731438
 20
0.1262955877365277
 10
-0.0000003747314381
 20
0.2886753509461096
 10
0.0000000000000001
 20
-0.0000000000000001
 10
-0.2500003747314389
 20
-0.1443373509461091
 10
-0.1562503747314386
 20
0.0180424122634727
 10
-0.2850755098025842
 20
0.0924196386751889
 42
0.282128014736976
 10
-0.7354964497955063
 20
0.080542412263474
 10
-0.7667468245269454
 20
-0.1540063509461082
 10
-1.000000374731438
 20
-0.2886753509461077
 10
-0.9999999999999999
 20
0.0000000000000016
 10
-1.250000374731437
 20
0.144337350946112
 10
-1.016746824526945
 20
0.2790063509461114
 10
-0.7979964497955061
 20
0.1887955877365289
1001
AcDbBlockRepETag
1070
     1
1071
        5
1005
7CE
  0
HATCH
  5
7CF
330
7A5
100
AcDbEntity
  8
0
 62
     0
100
AcDbHatch
 10
0.0
 20
0.0
 30
0.0
210
0.0
220
0.0
230
1.0
  2
SOLID
 70
     1
 71
     1
 91
        1
 92
        1
 93
        7
 72
     1
 10
0.0000000000000001
 20
-0.0000000000000001
 11
-0.2500000000000003
 21
-0.2499999999999997
 72
     1
 10
-0.2500000000000003
 20
-0.2499999999999997
 11
-0.2500000000000001
 21
-0.0850000000000005
 72
     1
 10
-0.2500000000000001
 20
-0.0850000000000005
 11
-1.0
 21
-0.0849999999999993
 72
     1
 10
-1.0
 20
-0.0849999999999993
 11
-0.9999999999999998
 21
0.0850000000000024
 72
     1
 10
-0.9999999999999998
 20
0.0850000000000024
 11
-0.2499999999999998
 21
0.0850000000000012
 72
     1
 10
-0.2499999999999997
 20
0.0850000000000012
 11
-0.2499999999999994
 21
0.2500000000000003
 72
     1
 10
-0.2499999999999994
 20
0.2500000000000003
 11
0.0000000000000001
 21
-0.0000000000000001
 97
        1
330
7C9
 75
     0
 76
     1
 98
        1
 10
0.0
 20
0.0
450
        1
451
        0
460
3.141592653589793
461
0.0
452
        0
462
1.0
453
        2
463
0.0
 63
     5
421
      255
463
1.0
 63
     7
421
 16777215
470
LINEAR
1001
ACAD
1010
0.0
1020
0.0
1030
0.0
1001
AcDbBlockRepETag
1070
     1
1071
        6
1005
7CF
  0
HATCH
  5
7D0
330
7A5
100
AcDbEntity
  8
0
 62
     0
 60
     1
100
AcDbHatch
 10
0.0
 20
0.0
 30
0.0
210
0.0
220
0.0
230
1.0
  2
SOLID
 70
     1
 71
     1
 91
        1
 92
        1
 93
       10
 72
     1
 10
0.0000000000000001
 20
-0.0000000000000001
 11
-0.3999999999999993
 21
0.3000000000000004
 72
     1
 10
-0.3999999999999993
 20
0.3000000000000004
 11
-0.3124999999999997
 21
0.1250000000000004
 72
     1
 10
-0.3124999999999997
 20
0.1250000000000004
 11
-0.6874999999999997
 21
0.125000000000001
 72
     1
 10
-0.6874999999999997
 20
0.125000000000001
 11
-0.5999999999999994
 21
0.3000000000000007
 72
     1
 10
-0.5999999999999994
 20
0.3000000000000007
 11
-0.9999999999999999
 21
0.0000000000000016
 72
     1
 10
-0.9999999999999999
 20
0.0000000000000016
 11
-0.6000000000000005
 21
-0.2999999999999998
 72
     1
 10
-0.6000000000000005
 20
-0.2999999999999998
 11
-0.6875000000000001
 21
-0.1249999999999989
 72
     1
 10
-0.6875000000000001
 20
-0.124999999999999
 11
-0.3125000000000001
 21
-0.1249999999999996
 72
     1
 10
-0.3125000000000001
 20
-0.1249999999999996
 11
-0.4000000000000003
 21
-0.3000000000000002
 72
     1
 10
-0.4000000000000003
 20
-0.3000000000000002
 11
0.0000000000000001
 21
-0.0000000000000001
 97
        1
330
7CC
 75
     0
 76
     1
 98
        1
 10
0.0
 20
0.0
450
        1
451
        0
460
0.0
461
0.0
452
        1
462
1.0
453
        2
463
0.0
 63
     5
421
      255
463
1.0
 63
     7
421
 16777215
470
INVCYLINDER
1001
ACAD
1010
0.0
1020
0.0
1030
0.0
1001
AcDbBlockRepETag
1070
     1
1071
        7
1005
7D0
  0
HATCH
  5
7D1
330
7A5
100
AcDbEntity
  8
0
 62
     0
 60
     1
100
AcDbHatch
 10
0.0
 20
0.0
 30
0.0
210
0.0
220
0.0
230
1.0
  2
SOLID
 70
     1
 71
     1
 91
        1
 92
        1
 93
        9
 72
     1
 10
0.0000000000000001
 20
-0.0000000000000001
 11
-0.3750000000000005
 21
-0.3749999999999995
 72
     1
 10
-0.3750000000000005
 20
-0.3749999999999995
 11
-0.4687500000000003
 21
-0.2812499999999993
 72
     1
 10
-0.4687500000000003
 20
-0.2812499999999993
 11
-0.2812500000000001
 21
-0.0937499999999996
 72
     1
 10
-0.2812500000000001
 20
-0.0937499999999996
 11
-1.0
 21
-0.0937499999999984
 72
     1
 10
-1.0
 20
-0.0937499999999984
 11
-0.9999999999999998
 21
0.0937500000000016
 72
     1
 10
-0.9999999999999998
 20
0.0937500000000016
 11
-0.2812499999999998
 21
0.0937500000000004
 72
     1
 10
-0.2812499999999997
 20
0.0937500000000004
 11
-0.4687499999999994
 21
0.2812500000000007
 72
     1
 10
-0.4687499999999994
 20
0.2812500000000007
 11
-0.3749999999999993
 21
0.3750000000000005
 72
     1
 10
-0.3749999999999993
 20
0.3750000000000005
 11
0.0000000000000001
 21
-0.0000000000000001
 97
        1
330
7CA
 75
     0
 76
     1
 98
        1
 10
0.0
 20
0.0
450
        1
451
        0
460
3.141592653589793
461
0.0
452
        1
462
1.0
453
        2
463
0.0
 63
     5
421
      255
463
1.0
 63
     7
421
 16777215
470
LINEAR
1001
ACAD
1010
0.0
1020
0.0
1030
0.0
1001
AcDbBlockRepETag
1070
     1
1071
        8
1005
7D1
  0
HATCH
  5
7D2
330
7A5
100
AcDbEntity
  8
0
 62
     0
 60
     1
100
AcDbHatch
 10
0.0
 20
0.0
 30
0.0
210
0.0
220
0.0
230
1.0
  2
SOLID
 70
     1
 71
     1
 91
        1
 92
        1
 93
        8
 72
     1
 10
0.0000000000000001
 20
-0.0000000000000001
 11
-0.3124999999999994
 21
0.2500000000000004
 72
     1
 10
-0.3124999999999994
 20
0.2500000000000004
 11
-0.2499999999999996
 21
0.1250000000000003
 72
     1
 10
-0.2499999999999996
 20
0.1250000000000003
 11
-1.062499999999999
 21
0.2500000000000017
 72
     1
 10
-1.062499999999999
 20
0.2500000000000017
 11
-0.9999999999999999
 21
0.0000000000000016
 72
     1
 10
-0.9999999999999999
 20
0.0000000000000016
 11
-1.0625
 21
-0.2499999999999983
 72
     1
 10
-1.0625
 20
-0.2499999999999983
 11
-0.2500000000000001
 21
-0.1249999999999997
 72
     1
 10
-0.2500000000000001
 20
-0.1249999999999997
 11
-0.3125000000000003
 21
-0.2499999999999996
 72
     1
 10
-0.3125000000000003
 20
-0.2499999999999996
 11
0.0000000000000001
 21
-0.0000000000000001
 97
        1
330
7CD
 75
     0
 76
     1
 98
        1
 10
0.0
 20
0.0
450
        1
451
        0
460
3.141592653589793
461
0.0
452
        1
462
1.0
453
        2
463
0.0
 63
     5
421
      255
463
1.0
 63
     7
421
 16777215
470
LINEAR
1001
ACAD
1010
0.0
1020
0.0
1030
0.0
1001
AcDbBlockRepETag
1070
     1
1071
        9
1005
7D2
  0
HATCH
  5
7D3
330
7A5
100
AcDbEntity
  8
0
 62
     0
 60
     1
100
AcDbHatch
 10
0.0
 20
0.0
 30
0.0
210
0.0
220
0.0
230
1.0
  2
SOLID
 70
     1
 71
     1
 91
        1
 92
        1
 93
       12
 72
     1
 10
0.0000000000000001
 20
-0.0000000000000001
 11
-0.1443380000000006
 21
-0.2499999999999999
 72
     1
 10
-0.1443380000000006
 20
-0.2499999999999999
 11
-0.1443380000000003
 21
-0.0624999999999999
 72
     1
 10
-0.1443380000000003
 20
-0.0624999999999999
 11
-0.7306619999999997
 21
-0.0624999999999989
 72
     1
 10
-0.7306619999999997
 20
-0.0624999999999989
 11
-0.8750000000000003
 21
-0.2499999999999986
 72
     1
 10
-0.8750000000000003
 20
-0.2499999999999986
 11
-1.144338
 21
-0.2499999999999982
 72
     1
 10
-1.144338
 20
-0.2499999999999982
 11
-0.9999999999999999
 21
0.0000000000000016
 72
     1
 10
-0.9999999999999999
 20
0.0000000000000016
 11
-1.144337999999999
 21
0.2500000000000018
 72
     1
 10
-1.144337999999999
 20
0.2500000000000018
 11
-0.8749999999999994
 21
0.2500000000000013
 72
     1
 10
-0.8749999999999994
 20
0.2500000000000013
 11
-0.7306619999999995
 21
0.0625000000000011
 72
     1
 10
-0.7306619999999995
 20
0.0625000000000011
 11
-0.1443380000000001
 21
0.0625000000000001
 72
     1
 10
-0.144338
 20
0.0625000000000001
 11
-0.1443379999999997
 21
0.2500000000000001
 72
     1
 10
-0.1443379999999997
 20
0.2500000000000001
 11
0.0000000000000001
 21
-0.0000000000000001
 97
        1
330
7CB
 75
     0
 76
     1
 98
        1
 10
0.0
 20
0.0
450
        1
451
        0
460
3.141592653589793
461
0.0
452
        1
462
1.0
453
        2
463
0.0
 63
     5
421
      255
463
1.0
 63
     7
421
 16777215
470
LINEAR
1001
ACAD
1010
0.0
1020
0.0
1030
0.0
1001
AcDbBlockRepETag
1070
     1
1071
       10
1005
7D3
  0
HATCH
  5
7D4
330
7A5
100
AcDbEntity
  8
0
 62
     0
 60
     1
100
AcDbHatch
 10
0.0
 20
0.0
 30
0.0
210
0.0
220
0.0
230
1.0
  2
SOLID
 70
     1
 71
     1
 91
        1
 92
        1
 93
       15
 72
     2
 10
-0.5005990260462854
 20
-0.2808780416847961
 40
0.5560470324874012
 50
237.6585696997016
 51
300.0000000000002
 73
     0
 72
     1
 10
-0.2225755098025836
 20
0.2006728141482437
 11
-0.093750374731438
 21
0.1262955877365277
 72
     1
 10
-0.093750374731438
 20
0.1262955877365277
 11
-0.0000003747314381
 21
0.2886753509461096
 72
     1
 10
-0.0000003747314381
 20
0.2886753509461096
 11
0.0000000000000001
 21
-0.0000000000000001
 72
     1
 10
0.0000000000000001
 20
-0.0000000000000001
 11
-0.2500003747314389
 21
-0.1443373509461091
 72
     1
 10
-0.2500003747314389
 20
-0.1443373509461091
 11
-0.1562503747314386
 21
0.0180424122634727
 72
     1
 10
-0.1562503747314386
 20
0.0180424122634727
 11
-0.2850755098025842
 21
0.0924196386751889
 72
     2
 10
-0.5005990260462857
 20
-0.2808780416847961
 40
0.4310470324874011
 50
59.99999999999986
 51
123.0209842521883
 73
     1
 72
     1
 10
-0.7354964497955063
 20
0.080542412263474
 11
-0.7667468245269454
 21
-0.1540063509461082
 72
     1
 10
-0.7667468245269454
 20
-0.1540063509461082
 11
-1.000000374731438
 21
-0.2886753509461077
 72
     1
 10
-1.000000374731438
 20
-0.2886753509461077
 11
-0.9999999999999999
 21
0.0000000000000016
 72
     1
 10
-0.9999999999999999
 20
0.0000000000000016
 11
-1.250000374731437
 21
0.144337350946112
 72
     1
 10
-1.250000374731437
 20
0.144337350946112
 11
-1.016746824526945
 21
0.2790063509461114
 72
     1
 10
-1.016746824526945
 20
0.2790063509461114
 11
-0.7979964497955061
 21
0.1887955877365289
 72
     1
 10
-0.7979964497955061
 20
0.1887955877365289
 11
-0.7980638450968343
 21
0.1889123198226205
 97
        1
330
7CE
 75
     0
 76
     1
 98
        1
 10
0.0
 20
0.0
450
        1
451
        0
460
3.926990816987241
461
0.0
452
        1
462
1.0
453
        2
463
0.0
 63
     5
421
      255
463
1.0
 63
     7
421
 16777215
470
LINEAR
1001
ACAD
1010
0.0
1020
0.0
1030
0.0
1001
AcDbBlockRepETag
1070
     1
1071
       11
1005
7D4
  0
ENDBLK
  5
7D5
330
7A5
100
AcDbEntity
  8
0
100
AcDbBlockEnd
  0
BLOCK
  5
8F2
330
8CF
100
AcDbEntity
  8
0
100
AcDbBlockBegin
  2
*U20
 70
     1
 10
0.0
 20
0.0
 30
0.0
  3
*U20
  1

  0
LWPOLYLINE
  5
8F3
102
{ACAD_REACTORS
330
8F9
102
}
330
8CF
100
AcDbEntity
  8
0
  6
Continuous
 62
     0
100
AcDbPolyline
 90
        7
 70
     1
 43
0.0
 10
0.0000000000000035
 20
-0.0000000000000028
 10
-6.350000000000009
 20
-6.349999999999992
 10
-6.350000000000001
 20
-2.159000000000014
 10
-25.4
 20
-2.158999999999982
 10
-25.39999999999999
 20
2.159000000000062
 10
-6.349999999999993
 20
2.159000000000029
 10
-6.349999999999985
 20
6.350000000000009
1001
AcDbBlockRepETag
1070
     1
1071
        0
1005
8F3
  0
LWPOLYLINE
  5
8F4
102
{ACAD_REACTORS
330
8FB
102
}
330
8CF
100
AcDbEntity
  8
0
  6
Continuous
 62
     0
 60
     1
100
AcDbPolyline
 90
        9
 70
     1
 43
0.0
 10
0.0000000000000035
 20
-0.0000000000000028
 10
-9.525000000000013
 20
-9.524999999999986
 10
-11.90625000000001
 20
-7.143749999999983
 10
-7.143750000000001
 20
-2.381249999999991
 10
-25.4
 20
-2.38124999999996
 10
-25.39999999999999
 20
2.38125000000004
 10
-7.143749999999993
 20
2.381250000000009
 10
-11.90624999999999
 20
7.143750000000017
 10
-9.52499999999998
 20
9.525000000000013
1001
AcDbBlockRepETag
1070
     1
1071
        1
1005
8F4
  0
LWPOLYLINE
  5
8F5
102
{ACAD_REACTORS
330
8FD
102
}
330
8CF
100
AcDbEntity
  8
0
  6
Continuous
 62
     0
 60
     1
100
AcDbPolyline
 90
       12
 70
     1
 43
0.0
 10
0.0000000000000035
 20
-0.0000000000000028
 10
-3.666185200000014
 20
-6.349999999999996
 10
-3.666185200000007
 20
-1.587499999999997
 10
-18.55881479999999
 20
-1.587499999999971
 10
-22.22500000000001
 20
-6.349999999999964
 10
-29.06618519999999
 20
-6.349999999999953
 10
-25.4
 20
0.0000000000000404
 10
-29.06618519999997
 20
6.350000000000045
 10
-22.22499999999998
 20
6.350000000000033
 10
-18.55881479999999
 20
1.587500000000029
 10
-3.666185200000001
 20
1.587500000000003
 10
-3.666185199999993
 20
6.350000000000002
1001
AcDbBlockRepETag
1070
     1
1071
        2
1005
8F5
  0
LWPOLYLINE
  5
8F6
102
{ACAD_REACTORS
330
8FA
102
}
330
8CF
100
AcDbEntity
  8
0
  6
Continuous
 62
     0
 60
     1
100
AcDbPolyline
 90
       10
 70
     1
 43
0.0
 10
0.0000000000000035
 20
-0.0000000000000028
 10
-10.15999999999998
 20
7.620000000000009
 10
-7.937499999999991
 20
3.17500000000001
 10
-17.46249999999999
 20
3.175000000000026
 10
-15.23999999999998
 20
7.620000000000018
 10
-25.4
 20
0.0000000000000397
 10
-15.24000000000001
 20
-7.619999999999995
 10
-17.4625
 20
-3.174999999999973
 10
-7.937500000000003
 20
-3.174999999999989
 10
-10.16000000000001
 20
-7.620000000000004
1001
AcDbBlockRepETag
1070
     1
1071
        3
1005
8F6
  0
LWPOLYLINE
  5
8F7
102
{ACAD_REACTORS
330
8FC
102
}
330
8CF
100
AcDbEntity
  8
0
  6
Continuous
 62
     0
 60
     1
100
AcDbPolyline
 90
        8
 70
     1
 43
0.0
 10
0.0000000000000035
 20
-0.0000000000000028
 10
-7.937499999999986
 20
6.350000000000009
 10
-6.349999999999991
 20
3.175000000000007
 10
-26.98749999999998
 20
6.350000000000042
 10
-25.4
 20
0.0000000000000397
 10
-26.9875
 20
-6.349999999999957
 10
-6.350000000000002
 20
-3.174999999999992
 10
-7.937500000000008
 20
-6.349999999999989
1001
AcDbBlockRepETag
1070
     1
1071
        4
1005
8F7
  0
LWPOLYLINE
  5
8F8
102
{ACAD_REACTORS
330
8FE
102
}
330
8CF
100
AcDbEntity
  8
0
  6
Continuous
 62
     0
 60
     1
100
AcDbPolyline
 90
       15
 70
     1
 43
0.0
 10
-20.27082166545959
 20
4.798372923494561
 42
-0.2789295557162637
 10
-5.653417948985624
 20
5.09708947936539
 10
-2.381259518178525
 20
3.207907928507802
 10
-0.0000095181785289
 20
7.332353914031184
 10
0.0000000000000035
 20
-0.0000000000000028
 10
-6.350009518178547
 20
-3.666168714031172
 10
-3.96875951817854
 20
0.4582772714922074
 10
-7.240917948985637
 20
2.347458822349797
 42
0.282128014736976
 10
-18.68160982480586
 20
2.04577727149224
 10
-19.47536934298441
 20
-3.911761314031148
 10
-25.40000951817851
 20
-7.332353914031136
 10
-25.4
 20
0.0000000000000397
 10
-31.75000951817851
 20
3.666168714031244
 10
-25.82536934298441
 20
7.08676131403123
 10
-20.26910982480585
 20
4.795407928507835
1001
AcDbBlockRepETag
1070
     1
1071
        5
1005
8F8
  0
HATCH
  5
8F9
330
8CF
100
AcDbEntity
  8
0
 62
     0
100
AcDbHatch
 10
0.0
 20
0.0
 30
0.0
210
0.0
220
0.0
230
1.0
  2
SOLID
 70
     1
 71
     1
 91
        1
 92
        1
 93
        7
 72
     1
 10
0.0000000000000035
 20
-0.0000000000000028
 11
-6.350000000000009
 21
-6.349999999999992
 72
     1
 10
-6.350000000000009
 20
-6.349999999999992
 11
-6.350000000000001
 21
-2.159000000000014
 72
     1
 10
-6.350000000000001
 20
-2.159000000000014
 11
-25.4
 21
-2.158999999999982
 72
     1
 10
-25.4
 20
-2.158999999999982
 11
-25.39999999999999
 21
2.159000000000062
 72
     1
 10
-25.39999999999999
 20
2.159000000000062
 11
-6.349999999999994
 21
2.159000000000029
 72
     1
 10
-6.349999999999993
 20
2.159000000000029
 11
-6.349999999999985
 21
6.350000000000009
 72
     1
 10
-6.349999999999985
 20
6.350000000000009
 11
0.0000000000000036
 21
-0.0000000000000027
 97
        1
330
8F3
 75
     0
 76
     1
 98
        1
 10
0.0
 20
0.0
450
        1
451
        0
460
3.141592653589793
461
0.0
452
        0
462
1.0
453
        2
463
0.0
 63
     5
421
      255
463
1.0
 63
     7
421
 16777215
470
LINEAR
1001
ACAD
1010
0.0
1020
0.0
1030
0.0
1001
AcDbBlockRepETag
1070
     1
1071
        6
1005
8F9
  0
HATCH
  5
8FA
330
8CF
100
AcDbEntity
  8
0
 62
     0
 60
     1
100
AcDbHatch
 10
0.0
 20
0.0
 30
0.0
210
0.0
220
0.0
230
1.0
  2
SOLID
 70
     1
 71
     1
 91
        1
 92
        1
 93
       10
 72
     1
 10
0.0000000000000035
 20
-0.0000000000000028
 11
-10.15999999999998
 21
7.620000000000009
 72
     1
 10
-10.15999999999998
 20
7.620000000000009
 11
-7.937499999999991
 21
3.17500000000001
 72
     1
 10
-7.937499999999991
 20
3.17500000000001
 11
-17.46249999999999
 21
3.175000000000026
 72
     1
 10
-17.46249999999999
 20
3.175000000000026
 11
-15.23999999999998
 21
7.620000000000017
 72
     1
 10
-15.23999999999998
 20
7.620000000000018
 11
-25.4
 21
0.00000000000004
 72
     1
 10
-25.4
 20
0.0000000000000397
 11
-15.24000000000001
 21
-7.619999999999995
 72
     1
 10
-15.24000000000001
 20
-7.619999999999995
 11
-17.4625
 21
-3.174999999999973
 72
     1
 10
-17.4625
 20
-3.174999999999973
 11
-7.937500000000004
 21
-3.174999999999989
 72
     1
 10
-7.937500000000003
 20
-3.174999999999989
 11
-10.16000000000001
 21
-7.620000000000004
 72
     1
 10
-10.16000000000001
 20
-7.620000000000004
 11
0.0000000000000036
 21
-0.0000000000000027
 97
        1
330
8F6
 75
     0
 76
     1
 98
        1
 10
0.0
 20
0.0
450
        1
451
        0
460
0.0
461
0.0
452
        1
462
1.0
453
        2
463
0.0
 63
     5
421
      255
463
1.0
 63
     7
421
 16777215
470
INVCYLINDER
1001
ACAD
1010
0.0
1020
0.0
1030
0.0
1001
AcDbBlockRepETag
1070
     1
1071
        7
1005
8FA
  0
HATCH
  5
8FB
330
8CF
100
AcDbEntity
  8
0
 62
     0
 60
     1
100
AcDbHatch
 10
0.0
 20
0.0
 30
0.0
210
0.0
220
0.0
230
1.0
  2
SOLID
 70
     1
 71
     1
 91
        1
 92
        1
 93
        9
 72
     1
 10
0.0000000000000035
 20
-0.0000000000000028
 11
-9.525000000000013
 21
-9.524999999999986
 72
     1
 10
-9.525000000000013
 20
-9.524999999999986
 11
-11.90625000000001
 21
-7.143749999999983
 72
     1
 10
-11.90625000000001
 20
-7.143749999999983
 11
-7.143750000000001
 21
-2.381249999999991
 72
     1
 10
-7.143750000000001
 20
-2.381249999999991
 11
-25.4
 21
-2.38124999999996
 72
     1
 10
-25.4
 20
-2.38124999999996
 11
-25.39999999999999
 21
2.381250000000039
 72
     1
 10
-25.39999999999999
 20
2.38125000000004
 11
-7.143749999999994
 21
2.381250000000009
 72
     1
 10
-7.143749999999993
 20
2.381250000000009
 11
-11.90624999999999
 21
7.143750000000017
 72
     1
 10
-11.90624999999999
 20
7.143750000000017
 11
-9.52499999999998
 21
9.525000000000013
 72
     1
 10
-9.52499999999998
 20
9.525000000000013
 11
0.0000000000000036
 21
-0.0000000000000036
 97
        1
330
8F4
 75
     0
 76
     1
 98
        1
 10
0.0
 20
0.0
450
        1
451
        0
460
3.141592653589793
461
0.0
452
        1
462
1.0
453
        2
463
0.0
 63
     5
421
      255
463
1.0
 63
     7
421
 16777215
470
LINEAR
1001
ACAD
1010
0.0
1020
0.0
1030
0.0
1001
AcDbBlockRepETag
1070
     1
1071
        8
1005
8FB
  0
HATCH
  5
8FC
330
8CF
100
AcDbEntity
  8
0
 62
     0
 60
     1
100
AcDbHatch
 10
0.0
 20
0.0
 30
0.0
210
0.0
220
0.0
230
1.0
  2
SOLID
 70
     1
 71
     1
 91
        1
 92
        1
 93
        8
 72
     1
 10
0.0000000000000035
 20
-0.0000000000000028
 11
-7.937499999999986
 21
6.350000000000009
 72
     1
 10
-7.937499999999986
 20
6.350000000000009
 11
-6.349999999999991
 21
3.175000000000007
 72
     1
 10
-6.349999999999991
 20
3.175000000000007
 11
-26.98749999999998
 21
6.350000000000042
 72
     1
 10
-26.98749999999998
 20
6.350000000000042
 11
-25.4
 21
0.00000000000004
 72
     1
 10
-25.4
 20
0.0000000000000397
 11
-26.9875
 21
-6.349999999999957
 72
     1
 10
-26.9875
 20
-6.349999999999957
 11
-6.350000000000001
 21
-3.174999999999992
 72
     1
 10
-6.350000000000002
 20
-3.174999999999992
 11
-7.937500000000008
 21
-6.349999999999989
 72
     1
 10
-7.937500000000008
 20
-6.349999999999989
 11
0.0000000000000036
 21
-0.0000000000000027
 97
        1
330
8F7
 75
     0
 76
     1
 98
        1
 10
0.0
 20
0.0
450
        1
451
        0
460
3.141592653589793
461
0.0
452
        1
462
1.0
453
        2
463
0.0
 63
     5
421
      255
463
1.0
 63
     7
421
 16777215
470
LINEAR
1001
ACAD
1010
0.0
1020
0.0
1030
0.0
1001
AcDbBlockRepETag
1070
     1
1071
        9
1005
8FC
  0
HATCH
  5
8FD
330
8CF
100
AcDbEntity
  8
0
 62
     0
 60
     1
100
AcDbHatch
 10
0.0
 20
0.0
 30
0.0
210
0.0
220
0.0
230
1.0
  2
SOLID
 70
     1
 71
     1
 91
        1
 92
        1
 93
       12
 72
     1
 10
0.0000000000000035
 20
-0.0000000000000028
 11
-3.666185200000014
 21
-6.349999999999996
 72
     1
 10
-3.666185200000014
 20
-6.349999999999996
 11
-3.666185200000007
 21
-1.587499999999997
 72
     1
 10
-3.666185200000007
 20
-1.587499999999997
 11
-18.55881479999999
 21
-1.587499999999971
 72
     1
 10
-18.55881479999999
 20
-1.587499999999971
 11
-22.22500000000001
 21
-6.349999999999964
 72
     1
 10
-22.22500000000001
 20
-6.349999999999964
 11
-29.06618519999999
 21
-6.349999999999953
 72
     1
 10
-29.06618519999999
 20
-6.349999999999953
 11
-25.4
 21
0.00000000000004
 72
     1
 10
-25.4
 20
0.0000000000000404
 11
-29.06618519999997
 21
6.350000000000045
 72
     1
 10
-29.06618519999997
 20
6.350000000000045
 11
-22.22499999999998
 21
6.350000000000033
 72
     1
 10
-22.22499999999998
 20
6.350000000000033
 11
-18.55881479999999
 21
1.587500000000029
 72
     1
 10
-18.55881479999999
 20
1.587500000000029
 11
-3.666185200000001
 21
1.587500000000003
 72
     1
 10
-3.666185200000001
 20
1.587500000000003
 11
-3.666185199999993
 21
6.350000000000002
 72
     1
 10
-3.666185199999993
 20
6.350000000000002
 11
0.0000000000000036
 21
-0.0000000000000027
 97
        1
330
8F5
 75
     0
 76
     1
 98
        1
 10
0.0
 20
0.0
450
        1
451
        0
460
3.141592653589793
461
0.0
452
        1
462
1.0
453
        2
463
0.0
 63
     5
421
      255
463
1.0
 63
     7
421
 16777215
470
LINEAR
1001
ACAD
1010
0.0
1020
0.0
1030
0.0
1001
AcDbBlockRepETag
1070
     1
1071
       10
1005
8FD
  0
HATCH
  5
8FE
330
8CF
100
AcDbEntity
  8
0
 62
     0
 60
     1
100
AcDbHatch
 10
0.0
 20
0.0
 30
0.0
210
0.0
220
0.0
230
1.0
  2
SOLID
 70
     1
 71
     1
 91
        1
 92
        1
 93
       15
 72
     2
 10
-12.71521526157565
 20
-7.134302258793824
 40
14.12359462517999
 50
237.6585696997016
 51
300.0000000000002
 73
     0
 72
     1
 10
-5.653417948985624
 20
5.09708947936539
 11
-2.381259518178525
 21
3.207907928507802
 72
     1
 10
-2.381259518178525
 20
3.207907928507802
 11
-0.0000095181785289
 21
7.332353914031184
 72
     1
 10
-0.0000095181785289
 20
7.332353914031184
 11
0.0000000000000035
 21
-0.0000000000000027
 72
     1
 10
0.0000000000000035
 20
-0.0000000000000028
 11
-6.350009518178547
 21
-3.666168714031172
 72
     1
 10
-6.350009518178547
 20
-3.666168714031172
 11
-3.96875951817854
 21
0.4582772714922072
 72
     1
 10
-3.96875951817854
 20
0.4582772714922074
 11
-7.240917948985637
 21
2.347458822349797
 72
     2
 10
-12.71521526157566
 20
-7.134302258793824
 40
10.94859462517999
 50
59.99999999999986
 51
123.0209842521883
 73
     1
 72
     1
 10
-18.68160982480586
 20
2.04577727149224
 11
-19.47536934298441
 21
-3.911761314031148
 72
     1
 10
-19.47536934298441
 20
-3.911761314031148
 11
-25.40000951817851
 21
-7.332353914031136
 72
     1
 10
-25.40000951817851
 20
-7.332353914031136
 11
-25.4
 21
0.00000000000004
 72
     1
 10
-25.4
 20
0.0000000000000397
 11
-31.75000951817851
 21
3.666168714031244
 72
     1
 10
-31.75000951817851
 20
3.666168714031244
 11
-25.82536934298441
 21
7.08676131403123
 72
     1
 10
-25.82536934298441
 20
7.08676131403123
 11
-20.26910982480585
 21
4.795407928507835
 72
     1
 10
-20.26910982480585
 20
4.795407928507835
 11
-20.27082166545959
 21
4.798372923494561
 97
        1
330
8F8
 75
     0
 76
     1
 98
        1
 10
0.0
 20
0.0
450
        1
451
        0
460
3.926990816987241
461
0.0
452
        1
462
1.0
453
        2
463
0.0
 63
     5
421
      255
463
1.0
 63
     7
421
 16777215
470
LINEAR
1001
ACAD
1010
0.0
1020
0.0
1030
0.0
1001
AcDbBlockRepETag
1070
     1
1071
       11
1005
8FE
  0
ENDBLK
  5
8FF
330
8CF
100
AcDbEntity
  8
0
100
AcDbBlockEnd
  0
BLOCK
  5
903
330
900
100
AcDbEntity
  8
0
100
AcDbBlockBegin
  2
*U21
 70
     1
 10
0.0
 20
0.0
 30
0.0
  3
*U21
  1

  0
LWPOLYLINE
  5
904
102
{ACAD_REACTORS
330
90A
102
}
330
900
100
AcDbEntity
  8
0
  6
Continuous
 62
     0
100
AcDbPolyline
 90
        7
 70
     1
 43
0.0
 10
0.0000000000000035
 20
-0.0000000000000028
 10
-6.350000000000009
 20
-6.349999999999992
 10
-6.350000000000001
 20
-2.159000000000014
 10
-47.99999999999996
 20
-2.158999999999944
 10
-47.99999999999996
 20
2.159000000000099
 10
-6.349999999999993
 20
2.159000000000029
 10
-6.349999999999985
 20
6.350000000000009
1001
AcDbBlockRepETag
1070
     1
1071
        0
1005
904
  0
LWPOLYLINE
  5
905
102
{ACAD_REACTORS
330
90C
102
}
330
900
100
AcDbEntity
  8
0
  6
Continuous
 62
     0
 60
     1
100
AcDbPolyline
 90
        9
 70
     1
 43
0.0
 10
0.0000000000000035
 20
-0.0000000000000028
 10
-9.525000000000013
 20
-9.524999999999986
 10
-11.90625000000001
 20
-7.143749999999983
 10
-7.143750000000001
 20
-2.381249999999991
 10
-47.99999999999996
 20
-2.381249999999922
 10
-47.99999999999996
 20
2.381250000000077
 10
-7.143749999999993
 20
2.381250000000009
 10
-11.90624999999999
 20
7.143750000000017
 10
-9.52499999999998
 20
9.525000000000013
1001
AcDbBlockRepETag
1070
     1
1071
        1
1005
905
  0
LWPOLYLINE
  5
906
102
{ACAD_REACTORS
330
90E
102
}
330
900
100
AcDbEntity
  8
0
  6
Continuous
 62
     0
 60
     1
100
AcDbPolyline
 90
       12
 70
     1
 43
0.0
 10
0.0000000000000035
 20
-0.0000000000000028
 10
-3.666185200000014
 20
-6.349999999999996
 10
-3.666185200000007
 20
-1.587499999999997
 10
-41.15881479999995
 20
-1.587499999999934
 10
-44.82499999999997
 20
-6.349999999999927
 10
-51.66618519999995
 20
-6.349999999999916
 10
-47.99999999999996
 20
0.000000000000078
 10
-51.66618519999993
 20
6.350000000000082
 10
-44.82499999999995
 20
6.350000000000071
 10
-41.15881479999994
 20
1.587500000000066
 10
-3.666185200000001
 20
1.587500000000003
 10
-3.666185199999993
 20
6.350000000000002
1001
AcDbBlockRepETag
1070
     1
1071
        2
1005
906
  0
LWPOLYLINE
  5
907
102
{ACAD_REACTORS
330
90B
102
}
330
900
100
AcDbEntity
  8
0
  6
Continuous
 62
     0
 60
     1
100
AcDbPolyline
 90
       10
 70
     1
 43
0.0
 10
0.0000000000000035
 20
-0.0000000000000028
 10
-10.15999999999998
 20
7.620000000000009
 10
-7.937499999999991
 20
3.17500000000001
 10
-40.06249999999996
 20
3.175000000000064
 10
-37.83999999999995
 20
7.620000000000055
 10
-47.99999999999996
 20
0.0000000000000773
 10
-37.83999999999997
 20
-7.619999999999957
 10
-40.06249999999996
 20
-3.174999999999935
 10
-7.937500000000003
 20
-3.174999999999989
 10
-10.16000000000001
 20
-7.620000000000004
1001
AcDbBlockRepETag
1070
     1
1071
        3
1005
907
  0
LWPOLYLINE
  5
908
102
{ACAD_REACTORS
330
90D
102
}
330
900
100
AcDbEntity
  8
0
  6
Continuous
 62
     0
 60
     1
100
AcDbPolyline
 90
        8
 70
     1
 43
0.0
 10
0.0000000000000035
 20
-0.0000000000000028
 10
-7.937499999999986
 20
6.350000000000009
 10
-6.349999999999991
 20
3.175000000000007
 10
-49.58749999999995
 20
6.350000000000123
 10
-47.99999999999996
 20
0.0000000000000773
 10
-49.58749999999996
 20
-6.349999999999964
 10
-6.350000000000002
 20
-3.174999999999992
 10
-7.937500000000008
 20
-6.349999999999989
1001
AcDbBlockRepETag
1070
     1
1071
        4
1005
908
  0
LWPOLYLINE
  5
909
102
{ACAD_REACTORS
330
90F
102
}
330
900
100
AcDbEntity
  8
0
  6
Continuous
 62
     0
 60
     1
100
AcDbPolyline
 90
       15
 70
     1
 43
0.0
 10
-20.27082166545959
 20
4.798372923494561
 42
-0.2789295557162637
 10
-5.653417948985624
 20
5.09708947936539
 10
-2.381259518178525
 20
3.207907928507802
 10
-0.0000095181785289
 20
7.332353914031184
 10
0.0000000000000035
 20
-0.0000000000000028
 10
-6.350009518178547
 20
-3.666168714031172
 10
-3.96875951817854
 20
0.4582772714922074
 10
-7.240917948985637
 20
2.347458822349797
 42
0.282128014736976
 10
-18.68160982480586
 20
2.04577727149224
 10
-19.47536934298441
 20
-3.911761314031148
 10
-25.40000951817851
 20
-7.332353914031136
 10
-25.4
 20
0.0000000000000397
 10
-31.75000951817851
 20
3.666168714031244
 10
-25.82536934298441
 20
7.08676131403123
 10
-20.26910982480585
 20
4.795407928507835
1001
AcDbBlockRepETag
1070
     1
1071
        5
1005
909
  0
HATCH
  5
90A
330
900
100
AcDbEntity
  8
0
 62
     0
100
AcDbHatch
 10
0.0
 20
0.0
 30
0.0
210
0.0
220
0.0
230
1.0
  2
SOLID
 70
     1
 71
     1
 91
        1
 92
        1
 93
        7
 72
     1
 10
0.0000000000000035
 20
-0.0000000000000028
 11
-6.350000000000009
 21
-6.349999999999992
 72
     1
 10
-6.350000000000009
 20
-6.349999999999992
 11
-6.350000000000001
 21
-2.159000000000014
 72
     1
 10
-6.350000000000001
 20
-2.159000000000014
 11
-47.99999999999996
 21
-2.158999999999944
 72
     1
 10
-47.99999999999996
 20
-2.158999999999944
 11
-47.99999999999996
 21
2.159000000000099
 72
     1
 10
-47.99999999999996
 20
2.159000000000099
 11
-6.349999999999994
 21
2.159000000000029
 72
     1
 10
-6.349999999999993
 20
2.159000000000029
 11
-6.349999999999985
 21
6.350000000000009
 72
     1
 10
-6.349999999999985
 20
6.350000000000009
 11
0.0000000000000036
 21
-0.0000000000000027
 97
        1
330
904
 75
     0
 76
     1
 98
        1
 10
0.0
 20
0.0
450
        1
451
        0
460
3.141592653589793
461
0.0
452
        0
462
1.0
453
        2
463
0.0
 63
     5
421
      255
463
1.0
 63
     7
421
 16777215
470
LINEAR
1001
ACAD
1010
0.0
1020
0.0
1030
0.0
1001
AcDbBlockRepETag
1070
     1
1071
        6
1005
90A
  0
HATCH
  5
90B
330
900
100
AcDbEntity
  8
0
 62
     0
 60
     1
100
AcDbHatch
 10
0.0
 20
0.0
 30
0.0
210
0.0
220
0.0
230
1.0
  2
SOLID
 70
     1
 71
     1
 91
        1
 92
        1
 93
       10
 72
     1
 10
0.0000000000000035
 20
-0.0000000000000028
 11
-10.15999999999998
 21
7.620000000000009
 72
     1
 10
-10.15999999999998
 20
7.620000000000009
 11
-7.937499999999991
 21
3.17500000000001
 72
     1
 10
-7.937499999999991
 20
3.17500000000001
 11
-40.06249999999996
 21
3.175000000000064
 72
     1
 10
-40.06249999999996
 20
3.175000000000064
 11
-37.83999999999995
 21
7.620000000000055
 72
     1
 10
-37.83999999999995
 20
7.620000000000055
 11
-47.99999999999996
 21
0.0000000000000773
 72
     1
 10
-47.99999999999996
 20
0.0000000000000773
 11
-37.83999999999997
 21
-7.619999999999957
 72
     1
 10
-37.83999999999997
 20
-7.619999999999957
 11
-40.06249999999996
 21
-3.174999999999936
 72
     1
 10
-40.06249999999996
 20
-3.174999999999935
 11
-7.9375
 21
-3.174999999999989
 72
     1
 10
-7.937500000000003
 20
-3.174999999999989
 11
-10.16000000000001
 21
-7.620000000000004
 72
     1
 10
-10.16000000000001
 20
-7.620000000000004
 11
0.0000000000000036
 21
-0.0000000000000027
 97
        1
330
907
 75
     0
 76
     1
 98
        1
 10
0.0
 20
0.0
450
        1
451
        0
460
0.0
461
0.0
452
        1
462
1.0
453
        2
463
0.0
 63
     5
421
      255
463
1.0
 63
     7
421
 16777215
470
INVCYLINDER
1001
ACAD
1010
0.0
1020
0.0
1030
0.0
1001
AcDbBlockRepETag
1070
     1
1071
        7
1005
90B
  0
HATCH
  5
90C
330
900
100
AcDbEntity
  8
0
 62
     0
 60
     1
100
AcDbHatch
 10
0.0
 20
0.0
 30
0.0
210
0.0
220
0.0
230
1.0
  2
SOLID
 70
     1
 71
     1
 91
        1
 92
        1
 93
        9
 72
     1
 10
0.0000000000000035
 20
-0.0000000000000028
 11
-9.525000000000013
 21
-9.524999999999986
 72
     1
 10
-9.525000000000013
 20
-9.524999999999986
 11
-11.90625000000001
 21
-7.143749999999983
 72
     1
 10
-11.90625000000001
 20
-7.143749999999983
 11
-7.143750000000001
 21
-2.381249999999991
 72
     1
 10
-7.143750000000001
 20
-2.381249999999991
 11
-47.99999999999996
 21
-2.381249999999922
 72
     1
 10
-47.99999999999996
 20
-2.381249999999922
 11
-47.99999999999996
 21
2.381250000000077
 72
     1
 10
-47.99999999999996
 20
2.381250000000077
 11
-7.14374999999999
 21
2.381250000000009
 72
     1
 10
-7.143749999999993
 20
2.381250000000009
 11
-11.90624999999999
 21
7.143750000000017
 72
     1
 10
-11.90624999999999
 20
7.143750000000017
 11
-9.52499999999998
 21
9.525000000000013
 72
     1
 10
-9.52499999999998
 20
9.525000000000013
 11
0.0000000000000036
 21
-0.0000000000000036
 97
        1
330
905
 75
     0
 76
     1
 98
        1
 10
0.0
 20
0.0
450
        1
451
        0
460
3.141592653589793
461
0.0
452
        1
462
1.0
453
        2
463
0.0
 63
     5
421
      255
463
1.0
 63
     7
421
 16777215
470
LINEAR
1001
ACAD
1010
0.0
1020
0.0
1030
0.0
1001
AcDbBlockRepETag
1070
     1
1071
        8
1005
90C
  0
HATCH
  5
90D
330
900
100
AcDbEntity
  8
0
 62
     0
 60
     1
100
AcDbHatch
 10
0.0
 20
0.0
 30
0.0
210
0.0
220
0.0
230
1.0
  2
SOLID
 70
     1
 71
     1
 91
        1
 92
        1
 93
        8
 72
     1
 10
0.0000000000000035
 20
-0.0000000000000028
 11
-7.937499999999986
 21
6.350000000000009
 72
     1
 10
-7.937499999999986
 20
6.350000000000009
 11
-6.349999999999991
 21
3.175000000000007
 72
     1
 10
-6.349999999999991
 20
3.175000000000007
 11
-49.58749999999995
 21
6.350000000000123
 72
     1
 10
-49.58749999999995
 20
6.350000000000123
 11
-47.99999999999996
 21
0.0000000000000773
 72
     1
 10
-47.99999999999996
 20
0.0000000000000773
 11
-49.58749999999996
 21
-6.349999999999964
 72
     1
 10
-49.58749999999996
 20
-6.349999999999964
 11
-6.350000000000001
 21
-3.174999999999992
 72
     1
 10
-6.350000000000002
 20
-3.174999999999992
 11
-7.937500000000008
 21
-6.349999999999989
 72
     1
 10
-7.937500000000008
 20
-6.349999999999989
 11
0.0000000000000036
 21
-0.0000000000000027
 97
        1
330
908
 75
     0
 76
     1
 98
        1
 10
0.0
 20
0.0
450
        1
451
        0
460
3.141592653589793
461
0.0
452
        1
462
1.0
453
        2
463
0.0
 63
     5
421
      255
463
1.0
 63
     7
421
 16777215
470
LINEAR
1001
ACAD
1010
0.0
1020
0.0
1030
0.0
1001
AcDbBlockRepETag
1070
     1
1071
        9
1005
90D
  0
HATCH
  5
90E
330
900
100
AcDbEntity
  8
0
 62
     0
 60
     1
100
AcDbHatch
 10
0.0
 20
0.0
 30
0.0
210
0.0
220
0.0
230
1.0
  2
SOLID
 70
     1
 71
     1
 91
        1
 92
        1
 93
       12
 72
     1
 10
0.0000000000000035
 20
-0.0000000000000028
 11
-3.666185200000014
 21
-6.349999999999996
 72
     1
 10
-3.666185200000014
 20
-6.349999999999996
 11
-3.666185200000007
 21
-1.587499999999997
 72
     1
 10
-3.666185200000007
 20
-1.587499999999997
 11
-41.15881479999995
 21
-1.587499999999934
 72
     1
 10
-41.15881479999995
 20
-1.587499999999934
 11
-44.82499999999997
 21
-6.349999999999927
 72
     1
 10
-44.82499999999997
 20
-6.349999999999927
 11
-51.66618519999995
 21
-6.349999999999916
 72
     1
 10
-51.66618519999995
 20
-6.349999999999916
 11
-47.99999999999996
 21
0.0000000000000782
 72
     1
 10
-47.99999999999996
 20
0.000000000000078
 11
-51.66618519999993
 21
6.350000000000082
 72
     1
 10
-51.66618519999993
 20
6.350000000000082
 11
-44.82499999999995
 21
6.350000000000071
 72
     1
 10
-44.82499999999995
 20
6.350000000000071
 11
-41.15881479999994
 21
1.587500000000066
 72
     1
 10
-41.15881479999994
 20
1.587500000000066
 11
-3.666185200000001
 21
1.587500000000003
 72
     1
 10
-3.666185200000001
 20
1.587500000000003
 11
-3.666185199999993
 21
6.350000000000002
 72
     1
 10
-3.666185199999993
 20
6.350000000000002
 11
0.0000000000000036
 21
-0.0000000000000027
 97
        1
330
906
 75
     0
 76
     1
 98
        1
 10
0.0
 20
0.0
450
        1
451
        0
460
3.141592653589793
461
0.0
452
        1
462
1.0
453
        2
463
0.0
 63
     5
421
      255
463
1.0
 63
     7
421
 16777215
470
LINEAR
1001
ACAD
1010
0.0
1020
0.0
1030
0.0
1001
AcDbBlockRepETag
1070
     1
1071
       10
1005
90E
  0
HATCH
  5
90F
330
900
100
AcDbEntity
  8
0
 62
     0
 60
     1
100
AcDbHatch
 10
0.0
 20
0.0
 30
0.0
210
0.0
220
0.0
230
1.0
  2
SOLID
 70
     1
 71
     1
 91
        1
 92
        1
 93
       15
 72
     2
 10
-12.71521526157565
 20
-7.134302258793824
 40
14.12359462517999
 50
237.6585696997016
 51
300.0000000000002
 73
     0
 72
     1
 10
-5.653417948985624
 20
5.09708947936539
 11
-2.381259518178525
 21
3.207907928507802
 72
     1
 10
-2.381259518178525
 20
3.207907928507802
 11
-0.0000095181785289
 21
7.332353914031184
 72
     1
 10
-0.0000095181785289
 20
7.332353914031184
 11
0.0000000000000035
 21
-0.0000000000000027
 72
     1
 10
0.0000000000000035
 20
-0.0000000000000028
 11
-6.350009518178547
 21
-3.666168714031172
 72
     1
 10
-6.350009518178547
 20
-3.666168714031172
 11
-3.96875951817854
 21
0.4582772714922072
 72
     1
 10
-3.96875951817854
 20
0.4582772714922074
 11
-7.240917948985637
 21
2.347458822349797
 72
     2
 10
-12.71521526157566
 20
-7.134302258793824
 40
10.94859462517999
 50
59.99999999999986
 51
123.0209842521883
 73
     1
 72
     1
 10
-18.68160982480586
 20
2.04577727149224
 11
-19.47536934298441
 21
-3.911761314031148
 72
     1
 10
-19.47536934298441
 20
-3.911761314031148
 11
-25.40000951817851
 21
-7.332353914031136
 72
     1
 10
-25.40000951817851
 20
-7.332353914031136
 11
-25.4
 21
0.00000000000004
 72
     1
 10
-25.4
 20
0.0000000000000397
 11
-31.75000951817851
 21
3.666168714031244
 72
     1
 10
-31.75000951817851
 20
3.666168714031244
 11
-25.82536934298441
 21
7.08676131403123
 72
     1
 10
-25.82536934298441
 20
7.08676131403123
 11
-20.26910982480585
 21
4.795407928507835
 72
     1
 10
-20.26910982480585
 20
4.795407928507835
 11
-20.27082166545959
 21
4.798372923494561
 97
        1
330
909
 75
     0
 76
     1
 98
        1
 10
0.0
 20
0.0
450
        1
451
        0
460
3.926990816987241
461
0.0
452
        1
462
1.0
453
        2
463
0.0
 63
     5
421
      255
463
1.0
 63
     7
421
 16777215
470
LINEAR
1001
ACAD
1010
0.0
1020
0.0
1030
0.0
1001
AcDbBlockRepETag
1070
     1
1071
       11
1005
90F
  0
ENDBLK
  5
910
330
900
100
AcDbEntity
  8
0
100
AcDbBlockEnd
  0
BLOCK
  5
9E1
330
9E0
100
AcDbEntity
  8
0
100
AcDbBlockBegin
  2
*U26
 70
     1
 10
0.0
 20
0.0
 30
0.0
  3
*U26
  1

  0
LWPOLYLINE
  5
9E3
102
{ACAD_REACTORS
330
9E9
102
}
330
9E0
100
AcDbEntity
  8
0
  6
Continuous
 62
     0
100
AcDbPolyline
 90
        7
 70
     1
 43
0.0
 10
-0.0000000000000035
 20
-0.0000000000000028
 10
6.350000000000009
 20
-6.349999999999992
 10
6.350000000000001
 20
-2.159000000000014
 10
47.99999999999996
 20
-2.158999999999944
 10
47.99999999999996
 20
2.159000000000099
 10
6.349999999999993
 20
2.159000000000029
 10
6.349999999999985
 20
6.350000000000009
1001
AcDbBlockRepETag
1070
     1
1071
        0
1005
9E3
  0
LWPOLYLINE
  5
9E4
102
{ACAD_REACTORS
330
9EB
102
}
330
9E0
100
AcDbEntity
  8
0
  6
Continuous
 62
     0
 60
     1
100
AcDbPolyline
 90
        9
 70
     1
 43
0.0
 10
-0.0000000000000035
 20
-0.0000000000000028
 10
9.525000000000013
 20
-9.524999999999986
 10
11.90625000000001
 20
-7.143749999999983
 10
7.143750000000001
 20
-2.381249999999991
 10
47.99999999999996
 20
-2.381249999999922
 10
47.99999999999996
 20
2.381250000000077
 10
7.143749999999993
 20
2.381250000000009
 10
11.90624999999999
 20
7.143750000000017
 10
9.52499999999998
 20
9.525000000000013
1001
AcDbBlockRepETag
1070
     1
1071
        1
1005
9E4
  0
LWPOLYLINE
  5
9E5
102
{ACAD_REACTORS
330
9ED
102
}
330
9E0
100
AcDbEntity
  8
0
  6
Continuous
 62
     0
 60
     1
100
AcDbPolyline
 90
       12
 70
     1
 43
0.0
 10
-0.0000000000000035
 20
-0.0000000000000028
 10
3.666185200000014
 20
-6.349999999999996
 10
3.666185200000007
 20
-1.587499999999997
 10
41.15881479999995
 20
-1.587499999999934
 10
44.82499999999997
 20
-6.349999999999927
 10
51.66618519999995
 20
-6.349999999999916
 10
47.99999999999996
 20
0.000000000000078
 10
51.66618519999993
 20
6.350000000000082
 10
44.82499999999995
 20
6.350000000000071
 10
41.15881479999994
 20
1.587500000000066
 10
3.666185200000001
 20
1.587500000000003
 10
3.666185199999993
 20
6.350000000000002
1001
AcDbBlockRepETag
1070
     1
1071
        2
1005
9E5
  0
LWPOLYLINE
  5
9E6
102
{ACAD_REACTORS
330
9EA
102
}
330
9E0
100
AcDbEntity
  8
0
  6
Continuous
 62
     0
 60
     1
100
AcDbPolyline
 90
       10
 70
     1
 43
0.0
 10
-0.0000000000000035
 20
-0.0000000000000028
 10
10.15999999999998
 20
7.620000000000009
 10
7.937499999999991
 20
3.17500000000001
 10
40.06249999999996
 20
3.175000000000064
 10
37.83999999999995
 20
7.620000000000055
 10
47.99999999999996
 20
0.0000000000000773
 10
37.83999999999997
 20
-7.619999999999957
 10
40.06249999999996
 20
-3.174999999999935
 10
7.937500000000003
 20
-3.174999999999989
 10
10.16000000000001
 20
-7.620000000000004
1001
AcDbBlockRepETag
1070
     1
1071
        3
1005
9E6
  0
LWPOLYLINE
  5
9E7
102
{ACAD_REACTORS
330
9EC
102
}
330
9E0
100
AcDbEntity
  8
0
  6
Continuous
 62
     0
 60
     1
100
AcDbPolyline
 90
        8
 70
     1
 43
0.0
 10
-0.0000000000000035
 20
-0.0000000000000028
 10
7.937499999999986
 20
6.350000000000009
 10
6.349999999999991
 20
3.175000000000007
 10
49.58749999999995
 20
6.350000000000123
 10
47.99999999999996
 20
0.0000000000000773
 10
49.58749999999996
 20
-6.349999999999964
 10
6.350000000000002
 20
-3.174999999999992
 10
7.937500000000008
 20
-6.349999999999989
1001
AcDbBlockRepETag
1070
     1
1071
        4
1005
9E7
  0
LWPOLYLINE
  5
9E8
102
{ACAD_REACTORS
330
9EE
102
}
330
9E0
100
AcDbEntity
  8
0
  6
Continuous
 62
     0
 60
     1
100
AcDbPolyline
 90
       15
 70
     1
 43
0.0
 10
20.27082166545959
 20
4.798372923494561
 42
0.2789295557162637
 10
5.653417948985624
 20
5.09708947936539
 10
2.381259518178525
 20
3.207907928507802
 10
0.0000095181785289
 20
7.332353914031184
 10
-0.0000000000000035
 20
-0.0000000000000028
 10
6.350009518178547
 20
-3.666168714031172
 10
3.96875951817854
 20
0.4582772714922074
 10
7.240917948985637
 20
2.347458822349797
 42
-0.282128014736976
 10
18.68160982480586
 20
2.04577727149224
 10
19.47536934298441
 20
-3.911761314031148
 10
25.40000951817851
 20
-7.332353914031136
 10
25.4
 20
0.0000000000000397
 10
31.75000951817851
 20
3.666168714031244
 10
25.82536934298441
 20
7.08676131403123
 10
20.26910982480585
 20
4.795407928507835
1001
AcDbBlockRepETag
1070
     1
1071
        5
1005
9E8
  0
HATCH
  5
9E9
330
9E0
100
AcDbEntity
  8
0
 62
     0
100
AcDbHatch
 10
0.0
 20
0.0
 30
0.0
210
0.0
220
0.0
230
1.0
  2
SOLID
 70
     1
 71
     1
 91
        1
 92
        1
 93
        7
 72
     1
 10
-0.0000000000000035
 20
-0.0000000000000028
 11
6.350000000000009
 21
-6.349999999999992
 72
     1
 10
6.350000000000009
 20
-6.349999999999992
 11
6.350000000000001
 21
-2.159000000000014
 72
     1
 10
6.350000000000001
 20
-2.159000000000014
 11
47.99999999999996
 21
-2.158999999999944
 72
     1
 10
47.99999999999996
 20
-2.158999999999944
 11
47.99999999999996
 21
2.159000000000099
 72
     1
 10
47.99999999999996
 20
2.159000000000099
 11
6.349999999999994
 21
2.159000000000029
 72
     1
 10
6.349999999999993
 20
2.159000000000029
 11
6.349999999999985
 21
6.350000000000009
 72
     1
 10
6.349999999999985
 20
6.350000000000009
 11
-0.0000000000000036
 21
-0.0000000000000027
 97
        1
330
9E3
 75
     0
 76
     1
 98
        1
 10
0.0
 20
0.0
450
        1
451
        0
460
3.141592653589793
461
0.0
452
        0
462
1.0
453
        2
463
0.0
 63
     5
421
      255
463
1.0
 63
     7
421
 16777215
470
LINEAR
1001
ACAD
1010
0.0
1020
0.0
1030
0.0
1001
AcDbBlockRepETag
1070
     1
1071
        6
1005
9E9
  0
HATCH
  5
9EA
330
9E0
100
AcDbEntity
  8
0
 62
     0
 60
     1
100
AcDbHatch
 10
0.0
 20
0.0
 30
0.0
210
0.0
220
0.0
230
1.0
  2
SOLID
 70
     1
 71
     1
 91
        1
 92
        1
 93
       10
 72
     1
 10
-0.0000000000000035
 20
-0.0000000000000028
 11
10.15999999999998
 21
7.620000000000009
 72
     1
 10
10.15999999999998
 20
7.620000000000009
 11
7.937499999999991
 21
3.17500000000001
 72
     1
 10
7.937499999999991
 20
3.17500000000001
 11
40.06249999999996
 21
3.175000000000064
 72
     1
 10
40.06249999999996
 20
3.175000000000064
 11
37.83999999999995
 21
7.620000000000055
 72
     1
 10
37.83999999999995
 20
7.620000000000055
 11
47.99999999999996
 21
0.0000000000000773
 72
     1
 10
47.99999999999996
 20
0.0000000000000773
 11
37.83999999999997
 21
-7.619999999999957
 72
     1
 10
37.83999999999997
 20
-7.619999999999957
 11
40.06249999999996
 21
-3.174999999999936
 72
     1
 10
40.06249999999996
 20
-3.174999999999935
 11
7.9375
 21
-3.174999999999989
 72
     1
 10
7.937500000000003
 20
-3.174999999999989
 11
10.16000000000001
 21
-7.620000000000004
 72
     1
 10
10.16000000000001
 20
-7.620000000000004
 11
-0.0000000000000036
 21
-0.0000000000000027
 97
        1
330
9E6
 75
     0
 76
     1
 98
        1
 10
0.0
 20
0.0
450
        1
451
        0
460
0.0
461
0.0
452
        1
462
1.0
453
        2
463
0.0
 63
     5
421
      255
463
1.0
 63
     7
421
 16777215
470
INVCYLINDER
1001
ACAD
1010
0.0
1020
0.0
1030
0.0
1001
AcDbBlockRepETag
1070
     1
1071
        7
1005
9EA
  0
HATCH
  5
9EB
330
9E0
100
AcDbEntity
  8
0
 62
     0
 60
     1
100
AcDbHatch
 10
0.0
 20
0.0
 30
0.0
210
0.0
220
0.0
230
1.0
  2
SOLID
 70
     1
 71
     1
 91
        1
 92
        1
 93
        9
 72
     1
 10
-0.0000000000000035
 20
-0.0000000000000028
 11
9.525000000000013
 21
-9.524999999999986
 72
     1
 10
9.525000000000013
 20
-9.524999999999986
 11
11.90625000000001
 21
-7.143749999999983
 72
     1
 10
11.90625000000001
 20
-7.143749999999983
 11
7.143750000000001
 21
-2.381249999999991
 72
     1
 10
7.143750000000001
 20
-2.381249999999991
 11
47.99999999999996
 21
-2.381249999999922
 72
     1
 10
47.99999999999996
 20
-2.381249999999922
 11
47.99999999999996
 21
2.381250000000077
 72
     1
 10
47.99999999999996
 20
2.381250000000077
 11
7.14374999999999
 21
2.381250000000009
 72
     1
 10
7.143749999999993
 20
2.381250000000009
 11
11.90624999999999
 21
7.143750000000017
 72
     1
 10
11.90624999999999
 20
7.143750000000017
 11
9.52499999999998
 21
9.525000000000013
 72
     1
 10
9.52499999999998
 20
9.525000000000013
 11
-0.0000000000000036
 21
-0.0000000000000036
 97
        1
330
9E4
 75
     0
 76
     1
 98
        1
 10
0.0
 20
0.0
450
        1
451
        0
460
3.141592653589793
461
0.0
452
        1
462
1.0
453
        2
463
0.0
 63
     5
421
      255
463
1.0
 63
     7
421
 16777215
470
LINEAR
1001
ACAD
1010
0.0
1020
0.0
1030
0.0
1001
AcDbBlockRepETag
1070
     1
1071
        8
1005
9EB
  0
HATCH
  5
9EC
330
9E0
100
AcDbEntity
  8
0
 62
     0
 60
     1
100
AcDbHatch
 10
0.0
 20
0.0
 30
0.0
210
0.0
220
0.0
230
1.0
  2
SOLID
 70
     1
 71
     1
 91
        1
 92
        1
 93
        8
 72
     1
 10
-0.0000000000000035
 20
-0.0000000000000028
 11
7.937499999999986
 21
6.350000000000009
 72
     1
 10
7.937499999999986
 20
6.350000000000009
 11
6.349999999999991
 21
3.175000000000007
 72
     1
 10
6.349999999999991
 20
3.175000000000007
 11
49.58749999999995
 21
6.350000000000123
 72
     1
 10
49.58749999999995
 20
6.350000000000123
 11
47.99999999999996
 21
0.0000000000000773
 72
     1
 10
47.99999999999996
 20
0.0000000000000773
 11
49.58749999999996
 21
-6.349999999999964
 72
     1
 10
49.58749999999996
 20
-6.349999999999964
 11
6.350000000000001
 21
-3.174999999999992
 72
     1
 10
6.350000000000002
 20
-3.174999999999992
 11
7.937500000000008
 21
-6.349999999999989
 72
     1
 10
7.937500000000008
 20
-6.349999999999989
 11
-0.0000000000000036
 21
-0.0000000000000027
 97
        1
330
9E7
 75
     0
 76
     1
 98
        1
 10
0.0
 20
0.0
450
        1
451
        0
460
3.141592653589793
461
0.0
452
        1
462
1.0
453
        2
463
0.0
 63
     5
421
      255
463
1.0
 63
     7
421
 16777215
470
LINEAR
1001
ACAD
1010
0.0
1020
0.0
1030
0.0
1001
AcDbBlockRepETag
1070
     1
1071
        9
1005
9EC
  0
HATCH
  5
9ED
330
9E0
100
AcDbEntity
  8
0
 62
     0
 60
     1
100
AcDbHatch
 10
0.0
 20
0.0
 30
0.0
210
0.0
220
0.0
230
1.0
  2
SOLID
 70
     1
 71
     1
 91
        1
 92
        1
 93
       12
 72
     1
 10
-0.0000000000000035
 20
-0.0000000000000028
 11
3.666185200000014
 21
-6.349999999999996
 72
     1
 10
3.666185200000014
 20
-6.349999999999996
 11
3.666185200000007
 21
-1.587499999999997
 72
     1
 10
3.666185200000007
 20
-1.587499999999997
 11
41.15881479999995
 21
-1.587499999999934
 72
     1
 10
41.15881479999995
 20
-1.587499999999934
 11
44.82499999999997
 21
-6.349999999999927
 72
     1
 10
44.82499999999997
 20
-6.349999999999927
 11
51.66618519999995
 21
-6.349999999999916
 72
     1
 10
51.66618519999995
 20
-6.349999999999916
 11
47.99999999999996
 21
0.0000000000000782
 72
     1
 10
47.99999999999996
 20
0.000000000000078
 11
51.66618519999993
 21
6.350000000000082
 72
     1
 10
51.66618519999993
 20
6.350000000000082
 11
44.82499999999995
 21
6.350000000000071
 72
     1
 10
44.82499999999995
 20
6.350000000000071
 11
41.15881479999994
 21
1.587500000000066
 72
     1
 10
41.15881479999994
 20
1.587500000000066
 11
3.666185200000001
 21
1.587500000000003
 72
     1
 10
3.666185200000001
 20
1.587500000000003
 11
3.666185199999993
 21
6.350000000000002
 72
     1
 10
3.666185199999993
 20
6.350000000000002
 11
-0.0000000000000036
 21
-0.0000000000000027
 97
        1
330
9E5
 75
     0
 76
     1
 98
        1
 10
0.0
 20
0.0
450
        1
451
        0
460
3.141592653589793
461
0.0
452
        1
462
1.0
453
        2
463
0.0
 63
     5
421
      255
463
1.0
 63
     7
421
 16777215
470
LINEAR
1001
ACAD
1010
0.0
1020
0.0
1030
0.0
1001
AcDbBlockRepETag
1070
     1
1071
       10
1005
9ED
  0
HATCH
  5
9EE
330
9E0
100
AcDbEntity
  8
0
 62
     0
 60
     1
100
AcDbHatch
 10
0.0
 20
0.0
 30
0.0
210
0.0
220
0.0
230
1.0
  2
SOLID
 70
     1
 71
     1
 91
        1
 92
        1
 93
       15
 72
     2
 10
12.71521526157565
 20
-7.134302258793824
 40
14.12359462517999
 50
57.65856969970154
 51
120.0000000000001
 73
     1
 72
     1
 10
5.653417948985624
 20
5.09708947936539
 11
2.381259518178525
 21
3.207907928507802
 72
     1
 10
2.381259518178525
 20
3.207907928507802
 11
0.0000095181785289
 21
7.332353914031184
 72
     1
 10
0.0000095181785289
 20
7.332353914031184
 11
-0.0000000000000035
 21
-0.0000000000000027
 72
     1
 10
-0.0000000000000035
 20
-0.0000000000000028
 11
6.350009518178547
 21
-3.666168714031172
 72
     1
 10
6.350009518178547
 20
-3.666168714031172
 11
3.96875951817854
 21
0.4582772714922072
 72
     1
 10
3.96875951817854
 20
0.4582772714922074
 11
7.240917948985637
 21
2.347458822349797
 72
     2
 10
12.71521526157566
 20
-7.134302258793824
 40
10.94859462517999
 50
239.9999999999998
 51
303.0209842521883
 73
     0
 72
     1
 10
18.68160982480586
 20
2.04577727149224
 11
19.47536934298441
 21
-3.911761314031148
 72
     1
 10
19.47536934298441
 20
-3.911761314031148
 11
25.40000951817851
 21
-7.332353914031136
 72
     1
 10
25.40000951817851
 20
-7.332353914031136
 11
25.4
 21
0.00000000000004
 72
     1
 10
25.4
 20
0.0000000000000397
 11
31.75000951817851
 21
3.666168714031244
 72
     1
 10
31.75000951817851
 20
3.666168714031244
 11
25.82536934298441
 21
7.08676131403123
 72
     1
 10
25.82536934298441
 20
7.08676131403123
 11
20.26910982480585
 21
4.795407928507835
 72
     1
 10
20.26910982480585
 20
4.795407928507835
 11
20.27082166545959
 21
4.798372923494561
 97
        1
330
9E8
 75
     0
 76
     1
 98
        1
 10
0.0
 20
0.0
450
        1
451
        0
460
3.926990816987241
461
0.0
452
        1
462
1.0
453
        2
463
0.0
 63
     5
421
      255
463
1.0
 63
     7
421
 16777215
470
LINEAR
1001
ACAD
1010
0.0
1020
0.0
1030
0.0
1001
AcDbBlockRepETag
1070
     1
1071
       11
1005
9EE
  0
ENDBLK
  5
9E2
330
9E0
100
AcDbEntity
  8
0
100
AcDbBlockEnd
  0
BLOCK
  5
A69
330
A68
100
AcDbEntity
  8
0
100
AcDbBlockBegin
  2
W4
 70
     0
 10
0.0
 20
0.0
 30
0.0
  3
W4
  1

  0
LINE
  5
A6B
330
A68
100
AcDbEntity
  8
0
100
AcDbLine
 10
-72.05146616467323
 20
8.999852845124451
 30
0.0
 11
-72.0
 21
0.0
 31
0.0
  0
LINE
  5
A6C
330
A68
100
AcDbEntity
  8
0
100
AcDbLine
 10
-72.0
 20
0.0
 30
0.0
 11
0.0
 21
0.0
 31
0.0
  0
LINE
  5
A6D
330
A68
100
AcDbEntity
  8
0
100
AcDbLine
 10
0.0
 20
0.0
 30
0.0
 11
0.0000000000002274
 21
9.0
 31
0.0
  0
LINE
  5
A6E
330
A68
100
AcDbEntity
  8
0
100
AcDbLine
 10
0.0000000000002274
 20
9.0
 30
0.0
 11
-72.05146616467323
 21
8.999852845124451
 31
0.0
  0
LINE
  5
A6F
330
A68
100
AcDbEntity
  8
0
  6
HIDDEN
100
AcDbLine
 10
-78.0514661646232
 20
8.999828354324336
 30
0.0
 11
-78.0514661646232
 21
20.99982835432434
 31
0.0
  0
LINE
  5
A70
330
A68
100
AcDbEntity
  8
0
  6
HIDDEN
100
AcDbLine
 10
-78.0514661646232
 20
20.99982835432434
 30
0.0
 11
5.948533835376793
 21
20.99982835432434
 31
0.0
  0
LINE
  5
A71
330
A68
100
AcDbEntity
  8
0
  6
HIDDEN
100
AcDbLine
 10
5.948533835376793
 20
20.99982835432434
 30
0.0
 11
5.94853383537702
 21
8.999828354324336
 31
0.0
  0
LINE
  5
A72
330
A68
100
AcDbEntity
  8
0
  6
Continuous
100
AcDbLine
 10
-72.02573308233661
 20
3.499926422562226
 30
0.0
 11
0.0
 21
3.499926422562226
 31
0.0
  0
LINE
  5
A73
330
A68
100
AcDbEntity
  8
0
  6
Continuous
100
AcDbLine
 10
-72.02573308233661
 20
5.499926422562226
 30
0.0
 11
0.0
 21
5.499926422562226
 31
0.0
  0
ENDBLK
  5
A6A
330
A68
100
AcDbEntity
  8
0
100
AcDbBlockEnd
  0
BLOCK
  5
A77
330
A76
100
AcDbEntity
  8
0
100
AcDbBlockBegin
  2
RIGPT W
 70
     0
 10
0.0
 20
0.0
 30
0.0
  3
RIGPT W
  1

  0
INSERT
  5
A79
330
A76
100
AcDbEntity
  8
0
  6
Continuous
100
AcDbBlockReference
  2
W4
 10
72.05146616467323
 20
-8.999852845124451
 30
0.0
  0
ENDBLK
  5
A78
330
A76
100
AcDbEntity
  8
0
100
AcDbBlockEnd
  0
BLOCK
  5
A87
330
A86
100
AcDbEntity
  8
0
100
AcDbBlockBegin
  2
INSIDE WINDOW
 70
     0
 10
0.0
 20
0.0
 30
0.0
  3
INSIDE WINDOW
  1

  0
LINE
  5
A89
330
A86
100
AcDbEntity
  8
0
  6
Continuous
100
AcDbLine
 10
-4.99999821035567
 20
0.0042304553626309
 30
0.0
 11
0.0
 21
0.0084608737510052
 31
0.0
  0
LINE
  5
A8A
330
A86
100
AcDbEntity
  8
0
  6
Continuous
100
AcDbLine
 10
0.0000000000001137
 20
-35.99576954463748
 30
0.0
 11
-4.99999821035567
 21
-35.99576954463748
 31
0.0
  0
LINE
  5
A8B
330
A86
100
AcDbEntity
  8
0
  6
Continuous
100
AcDbLine
 10
-1.499999105177722
 20
-35.99576954463748
 30
0.0
 11
-1.499999105177722
 21
0.0063456645568749
 31
0.0
  0
LINE
  5
A8C
330
A86
100
AcDbEntity
  8
0
  6
Continuous
100
AcDbLine
 10
-3.499999105177722
 20
-35.99576954463748
 30
0.0
 11
-3.499999105177722
 21
0.0063456645568749
 31
0.0
  0
ENDBLK
  5
A88
330
A86
100
AcDbEntity
  8
0
100
AcDbBlockEnd
  0
BLOCK
  5
A9C
330
A9B
100
AcDbEntity
  8
0
100
AcDbBlockBegin
  2
PEPO
 70
     0
 10
0.0
 20
0.0
 30
0.0
  3
PEPO
  1

  0
INSERT
  5
A9E
330
A9B
100
AcDbEntity
  8
0
  6
Continuous
100
AcDbBlockReference
  2
INSIDE WINDOW
 10
0.0
 20
-0.0084608737510052
 30
0.0
  0
LINE
  5
A9F
330
A9B
100
AcDbEntity
  8
0
  6
Continuous
100
AcDbLine
 10
0.0
 20
0.0
 30
0.0
 11
0.0000000000001137
 21
-36.00423041838849
 31
0.0
  0
LINE
  5
AA0
330
A9B
100
AcDbEntity
  8
0
  6
Continuous
100
AcDbLine
 10
-4.99999821035567
 20
-0.0042304183883743
 30
0.0
 11
-4.99999821035567
 21
-36.00423041838849
 31
0.0
  0
LINE
  5
AA1
330
A9B
100
AcDbEntity
  8
0
  6
HIDDEN
100
AcDbLine
 10
0.0
 20
6.0
 30
0.0
 11
12.0
 21
6.0
 31
0.0
  0
LINE
  5
AA2
330
A9B
100
AcDbEntity
  8
0
  6
HIDDEN
100
AcDbLine
 10
12.0
 20
6.0
 30
0.0
 11
12.0
 21
-42.0
 31
0.0
  0
LINE
  5
AA3
330
A9B
100
AcDbEntity
  8
0
  6
HIDDEN
100
AcDbLine
 10
12.0
 20
-42.0
 30
0.0
 11
0.0000000042765578
 21
-42.00032037101323
 31
0.0
  0
ENDBLK
  5
A9D
330
A9B
100
AcDbEntity
  8
0
100
AcDbBlockEnd
  0
BLOCK
  5
AA7
330
AA6
100
AcDbEntity
  8
0
100
AcDbBlockBegin
  2
*D31
 70
     1
 10
0.0
 20
0.0
 30
0.0
  3
*D31
  1

  0
LINE
  5
CBA
330
AA6
100
AcDbEntity
  8
0
  6
HIDDEN
 62
     0
440
 16777216
370
    -2
100
AcDbLine
 10
154.7246939047788
 20
1026.618411644285
 30
0.0
 11
154.7102735147501
 21
1060.400128716162
 31
0.0
  0
LINE
  5
CBB
330
AA6
100
AcDbEntity
  8
0
  6
HIDDEN
 62
     0
440
 16777216
370
    -2
100
AcDbLine
 10
298.7246807851058
 20
1026.679880869502
 30
0.0
 11
298.7102603950771
 21
1060.46159794138
 31
0.0
  0
LINE
  5
CBC
330
AA6
100
AcDbEntity
  8
0
  6
HIDDEN
 62
     0
440
 16777216
370
    -2
100
AcDbLine
 10
157.2108068740025
 20
1059.151196004098
 30
0.0
 11
296.2107942098737
 21
1059.210530881218
 31
0.0
  0
SOLID
  5
CBD
330
AA6
100
AcDbEntity
  8
0
  6
HIDDEN
 62
     0
440
 16777216
100
AcDbTrace
 10
157.210629011661
 20
1059.567862632802
 30
0.0
 11
157.210984736344
 21
1058.734529375393
 31
0.0
 12
154.7108071017746
 22
1059.150128830049
 32
0.0
 13
154.7108071017746
 23
1059.150128830049
 33
0.0
  0
SOLID
  5
CBE
330
AA6
100
AcDbEntity
  8
0
  6
HIDDEN
 62
     0
440
 16777216
100
AcDbTrace
 10
296.2106163475322
 20
1059.627197509923
 30
0.0
 11
296.2109720722152
 21
1058.793864252513
 31
0.0
 12
298.7107939821016
 22
1059.211598055267
 32
0.0
 13
298.7107939821016
 23
1059.211598055267
 33
0.0
  0
MTEXT
  5
CBF
330
AA6
100
AcDbEntity
  8
0
  6
HIDDEN
 62
     0
440
 16777216
100
AcDbMText
 10
226.7069517270462
 20
1068.197233698949
 30
0.0
 40
8.0
 41
0.0
 71
     5
 72
     1
  1
12'
 11
0.99999990889116
 21
0.0004268696195690457
 31
0.0
 73
     1
 44
1.0
  0
POINT
  5
CC0
330
AA6
100
AcDbEntity
  8
Defpoints
  6
HIDDEN
 62
     0
440
 16777216
100
AcDbPoint
 10
154.7249606982911
 20
1025.993411701228
 30
0.0
  0
POINT
  5
CC1
330
AA6
100
AcDbEntity
  8
Defpoints
  6
HIDDEN
 62
     0
440
 16777216
100
AcDbPoint
 10
298.724947578618
 20
1026.054880926445
 30
0.0
  0
POINT
  5
CC2
330
AA6
100
AcDbEntity
  8
Defpoints
  6
HIDDEN
 62
     0
440
 16777216
100
AcDbPoint
 10
298.7107939821016
 20
1059.211598055267
 30
0.0
  0
ENDBLK
  5
AA8
330
AA6
100
AcDbEntity
  8
0
100
AcDbBlockEnd
  0
BLOCK
  5
AC0
330
ABF
100
AcDbEntity
  8
0
100
AcDbBlockBegin
  2
*D32
 70
     1
 10
0.0
 20
0.0
 30
0.0
  3
*D32
  1

  0
LINE
  5
CC3
330
ABF
100
AcDbEntity
  8
0
  6
HIDDEN
 62
     0
440
 16777216
370
    -2
100
AcDbLine
 10
443.2322350886366
 20
1026.768377241299
 30
0.0
 11
443.2185527643775
 21
1060.520178794346
 31
0.0
  0
LINE
  5
CC4
330
ABF
100
AcDbEntity
  8
0
  6
HIDDEN
 62
     0
440
 16777216
370
    -2
100
AcDbLine
 10
299.2322469206399
 20
1026.710002445265
 30
0.0
 11
299.2185645963807
 21
1060.461803998313
 31
0.0
  0
LINE
  5
CC5
330
ABF
100
AcDbEntity
  8
0
  6
HIDDEN
 62
     0
440
 16777216
370
    -2
100
AcDbLine
 10
440.7190596954542
 20
1059.269165445735
 30
0.0
 11
301.719071116624
 21
1059.212817552341
 31
0.0
  0
SOLID
  5
CC6
330
ABF
100
AcDbEntity
  8
0
  6
HIDDEN
 62
     0
440
 16777216
100
AcDbTrace
 10
440.7188907869009
 20
1059.685832078165
 30
0.0
 11
440.7192286040076
 21
1058.852498813304
 31
0.0
 12
443.2190594900375
 22
1059.270178897055
 32
0.0
 13
443.2190594900375
 23
1059.270178897055
 33
0.0
  0
SOLID
  5
CC7
330
ABF
100
AcDbEntity
  8
0
  6
HIDDEN
 62
     0
440
 16777216
100
AcDbTrace
 10
301.7189022080707
 20
1059.629484184772
 30
0.0
 11
301.7192400251774
 21
1058.796150919911
 31
0.0
 12
299.2190713220407
 22
1059.211804101021
 32
0.0
 13
299.2190713220407
 23
1059.211804101021
 33
0.0
  0
MTEXT
  5
CC8
330
ABF
100
AcDbEntity
  8
0
  6
HIDDEN
 62
     0
440
 16777216
100
AcDbMText
 10
371.2154103447708
 20
1068.257361835955
 30
0.0
 40
8.0
 41
0.0
 71
     5
 72
     1
  1
12'
 11
0.9999999178333105
 21
0.0004053805280108388
 31
0.0
 73
     1
 44
1.0
  0
POINT
  5
CC9
330
ABF
100
AcDbEntity
  8
Defpoints
  6
HIDDEN
 62
     0
440
 16777216
100
AcDbPoint
 10
443.2324884514666
 20
1026.143377292653
 30
0.0
  0
POINT
  5
CCA
330
ABF
100
AcDbEntity
  8
Defpoints
  6
HIDDEN
 62
     0
440
 16777216
100
AcDbPoint
 10
299.2325002834698
 20
1026.08500249662
 30
0.0
  0
POINT
  5
CCB
330
ABF
100
AcDbEntity
  8
Defpoints
  6
HIDDEN
 62
     0
440
 16777216
100
AcDbPoint
 10
299.2190713220407
 20
1059.211804101021
 30
0.0
  0
ENDBLK
  5
AC1
330
ABF
100
AcDbEntity
  8
0
100
AcDbBlockEnd
  0
BLOCK
  5
B27
330
B26
100
AcDbEntity
  8
0
100
AcDbBlockBegin
  2
*D34
 70
     1
 10
0.0
 20
0.0
 30
0.0
  3
*D34
  1

  0
LINE
  5
CA8
330
B26
100
AcDbEntity
  8
0
  6
HIDDEN
 62
     0
440
 16777216
370
    -2
100
AcDbLine
 10
149.3825822120124
 20
754.4940193865722
 30
0.0
 11
110.5612498504203
 21
754.525489278522
 31
0.0
  0
LINE
  5
CA9
330
B26
100
AcDbEntity
  8
0
  6
HIDDEN
 62
     0
440
 16777216
370
    -2
100
AcDbLine
 10
149.4798582600886
 20
874.4939799589426
 30
0.0
 11
110.6585258984965
 21
874.5254498508924
 31
0.0
  0
LINE
  5
CAA
330
B26
100
AcDbEntity
  8
0
  6
HIDDEN
 62
     0
440
 16777216
370
    -2
100
AcDbLine
 10
111.8132760240508
 20
757.0244751649454
 30
0.0
 11
111.9064989034571
 21
872.0244373801338
 31
0.0
  0
SOLID
  5
CAB
330
B26
100
AcDbEntity
  8
0
  6
HIDDEN
 62
     0
440
 16777216
100
AcDbTrace
 10
111.3966094942856
 20
757.0248129290013
 30
0.0
 11
112.229942553816
 21
757.0241374008897
 31
0.0
 12
111.8112494397159
 22
754.5244759863544
 32
0.0
 13
111.8112494397159
 23
754.5244759863544
 33
0.0
  0
SOLID
  5
CAC
330
B26
100
AcDbEntity
  8
0
  6
HIDDEN
 62
     0
440
 16777216
100
AcDbTrace
 10
111.489832373692
 20
872.0247751441897
 30
0.0
 11
112.3231654332223
 21
872.024099616078
 31
0.0
 12
111.9085254877921
 22
874.5244365587249
 32
0.0
 13
111.9085254877921
 23
874.5244365587249
 33
0.0
  0
MTEXT
  5
CAD
330
B26
100
AcDbEntity
  8
0
  6
HIDDEN
 62
     0
440
 16777216
100
AcDbMText
 10
102.7753065468438
 20
814.5318205427095
 30
0.0
 40
8.0
 41
0.0
 71
     5
 72
     1
  1
10'
 11
0.0008106337339682939
 21
0.9999996714364209
 31
0.0
 73
     1
 44
1.0
  0
POINT
  5
CAE
330
B26
100
AcDbEntity
  8
Defpoints
  6
HIDDEN
 62
     0
440
 16777216
100
AcDbPoint
 10
150.0075820066601
 20
754.4935127404884
 30
0.0
  0
POINT
  5
CAF
330
B26
100
AcDbEntity
  8
Defpoints
  6
HIDDEN
 62
     0
440
 16777216
100
AcDbPoint
 10
150.1048580547363
 20
874.4934733128589
 30
0.0
  0
POINT
  5
CB0
330
B26
100
AcDbEntity
  8
Defpoints
  6
HIDDEN
 62
     0
440
 16777216
100
AcDbPoint
 10
111.9085254877921
 20
874.5244365587249
 30
0.0
  0
ENDBLK
  5
B28
330
B26
100
AcDbEntity
  8
0
100
AcDbBlockEnd
  0
BLOCK
  5
B3F
330
B3E
100
AcDbEntity
  8
0
100
AcDbBlockBegin
  2
*D35
 70
     1
 10
0.0
 20
0.0
 30
0.0
  3
*D35
  1

  0
LINE
  5
CB1
330
B3E
100
AcDbEntity
  8
0
  6
HIDDEN
 62
     0
440
 16777216
370
    -2
100
AcDbLine
 10
149.5999609201335
 20
1021.493938296915
 30
0.0
 11
110.986299076229
 21
1021.526472368922
 31
0.0
  0
LINE
  5
CB2
330
B3E
100
AcDbEntity
  8
0
  6
HIDDEN
 62
     0
440
 16777216
370
    -2
100
AcDbLine
 10
149.4786332738431
 20
877.493989409416
 30
0.0
 11
110.8649714299385
 21
877.5265234814235
 31
0.0
  0
LINE
  5
CB3
330
B3E
100
AcDbEntity
  8
0
  6
HIDDEN
 62
     0
440
 16777216
370
    -2
100
AcDbLine
 10
112.234192249796
 20
1019.025420064918
 30
0.0
 11
112.1170773690017
 21
880.0254694026796
 31
0.0
  0
SOLID
  5
CB4
330
B3E
100
AcDbEntity
  8
0
  6
HIDDEN
 62
     0
440
 16777216
100
AcDbTrace
 10
111.8175257310243
 20
1019.025771128709
 30
0.0
 11
112.6508587685677
 21
1019.025069001127
 31
0.0
 12
112.2362986325441
 22
1021.525419177548
 32
0.0
 13
112.2362986325441
 23
1021.525419177548
 33
0.0
  0
SOLID
  5
CB5
330
B3E
100
AcDbEntity
  8
0
  6
HIDDEN
 62
     0
440
 16777216
100
AcDbTrace
 10
111.70041085023
 20
880.025820466471
 30
0.0
 11
112.5337438877734
 21
880.0251183388883
 31
0.0
 12
112.1149709862536
 22
877.5254702900494
 32
0.0
 13
112.1149709862536
 23
877.5254702900494
 33
0.0
  0
MTEXT
  5
CB6
330
B3E
100
AcDbEntity
  8
0
  6
HIDDEN
 62
     0
440
 16777216
100
AcDbMText
 10
103.1592669319786
 20
949.5330415051942
 30
0.0
 40
8.0
 41
0.0
 71
     5
 72
     1
  1
12'
 11
0.0008425530992396762
 21
0.9999996450520745
 31
0.0
 73
     1
 44
1.0
  0
POINT
  5
CB7
330
B3E
100
AcDbEntity
  8
Defpoints
  6
HIDDEN
 62
     0
440
 16777216
100
AcDbPoint
 10
150.2249606982911
 20
1021.493411701228
 30
0.0
  0
POINT
  5
CB8
330
B3E
100
AcDbEntity
  8
Defpoints
  6
HIDDEN
 62
     0
440
 16777216
100
AcDbPoint
 10
150.1036330520006
 20
877.4934628137289
 30
0.0
  0
POINT
  5
CB9
330
B3E
100
AcDbEntity
  8
Defpoints
  6
HIDDEN
 62
     0
440
 16777216
100
AcDbPoint
 10
112.1149709862536
 20
877.5254702900494
 30
0.0
  0
ENDBLK
  5
B40
330
B3E
100
AcDbEntity
  8
0
100
AcDbBlockEnd
  0
BLOCK
  5
B7B
330
B7A
100
AcDbEntity
  8
0
100
AcDbBlockBegin
  2
*D36
 70
     1
 10
0.0
 20
0.0
 30
0.0
  3
*D36
  1

  0
LINE
  5
C9F
330
B7A
100
AcDbEntity
  8
0
  6
HIDDEN
 62
     0
440
 16777216
370
    -2
100
AcDbLine
 10
149.3825820066602
 20
754.4935127404887
 30
0.0
 11
110.5612494397163
 21
754.4935127404887
 31
0.0
  0
LINE
  5
CA0
330
B7A
100
AcDbEntity
  8
0
  6
HIDDEN
 62
     0
440
 16777216
370
    -2
100
AcDbLine
 10
149.3825820066602
 20
682.4935127404887
 30
0.0
 11
110.5612494397163
 21
682.4935127404887
 31
0.0
  0
LINE
  5
CA1
330
B7A
100
AcDbEntity
  8
0
  6
HIDDEN
 62
     0
440
 16777216
370
    -2
100
AcDbLine
 10
111.8112494397163
 20
751.9935127404887
 30
0.0
 11
111.8112494397163
 21
684.9935127404887
 31
0.0
  0
SOLID
  5
CA2
330
B7A
100
AcDbEntity
  8
0
  6
HIDDEN
 62
     0
440
 16777216
100
AcDbTrace
 10
111.3945827730496
 20
751.9935127404887
 30
0.0
 11
112.2279161063829
 21
751.9935127404887
 31
0.0
 12
111.8112494397163
 22
754.4935127404887
 32
0.0
 13
111.8112494397163
 23
754.4935127404887
 33
0.0
  0
SOLID
  5
CA3
330
B7A
100
AcDbEntity
  8
0
  6
HIDDEN
 62
     0
440
 16777216
100
AcDbTrace
 10
111.3945827730496
 20
684.9935127404887
 30
0.0
 11
112.2279161063829
 21
684.9935127404887
 31
0.0
 12
111.8112494397163
 22
682.4935127404887
 32
0.0
 13
111.8112494397163
 23
682.4935127404887
 33
0.0
  0
MTEXT
  5
CA4
330
B7A
100
AcDbEntity
  8
0
  6
HIDDEN
 62
     0
440
 16777216
100
AcDbMText
 10
102.7266655379429
 20
718.4935127404885
 30
0.0
 40
8.0
 41
0.0
 71
     5
 72
     1
  1
6'
 11
6.123233995736766E-17
 21
1.0
 31
0.0
 73
     1
 44
1.0
  0
POINT
  5
CA5
330
B7A
100
AcDbEntity
  8
Defpoints
  6
HIDDEN
 62
     0
440
 16777216
100
AcDbPoint
 10
150.0075820066602
 20
754.4935127404887
 30
0.0
  0
POINT
  5
CA6
330
B7A
100
AcDbEntity
  8
Defpoints
  6
HIDDEN
 62
     0
440
 16777216
100
AcDbPoint
 10
150.0075820066602
 20
682.4935127404887
 30
0.0
  0
POINT
  5
CA7
330
B7A
100
AcDbEntity
  8
Defpoints
  6
HIDDEN
 62
     0
440
 16777216
100
AcDbPoint
 10
111.8112494397163
 20
682.4935127404887
 30
0.0
  0
ENDBLK
  5
B7C
330
B7A
100
AcDbEntity
  8
0
100
AcDbBlockEnd
  0
BLOCK
  5
BBD
330
BBC
100
AcDbEntity
  8
0
100
AcDbBlockBegin
  2
*D38
 70
     1
 10
0.0
 20
0.0
 30
0.0
  3
*D38
  1

  0
LINE
  5
D18
330
BBC
100
AcDbEntity
  8
0
  6
HIDDEN
 62
     0
440
 16777216
370
    -2
100
AcDbLine
 10
154.9999771463291
 20
677.375032196994
 30
0.0
 11
154.9999771463291
 21
665.7429446528038
 31
0.0
  0
LINE
  5
D19
330
BBC
100
AcDbEntity
  8
0
  6
HIDDEN
 62
     0
440
 16777216
370
    -2
100
AcDbLine
 10
190.9999771463291
 20
677.375032196994
 30
0.0
 11
190.9999771463291
 21
665.7429446528038
 31
0.0
  0
LINE
  5
D1A
330
BBC
100
AcDbEntity
  8
0
  6
HIDDEN
 62
     0
440
 16777216
370
    -2
100
AcDbLine
 10
157.4999771463291
 20
666.9929446528038
 30
0.0
 11
188.4999771463291
 21
666.9929446528038
 31
0.0
  0
SOLID
  5
D1B
330
BBC
100
AcDbEntity
  8
0
  6
HIDDEN
 62
     0
440
 16777216
100
AcDbTrace
 10
157.4999771463291
 20
667.4096113194704
 30
0.0
 11
157.4999771463291
 21
666.5762779861371
 31
0.0
 12
154.9999771463291
 22
666.9929446528038
 32
0.0
 13
154.9999771463291
 23
666.9929446528038
 33
0.0
  0
SOLID
  5
D1C
330
BBC
100
AcDbEntity
  8
0
  6
HIDDEN
 62
     0
440
 16777216
100
AcDbTrace
 10
188.4999771463291
 20
667.4096113194704
 30
0.0
 11
188.4999771463291
 21
666.5762779861371
 31
0.0
 12
190.9999771463291
 22
666.9929446528038
 32
0.0
 13
190.9999771463291
 23
666.9929446528038
 33
0.0
  0
MTEXT
  5
D1D
330
BBC
100
AcDbEntity
  8
0
  6
HIDDEN
 62
     0
440
 16777216
100
AcDbMText
 10
172.9999771463291
 20
673.0584289638542
 30
0.0
 40
6.0
 41
0.0
 71
     5
 72
     1
  1
3'
 73
     1
 44
1.0
  0
POINT
  5
D1E
330
BBC
100
AcDbEntity
  8
Defpoints
  6
HIDDEN
 62
     0
440
 16777216
100
AcDbPoint
 10
154.9999771463291
 20
678.000032196994
 30
0.0
  0
POINT
  5
D1F
330
BBC
100
AcDbEntity
  8
Defpoints
  6
HIDDEN
 62
     0
440
 16777216
100
AcDbPoint
 10
190.9999771463291
 20
678.000032196994
 30
0.0
  0
POINT
  5
D20
330
BBC
100
AcDbEntity
  8
Defpoints
  6
HIDDEN
 62
     0
440
 16777216
100
AcDbPoint
 10
190.9999771463291
 20
666.9929446528038
 30
0.0
  0
ENDBLK
  5
BBE
330
BBC
100
AcDbEntity
  8
0
100
AcDbBlockEnd
  0
BLOCK
  5
BE7
330
BE6
100
AcDbEntity
  8
0
100
AcDbBlockBegin
  2
*D39
 70
     1
 10
0.0
 20
0.0
 30
0.0
  3
*D39
  1

  0
LINE
  5
C96
330
BE6
100
AcDbEntity
  8
0
  6
HIDDEN
 62
     0
440
 16777216
370
    -2
100
AcDbLine
 10
154.9393168726638
 20
677.375032196994
 30
0.0
 11
154.9393168726638
 21
651.2218790825134
 31
0.0
  0
LINE
  5
C97
330
BE6
100
AcDbEntity
  8
0
  6
HIDDEN
 62
     0
440
 16777216
370
    -2
100
AcDbLine
 10
298.9393150979236
 20
677.375032196994
 30
0.0
 11
298.9393150979236
 21
651.2218790825134
 31
0.0
  0
LINE
  5
C98
330
BE6
100
AcDbEntity
  8
0
  6
HIDDEN
 62
     0
440
 16777216
370
    -2
100
AcDbLine
 10
157.4393168726638
 20
652.4718790825134
 30
0.0
 11
296.4393150979236
 21
652.4718790825134
 31
0.0
  0
SOLID
  5
C99
330
BE6
100
AcDbEntity
  8
0
  6
HIDDEN
 62
     0
440
 16777216
100
AcDbTrace
 10
157.4393168726638
 20
652.88854574918
 30
0.0
 11
157.4393168726638
 21
652.0552124158468
 31
0.0
 12
154.9393168726638
 22
652.4718790825134
 32
0.0
 13
154.9393168726638
 23
652.4718790825134
 33
0.0
  0
SOLID
  5
C9A
330
BE6
100
AcDbEntity
  8
0
  6
HIDDEN
 62
     0
440
 16777216
100
AcDbTrace
 10
296.4393150979236
 20
652.88854574918
 30
0.0
 11
296.4393150979236
 21
652.0552124158468
 31
0.0
 12
298.9393150979236
 22
652.4718790825134
 32
0.0
 13
298.9393150979236
 23
652.4718790825134
 33
0.0
  0
MTEXT
  5
C9B
330
BE6
100
AcDbEntity
  8
0
  6
HIDDEN
 62
     0
440
 16777216
100
AcDbMText
 10
226.9393159852937
 20
661.488250160276
 30
0.0
 40
8.0
 41
0.0
 71
     5
 72
     1
  1
12'
 73
     1
 44
1.0
  0
POINT
  5
C9C
330
BE6
100
AcDbEntity
  8
Defpoints
  6
HIDDEN
 62
     0
440
 16777216
100
AcDbPoint
 10
154.9393168726638
 20
678.000032196994
 30
0.0
  0
POINT
  5
C9D
330
BE6
100
AcDbEntity
  8
Defpoints
  6
HIDDEN
 62
     0
440
 16777216
100
AcDbPoint
 10
298.9393150979236
 20
678.000032196994
 30
0.0
  0
POINT
  5
C9E
330
BE6
100
AcDbEntity
  8
Defpoints
  6
HIDDEN
 62
     0
440
 16777216
100
AcDbPoint
 10
298.9393150979236
 20
652.4718790825134
 30
0.0
  0
ENDBLK
  5
BE8
330
BE6
100
AcDbEntity
  8
0
100
AcDbBlockEnd
  0
ENDSEC
  0
SECTION
  2
ENTITIES
  0
INSERT
  5
3F0
330
1F
100
AcDbEntity
  8
0
  6
Continuous
100
AcDbBlockReference
  2
w2
 10
668.4074866221454
 20
941.0386756217572
 30
0.0
  0
INSERT
  5
447
330
1F
100
AcDbEntity
  8
0
  6
Continuous
100
AcDbBlockReference
  2
D1
 10
649.9120568437502
 20
848.7060421683127
 30
0.0
  0
LWPOLYLINE
  5
50B
330
1F
100
AcDbEntity
  8
0
  6
Continuous
100
AcDbPolyline
 90
        5
 70
     0
 43
0.0
 10
149.9999789210688
 20
750.0000066407433
 10
150.2325235764588
 20
1025.999908675116
 10
443.2324884514666
 20
1026.143377292653
 10
443.2324884514665
 20
750.1433772926532
 10
430.2324884514665
 20
750.1370211813277
  0
LWPOLYLINE
  5
50C
330
1F
100
AcDbEntity
  8
0
  6
Continuous
100
AcDbPolyline
 90
        5
 70
     0
 43
0.0
 10
302.0076784743898
 20
759.0743290903864
 10
159.0075688077781
 20
759.0044118121865
 10
159.2249474994091
 20
1017.004310772926
 10
434.2324884514667
 20
1017.138969327337
 10
434.2324884514665
 20
759.138977983633
  0
LINE
  5
50D
330
1F
100
AcDbEntity
  8
0
  6
Continuous
100
AcDbLine
 10
149.9999789210688
 20
750.0000066407433
 30
0.0
 11
149.9393150979235
 21
678.000032196994
 31
0.0
  0
LINE
  5
50E
330
1F
100
AcDbEntity
  8
0
  6
Continuous
100
AcDbLine
 10
149.9393150979235
 20
678.000032196994
 30
0.0
 11
298.9393150979236
 21
678.000032196994
 31
0.0
  0
LWPOLYLINE
  5
50F
330
1F
100
AcDbEntity
  8
0
  6
Continuous
100
AcDbPolyline
 90
        3
 70
     0
 43
0.0
 10
149.9999789210688
 20
750.0000066407433
 10
149.9393150979235
 20
678.000032196994
 10
298.9393150979236
 20
678.000032196994
  0
LWPOLYLINE
  5
510
330
1F
100
AcDbEntity
  8
0
  6
Continuous
100
AcDbPolyline
 90
        3
 70
     0
 43
0.0
 10
154.9999771463291
 20
749.9957938752472
 10
154.9435296396553
 20
683.000032196994
 10
298.9393150979236
 20
683.000032196994
  0
LINE
  5
511
102
{ACAD_REACTORS
330
BFC
102
}
330
1F
100
AcDbEntity
  8
0
  6
Continuous
100
AcDbLine
 10
298.9393150979236
 20
678.000032196994
 30
0.0
 11
298.9393150979236
 21
750.0728277947037
 31
0.0
  0
LWPOLYLINE
  5
512
330
1F
100
AcDbEntity
  8
0
  6
Continuous
100
AcDbPolyline
 90
        2
 70
     0
 43
0.0
 10
154.9999771463291
 20
749.9957938752472
 10
154.9999771463291
 20
683.000032196994
  0
LWPOLYLINE
  5
513
330
1F
100
AcDbEntity
  8
0
  6
Continuous
100
AcDbPolyline
 90
        2
 70
     0
 43
0.0
 10
190.9999771463291
 20
749.9957938752472
 10
190.9999771463291
 20
683.000032196994
  0
LWPOLYLINE
  5
514
330
1F
100
AcDbEntity
  8
0
  6
Continuous
100
AcDbPolyline
 90
        2
 70
     0
 43
0.0
 10
196.9999771463291
 20
749.9957938752472
 10
196.9999771463291
 20
719.5091519913069
  0
LWPOLYLINE
  5
515
330
1F
100
AcDbEntity
  8
0
  6
Continuous
100
AcDbPolyline
 90
        2
 70
     0
 43
0.0
 10
202.9999771463291
 20
749.9957938752472
 10
202.9999771463291
 20
719.5107575409896
  0
LWPOLYLINE
  5
516
330
1F
100
AcDbEntity
  8
0
  6
Continuous
100
AcDbPolyline
 90
        2
 70
     0
 43
0.0
 10
208.9999771463291
 20
749.9957938752472
 10
208.9999771463291
 20
719.5123630906722
  0
LWPOLYLINE
  5
517
330
1F
100
AcDbEntity
  8
0
  6
Continuous
100
AcDbPolyline
 90
        2
 70
     0
 43
0.0
 10
214.9999771463291
 20
749.9957938752472
 10
214.9999771463291
 20
719.513968640355
  0
LWPOLYLINE
  5
518
330
1F
100
AcDbEntity
  8
0
  6
Continuous
100
AcDbPolyline
 90
        2
 70
     0
 43
0.0
 10
220.9999771463291
 20
749.9957938752472
 10
220.9999771463291
 20
719.5155741900376
  0
LWPOLYLINE
  5
519
330
1F
100
AcDbEntity
  8
0
  6
Continuous
100
AcDbPolyline
 90
        2
 70
     0
 43
0.0
 10
226.9999771463291
 20
749.9957938752472
 10
226.9999771463291
 20
719.5171797397203
  0
LWPOLYLINE
  5
51A
330
1F
100
AcDbEntity
  8
0
  6
Continuous
100
AcDbPolyline
 90
        2
 70
     0
 43
0.0
 10
232.9999771463291
 20
749.9957938752472
 10
232.9999771463291
 20
719.5187852894029
  0
LWPOLYLINE
  5
51B
330
1F
100
AcDbEntity
  8
0
  6
Continuous
100
AcDbPolyline
 90
        2
 70
     0
 43
0.0
 10
238.9999771463291
 20
749.9957938752472
 10
238.9999771463291
 20
719.5203908390856
  0
LWPOLYLINE
  5
51C
330
1F
100
AcDbEntity
  8
0
  6
Continuous
100
AcDbPolyline
 90
        2
 70
     0
 43
0.0
 10
244.9999771463291
 20
749.9957938752472
 10
244.9999771463291
 20
719.5219963887682
  0
LWPOLYLINE
  5
51D
330
1F
100
AcDbEntity
  8
0
  6
Continuous
100
AcDbPolyline
 90
        2
 70
     0
 43
0.0
 10
250.9999771463291
 20
749.9957938752472
 10
250.9999771463291
 20
719.5236019384508
  0
LWPOLYLINE
  5
51E
330
1F
100
AcDbEntity
  8
0
  6
Continuous
100
AcDbPolyline
 90
        2
 70
     0
 43
0.0
 10
256.9999771463291
 20
749.9957938752472
 10
256.9999771463291
 20
719.5252074881336
  0
LWPOLYLINE
  5
51F
330
1F
100
AcDbEntity
  8
0
  6
Continuous
100
AcDbPolyline
 90
        2
 70
     0
 43
0.0
 10
262.9999771463291
 20
749.9957938752472
 10
262.9999771463291
 20
719.5268130378162
  0
LWPOLYLINE
  5
520
330
1F
100
AcDbEntity
  8
0
  6
Continuous
100
AcDbPolyline
 90
        2
 70
     0
 43
0.0
 10
268.9999771463291
 20
749.9957938752472
 10
268.9999771463291
 20
719.5284185874989
  0
LWPOLYLINE
  5
521
330
1F
100
AcDbEntity
  8
0
  6
Continuous
100
AcDbPolyline
 90
        2
 70
     0
 43
0.0
 10
274.9999771463291
 20
749.9957938752472
 10
274.9999771463291
 20
719.5300241371815
  0
LWPOLYLINE
  5
522
330
1F
100
AcDbEntity
  8
0
  6
Continuous
100
AcDbPolyline
 90
        2
 70
     0
 43
0.0
 10
280.9999771463291
 20
749.9957938752472
 10
280.9999771463291
 20
719.5316296868642
  0
LWPOLYLINE
  5
523
330
1F
100
AcDbEntity
  8
0
  6
Continuous
100
AcDbPolyline
 90
        2
 70
     0
 43
0.0
 10
286.9999771463291
 20
749.9957938752472
 10
286.9999771463291
 20
719.5332352365468
  0
LWPOLYLINE
  5
524
330
1F
100
AcDbEntity
  8
0
  6
Continuous
100
AcDbPolyline
 90
        2
 70
     0
 43
0.0
 10
292.9999771463291
 20
749.9957938752472
 10
292.9999771463291
 20
719.5348407862296
  0
LWPOLYLINE
  5
526
330
1F
100
AcDbEntity
  8
0
  6
Continuous
100
AcDbPolyline
 90
        2
 70
     0
 43
0.0
 10
298.9393150979236
 20
683.000032196994
 10
298.9393150979236
 20
750.0728277947037
  0
LINE
  5
528
330
1F
100
AcDbEntity
  8
0
  6
Continuous
100
AcDbLine
 10
154.9991743715165
 20
719.4979129287126
 30
0.0
 11
154.9999771463291
 21
719.4979131435284
 31
0.0
  0
LINE
  5
529
330
1F
100
AcDbEntity
  8
0
  6
Continuous
100
AcDbLine
 10
190.9999771463291
 20
713.5075462268086
 30
0.0
 11
298.9401178727362
 21
713.5364301032567
 31
0.0
  0
LINE
  5
52A
330
1F
100
AcDbEntity
  8
0
  6
Continuous
100
AcDbLine
 10
190.9999771463291
 20
719.5075464416243
 30
0.0
 11
298.938512323111
 21
719.5364298884409
 31
0.0
  0
LWPOLYLINE
  5
52B
330
1F
100
AcDbEntity
  8
0
  6
Continuous
100
AcDbPolyline
 90
        2
 70
     0
 43
0.0
 10
196.9999771463291
 20
713.5091517764912
 10
196.9999771463291
 20
683.000032196994
  0
LWPOLYLINE
  5
52C
330
1F
100
AcDbEntity
  8
0
  6
Continuous
100
AcDbPolyline
 90
        2
 70
     0
 43
0.0
 10
202.9999771463291
 20
713.5107573261739
 10
202.9999771463291
 20
683.000032196994
  0
LWPOLYLINE
  5
52D
330
1F
100
AcDbEntity
  8
0
  6
Continuous
100
AcDbPolyline
 90
        2
 70
     0
 43
0.0
 10
208.9999771463291
 20
713.5123628758565
 10
208.9999771463291
 20
683.000032196994
  0
LWPOLYLINE
  5
52E
330
1F
100
AcDbEntity
  8
0
  6
Continuous
100
AcDbPolyline
 90
        2
 70
     0
 43
0.0
 10
214.9999771463291
 20
713.5139684255392
 10
214.9999771463291
 20
683.000032196994
  0
LWPOLYLINE
  5
52F
330
1F
100
AcDbEntity
  8
0
  6
Continuous
100
AcDbPolyline
 90
        2
 70
     0
 43
0.0
 10
220.9999771463291
 20
713.5155739752219
 10
220.9999771463291
 20
683.000032196994
  0
LWPOLYLINE
  5
530
330
1F
100
AcDbEntity
  8
0
  6
Continuous
100
AcDbPolyline
 90
        2
 70
     0
 43
0.0
 10
226.9999771463291
 20
713.5171795249045
 10
226.9999771463291
 20
683.000032196994
  0
LWPOLYLINE
  5
531
330
1F
100
AcDbEntity
  8
0
  6
Continuous
100
AcDbPolyline
 90
        2
 70
     0
 43
0.0
 10
232.9999771463291
 20
713.5187850745872
 10
232.9999771463291
 20
683.000032196994
  0
LWPOLYLINE
  5
532
330
1F
100
AcDbEntity
  8
0
  6
Continuous
100
AcDbPolyline
 90
        2
 70
     0
 43
0.0
 10
238.9999771463291
 20
713.5203906242698
 10
238.9999771463291
 20
683.000032196994
  0
LWPOLYLINE
  5
533
330
1F
100
AcDbEntity
  8
0
  6
Continuous
100
AcDbPolyline
 90
        2
 70
     0
 43
0.0
 10
244.9999771463291
 20
713.5219961739525
 10
244.9999771463291
 20
683.000032196994
  0
LWPOLYLINE
  5
534
330
1F
100
AcDbEntity
  8
0
  6
Continuous
100
AcDbPolyline
 90
        2
 70
     0
 43
0.0
 10
250.9999771463291
 20
713.5236017236351
 10
250.9999771463291
 20
683.000032196994
  0
LWPOLYLINE
  5
535
330
1F
100
AcDbEntity
  8
0
  6
Continuous
100
AcDbPolyline
 90
        2
 70
     0
 43
0.0
 10
256.9999771463291
 20
713.5252072733178
 10
256.9999771463291
 20
683.000032196994
  0
LWPOLYLINE
  5
536
330
1F
100
AcDbEntity
  8
0
  6
Continuous
100
AcDbPolyline
 90
        2
 70
     0
 43
0.0
 10
262.9999771463291
 20
713.5268128230005
 10
262.9999771463291
 20
683.000032196994
  0
LWPOLYLINE
  5
537
330
1F
100
AcDbEntity
  8
0
  6
Continuous
100
AcDbPolyline
 90
        2
 70
     0
 43
0.0
 10
268.9999771463291
 20
713.5284183726831
 10
268.9999771463291
 20
683.000032196994
  0
LWPOLYLINE
  5
538
330
1F
100
AcDbEntity
  8
0
  6
Continuous
100
AcDbPolyline
 90
        2
 70
     0
 43
0.0
 10
274.9999771463291
 20
713.5300239223658
 10
274.9999771463291
 20
683.000032196994
  0
LWPOLYLINE
  5
539
330
1F
100
AcDbEntity
  8
0
  6
Continuous
100
AcDbPolyline
 90
        2
 70
     0
 43
0.0
 10
280.9999771463291
 20
713.5316294720484
 10
280.9999771463291
 20
683.000032196994
  0
LWPOLYLINE
  5
53A
330
1F
100
AcDbEntity
  8
0
  6
Continuous
100
AcDbPolyline
 90
        2
 70
     0
 43
0.0
 10
286.9999771463291
 20
713.5332350217311
 10
286.9999771463291
 20
683.000032196994
  0
LWPOLYLINE
  5
53B
330
1F
100
AcDbEntity
  8
0
  6
Continuous
100
AcDbPolyline
 90
        2
 70
     0
 43
0.0
 10
292.9999771463291
 20
713.5348405714137
 10
292.9999771463291
 20
683.000032196994
  0
LWPOLYLINE
  5
53C
330
1F
100
AcDbEntity
  8
0
  6
Continuous
100
AcDbPolyline
 90
        2
 70
     0
 43
0.0
 10
159.2249474994091
 20
1017.004310772926
 10
434.2324884514667
 20
1017.138969327337
  0
LWPOLYLINE
  5
53D
330
1F
100
AcDbEntity
  8
0
  6
Continuous
100
AcDbPolyline
 90
        2
 70
     0
 43
0.0
 10
159.2249474994091
 20
1017.004310772926
 10
434.2324884514667
 20
1017.138969327337
  0
LWPOLYLINE
  5
53E
330
1F
100
AcDbEntity
  8
0
  6
Continuous
100
AcDbPolyline
 90
        2
 70
     0
 43
0.0
 10
159.2704853199926
 20
924.0043219218139
 10
257.1465782393342
 20
924.0522473464708
  0
LWPOLYLINE
  5
53F
330
1F
100
AcDbEntity
  8
0
  6
Continuous
100
AcDbPolyline
 90
        2
 70
     0
 43
0.0
 10
159.2729335899164
 20
919.0043225212165
 10
257.1490266186182
 20
919.052247945927
  0
LWPOLYLINE
  5
540
330
1F
100
AcDbEntity
  8
0
  6
Continuous
100
AcDbPolyline
 90
        2
 70
     0
 43
0.0
 10
159.3047610989264
 20
854.0043303134503
 10
257.0924102583774
 20
854.0522124312625
  0
LWPOLYLINE
  5
541
330
1F
100
AcDbEntity
  8
0
  6
Continuous
100
AcDbPolyline
 90
        2
 70
     0
 43
0.0
 10
159.3072093688502
 20
849.0043309128529
 10
257.0883349222218
 20
849.052209836355
  0
LWPOLYLINE
  5
542
102
{ACAD_REACTORS
330
595
102
}
330
1F
100
AcDbEntity
  8
0
  6
Continuous
100
AcDbPolyline
 90
        2
 70
     0
 43
0.0
 10
302.1045720529513
 20
879.0742558153039
 10
394.2324884514666
 20
879.1193666220848
  0
LWPOLYLINE
  5
543
330
1F
100
AcDbEntity
  8
0
  6
Continuous
100
AcDbPolyline
 90
        2
 70
     0
 43
0.0
 10
297.1045682154111
 20
874.0718069438049
 10
394.2324884514666
 20
874.1193660226821
  0
LWPOLYLINE
  5
544
330
1F
100
AcDbEntity
  8
0
  6
Continuous
100
AcDbPolyline
 90
        2
 70
     0
 43
0.0
 10
159.2249474994091
 20
1017.004310772926
 10
159.0075688077781
 20
759.0044118121865
  0
LWPOLYLINE
  5
547
330
1F
100
AcDbEntity
  8
0
  6
Continuous
100
AcDbPolyline
 90
        2
 70
     0
 43
0.0
 10
263.1845847355941
 20
969.0552092753903
 10
329.1846353911252
 20
969.0875264670628
  0
LWPOLYLINE
  5
549
330
1F
100
AcDbEntity
  8
0
  6
Continuous
100
AcDbPolyline
 90
        2
 70
     0
 43
0.0
 10
258.1803681288193
 20
964.0527583410917
 10
334.1804264594309
 20
964.0899720769571
  0
LWPOLYLINE
  5
54B
330
1F
100
AcDbEntity
  8
0
  6
Continuous
100
AcDbPolyline
 90
        2
 70
     0
 43
0.0
 10
159.1802921746524
 20
964.0043171265932
 10
159.2249474994091
 20
1017.004310772926
  0
LWPOLYLINE
  5
54C
330
1F
100
AcDbEntity
  8
0
  6
Continuous
100
AcDbPolyline
 90
        2
 70
     0
 43
0.0
 10
258.1802570348077
 20
963.9209043697684
 10
258.1913213288292
 20
977.0527652628173
  0
LWPOLYLINE
  5
54D
330
1F
100
AcDbEntity
  8
0
  6
Continuous
100
AcDbPolyline
 90
        2
 70
     0
 43
0.0
 10
263.1802552600681
 20
963.9166916042723
 10
263.1803719663595
 20
964.0552066131881
  0
LWPOLYLINE
  5
54F
330
1F
100
AcDbEntity
  8
0
  6
Continuous
100
AcDbPolyline
 90
        2
 70
     0
 43
0.0
 10
334.1804264594309
 20
964.0899720769571
 10
334.2248853835221
 20
1016.856863980559
  0
LWPOLYLINE
  5
550
102
{ACAD_REACTORS
330
595
102
}
330
1F
100
AcDbEntity
  8
0
  6
Continuous
100
AcDbPolyline
 90
        2
 70
     0
 43
0.0
 10
297.104570278211
 20
874.0742552159013
 10
297.0877171384728
 20
854.0717962949961
  0
LWPOLYLINE
  5
551
330
1F
100
AcDbEntity
  8
0
  6
Continuous
100
AcDbPolyline
 90
        2
 70
     0
 43
0.0
 10
302.1087848221858
 20
879.0742578781034
 10
302.0076784743898
 20
759.0743290903864
  0
LWPOLYLINE
  5
553
330
1F
100
AcDbEntity
  8
0
  6
Continuous
100
AcDbPolyline
 90
        2
 70
     0
 43
0.0
 10
434.2324884514666
 20
849.1389491874075
 10
434.3147503209079
 20
849.1389894672645
  0
LWPOLYLINE
  5
554
330
1F
100
AcDbEntity
  8
0
  6
Continuous
100
AcDbPolyline
 90
        2
 70
     0
 43
0.0
 10
434.2324884514667
 20
919.1389575790449
 10
434.2804745419741
 20
919.1389810756282
  0
LWPOLYLINE
  5
555
330
1F
100
AcDbEntity
  8
0
  6
Continuous
100
AcDbPolyline
 90
        2
 70
     0
 43
0.0
 10
434.2324884514667
 20
924.1389581784476
 10
434.2780262720502
 20
924.1389804762256
  0
LWPOLYLINE
  5
556
330
1F
100
AcDbEntity
  8
0
  6
Continuous
100
AcDbPolyline
 90
        2
 70
     0
 43
0.0
 10
434.2324884514667
 20
964.138962973669
 10
434.2584401126595
 20
964.1389756810048
  0
LWPOLYLINE
  5
557
330
1F
100
AcDbEntity
  8
0
  6
Continuous
100
AcDbPolyline
 90
        2
 70
     0
 43
0.0
 10
434.2324884514667
 20
969.1389635730717
 10
434.2559918427356
 20
969.1389750816022
  0
LWPOLYLINE
  5
558
330
1F
100
AcDbEntity
  8
0
  6
Continuous
100
AcDbPolyline
 90
        2
 70
     0
 43
0.0
 10
302.1804018991734
 20
964.07430313554
 10
302.1424869760623
 20
919.0742791757207
  0
LWPOLYLINE
  5
559
330
1F
100
AcDbEntity
  8
0
  6
Continuous
100
AcDbPolyline
 90
        2
 70
     0
 43
0.0
 10
297.1803980616331
 20
964.0718548634437
 10
297.1466959077567
 20
924.0718335658264
  0
LWPOLYLINE
  5
55A
330
1F
100
AcDbEntity
  8
0
  6
Continuous
100
AcDbPolyline
 90
        2
 70
     0
 43
0.0
 10
263.1845847355941
 20
969.0552092753903
 10
263.1913251663694
 20
977.0552135349136
  0
LWPOLYLINE
  5
55B
330
1F
100
AcDbEntity
  8
0
  6
Continuous
100
AcDbPolyline
 90
        2
 70
     0
 43
0.0
 10
329.1846353911252
 20
969.0875264670628
 10
329.2248871582617
 20
1016.861076746055
  0
LWPOLYLINE
  5
55C
330
1F
100
AcDbEntity
  8
0
  6
Continuous
100
AcDbPolyline
 90
        2
 70
     0
 43
0.0
 10
297.0835043692383
 20
849.071793632794
 10
297.0076746398929
 20
759.0718844303095
  0
LWPOLYLINE
  5
55E
330
1F
100
AcDbEntity
  8
0
  6
Continuous
100
AcDbPolyline
 90
        2
 70
     0
 43
0.0
 10
149.9999789210688
 20
750.0000066407433
 10
358.2324884514665
 20
750.1018181032173
  0
LWPOLYLINE
  5
562
330
1F
100
AcDbEntity
  8
0
  6
Continuous
100
AcDbPolyline
 90
        2
 70
     0
 43
0.0
 10
149.9999789210688
 20
750.0000066407433
 10
358.2324884514665
 20
750.1018181032173
  0
INSERT
  5
56F
330
1F
100
AcDbEntity
  8
0
  6
Continuous
100
AcDbBlockReference
  2
pillar
 10
701.3019323885433
 20
730.7896866342492
 30
0.0
  0
INSERT
  5
570
330
1F
100
AcDbEntity
  8
0
  6
Continuous
100
AcDbBlockReference
  2
pillar
 10
302.0000954897749
 20
750.0743243070816
 30
0.0
  0
INSERT
  5
571
102
{ACAD_REACTORS
330
595
102
}
330
1F
100
AcDbEntity
  8
0
  6
Continuous
100
AcDbBlockReference
  2
pillar
 10
302.1045720529513
 20
874.0742552159013
 30
0.0
  0
INSERT
  5
574
102
{ACAD_REACTORS
330
ABC
330
B54
102
}
330
1F
100
AcDbEntity
  8
0
  6
Continuous
100
AcDbBlockReference
  2
pillar
 10
159.224947499409
 20
1017.004310772926
 30
0.0
  0
INSERT
  5
575
330
1F
100
AcDbEntity
  8
0
  6
Continuous
100
AcDbBlockReference
  2
pillar
 10
159.10452129538
 20
874.0742552159013
 30
0.0
  0
INSERT
  5
577
102
{ACAD_REACTORS
330
595
102
}
330
1F
100
AcDbEntity
  8
0
  6
Continuous
100
AcDbBlockReference
  2
pillar
 10
443.2324884514665
 20
750.1433772926532
 30
0.0
  0
INSERT
  5
578
102
{ACAD_REACTORS
330
595
102
}
330
1F
100
AcDbEntity
  8
0
  6
Continuous
100
AcDbBlockReference
  2
pillar
 10
443.2324884514666
 20
874.143359070812
 30
0.0
  0
HATCH
  5
595
330
1F
100
AcDbEntity
  8
0
  6
Continuous
 62
    18
420
        0
100
AcDbHatch
 10
0.0
 20
0.0
 30
0.0
210
0.0
220
0.0
230
1.0
  2
SOLID
 70
     1
 71
     1
 91
        4
 92
        7
 72
     0
 73
     1
 93
        4
 10
443.2324884514665
 20
759.1433772926532
 10
434.2325148492305
 20
759.1215791492571
 10
434.2324884514665
 20
750.1433772926532
 10
443.2324884514665
 20
750.1433772926532
 97
        1
330
577
 92
       23
 72
     0
 73
     1
 93
        4
 10
302.1045720529513
 20
879.0742558153038
 10
297.1087809846456
 20
879.0718096060069
 10
297.1045702782111
 20
874.0742552159013
 10
302.1045720529513
 20
874.0742552159013
 97
        3
330
542
330
550
330
571
 92
        7
 72
     0
 73
     1
 93
        6
 10
302.1045720529513
 20
883.0742552159013
 10
293.1045984507153
 20
883.0524570725051
 10
293.1045720529513
 20
874.0742552159013
 10
297.1045702782111
 20
874.0742552159013
 10
297.1087809846456
 20
879.0718096060069
 10
302.1045720529513
 20
879.0742558153038
 97
        1
330
571
 92
        7
 72
     0
 73
     1
 93
        4
 10
443.2324884514666
 20
883.143359070812
 10
434.2325148492306
 20
883.1215609274159
 10
434.2324884514666
 20
874.143359070812
 10
443.2324884514666
 20
874.143359070812
 97
        1
330
578
 75
     1
 76
     1
 47
0.3587613418128149
 98
        4
 10
440.3458110676729
 20
754.4170725814183
 10
299.2285682871006
 20
875.7924238437263
 10
296.3564471189748
 20
881.5327045165759
 10
439.2591624495108
 20
879.0213417708874
450
        0
451
        0
460
0.0
461
0.0
452
        0
462
0.0
453
        2
463
0.0
 63
     5
421
      255
463
1.0
 63
     2
421
 16776960
470
LINEAR
1001
GradientColor1ACI
1070
     5
1001
GradientColor2ACI
1070
     2
1001
ACAD
1010
0.0
1020
0.0
1030
0.0
  0
LINE
  5
5B9
330
1F
100
AcDbEntity
  8
0
  6
Continuous
100
AcDbLine
 10
743.1571898953989
 20
941.6470434287039
 30
0.0
 11
779.1571898536833
 21
941.6487764933462
 31
0.0
  0
LINE
  5
5BA
330
1F
100
AcDbEntity
  8
0
  6
Continuous
100
AcDbLine
 10
743.1571898953989
 20
941.6470434287039
 30
0.0
 11
743.1571898953989
 21
977.6470434287039
 31
0.0
  0
LINE
  5
5BB
330
1F
100
AcDbEntity
  8
0
  6
Continuous
100
AcDbLine
 10
746.1571898953989
 20
941.6470434287039
 30
0.0
 11
746.1571898953989
 21
977.5218256580081
 31
0.0
  0
LINE
  5
5BC
330
1F
100
AcDbEntity
  8
0
  6
Continuous
100
AcDbLine
 10
743.1571898953989
 20
977.6470434287039
 30
0.0
 11
739.1571898953989
 21
977.6470434287039
 31
0.0
  0
LINE
  5
5BD
330
1F
100
AcDbEntity
  8
0
  6
Continuous
100
AcDbLine
 10
739.1571898953989
 20
977.6470434287039
 30
0.0
 11
739.1571898953989
 21
968.6470434287039
 31
0.0
  0
LWPOLYLINE
  5
5BE
330
1F
100
AcDbEntity
  8
0
  6
Continuous
100
AcDbPolyline
 90
        3
 70
     0
 43
0.0
 10
743.1571898953989
 20
977.6470434287039
 10
739.1571898953989
 20
977.6470434287039
 10
739.1571898953989
 20
968.6470434287039
  0
LWPOLYLINE
  5
5BF
330
1F
100
AcDbEntity
  8
0
  6
Continuous
100
AcDbPolyline
 90
        3
 70
     0
 43
0.0
 10
743.1571898953989
 20
976.6470434287039
 10
740.1571898953989
 20
976.6470434287039
 10
740.1571898953989
 20
968.6470434287039
  0
LINE
  5
5C0
330
1F
100
AcDbEntity
  8
0
  6
Continuous
100
AcDbLine
 10
739.1571898953989
 20
968.6470434287039
 30
0.0
 11
740.1571898953989
 21
968.6470434287039
 31
0.0
  0
LWPOLYLINE
  5
5C1
330
1F
100
AcDbEntity
  8
0
  6
Continuous
100
AcDbPolyline
 90
        2
 70
     0
 43
0.0
 10
750.1571898953989
 20
976.9599305947231
 10
750.1571898953989
 20
968.6470434287039
  0
LWPOLYLINE
  5
5C2
330
1F
100
AcDbEntity
  8
0
  6
Continuous
100
AcDbPolyline
 90
        3
 70
     0
 43
0.0
 10
746.1571898953989
 20
976.6470434287039
 10
749.1571898953989
 20
976.6470434287039
 10
749.1571898953989
 20
968.6470434287039
  0
LINE
  5
5C3
330
1F
100
AcDbEntity
  8
0
  6
Continuous
100
AcDbLine
 10
749.1571898953989
 20
968.6470434287039
 30
0.0
 11
750.1571898953989
 21
968.6470434287039
 31
0.0
  0
ARC
  5
5C4
330
1F
100
AcDbEntity
  8
0
  6
Continuous
100
AcDbCircle
 10
743.1571898953989
 20
941.6470434287039
 30
0.0
 40
36.0
100
AcDbArc
 50
0.0027582580456902
 51
90.0
  0
INSERT
  5
5C5
330
1F
100
AcDbEntity
  8
0
  6
Continuous
100
AcDbBlockReference
  2
D1
 10
815.1571890610893
 20
941.6401111701778
 30
0.0
 41
-1.0
 50
359.9917252258602
  0
LWPOLYLINE
  5
5D1
330
1F
100
AcDbEntity
  8
0
  6
Continuous
100
AcDbPolyline
 90
        2
 70
     0
 43
0.0
 10
434.2324884514665
 20
759.138977983633
 10
434.2324884514665
 20
750.1433772926532
  0
LWPOLYLINE
  5
5D2
330
1F
100
AcDbEntity
  8
0
  6
Continuous
100
AcDbPolyline
 90
        2
 70
     0
 43
0.0
 10
430.2324884514665
 20
759.138977983633
 10
430.2324884514665
 20
750.1433772926532
  0
LWPOLYLINE
  5
5D3
330
1F
100
AcDbEntity
  8
0
  6
Continuous
100
AcDbPolyline
 90
        2
 70
     0
 43
0.0
 10
358.2324884514665
 20
759.1018191789609
 10
358.2324884514665
 20
750.1433772926532
  0
LWPOLYLINE
  5
5D5
330
1F
100
AcDbEntity
  8
0
  6
Continuous
100
AcDbPolyline
 90
        2
 70
     0
 43
0.0
 10
358.2324884514665
 20
750.1018181032173
 10
358.2324884514665
 20
759.1018191789609
  0
LWPOLYLINE
  5
5D7
330
1F
100
AcDbEntity
  8
0
  6
Continuous
100
AcDbPolyline
 90
        2
 70
     0
 43
0.0
 10
430.2324884514665
 20
759.1370222570713
 10
430.2324884514665
 20
750.1433772926532
  0
LWPOLYLINE
  5
5D8
330
1F
100
AcDbEntity
  8
0
  6
Continuous
100
AcDbPolyline
 90
        2
 70
     0
 43
0.0
 10
430.2324884514665
 20
750.1433772926532
 10
430.2324884514665
 20
750.1370211813277
  0
LWPOLYLINE
  5
5D9
330
1F
100
AcDbEntity
  8
0
  6
Continuous
100
AcDbPolyline
 90
        2
 70
     0
 43
0.0
 10
358.2324884514665
 20
750.1018181032173
 10
149.9999789210688
 20
750.0000066407433
  0
INSERT
  5
5DA
330
1F
100
AcDbEntity
  8
0
  6
Continuous
100
AcDbBlockReference
  2
D4
 10
358.2324884514665
 20
750.1018181032173
 30
0.0
  0
INSERT
  5
5EA
102
{ACAD_REACTORS
330
5F2
330
B3C
330
B90
102
}
330
1F
100
AcDbEntity
  8
0
  6
Continuous
100
AcDbBlockReference
  2
block
 10
159.0075688077781
 20
759.0044118121865
 30
0.0
  0
HATCH
  5
5F2
330
1F
100
AcDbEntity
  8
0
  6
Continuous
 62
    18
420
        0
100
AcDbHatch
 10
0.0
 20
0.0
 30
0.0
210
0.0
220
0.0
230
1.0
  2
SOLID
 70
     1
 71
     1
 91
        1
 92
        7
 72
     0
 73
     1
 93
        4
 10
159.0075688077781
 20
759.0044118121865
 10
150.0075952055421
 20
758.9826136687903
 10
150.0075688077781
 20
750.0044118121865
 10
159.0075688077781
 20
750.0044118121865
 97
        1
330
5EA
 75
     1
 76
     1
 47
0.1367979760914936
 98
        1
 10
157.1543766119753
 20
754.3221829253448
450
        0
451
        0
460
0.0
461
0.0
452
        0
462
0.0
453
        2
463
0.0
 63
     5
421
      255
463
1.0
 63
     2
421
 16776960
470
LINEAR
1001
GradientColor1ACI
1070
     5
1001
GradientColor2ACI
1070
     2
1001
ACAD
1010
0.0
1020
0.0
1030
0.0
  0
LINE
  5
5F3
330
1F
100
AcDbEntity
  8
0
  6
Continuous
100
AcDbLine
 10
159.3072093688502
 20
849.0043309128529
 30
0.0
 11
159.0833984531279
 21
849.0042213229331
 31
0.0
  0
LINE
  5
5F5
330
1F
100
AcDbEntity
  8
0
  6
Continuous
100
AcDbLine
 10
159.0876112214052
 20
854.0042228489299
 30
0.0
 11
159.3047610989264
 21
854.0043303134503
 31
0.0
  0
LINE
  5
5F6
330
1F
100
AcDbEntity
  8
0
  6
Continuous
100
AcDbLine
 10
159.2729335899164
 20
919.0043225212165
 30
0.0
 11
159.1423772224117
 21
919.0042585937633
 31
0.0
  0
LINE
  5
5F8
330
1F
100
AcDbEntity
  8
0
  6
Continuous
100
AcDbLine
 10
159.1465899891032
 20
924.0042582376195
 30
0.0
 11
159.2704853199926
 21
924.0043219218139
 31
0.0
  0
LWPOLYLINE
  5
612
330
1F
100
AcDbEntity
  8
0
  6
Continuous
100
AcDbPolyline
 90
        5
 70
     0
 43
0.0
 10
434.2324884514667
 20
1017.138969327337
 10
434.2324884514667
 20
1026.138970406262
 10
443.2324884514666
 20
1026.143377292653
 10
443.2324884514666
 20
1017.143376213728
 10
434.2324884514667
 20
1017.138969327337
  0
HATCH
  5
62E
330
1F
100
AcDbEntity
  8
0
  6
Continuous
 62
    18
420
        0
100
AcDbHatch
 10
0.0
 20
0.0
 30
0.0
210
0.0
220
0.0
230
1.0
  2
SOLID
 70
     1
 71
     0
 91
        5
 92
        7
 72
     0
 73
     1
 93
        4
 10
443.2324884514666
 20
1026.143377292653
 10
434.2324884514667
 20
1026.138970406262
 10
434.2324884514667
 20
1017.138969327337
 10
443.2324884514666
 20
1017.143376213728
 97
        0
 92
        7
 72
     0
 73
     1
 93
        4
 10
302.2248967418557
 20
1026.074331276288
 10
293.2249231396197
 20
1026.052533132892
 10
293.2248967418557
 20
1017.074331276288
 10
302.2248967418557
 20
1017.074331276288
 97
        0
 92
        7
 72
     0
 73
     1
 93
        4
 10
159.224947499409
 20
1026.004310772926
 10
150.2325089347382
 20
1025.982530879564
 10
150.2249443048766
 20
1017.004310772926
 10
159.224947499409
 20
1017.004310772926
 97
        0
 92
        7
 72
     0
 73
     1
 93
        4
 10
159.10452129538
 20
883.0742552159013
 10
150.1120827307091
 20
883.0524753225397
 10
150.1045181008475
 20
874.0742552159013
 10
159.10452129538
 20
874.0742552159013
 97
        0
 92
        7
 72
     0
 73
     1
 93
        4
 10
302.0000954897749
 20
759.0743243070817
 10
293.0001218875389
 20
759.0525261636856
 10
293.0000954897749
 20
750.0743243070816
 10
302.0000954897749
 20
750.0743243070816
 97
        0
 75
     1
 76
     1
 47
0.9179414576474176
 98
        5
 10
438.376661359307
 20
1021.737760852471
 10
299.7509021657306
 20
1024.719903351351
 10
156.1896109375784
 20
1022.966732221082
 10
152.8657207321949
 20
878.5965846671131
 10
298.4930102680191
 20
754.9762647460727
450
        0
451
        0
460
0.0
461
0.0
452
        0
462
0.0
453
        2
463
0.0
 63
     5
421
      255
463
1.0
 63
     2
421
 16776960
470
LINEAR
1001
GradientColor1ACI
1070
     5
1001
GradientColor2ACI
1070
     2
1001
ACAD
1010
0.0
1020
0.0
1030
0.0
  0
LWPOLYLINE
  5
62F
330
1F
100
AcDbEntity
  8
0
  6
Continuous
100
AcDbPolyline
 90
        2
 70
     0
 43
0.0
 10
159.224947499409
 20
1017.004310772892
 10
159.1465899891031
 20
924.0042582376195
  0
LWPOLYLINE
  5
630
330
1F
100
AcDbEntity
  8
0
  6
Continuous
100
AcDbPolyline
 90
        2
 70
     0
 43
0.0
 10
159.224947499409
 20
1017.004310772892
 10
159.1802921746524
 20
964.0043171265932
  0
LWPOLYLINE
  5
634
330
1F
100
AcDbEntity
  8
0
  6
Continuous
100
AcDbPolyline
 90
        2
 70
     0
 43
0.0
 10
159.1465899891031
 20
924.0042582376195
 10
159.1857687442561
 20
970.5042845052557
  0
LWPOLYLINE
  5
638
330
1F
100
AcDbEntity
  8
0
  6
Continuous
100
AcDbPolyline
 90
        2
 70
     0
 43
0.0
 10
159.2026198370307
 20
990.5043139497425
 10
159.1451314594899
 20
950.5043257900211
  0
LWPOLYLINE
  5
639
102
{ACAD_REACTORS
330
CFB
102
}
330
1F
100
AcDbEntity
  8
0
  6
Continuous
100
AcDbPolyline
 90
        6
 70
     0
 43
0.0
 10
159.2026198370307
 20
990.5043139497593
 10
159.2167234553333
 20
988.5043636783898
 10
150.2167323328548
 20
988.4917226615108
 10
150.1609155407342
 20
952.4917659325686
 10
159.1608782444387
 20
952.5176760064431
 10
159.1997454545007
 20
988.504339831789
  0
INSERT
  5
63A
102
{ACAD_REACTORS
330
CFB
102
}
330
1F
100
AcDbEntity
  8
0
  6
Continuous
100
AcDbBlockReference
  2
w1
 10
159.1997454545007
 20
988.5043398317541
 30
0.0
 50
89.99999999999855
  0
INSERT
  5
63B
330
1F
100
AcDbEntity
  8
0
  6
Continuous
100
AcDbBlockReference
  2
w2
 10
580.1456513183098
 20
874.563987195839
 30
0.0
 50
90.0
  0
LINE
  5
63E
330
1F
100
AcDbEntity
  8
0
  6
Continuous
100
AcDbLine
 10
159.1373615519739
 20
913.0513178686163
 30
0.0
 11
159.1320834166905
 21
915.0513109039262
 31
0.0
  0
INSERT
  5
645
102
{ACAD_REACTORS
330
CFB
102
}
330
1F
100
AcDbEntity
  8
0
  6
Continuous
100
AcDbBlockReference
  2
sidewin
 10
150.1421986691637
 20
913.0513178686165
 30
0.0
  0
LINE
  5
660
330
1F
100
AcDbEntity
  8
0
  6
Continuous
100
AcDbLine
 10
293.2249231396197
 20
1026.052533132892
 30
0.0
 11
302.2248967418557
 21
1026.074331276288
 31
0.0
  0
LINE
  5
661
330
1F
100
AcDbEntity
  8
0
  6
Continuous
100
AcDbLine
 10
302.2248967418557
 20
1026.074331276288
 30
0.0
 11
302.2248967418557
 21
1017.074331276288
 31
0.0
  0
LINE
  5
662
330
1F
100
AcDbEntity
  8
0
  6
Continuous
100
AcDbLine
 10
302.2248967418557
 20
1017.074331276288
 30
0.0
 11
293.2248967418557
 21
1017.074331276288
 31
0.0
  0
LINE
  5
663
330
1F
100
AcDbEntity
  8
0
  6
Continuous
100
AcDbLine
 10
293.2248967418557
 20
1017.074331276288
 30
0.0
 11
293.2249231396197
 21
1026.052533132892
 31
0.0
  0
LINE
  5
664
330
1F
100
AcDbEntity
  8
0
  6
Continuous
100
AcDbLine
 10
258.2249123595644
 20
1016.920898016101
 30
0.0
 11
258.2250234827056
 21
1017.052786560435
 31
0.0
  0
LINE
  5
665
330
1F
100
AcDbEntity
  8
0
  6
Continuous
100
AcDbLine
 10
263.2250269380792
 20
1017.055234832344
 30
0.0
 11
263.2249105848248
 21
1016.916685250605
 31
0.0
  0
LINE
  5
666
330
1F
100
AcDbEntity
  8
0
  6
Continuous
100
AcDbLine
 10
329.2248871582617
 20
1016.861076746055
 30
0.0
 11
329.225077975777
 21
1017.087552024204
 31
0.0
  0
LINE
  5
667
330
1F
100
AcDbEntity
  8
0
  6
Continuous
100
AcDbLine
 10
334.2250808347905
 20
1017.090000295821
 30
0.0
 11
334.2248853835221
 21
1016.856863980559
 31
0.0
  0
LINE
  5
669
330
1F
100
AcDbEntity
  8
0
  6
Continuous
100
AcDbLine
 10
305.1747621468872
 20
1026.087411374069
 30
0.0
 11
305.225077975777
 21
1017.087552024204
 31
0.0
  0
LINE
  5
66A
330
1F
100
AcDbEntity
  8
0
  6
Continuous
100
AcDbLine
 10
329.225077975777
 20
1017.087552024204
 30
0.0
 11
329.1816189871202
 21
1026.08744709672
 31
0.0
  0
LINE
  5
66B
330
1F
100
AcDbEntity
  8
0
  6
HIDDEN
100
AcDbLine
 10
305.1999208054477
 20
1020.587481699137
 30
0.0
 11
329.2033492255642
 21
1020.587499560462
 31
0.0
  0
LINE
  5
66C
330
1F
100
AcDbEntity
  8
0
  6
HIDDEN
100
AcDbLine
 10
305.1999193172165
 20
1022.587481699136
 30
0.0
 11
329.203347737333
 21
1022.587499560462
 31
0.0
  0
INSERT
  5
66D
102
{ACAD_REACTORS
330
CFB
102
}
330
1F
100
AcDbEntity
  8
0
  6
Continuous
100
AcDbBlockReference
  2
w1
 10
434.2324884514667
 20
989.3337636767676
 30
0.0
 41
-1.0
 50
269.945957384677
  0
LWPOLYLINE
  5
66E
330
1F
100
AcDbEntity
  8
0
  6
Continuous
100
AcDbPolyline
 90
        2
 70
     0
 43
0.0
 10
159.0833984531279
 20
849.0042213229331
 10
159.0075688077781
 20
759.0044118121865
  0
LWPOLYLINE
  5
66F
330
1F
100
AcDbEntity
  8
0
  6
Continuous
100
AcDbPolyline
 90
        2
 70
     0
 43
0.0
 10
159.0833984531279
 20
849.0042213229331
 10
159.045483630453
 20
804.0043165675597
  0
LWPOLYLINE
  5
670
330
1F
100
AcDbEntity
  8
0
  6
Continuous
100
AcDbPolyline
 90
        2
 70
     0
 43
0.0
 10
159.0833984531279
 20
849.0042213229331
 10
159.0644410417905
 20
826.5042689452464
  0
INSERT
  5
674
330
1F
100
AcDbEntity
  8
0
  6
Continuous
100
AcDbBlockReference
  2
D1
 10
293.1490223028767
 20
919.0698754893787
 30
0.0
 41
-1.0
 50
359.8008964812848
  0
LWPOLYLINE
  5
67A
330
1F
100
AcDbEntity
  8
0
  6
Continuous
100
AcDbPolyline
 90
        2
 70
     0
 43
0.0
 10
434.2324884514666
 20
879.1389527838236
 10
434.2324884514666
 20
874.1389521844209
  0
LWPOLYLINE
  5
67C
330
1F
100
AcDbEntity
  8
0
  6
Continuous
100
AcDbPolyline
 90
        2
 70
     0
 43
0.0
 10
394.2324884514666
 20
879.1193666220848
 10
394.2324884514666
 20
874.1389521844209
  0
LWPOLYLINE
  5
67E
330
1F
100
AcDbEntity
  8
0
  6
Continuous
100
AcDbPolyline
 90
        2
 70
     0
 43
0.0
 10
394.2324884514666
 20
879.1193666220848
 10
394.2324884514666
 20
874.1193666220848
  0
LWPOLYLINE
  5
67F
102
{ACAD_REACTORS
330
595
102
}
330
1F
100
AcDbEntity
  8
0
  6
Continuous
100
AcDbPolyline
 90
        2
 70
     0
 43
0.0
 10
430.2523042699883
 20
879.1370038705454
 10
434.2324884514666
 20
879.1389527838236
  0
INSERT
  5
680
330
1F
100
AcDbEntity
  8
0
  6
Continuous
100
AcDbBlockReference
  2
D1
 10
430.2328192832079
 20
874.1386813843233
 30
0.0
 41
-1.0
 50
0.3805853993130359
  0
LINE
  5
682
330
1F
100
AcDbEntity
  8
0
  6
Continuous
100
AcDbLine
 10
430.2324884514666
 20
874.1389521844209
 30
0.0
 11
434.2324884514666
 21
874.1433590773323
 31
0.0
  0
LINE
  5
684
330
1F
100
AcDbEntity
  8
0
  6
Continuous
100
AcDbLine
 10
394.2324884512319
 20
874.119366621711
 30
0.0
 11
394.2324884512319
 21
874.1193660219614
 31
0.0
  0
LWPOLYLINE
  5
733
330
1F
100
AcDbEntity
  8
0
  6
Continuous
100
AcDbPolyline
 90
        2
 70
     0
 43
0.0
 10
443.2292200329616
 20
750.1425903086703
 10
443.2324863998774
 20
874.1432534645094
  0
LWPOLYLINE
  5
741
330
1F
100
AcDbEntity
  8
0
  6
Continuous
100
AcDbPolyline
 90
        2
 70
     0
 43
0.0
 10
301.9851175701224
 20
750.0493139198657
 10
358.2254331759605
 20
750.1152410954539
  0
LWPOLYLINE
  5
749
330
1F
100
AcDbEntity
  8
0
  6
Continuous
100
AcDbPolyline
 90
        3
 70
     0
 43
0.0
 10
430.2324694649647
 20
750.1369815265855
 10
434.232468973915
 20
750.1389635449426
 10
434.2324603607199
 20
750.1434011055571
  0
LWPOLYLINE
  5
74A
330
1F
100
AcDbEntity
  8
0
  6
Continuous
100
AcDbPolyline
 90
        2
 70
     0
 43
0.0
 10
430.2332158071168
 20
755.1369825102136
 10
434.0193765360452
 20
755.1388585704608
  0
LWPOLYLINE
  5
74B
330
1F
100
AcDbEntity
  8
0
  6
Continuous
100
AcDbPolyline
 90
        2
 70
     0
 43
0.0
 10
301.9792563716582
 20
755.0493104844998
 10
358.2195719774962
 20
755.115237660088
  0
LWPOLYLINE
  5
74C
330
1F
100
AcDbEntity
  8
0
  6
Continuous
100
AcDbPolyline
 90
        2
 70
     0
 43
0.0
 10
430.2332110102393
 20
755.1369808103011
 10
434.2324884514665
 20
755.1389641684059
  0
LWPOLYLINE
  5
74D
330
1F
100
AcDbEntity
  8
0
  6
Continuous
100
AcDbPolyline
 90
        2
 70
     0
 43
0.0
 10
430.2337935011677
 20
759.1370228951514
 10
430.2324884514665
 20
759.1370222570713
  0
INSERT
  5
766
102
{ACAD_REACTORS
330
CFB
102
}
330
1F
100
AcDbEntity
  8
0
  6
HIDDEN
100
AcDbBlockReference
  2
updown w1
 10
349.8318395328409
 20
755.1054052204278
 30
0.0
  0
LWPOLYLINE
  5
767
330
1F
100
AcDbEntity
  8
0
  6
HIDDEN
100
AcDbPolyline
 90
        2
 70
     0
 43
0.0
 10
301.9851175701224
 20
750.0493139198657
 10
330.1052753730414
 20
750.0822775076598
  0
LWPOLYLINE
  5
768
330
1F
100
AcDbEntity
  8
0
  6
HIDDEN
100
AcDbPolyline
 90
        2
 70
     0
 43
0.0
 10
301.9851175701224
 20
750.0493139198657
 10
316.0451964715819
 20
750.0657957137628
  0
LWPOLYLINE
  5
769
330
1F
100
AcDbEntity
  8
0
  6
HIDDEN
100
AcDbPolyline
 90
        2
 70
     0
 43
0.0
 10
358.2324884514665
 20
750.1433772926532
 10
330.1052753730414
 20
750.0822775076598
  0
LWPOLYLINE
  5
76A
330
1F
100
AcDbEntity
  8
0
  6
HIDDEN
100
AcDbPolyline
 90
        2
 70
     0
 43
0.0
 10
358.2324884514665
 20
750.1433772926532
 10
344.1688819122539
 20
750.1128274001564
  0
LWPOLYLINE
  5
76C
102
{ACAD_REACTORS
330
AD5
102
}
330
1F
100
AcDbEntity
  8
0
  6
Continuous
100
AcDbPolyline
 90
        5
 70
     0
 43
0.0
 10
150.0075688077781
 20
750.0044118121865
 10
150.2325235764588
 20
1025.999908675116
 10
443.2324884514666
 20
1026.143377292653
 10
443.2292200329616
 20
750.1425903086703
 10
149.9999789210688
 20
750.0000066407433
  0
LWPOLYLINE
  5
76D
330
1F
100
AcDbEntity
  8
0
  6
Continuous
100
AcDbPolyline
 90
        5
 70
     0
 43
0.0
 10
302.0000954897748
 20
759.0739182535704
 10
159.0149073817878
 20
759.0043912428863
 10
159.2251945527903
 20
1017.004310893896
 10
434.2323818200752
 20
1017.138969275125
 10
434.2293265590801
 20
759.138215145318
  0
LWPOLYLINE
  5
76E
330
1F
100
AcDbEntity
  8
0
  6
Continuous
100
AcDbPolyline
 90
        3
 70
     0
 43
0.0
 10
297.1803980616331
 20
964.0718548634437
 10
297.1466959077567
 20
924.0718335658264
 10
293.1465739236784
 20
924.0698748024317
  0
LWPOLYLINE
  5
76F
330
1F
100
AcDbEntity
  8
0
  6
Continuous
100
AcDbPolyline
 90
        3
 70
     0
 43
0.0
 10
302.1803962868935
 20
964.0676420979476
 10
302.1424869761544
 20
919.0742792849353
 10
293.1490223029624
 20
919.0698754018878
  0
LWPOLYLINE
  5
771
330
1F
100
AcDbEntity
  8
0
  6
Continuous
100
AcDbPolyline
 90
        2
 70
     0
 43
0.0
 10
258.2249123595644
 20
1016.920898016101
 10
258.221653267318
 20
1013.052784430673
  0
LWPOLYLINE
  5
773
330
1F
100
AcDbEntity
  8
0
  6
Continuous
100
AcDbPolyline
 90
        2
 70
     0
 43
0.0
 10
263.2249105848248
 20
1016.916685250605
 10
263.2216571048582
 20
1013.055232702769
  0
LWPOLYLINE
  5
775
330
1F
100
AcDbEntity
  8
0
  6
Continuous
100
AcDbPolyline
 90
        2
 70
     0
 43
0.0
 10
159.1465899891031
 20
924.0042582376195
 10
159.1490383683872
 20
919.0042588370757
  0
LWPOLYLINE
  5
776
330
1F
100
AcDbEntity
  8
0
  6
Continuous
100
AcDbPolyline
 90
        2
 70
     0
 43
0.0
 10
293.1465739236784
 20
924.0698748024316
 10
293.1490223029624
 20
919.0698754018878
  0
LWPOLYLINE
  5
777
330
1F
100
AcDbEntity
  8
0
  6
Continuous
100
AcDbPolyline
 90
        2
 70
     0
 43
0.0
 10
257.1465782397626
 20
924.0522464715866
 10
257.1490266190467
 20
919.0522470710428
  0
LWPOLYLINE
  5
778
330
1F
100
AcDbEntity
  8
0
  6
Continuous
100
AcDbPolyline
 90
        2
 70
     0
 43
0.0
 10
257.1490266190467
 20
919.0522470710428
 10
159.1490383683872
 20
919.0042588370757
  0
LWPOLYLINE
  5
779
330
1F
100
AcDbEntity
  8
0
  6
Continuous
100
AcDbPolyline
 90
        2
 70
     0
 43
0.0
 10
293.1490223029195
 20
919.0698754893787
 10
302.1424869760624
 20
919.0742791757207
  0
LWPOLYLINE
  5
77A
330
1F
100
AcDbEntity
  8
0
  6
Continuous
100
AcDbPolyline
 90
        2
 70
     0
 43
0.0
 10
257.1465782397626
 20
924.0522464715866
 10
159.1465899891031
 20
924.0042582376195
  0
LWPOLYLINE
  5
77B
330
1F
100
AcDbEntity
  8
0
  6
Continuous
100
AcDbPolyline
 90
        2
 70
     0
 43
0.0
 10
293.1465739236355
 20
924.0698748899225
 10
297.1466959077567
 20
924.0718335658264
  0
INSERT
  5
77C
330
1F
100
AcDbEntity
  8
0
  6
Continuous
100
AcDbBlockReference
  2
D1
 10
258.2216532673181
 20
1013.052784430673
 30
0.0
 50
270.0
  0
LWPOLYLINE
  5
781
330
1F
100
AcDbEntity
  8
0
  6
Continuous
100
AcDbPolyline
 90
        2
 70
     0
 43
0.0
 10
159.2251945527903
 20
1017.004310893896
 10
434.2324884514667
 20
1017.138969327337
  0
LWPOLYLINE
  5
782
330
1F
100
AcDbEntity
  8
0
  6
Continuous
100
AcDbPolyline
 90
        2
 70
     0
 43
0.0
 10
258.221653267318
 20
1013.052784430673
 10
263.2216571048582
 20
1013.055232702769
  0
LWPOLYLINE
  5
783
330
1F
100
AcDbEntity
  8
0
  6
Continuous
100
AcDbPolyline
 90
        2
 70
     0
 43
0.0
 10
258.1913213288292
 20
977.0527652628173
 10
263.1913251663694
 20
977.0552135349137
  0
LWPOLYLINE
  5
784
330
1F
100
AcDbEntity
  8
0
  6
Continuous
100
AcDbPolyline
 90
        2
 70
     0
 43
0.0
 10
159.2251945527903
 20
1017.004310893896
 10
159.0149073817878
 20
759.0043912428863
  0
LWPOLYLINE
  5
787
330
1F
100
AcDbEntity
  8
0
  6
Continuous
100
AcDbPolyline
 90
        2
 70
     0
 43
0.0
 10
293.0924365840235
 20
854.0698399897178
 10
297.0877171384728
 20
854.0717962949961
  0
LWPOLYLINE
  5
788
330
1F
100
AcDbEntity
  8
0
  6
Continuous
100
AcDbPolyline
 90
        2
 70
     0
 43
0.0
 10
293.0883612478679
 20
849.0698373948104
 10
297.0835043692383
 20
849.071793632794
  0
LWPOLYLINE
  5
789
330
1F
100
AcDbEntity
  8
0
  6
Continuous
100
AcDbPolyline
 90
        2
 70
     0
 43
0.0
 10
257.1476616400889
 20
921.8397620673042
 10
257.1453896276867
 20
919.0522452900957
  0
LWPOLYLINE
  5
78A
330
1F
100
AcDbEntity
  8
0
  6
Continuous
100
AcDbPolyline
 90
        4
 70
     0
 43
0.0
 10
258.1913213288292
 20
977.0527652628173
 10
258.1803681288193
 20
964.0527583410917
 10
334.1804264594309
 20
964.0899720769571
 10
334.2250808347905
 20
1017.090000295821
  0
LWPOLYLINE
  5
78B
330
1F
100
AcDbEntity
  8
0
  6
Continuous
100
AcDbPolyline
 90
        2
 70
     0
 43
0.0
 10
258.221653267318
 20
1013.052784430673
 10
258.2249123595644
 20
1016.920898016101
  0
LWPOLYLINE
  5
78C
330
1F
100
AcDbEntity
  8
0
  6
Continuous
100
AcDbPolyline
 90
        4
 70
     0
 43
0.0
 10
263.1913251663694
 20
977.0552135349136
 10
263.1845847355941
 20
969.0552092753903
 10
329.1846352989343
 20
969.0875264670177
 10
329.2250826094523
 20
1017.094212969003
  0
LWPOLYLINE
  5
78D
330
1F
100
AcDbEntity
  8
0
  6
Continuous
100
AcDbPolyline
 90
        2
 70
     0
 43
0.0
 10
263.2216571048582
 20
1013.055232702769
 10
263.2249105848248
 20
1016.916685250605
  0
LWPOLYLINE
  5
78E
330
1F
100
AcDbEntity
  8
0
  6
Continuous
100
AcDbPolyline
 90
        2
 70
     0
 43
0.0
 10
434.2209860451021
 20
977.1389588999161
 10
434.2520746108574
 20
977.138974122558
  0
LWPOLYLINE
  5
790
330
1F
100
AcDbEntity
  8
0
  6
Continuous
100
AcDbPolyline
 90
        2
 70
     0
 43
0.0
 10
334.221710693254
 20
1013.089998166095
 10
334.2217115979295
 20
1013.089998166538
  0
LWPOLYLINE
  5
791
330
1F
100
AcDbEntity
  8
0
  6
Continuous
100
AcDbPolyline
 90
        2
 70
     0
 43
0.0
 10
434.2323344518202
 20
1013.138968772409
 10
434.2344470674058
 20
1013.138969806859
  0
LWPOLYLINE
  5
792
330
1F
100
AcDbEntity
  8
0
  6
Continuous
100
AcDbPolyline
 90
        2
 70
     0
 43
0.0
 10
257.0924102583774
 20
854.0522124312625
 10
257.0883349222219
 20
849.052209836355
  0
LWPOLYLINE
  5
793
330
1F
100
AcDbEntity
  8
0
  6
Continuous
100
AcDbPolyline
 90
        2
 70
     0
 43
0.0
 10
293.1160593758449
 20
883.0524848311298
 10
293.10874151889
 20
874.0742552159013
  0
LWPOLYLINE
  5
794
330
1F
100
AcDbEntity
  8
0
  6
Continuous
100
AcDbPolyline
 90
        2
 70
     0
 43
0.0
 10
293.1494912902015
 20
924.0698763184229
 10
293.1476688242225
 20
921.833905032587
  0
LWPOLYLINE
  5
795
330
1F
100
AcDbEntity
  8
0
  6
Continuous
100
AcDbPolyline
 90
        2
 70
     0
 43
0.0
 10
257.0149790080333
 20
759.0523307360293
 10
257.0148748294429
 20
758.9245147222239
  0
LWPOLYLINE
  5
796
330
1F
100
AcDbEntity
  8
0
  6
Continuous
100
AcDbPolyline
 90
        2
 70
     0
 43
0.0
 10
293.0150053124822
 20
759.0699322879456
 10
293.0148628714386
 20
758.8951723268785
  0
LWPOLYLINE
  5
797
330
1F
100
AcDbEntity
  8
0
  6
Continuous
100
AcDbPolyline
 90
        2
 70
     0
 43
0.0
 10
293.0924365840235
 20
854.0698399897178
 10
293.0883612478679
 20
849.0698373948104
  0
LWPOLYLINE
  5
799
330
1F
100
AcDbEntity
  8
0
  6
Continuous
100
AcDbPolyline
 90
        2
 70
     0
 43
0.0
 10
443.2306884577864
 20
874.143359070812
 10
443.2324884514665
 20
750.1433772926532
  0
LWPOLYLINE
  5
79B
330
1F
100
AcDbEntity
  8
0
  6
Continuous
100
AcDbPolyline
 90
        2
 70
     0
 43
0.0
 10
443.2315884546264
 20
812.1433681817326
 10
443.2306884577864
 20
874.143359070812
  0
LWPOLYLINE
  5
79C
330
1F
100
AcDbEntity
  8
0
  6
Continuous
100
AcDbPolyline
 90
        2
 70
     0
 43
0.0
 10
443.2306884577864
 20
874.143359070812
 10
443.2311384562064
 20
843.1433636262723
  0
INSERT
  5
7A1
330
1F
100
AcDbEntity
  8
0
  6
Continuous
100
AcDbBlockReference
  2
landfoill
 10
618.4691784901352
 20
821.3278954084092
 30
0.0
 50
180.0
  0
INSERT
  5
92E
102
{ACAD_XDICTIONARY
360
92F
102
}
330
1F
100
AcDbEntity
  8
0 @ 1
  6
Continuous
100
AcDbBlockReference
  2
*U21
 10
256.9999771463291
 20
734.7605006816904
 30
0.0
  0
INSERT
  5
9CB
102
{ACAD_XDICTIONARY
360
9CC
102
}
330
1F
100
AcDbEntity
  8
0 @ 1
  6
Continuous
100
AcDbBlockReference
  2
*U26
 10
232.9999771463291
 20
698.2594086357906
 30
0.0
  0
LWPOLYLINE
  5
A3C
330
1F
100
AcDbEntity
  8
0
  6
Continuous
100
AcDbPolyline
 90
        2
 70
     0
 43
0.0
 10
430.2337933927658
 20
759.1362723043788
 10
430.2324884514665
 20
759.1362716698469
  0
MTEXT
  5
A3F
330
1F
100
AcDbEntity
  8
0
  6
Continuous
100
AcDbMText
 10
384.439237523833
 20
745.9666540660361
 30
0.0
 40
4.0
 41
31.33472714491563
 71
     1
 72
     5
  1
6' Grill Door
 73
     1
 44
1.0
1001
ACAD
1000
ACAD_MTEXT_COLUMN_INFO_BEGIN
1070
    75
1070
     2
1070
    79
1070
     0
1070
    76
1070
     1
1070
    78
1070
     0
1070
    48
1040
31.33472714491563
1070
    49
1040
12.5
1070
    50
1070
     1
1040
9.748279489290596
1000
ACAD_MTEXT_COLUMN_INFO_END
  0
MTEXT
  5
A40
330
1F
100
AcDbEntity
  8
0
  6
Continuous
100
AcDbMText
 10
298.9393150979236
 20
730.5663174187086
 30
0.0
 40
6.0
 41
18.53061225909353
 71
     1
 72
     5
  1
DN
 73
     1
 44
1.0
1001
ACAD
1000
ACAD_MTEXT_COLUMN_INFO_BEGIN
1070
    75
1070
     2
1070
    79
1070
     0
1070
    76
1070
     1
1070
    78
1070
     0
1070
    48
1040
18.53061225909353
1070
    49
1040
12.5
1070
    50
1070
     1
1040
-6.0
1000
ACAD_MTEXT_COLUMN_INFO_END
  0
MTEXT
  5
A41
330
1F
100
AcDbEntity
  8
0
  6
Continuous
100
AcDbMText
 10
298.9393150979236
 20
698.267436384204
 30
0.0
 40
6.0
 41
18.53061225909353
 71
     1
 72
     5
  1
UP
 73
     1
 44
1.0
1001
ACAD
1000
ACAD_MTEXT_COLUMN_INFO_BEGIN
1070
    75
1070
     2
1070
    79
1070
     0
1070
    76
1070
     1
1070
    78
1070
     0
1070
    48
1040
18.53061225909353
1070
    49
1040
12.5
1070
    50
1070
     1
1040
-6.102319236016371
1000
ACAD_MTEXT_COLUMN_INFO_END
  0
MTEXT
  5
A42
330
1F
100
AcDbEntity
  8
0
  6
Continuous
100
AcDbMText
 10
406.509568699199
 20
868.0199843474545
 30
0.0
 40
6.0
 41
18.53061225909353
 71
     1
 72
     5
  1
MD
 73
     1
 44
1.0
1001
ACAD
1000
ACAD_MTEXT_COLUMN_INFO_BEGIN
1070
    75
1070
     2
1070
    79
1070
     0
1070
    76
1070
     1
1070
    78
1070
     0
1070
    48
1040
18.53061225909353
1070
    49
1040
12.5
1070
    50
1070
     1
1040
-6.0
1000
ACAD_MTEXT_COLUMN_INFO_END
  0
MTEXT
  5
A43
330
1F
100
AcDbEntity
  8
0
  6
Continuous
100
AcDbMText
 10
463.3088881226968
 20
824.2629484470312
 30
0.0
 40
6.0
 41
18.53061225909353
 71
     1
 72
     5
  1
W
 73
     1
 44
1.0
1001
ACAD
1000
ACAD_MTEXT_COLUMN_INFO_BEGIN
1070
    75
1070
     2
1070
    79
1070
     0
1070
    76
1070
     1
1070
    78
1070
     0
1070
    48
1040
18.53061225909353
1070
    49
1040
12.5
1070
    50
1070
     1
1040
-6.0
1000
ACAD_MTEXT_COLUMN_INFO_END
  0
MTEXT
  5
A44
330
1F
100
AcDbEntity
  8
0
  6
Continuous
100
AcDbMText
 10
315.7989808393186
 20
804.9023469737193
 30
0.0
 40
6.0
 41
18.53061225909353
 71
     1
 72
     5
  1
W3
 73
     1
 44
1.0
1001
ACAD
1000
ACAD_MTEXT_COLUMN_INFO_BEGIN
1070
    75
1070
     2
1070
    79
1070
     0
1070
    76
1070
     1
1070
    78
1070
     0
1070
    48
1040
18.53061225909353
1070
    49
1040
12.5
1070
    50
1070
     1
1040
-6.130968622100954
1000
ACAD_MTEXT_COLUMN_INFO_END
  0
MTEXT
  5
A45
330
1F
100
AcDbEntity
  8
0
  6
Continuous
100
AcDbMText
 10
217.082206948231
 20
814.9815345944646
 30
0.0
 40
6.0
 41
18.53061225909353
 71
     1
 72
     5
  1
KITCHEN\P{\H0.66667x;7'6"X11'6"}
 73
     1
 44
1.0
1001
ACAD
1000
ACAD_MTEXT_COLUMN_INFO_BEGIN
1070
    75
1070
     2
1070
    79
1070
     0
1070
    76
1070
     1
1070
    78
1070
     0
1070
    48
1040
18.53061225909353
1070
    49
1040
12.5
1070
    50
1070
     1
1040
-14.18692356070941
1000
ACAD_MTEXT_COLUMN_INFO_END
  0
MTEXT
  5
A46
330
1F
100
AcDbEntity
  8
0
  6
Continuous
100
AcDbMText
 10
219.3545787297826
 20
890.5733329177895
 30
0.0
 40
6.0
 41
18.53061225909353
 71
     1
 72
     5
  1
DINNING\P{\H0.66667x;5'X11'6"}
 73
     1
 44
1.0
1001
ACAD
1000
ACAD_MTEXT_COLUMN_INFO_BEGIN
1070
    75
1070
     2
1070
    79
1070
     0
1070
    76
1070
     1
1070
    78
1070
     0
1070
    48
1040
18.53061225909353
1070
    49
1040
12.5
1070
    50
1070
     1
1040
-14.18692356070941
1000
ACAD_MTEXT_COLUMN_INFO_END
  0
MTEXT
  5
A47
330
1F
100
AcDbEntity
  8
0
  6
Continuous
100
AcDbMText
 10
198.8381084216744
 20
982.2277871093131
 30
0.0
 40
6.0
 41
18.53061225909353
 71
     1
 72
     5
  1
BEDROOM {\H0.66667x;    7'9"X11'6"}
 73
     1
 44
1.0
1001
ACAD
1000
ACAD_MTEXT_COLUMN_INFO_BEGIN
1070
    75
1070
     2
1070
    79
1070
     0
1070
    76
1070
     1
1070
    78
1070
     0
1070
    48
1040
18.53061225909353
1070
    49
1040
12.5
1070
    50
1070
     1
1040
-14.19101633015007
1000
ACAD_MTEXT_COLUMN_INFO_END
  0
MTEXT
  5
A48
330
1F
100
AcDbEntity
  8
0
  6
Continuous
100
AcDbMText
 10
298.8891105908824
 20
998.1301090607592
 30
0.0
 40
6.0
 41
18.53061225909353
 71
     1
 72
     5
  1
  T\P{\H0.5x;4' X 5'6"}
 73
     1
 44
1.0
1001
ACAD
1000
ACAD_MTEXT_COLUMN_INFO_BEGIN
1070
    75
1070
     2
1070
    79
1070
     0
1070
    76
1070
     1
1070
    78
1070
     0
1070
    48
1040
18.53061225909353
1070
    49
1040
12.5
1070
    50
1070
     1
1040
-13.06343792633015
1000
ACAD_MTEXT_COLUMN_INFO_END
  0
MTEXT
  5
A49
330
1F
100
AcDbEntity
  8
0
  6
Continuous
100
AcDbMText
 10
245.7627013124011
 20
997.7043172688911
 30
0.0
 40
6.0
 41
18.53061225909353
 71
     1
 72
     5
  1
D1
 73
     1
 44
1.0
1001
ACAD
1000
ACAD_MTEXT_COLUMN_INFO_BEGIN
1070
    75
1070
     2
1070
    79
1070
     0
1070
    76
1070
     1
1070
    78
1070
     0
1070
    48
1040
18.53061225909353
1070
    49
1040
12.5
1070
    50
1070
     1
1040
-6.024556616643928
1000
ACAD_MTEXT_COLUMN_INFO_END
  0
MTEXT
  5
A4A
330
1F
100
AcDbEntity
  8
0
  6
Continuous
100
AcDbMText
 10
313.1223070286114
 20
1034.623014726526
 30
0.0
 40
6.0
 41
18.53061225909353
 71
     1
 72
     5
  1
V
 73
     1
 44
1.0
1001
ACAD
1000
ACAD_MTEXT_COLUMN_INFO_BEGIN
1070
    75
1070
     2
1070
    79
1070
     0
1070
    76
1070
     1
1070
    78
1070
     0
1070
    48
1040
18.53061225909353
1070
    49
1040
12.5
1070
    50
1070
     1
1040
-6.0
1000
ACAD_MTEXT_COLUMN_INFO_END
  0
MTEXT
  5
A4B
330
1F
100
AcDbEntity
  8
0
  6
Continuous
100
AcDbMText
 10
460.8333076306517
 20
976.8978557940372
 30
0.0
 40
6.0
 41
18.53061225909353
 71
     1
 72
     5
  1
W1
 73
     1
 44
1.0
1001
ACAD
1000
ACAD_MTEXT_COLUMN_INFO_BEGIN
1070
    75
1070
     2
1070
    79
1070
     0
1070
    76
1070
     1
1070
    78
1070
     0
1070
    48
1040
18.53061225909353
1070
    49
1040
12.5
1070
    50
1070
     1
1040
-6.024556616643928
1000
ACAD_MTEXT_COLUMN_INFO_END
  0
MTEXT
  5
A4C
330
1F
100
AcDbEntity
  8
0
  6
Continuous
100
AcDbMText
 10
121.2026978815102
 20
906.9073885818632
 30
0.0
 40
6.0
 41
18.53061225909353
 71
     1
 72
     5
  1
W2
 73
     1
 44
1.0
1001
ACAD
1000
ACAD_MTEXT_COLUMN_INFO_BEGIN
1070
    75
1070
     2
1070
    79
1070
     0
1070
    76
1070
     1
1070
    78
1070
     0
1070
    48
1040
18.53061225909353
1070
    49
1040
12.5
1070
    50
1070
     1
1040
-6.024556616643928
1000
ACAD_MTEXT_COLUMN_INFO_END
  0
MTEXT
  5
A4D
330
1F
100
AcDbEntity
  8
0
  6
Continuous
100
AcDbMText
 10
121.7486477394486
 20
976.1864721009435
 30
0.0
 40
6.0
 41
18.53061225909353
 71
     1
 72
     5
  1
W1
 73
     1
 44
1.0
1001
ACAD
1000
ACAD_MTEXT_COLUMN_INFO_BEGIN
1070
    75
1070
     2
1070
    79
1070
     0
1070
    76
1070
     1
1070
    78
1070
     0
1070
    48
1040
18.53061225909353
1070
    49
1040
12.5
1070
    50
1070
     1
1040
-6.024556616643928
1000
ACAD_MTEXT_COLUMN_INFO_END
  0
MTEXT
  5
A4E
330
1F
100
AcDbEntity
  8
0
  6
Continuous
100
AcDbMText
 10
121.7486477394486
 20
807.0806026742473
 30
0.0
 40
6.0
 41
18.53061225909353
 71
     1
 72
     5
  1
W
 73
     1
 44
1.0
1001
ACAD
1000
ACAD_MTEXT_COLUMN_INFO_BEGIN
1070
    75
1070
     2
1070
    79
1070
     0
1070
    76
1070
     1
1070
    78
1070
     0
1070
    48
1040
18.53061225909353
1070
    49
1040
12.5
1070
    50
1070
     1
1040
-6.0
1000
ACAD_MTEXT_COLUMN_INFO_END
  0
MTEXT
  5
A4F
330
1F
100
AcDbEntity
  8
0
  6
Continuous
100
AcDbMText
 10
325.915258755894
 20
738.1030039838192
 30
0.0
 40
6.0
 41
18.53061225909353
 71
     1
 72
     5
  1
W3
 73
     1
 44
1.0
1001
ACAD
1000
ACAD_MTEXT_COLUMN_INFO_BEGIN
1070
    75
1070
     2
1070
    79
1070
     0
1070
    76
1070
     1
1070
    78
1070
     0
1070
    48
1040
18.53061225909353
1070
    49
1040
12.5
1070
    50
1070
     1
1040
-6.130968622100954
1000
ACAD_MTEXT_COLUMN_INFO_END
  0
MTEXT
  5
A50
330
1F
100
AcDbEntity
  8
0
  6
Continuous
100
AcDbMText
 10
275.1491340162018
 20
919.1332921056757
 30
0.0
 40
6.0
 41
18.53061225909353
 71
     1
 72
     5
  1
D
 73
     1
 44
1.0
1001
ACAD
1000
ACAD_MTEXT_COLUMN_INFO_BEGIN
1070
    75
1070
     2
1070
    79
1070
     0
1070
    76
1070
     1
1070
    78
1070
     0
1070
    48
1040
18.53061225909353
1070
    49
1040
12.5
1070
    50
1070
     1
1040
-6.0
1000
ACAD_MTEXT_COLUMN_INFO_END
  0
MTEXT
  5
A51
330
1F
100
AcDbEntity
  8
0
  6
Continuous
100
AcDbMText
 10
364.1596804705241
 20
970.0474068992974
 30
0.0
 40
6.0
 41
18.53061225909353
 71
     1
 72
     5
  1
HALL\P{\H0.66667x;11'6"X11'}
 73
     1
 44
1.0
1001
ACAD
1000
ACAD_MTEXT_COLUMN_INFO_BEGIN
1070
    75
1070
     2
1070
    79
1070
     0
1070
    76
1070
     1
1070
    78
1070
     0
1070
    48
1040
18.53061225909353
1070
    49
1040
12.5
1070
    50
1070
     1
1040
-14.08460432469304
1000
ACAD_MTEXT_COLUMN_INFO_END
  0
MTEXT
  5
A52
330
1F
100
AcDbEntity
  8
0
  6
Continuous
100
AcDbMText
 10
356.3536700950435
 20
837.4750394199007
 30
0.0
 40
6.0
 41
18.53061225909353
 71
     1
 72
     5
  1
VARANDA\P{\H0.66667x;9'6"X11'}
 73
     1
 44
1.0
1001
ACAD
1000
ACAD_MTEXT_COLUMN_INFO_BEGIN
1070
    75
1070
     2
1070
    79
1070
     0
1070
    76
1070
     1
1070
    78
1070
     0
1070
    48
1040
18.53061225909353
1070
    49
1040
12.5
1070
    50
1070
     1
1040
-14.08460432469304
1000
ACAD_MTEXT_COLUMN_INFO_END
  0
MTEXT
  5
A53
330
1F
100
AcDbEntity
  8
0
  6
Continuous
100
AcDbMText
 10
378.8979609713242
 20
1049.886244389208
 30
0.0
 40
6.0
 41
18.53061225909353
 71
     1
 72
     5
  1
W
 73
     1
 44
1.0
1001
ACAD
1000
ACAD_MTEXT_COLUMN_INFO_BEGIN
1070
    75
1070
     2
1070
    79
1070
     0
1070
    76
1070
     1
1070
    78
1070
     0
1070
    48
1040
18.53061225909353
1070
    49
1040
12.5
1070
    50
1070
     1
1040
-6.0
1000
ACAD_MTEXT_COLUMN_INFO_END
  0
MTEXT
  5
A54
330
1F
100
AcDbEntity
  8
0
  6
Continuous
100
AcDbMText
 10
215.3574952146346
 20
1049.886244389208
 30
0.0
 40
6.0
 41
18.53061225909353
 71
     1
 72
     5
  1
W1
 73
     1
 44
1.0
1001
ACAD
1000
ACAD_MTEXT_COLUMN_INFO_BEGIN
1070
    75
1070
     2
1070
    79
1070
     0
1070
    76
1070
     1
1070
    78
1070
     0
1070
    48
1040
18.53061225909353
1070
    49
1040
12.5
1070
    50
1070
     1
1040
-6.024556616643928
1000
ACAD_MTEXT_COLUMN_INFO_END
  0
LWPOLYLINE
  5
A55
330
1F
100
AcDbEntity
  8
0
  6
Continuous
100
AcDbPolyline
 90
        2
 70
     0
 43
0.0
 10
293.2248967418557
 20
1017.074331276288
 10
159.2251945527903
 20
1017.004310893896
  0
INSERT
  5
A57
102
{ACAD_REACTORS
330
CFB
102
}
330
1F
100
AcDbEntity
  8
0
  6
Continuous
100
AcDbBlockReference
  2
w1
 10
238.716779879278
 20
1017.043234270073
 30
0.0
  0
LWPOLYLINE
  5
A5B
330
1F
100
AcDbEntity
  8
0
  6
Continuous
100
AcDbPolyline
 90
        2
 70
     0
 43
0.0
 10
334.2250808347904
 20
1017.090000295821
 10
434.2324884514667
 20
1017.138969327337
  0
LWPOLYLINE
  5
A5C
330
1F
100
AcDbEntity
  8
0
  6
Continuous
100
AcDbPolyline
 90
        2
 70
     0
 43
0.0
 10
434.2324884514667
 20
1017.138969327337
 10
384.2287846431286
 20
1017.114484811579
  0
LWPOLYLINE
  5
A5D
330
1F
100
AcDbEntity
  8
0
  6
Continuous
100
AcDbPolyline
 90
        2
 70
     0
 43
0.0
 10
434.2324884514667
 20
1017.138969327337
 10
409.2306365472976
 20
1017.126727069458
  0
INSERT
  5
A74
102
{ACAD_REACTORS
330
CFB
102
}
330
1F
100
AcDbEntity
  8
0
  6
Continuous
100
AcDbBlockReference
  2
W4
 10
421.7315624993822
 20
1017.132848198398
 30
0.0
  0
INSERT
  5
A7A
102
{ACAD_REACTORS
330
CFB
102
}
330
1F
100
AcDbEntity
  8
0
  6
Continuous
100
AcDbBlockReference
  2
RIGPT W
 10
443.2309134569964
 20
858.6433613485422
 30
0.0
 50
270.0
  0
INSERT
  5
A7B
330
1F
100
AcDbEntity
  8
0
  6
Continuous
100
AcDbBlockReference
  2
w1
 10
-243.3121561427496
 20
636.7851535934298
 30
0.0
 50
89.99999999999855
  0
INSERT
  5
A7C
102
{ACAD_REACTORS
330
CFB
102
}
330
1F
100
AcDbEntity
  8
0
  6
Continuous
100
AcDbBlockReference
  2
W4
 10
159.0816251509276
 20
840.8599747066862
 30
0.0
 50
89.99999999999855
  0
LINE
  5
A7D
330
1F
100
AcDbEntity
  8
0
  6
Continuous
100
AcDbLine
 10
297.0582298735476
 20
783.0742934842449
 30
0.0
 11
297.0582298735476
 21
819.0742934842449
 31
0.0
  0
LINE
  5
A7F
330
1F
100
AcDbEntity
  8
0
  6
Continuous
100
AcDbLine
 10
302.0582280839033
 20
819.0785239026333
 30
0.0
 11
302.0582280839034
 21
783.0742934842448
 31
0.0
  0
LINE
  5
A8E
330
1F
100
AcDbEntity
  8
0
  6
Continuous
100
AcDbLine
 10
302.0645871251184
 20
826.6258689467682
 30
0.0
 11
302.0636211354528
 21
829.6258687912455
 31
0.0
  0
LINE
  5
A93
330
1F
100
AcDbEntity
  8
0
  6
Continuous
100
AcDbLine
 10
302.0266904202921
 20
781.6390068196068
 30
0.0
 11
302.0582280839034
 21
783.0742934842448
 31
0.0
  0
INSERT
  5
AA4
102
{ACAD_REACTORS
330
CFB
102
}
330
1F
100
AcDbEntity
  8
0
  6
HIDDEN
100
AcDbBlockReference
  2
PEPO
 10
302.0611735470704
 20
822.5659401721864
 30
0.0
  0
DIMENSION
  5
AA5
102
{ACAD_REACTORS
330
ABC
102
}
102
{ACAD_XDICTIONARY
360
AB2
102
}
330
1F
100
AcDbEntity
  8
0
  6
HIDDEN
100
AcDbDimension
  2
*D31
 10
298.7107939821016
 20
1059.211598055267
 30
0.0
 11
226.7069517270462
 21
1068.197233698949
 31
0.0
 70
    33
  1
12'
 71
     5
 42
144.0
  3
ISO-25
100
AcDbAlignedDimension
 13
154.7249606982911
 23
1025.993411701228
 33
0.0
 14
298.7249475786181
 24
1026.054880926446
 34
0.0
1001
ACAD
1000
DSTYLE
1002
{
1070
   140
1040
8.0
1070
   147
1040
5.0
1002
}
  0
DIMENSION
  5
ABE
102
{ACAD_REACTORS
330
AD5
102
}
102
{ACAD_XDICTIONARY
360
ACB
102
}
330
1F
100
AcDbEntity
  8
0
  6
HIDDEN
100
AcDbDimension
  2
*D32
 10
299.2190713220407
 20
1059.211804101021
 30
0.0
 11
371.2154103447708
 21
1068.257361835955
 31
0.0
 70
    33
  1
12'
 71
     5
 42
144.0000000000001
  3
ISO-25
100
AcDbAlignedDimension
 13
443.2324884514666
 23
1026.143377292653
 33
0.0
 14
299.2325002834699
 24
1026.08500249662
 34
0.0
1001
ACAD
1000
DSTYLE
1002
{
1070
   140
1040
8.0
1070
   147
1040
5.0
1002
}
  0
DIMENSION
  5
B25
102
{ACAD_REACTORS
330
B3C
102
}
102
{ACAD_XDICTIONARY
360
B32
102
}
330
1F
100
AcDbEntity
  8
0
  6
HIDDEN
100
AcDbDimension
  2
*D34
 10
111.9085254877921
 20
874.5244365587249
 30
0.0
 11
102.7753065468438
 21
814.5318205427095
 31
0.0
 70
    33
  1
10'
 71
     5
 42
120.0
  3
ISO-25
100
AcDbAlignedDimension
 13
150.0075820066601
 23
754.4935127404884
 33
0.0
 14
150.1048580547363
 24
874.4934733128589
 34
0.0
1001
ACAD
1000
DSTYLE
1002
{
1070
   140
1040
8.0
1070
   147
1040
5.0
1002
}
  0
DIMENSION
  5
B3D
102
{ACAD_REACTORS
330
B54
102
}
102
{ACAD_XDICTIONARY
360
B4A
102
}
330
1F
100
AcDbEntity
  8
0
  6
HIDDEN
100
AcDbDimension
  2
*D35
 10
112.1149709862536
 20
877.5254702900494
 30
0.0
 11
103.1592669319786
 21
949.5330415051942
 31
0.0
 70
    33
  1
12'
 71
     5
 42
144.0
  3
ISO-25
100
AcDbAlignedDimension
 13
150.2249606982911
 23
1021.493411701228
 33
0.0
 14
150.1036330520006
 24
877.4934628137289
 34
0.0
1001
ACAD
1000
DSTYLE
1002
{
1070
   140
1040
8.0
1070
   147
1040
5.0
1002
}
  0
DIMENSION
  5
B79
102
{ACAD_REACTORS
330
B90
102
}
102
{ACAD_XDICTIONARY
360
B86
102
}
330
1F
100
AcDbEntity
  8
0
  6
HIDDEN
100
AcDbDimension
  2
*D36
 10
111.8112494397163
 20
682.4935127404887
 30
0.0
 11
102.7266655379429
 21
718.4935127404885
 31
0.0
 70
    32
  1
6'
 71
     5
 42
72.0
  3
ISO-25
100
AcDbAlignedDimension
 13
150.0075820066601
 23
754.4935127404884
 33
0.0
 14
150.0075820066601
 24
682.4935127404884
 34
0.0
 50
90.0
100
AcDbRotatedDimension
1001
ACAD
1000
DSTYLE
1002
{
1070
   140
1040
8.0
1070
   147
1040
5.0
1002
}
  0
DIMENSION
  5
BBB
330
1F
100
AcDbEntity
  8
0
  6
HIDDEN
100
AcDbDimension
  2
*D38
 10
190.9999771463291
 20
666.9929446528038
 30
0.0
 11
172.9999771463291
 21
673.0584289638542
 31
0.0
 70
    32
  1
3'
 71
     5
 42
36.0
  3
ISO-25
100
AcDbAlignedDimension
 13
154.9999771463291
 23
678.000032196994
 33
0.0
 14
190.9999771463291
 24
678.000032196994
 34
0.0
100
AcDbRotatedDimension
1001
ACAD
1000
DSTYLE
1002
{
1070
   140
1040
6.0
1070
   147
1040
3.0
1002
}
  0
DIMENSION
  5
BE5
102
{ACAD_REACTORS
330
BFC
102
}
102
{ACAD_XDICTIONARY
360
BF2
102
}
330
1F
100
AcDbEntity
  8
0
  6
HIDDEN
100
AcDbDimension
  2
*D39
 10
298.9393150979236
 20
652.4718790825134
 30
0.0
 11
226.9393159852937
 21
661.488250160276
 31
0.0
 70
    32
  1
12'
 71
     5
 42
143.9999982252598
  3
ISO-25
100
AcDbAlignedDimension
 13
154.9393168726638
 23
678.000032196994
 33
0.0
 14
298.9393150979236
 24
678.000032196994
 34
0.0
100
AcDbRotatedDimension
1001
ACAD
1000
DSTYLE
1002
{
1070
   140
1040
8.0
1070
   147
1040
5.0
1002
}
  0
HATCH
  5
CFB
330
1F
100
AcDbEntity
  8
0
  6
HIDDEN
 62
    18
420
        0
100
AcDbHatch
 10
0.0
 20
0.0
 30
0.0
210
0.0
220
0.0
230
1.0
  2
SOLID
 70
     1
 71
     1
 91
        9
 92
        7
 72
     0
 73
     1
 93
        4
 10
155.6998190319385
 20
988.4994239792753
 10
153.6998190319385
 20
988.4966148616425
 10
153.6998190319376
 20
952.5019541137767
 10
155.6998190319376
 20
952.5077119318316
 97
        2
330
639
330
63A
 92
        7
 72
     0
 73
     1
 93
        4
 10
155.6422722466015
 20
913.0513178686164
 10
153.6422722466015
 20
913.0513178686164
 10
153.6421987508923
 20
895.0198662297536
 10
155.6421987975097
 20
895.031303342506
 97
        1
330
645
 92
        7
 72
     0
 73
     1
 93
        4
 10
155.5816987283654
 20
840.8599747066864
 10
153.5816987283654
 20
840.8599747066866
 10
153.5816987283636
 20
768.8285230681067
 10
155.5816987283636
 20
768.8399601805927
 97
        1
330
A7C
 92
        7
 72
     0
 73
     1
 93
        4
 10
300.5611744418927
 20
822.5646710469728
 10
298.5611744418927
 20
822.5629788790118
 10
298.5611744418927
 20
786.5617097537979
 10
300.5611744418927
 20
786.5617097537979
 97
        1
330
AA4
 92
        7
 72
     0
 73
     1
 93
        4
 10
439.7309870344342
 20
858.6233468224485
 10
437.7309870344341
 20
858.6119097099626
 10
437.7309870344342
 20
786.5918951838688
 10
439.7309870344342
 20
786.5918951838687
 97
        1
330
A7A
 92
        7
 72
     0
 73
     1
 93
        4
 10
439.7324124274778
 20
989.3285760282811
 10
437.7324133171446
 20
989.3304624711488
 10
437.6984384673935
 20
953.3104639679619
 10
439.698426789997
 20
953.2971404176958
 97
        1
330
66D
 92
        7
 72
     0
 73
     1
 93
        4
 10
421.7315624993823
 20
1022.63277462096
 10
349.7001108608026
 20
1022.63277462096
 10
349.7115479732885
 20
1020.63277462096
 10
421.7315624993823
 20
1020.63277462096
 97
        1
330
A74
 92
        7
 72
     0
 73
     1
 93
        4
 10
238.7167798792781
 20
1022.543160692635
 10
202.6853282406984
 20
1022.543160692635
 10
202.6967653531843
 20
1020.543160692635
 10
238.7167798792781
 20
1020.543160692635
 97
        1
330
A57
 92
        7
 72
     0
 73
     1
 93
        4
 10
349.8331086580546
 20
753.6054061152498
 10
313.8318395328408
 20
753.6054061152498
 10
313.8318395328408
 20
751.6054061152498
 10
349.8348008260156
 20
751.6054061152498
 97
        1
330
766
 75
     1
 76
     1
 47
0.7853730234616773
 98
        9
 10
154.2667906220513
 20
973.0718608897444
 10
153.9676622994293
 20
901.9368879149154
 10
154.2462147122123
 20
833.7056136162639
 10
299.651205823161
 20
807.6730420203332
 10
438.1477204977518
 20
820.5251577713855
 10
438.5605258061842
 20
970.8563243204701
 10
387.7361633833916
 20
1021.951404640487
 10
212.9338461023308
 20
1021.446311060023
 10
332.3314711439316
 20
753.0148450755084
450
        0
451
        0
460
0.0
461
0.0
452
        0
462
0.0
453
        2
463
0.0
 63
     5
421
      255
463
1.0
 63
     2
421
 16776960
470
LINEAR
1001
GradientColor1ACI
1070
     5
1001
GradientColor2ACI
1070
     2
1001
ACAD
1010
0.0
1020
0.0
1030
0.0
  0
ENDSEC
  0
SECTION
  2
OBJECTS
  0
DICTIONARY
  5
C
330
0
100
AcDbDictionary
281
     1
  3
ACAD_CIP_PREVIOUS_PRODUCT_INFO
350
216
  3
ACAD_COLOR
350
6B
  3
ACAD_DETAILVIEWSTYLE
350
21B
  3
ACAD_GROUP
350
D
  3
ACAD_LAST_SAVED_VERSION_INFO
350
38C
  3
ACAD_LAYOUT
350
1A
  3
ACAD_MATERIAL
350
6A
  3
ACAD_MLEADERSTYLE
350
12D
  3
ACAD_MLINESTYLE
350
17
  3
ACAD_PLOTSETTINGS
350
19
  3
ACAD_PLOTSTYLENAME
350
E
  3
ACAD_SCALELIST
350
10C
  3
ACAD_SECTIONVIEWSTYLE
350
219
  3
ACAD_TABLESTYLE
350
7E
  3
ACAD_VISUALSTYLE
350
EF
  3
ACDB_RECOMPOSE_DATA
350
D89
  3
AcDbVariableDictionary
350
5E
  3
AcDsDecomposeData
350
D8A
  0
DICTIONARY
  5
D41
330
8
100
AcDbDictionary
280
     1
281
     1
  3
ACAD_XREC_ROUNDTRIP
360
D42
  0
DICTIONARY
  5
1FF
330
2
100
AcDbDictionary
280
     1
281
     1
  3
ACAD_LAYERSTATES
360
200
  0
DICTIONARY
  5
D3A
330
D39
100
AcDbDictionary
280
     1
281
     1
  3
ASDK_XREC_ANNO_SCALE_INFO
360
D3B
  0
DICTIONARY
  5
1CE
330
1F
100
AcDbDictionary
280
     1
281
     1
  3
ACAD_SORTENTS
360
2D7
  0
DICTIONARY
  5
39A
330
395
100
AcDbDictionary
280
     1
281
     1
  3
ACAD_SORTENTS
360
39B
  0
DICTIONARY
  5
40A
330
3F1
100
AcDbDictionary
280
     1
281
     1
  3
ACAD_SORTENTS
360
40B
  0
DICTIONARY
  5
419
330
40F
100
AcDbDictionary
280
     1
281
     1
  3
ACAD_SORTENTS
360
41A
  0
DICTIONARY
  5
7A6
330
7A5
100
AcDbDictionary
280
     1
281
     1
  3
ACAD_ENHANCEDBLOCK
360
7A7
  3
ACAD_SORTENTS
360
7C6
  3
AcDbBlockTableRecordData
360
D3D
  3
AcDbDynamicBlockRoundTripPurgePreventer
360
7C7
  0
DICTIONARY
  5
8D0
330
8CF
100
AcDbDictionary
280
     1
281
     1
  3
ACAD_ENHANCEDBLOCK
360
8D1
  3
ACAD_SORTENTS
360
8F0
  3
AcDbBlockTableRecordData
360
D3F
  3
AcDbDynamicBlockRoundTripPurgePreventer
360
8F1
  0
DICTIONARY
  5
901
330
900
100
AcDbDictionary
280
     1
281
     1
  3
ACAD_SORTENTS
360
902
  0
DICTIONARY
  5
9EF
330
9E0
100
AcDbDictionary
280
     1
281
     1
  3
ACAD_SORTENTS
360
9F0
  0
DICTIONARY
  5
92F
330
92E
100
AcDbDictionary
280
     1
281
     1
  3
AcDbBlockRepresentation
360
930
  3
AcDbContextDataManager
360
940
  0
DICTIONARY
  5
9CC
330
9CB
100
AcDbDictionary
280
     1
281
     1
  3
AcDbBlockRepresentation
360
9CD
  3
AcDbContextDataManager
360
9DD
  0
DICTIONARY
  5
AB2
330
AA5
100
AcDbDictionary
280
     1
281
     1
  3
ACAD_DIMASSOC
360
ABC
  0
DICTIONARY
  5
ACB
330
ABE
100
AcDbDictionary
280
     1
281
     1
  3
ACAD_DIMASSOC
360
AD5
  0
DICTIONARY
  5
B32
330
B25
100
AcDbDictionary
280
     1
281
     1
  3
ACAD_DIMASSOC
360
B3C
  0
DICTIONARY
  5
B4A
330
B3D
100
AcDbDictionary
280
     1
281
     1
  3
ACAD_DIMASSOC
360
B54
  0
DICTIONARY
  5
B86
330
B79
100
AcDbDictionary
280
     1
281
     1
  3
ACAD_DIMASSOC
360
B90
  0
DICTIONARY
  5
BF2
330
BE5
100
AcDbDictionary
280
     1
281
     1
  3
ACAD_DIMASSOC
360
BFC
  0
XRECORD
  5
216
102
{ACAD_REACTORS
330
C
102
}
330
C
100
AcDbXrecord
280
     1
300
ACD
300
2026
300

  0
DICTIONARY
  5
6B
102
{ACAD_REACTORS
330
C
102
}
330
C
100
AcDbDictionary
281
     1
  0
DICTIONARY
  5
21B
102
{ACAD_REACTORS
330
C
102
}
330
C
100
AcDbDictionary
281
     1
  3
Imperial24
350
7ED
  3
Metric50
350
21C
  0
DICTIONARY
  5
D
102
{ACAD_REACTORS
330
C
102
}
330
C
100
AcDbDictionary
281
     1
  0
XRECORD
  5
38C
102
{ACAD_REACTORS
330
C
102
}
330
C
100
AcDbXrecord
280
     1
300
{143A4E50-D882-A34D-9D20-C72BEEA8521E}
301
{6A941E79-AB2F-0B4A-9CBF-F5D353FDADC9}
302
{143A4E50-D882-A34D-9D20-C72BEEA8521E}
303
C:\Users\soura\OneDrive\Desktop\AutoCAD & Primavera\2D House.dwg
  0
DICTIONARY
  5
1A
102
{ACAD_REACTORS
330
C
102
}
330
C
100
AcDbDictionary
281
     1
  3
Layout1
350
D3
  3
Layout2
350
D7
  3
Model
350
22
  0
DICTIONARY
  5
6A
102
{ACAD_REACTORS
330
C
102
}
330
C
100
AcDbDictionary
281
     1
  3
ByBlock
350
ED
  3
ByLayer
350
EC
  3
Global
350
EE
  0
DICTIONARY
  5
12D
102
{ACAD_REACTORS
330
C
102
}
330
C
100
AcDbDictionary
281
     1
  3
Annotative
350
13B
  3
Standard
350
12E
  0
DICTIONARY
  5
17
102
{ACAD_REACTORS
330
C
102
}
330
C
100
AcDbDictionary
281
     1
  3
Standard
350
18
  0
DICTIONARY
  5
19
102
{ACAD_REACTORS
330
C
102
}
330
C
100
AcDbDictionary
281
     1
  3
2D HOUSE
350
D05
  3
HOUSE
350
D31
  0
ACDBDICTIONARYWDFLT
  5
E
102
{ACAD_REACTORS
330
C
102
}
330
C
100
AcDbDictionary
281
     1
  3
Normal
350
F
100
AcDbDictionaryWithDefault
340
F
  0
DICTIONARY
  5
10C
102
{ACAD_REACTORS
330
C
102
}
330
C
100
AcDbDictionary
281
     1
  3
A0
350
10D
  3
A1
350
1BE
  3
A2
350
1BF
  3
A3
350
1C0
  3
A4
350
1C1
  3
A5
350
1C2
  3
A6
350
1C3
  3
A7
350
1C4
  3
A8
350
1C5
  3
A9
350
1C6
  3
B0
350
1C7
  3
B1
350
1C8
  3
B2
350
1C9
  3
B3
350
1CA
  3
B4
350
1CB
  3
B5
350
1CC
  3
B6
350
1CD
  0
DICTIONARY
  5
219
102
{ACAD_REACTORS
330
C
102
}
330
C
100
AcDbDictionary
281
     1
  3
Imperial24
350
7EC
  3
Metric50
350
21A
  0
DICTIONARY
  5
7E
102
{ACAD_REACTORS
330
C
102
}
330
C
100
AcDbDictionary
281
     1
  3
Standard
350
7F
  0
DICTIONARY
  5
EF
102
{ACAD_REACTORS
330
C
102
}
330
C
100
AcDbDictionary
281
     1
  3
2dWireframe
350
F5
  3
Basic
350
F4
  3
Brighten
350
FB
  3
ColorChange
350
FF
  3
Conceptual
350
F8
  3
Dim
350
FA
  3
EdgeColorOff
350
1E6
  3
Facepattern
350
FE
  3
Flat
350
F0
  3
FlatWithEdges
350
F1
  3
Gouraud
350
F2
  3
GouraudWithEdges
350
F3
  3
Hidden
350
F7
  3
JitterOff
350
1E4
  3
Linepattern
350
FD
  3
OverhangOff
350
1E5
  3
Realistic
350
F9
  3
Shaded
350
1F3
  3
Shaded with edges
350
1F2
  3
Shades of Gray
350
1EF
  3
Sketchy
350
1F0
  3
Thicken
350
FC
  3
Wireframe
350
F6
  3
X-Ray
350
1F1
  0
XRECORD
  5
D89
102
{ACAD_REACTORS
330
C
102
}
330
C
100
AcDbXrecord
280
     1
 90
        1
330
7F
330
92E
330
9CB
  0
DICTIONARY
  5
5E
102
{ACAD_REACTORS
330
C
102
}
330
C
100
AcDbDictionary
281
     1
  3
CANNOSCALE
350
146
  3
CENTEREXE
350
259
  3
CENTERLTYPEFILE
350
25A
  3
CMLEADERSTYLE
350
145
  3
CTABLESTYLE
350
84
  3
CVIEWDETAILSTYLE
350
227
  3
CVIEWSECTIONSTYLE
350
228
  3
DIMASSOC
350
5F
  3
HIDETEXT
350
63
  3
HPCOLOR
350
57B
  3
HPTRANSPARENCY
350
580
  3
LAYEREVAL
350
1AE
  3
LAYERNOTIFY
350
1AF
  3
MSLTSCALE
350
D43
  3
XCLIPFRAME
350
D44
  0
DICTIONARY
  5
D8A
102
{ACAD_REACTORS
330
C
102
}
330
C
100
AcDbDictionary
281
     1
  3
AcDsRecords
350
D8B
  3
AcDsSchemas
350
D8C
1001
ACAD
1070
     2
  0
XRECORD
  5
D42
102
{ACAD_REACTORS
330
D41
102
}
330
D41
100
AcDbXrecord
280
     1
102
VTR_0.000_0.000_1.000_1.000_VISUALSTYLE
340
F5
102
VTR_0.000_0.000_1.000_1.000_GRIDDISPLAY
 70
     3
102
VTR_0.000_0.000_1.000_1.000_GRIDMAJOR
 70
     5
102
VTR_0.000_0.000_1.000_1.000_DEFAULTLIGHTING
280
     1
102
VTR_0.000_0.000_1.000_1.000_DEFAULTLIGHTINGTYPE
 70
     1
102
VTR_0.000_0.000_1.000_1.000_BRIGHTNESS
141
0.0
102
VTR_0.000_0.000_1.000_1.000_CONTRAST
142
0.0
  0
DICTIONARY
  5
200
102
{ACAD_REACTORS
330
1FF
102
}
330
1FF
100
AcDbDictionary
281
     1
  0
XRECORD
  5
D3B
102
{ACAD_REACTORS
330
D3A
102
}
330
D3A
100
AcDbXrecord
280
     1
 70
     1
340
10D
340
10
 70
    -1
  0
SORTENTSTABLE
  5
2D7
102
{ACAD_REACTORS
330
1CE
102
}
330
1CE
100
AcDbSortentsTable
330
1F
331
3F0
  5
51E
331
447
  5
51F
331
50B
  5
538
331
50C
  5
53B
331
50D
  5
53D
331
50E
  5
53E
331
50F
  5
53F
331
510
  5
540
331
511
  5
541
331
512
  5
542
331
513
  5
543
331
514
  5
577
331
515
  5
575
331
516
  5
573
331
517
  5
571
331
518
  5
56F
331
519
  5
55E
331
51A
  5
55C
331
51B
  5
55A
331
51C
  5
558
331
51D
  5
556
331
51E
  5
554
331
51F
  5
552
331
520
  5
550
331
521
  5
54E
331
522
  5
54C
331
523
  5
546
331
524
  5
544
331
526
  5
579
331
528
  5
57C
331
529
  5
57A
331
52A
  5
57D
331
52B
  5
578
331
52C
  5
576
331
52D
  5
574
331
52E
  5
572
331
52F
  5
570
331
530
  5
562
331
531
  5
55D
331
532
  5
55B
331
533
  5
559
331
534
  5
557
331
535
  5
555
331
536
  5
553
331
537
  5
551
331
538
  5
54F
331
539
  5
54D
331
53A
  5
54B
331
53B
  5
545
331
53C
  5
581
331
53D
  5
597
331
53E
  5
59D
331
53F
  5
5BA
331
540
  5
5C2
331
541
  5
5C5
331
542
  5
5BE
331
543
  5
5C0
331
544
  5
5D5
331
547
  5
598
331
549
  5
59B
331
54B
  5
5DF
331
54C
  5
5EA
331
54D
  5
5ED
331
54F
  5
615
331
550
  5
5D9
331
551
  5
5DD
331
553
  5
5D3
331
554
  5
5BC
331
555
  5
5B9
331
556
  5
59C
331
557
  5
59A
331
558
  5
5DC
331
559
  5
5D7
331
55A
  5
5F3
331
55B
  5
614
331
55C
  5
5DA
331
55E
  5
616
331
562
  5
617
331
56F
  5
618
331
570
  5
619
331
571
  5
61A
331
574
  5
639
331
575
  5
63A
331
577
  5
63B
331
578
  5
63E
331
595
  5
5BD
331
5B9
  5
520
331
5BA
  5
521
331
5BB
  5
522
331
5BC
  5
523
331
5BD
  5
52B
331
5BE
  5
52D
331
5BF
  5
530
331
5C0
  5
531
331
5C1
  5
532
331
5C2
  5
533
331
5C3
  5
534
331
5C4
  5
535
331
5C5
  5
536
331
5D1
  5
645
331
5D2
  5
661
331
5D3
  5
660
331
5D5
  5
662
331
5D7
  5
663
331
5D8
  5
664
331
5D9
  5
539
331
5DA
  5
665
331
5EA
  5
66C
331
5F2
  5
66B
331
5F3
  5
66D
331
5F5
  5
66E
331
5F6
  5
66F
331
5F8
  5
670
331
612
  5
673
331
62E
  5
537
331
62F
  5
674
331
630
  5
67A
331
634
  5
67B
331
638
  5
67F
331
639
  5
682
331
63A
  5
684
331
63B
  5
733
331
63E
  5
749
331
645
  5
74A
331
660
  5
62F
331
661
  5
630
331
662
  5
634
331
663
  5
638
331
664
  5
666
331
665
  5
667
331
666
  5
669
331
667
  5
66A
331
669
  5
74B
331
66A
  5
74C
331
66B
  5
766
331
66C
  5
768
331
66D
  5
769
331
66E
  5
76A
331
66F
  5
76C
331
670
  5
76D
331
674
  5
76E
331
67A
  5
76F
331
67C
  5
771
331
67E
  5
773
331
67F
  5
5BF
331
680
  5
775
331
682
  5
776
331
684
  5
777
331
733
  5
778
331
741
  5
779
331
749
  5
77B
331
74A
  5
781
331
74B
  5
77A
331
74C
  5
783
331
74D
  5
53C
331
766
  5
784
331
767
  5
785
331
768
  5
786
331
769
  5
787
331
76A
  5
788
331
76C
  5
789
331
76D
  5
78A
331
76E
  5
78D
331
76F
  5
791
331
771
  5
793
331
773
  5
795
331
775
  5
797
331
776
  5
799
331
777
  5
79B
331
778
  5
792
331
779
  5
5BB
331
77A
  5
78F
331
77B
  5
59E
331
77C
  5
79C
331
781
  5
7A1
331
782
  5
7A2
331
783
  5
A3C
331
784
  5
A40
331
787
  5
5C3
331
788
  5
5D1
331
789
  5
A46
331
78A
  5
794
331
78B
  5
5EC
331
78C
  5
796
331
78D
  5
5F5
331
78E
  5
A3F
331
790
  5
92E
331
791
  5
9CB
331
792
  5
A48
331
793
  5
A42
331
794
  5
A41
331
795
  5
A4F
331
796
  5
A44
331
797
  5
A43
331
799
  5
A50
331
79B
  5
A51
331
79C
  5
A52
331
7A1
  5
A53
331
92E
  5
A57
331
9CB
  5
A5B
331
A3C
  5
78B
331
A3F
  5
A5C
331
A40
  5
A5D
331
A41
  5
A5F
331
A42
  5
A60
331
A43
  5
A61
331
A44
  5
A62
331
A45
  5
A63
331
A46
  5
A64
331
A47
  5
A65
331
A48
  5
A66
331
A49
  5
A67
331
A4A
  5
A74
331
A4B
  5
A7A
331
A4C
  5
A7B
331
A4D
  5
A7C
331
A4E
  5
A7D
331
A4F
  5
A7E
331
A50
  5
A7F
331
A51
  5
A80
331
A52
  5
A82
331
A53
  5
A83
331
A54
  5
A84
331
A55
  5
A8E
331
A57
  5
AA5
331
A5B
  5
ABE
331
A5C
  5
B25
331
A5D
  5
B79
331
A74
  5
BBB
331
A7A
  5
BE5
331
A7B
  5
CCC
331
A7C
  5
CCD
331
A7D
  5
A54
331
A7F
  5
A55
331
A8E
  5
CCE
331
A93
  5
CCF
331
AA4
  5
CD0
331
AA5
  5
CD1
331
ABE
  5
CD2
331
B25
  5
CD3
331
B3D
  5
CD4
331
B79
  5
CD5
331
BBB
  5
CD6
331
BE5
  5
CD7
331
CFB
  5
680
  0
SORTENTSTABLE
  5
39B
102
{ACAD_REACTORS
330
39A
102
}
330
39A
100
AcDbSortentsTable
330
395
  0
SORTENTSTABLE
  5
40B
102
{ACAD_REACTORS
330
40A
102
}
330
40A
100
AcDbSortentsTable
330
3F1
  0
SORTENTSTABLE
  5
41A
102
{ACAD_REACTORS
330
419
102
}
330
419
100
AcDbSortentsTable
330
40F
  0
ACAD_EVALUATION_GRAPH
  5
7A7
102
{ACAD_REACTORS
330
7A6
102
}
330
7A6
100
AcDbEvalGraph
 96
       41
 97
       41
 91
        0
 93
       32
 95
        5
360
7A8
 92
        2
 92
       15
 92
        0
 92
       17
 91
        1
 93
       32
 95
        6
360
7A9
 92
       -1
 92
       -1
 92
        2
 92
        2
 91
        2
 93
       32
 95
        7
360
7AA
 92
        0
 92
        0
 92
       -1
 92
       -1
 91
        3
 93
       32
 95
        8
360
7AB
 92
        1
 92
        1
 92
       -1
 92
       -1
 91
        4
 93
       32
 95
        9
360
7AC
 92
        5
 92
        5
 92
        3
 92
       14
 91
        5
 93
       32
 95
       10
360
7AD
 92
       -1
 92
       -1
 92
        5
 92
        5
 91
        6
 93
       32
 95
       11
360
7AE
 92
        3
 92
        3
 92
       -1
 92
       -1
 91
        7
 93
       32
 95
       12
360
7AF
 92
        4
 92
        4
 92
       -1
 92
       -1
 91
        8
 93
       32
 95
       16
360
7B0
 92
        9
 92
        9
 92
        6
 92
       18
 91
        9
 93
       32
 95
       17
360
7B1
 92
       -1
 92
       -1
 92
        9
 92
        9
 91
       10
 93
       32
 95
       18
360
7B2
 92
        8
 92
        8
 92
       -1
 92
       -1
 91
       11
 93
       32
 95
       19
360
7B3
 92
        6
 92
        6
 92
       -1
 92
       -1
 91
       12
 93
       32
 95
       20
360
7B4
 92
        7
 92
        7
 92
       -1
 92
       -1
 91
       13
 93
       32
 95
       21
360
7B5
 92
       10
 92
       10
 92
       -1
 92
       -1
 91
       14
 93
       32
 95
       23
360
7B6
 92
       11
 92
       11
 92
       12
 92
       13
 91
       15
 93
       32
 95
       24
360
7B7
 92
       -1
 92
       -1
 92
       11
 92
       11
 91
       16
 93
       32
 95
       25
360
7B8
 92
       12
 92
       12
 92
       -1
 92
       -1
 91
       17
 93
       32
 95
       26
360
7B9
 92
       13
 92
       13
 92
       -1
 92
       -1
 91
       18
 93
       32
 95
       28
360
7BA
 92
       14
 92
       16
 92
       15
 92
       15
 91
       19
 93
       32
 95
       29
360
7BB
 92
       17
 92
       17
 92
       -1
 92
       -1
 91
       20
 93
       32
 95
       30
360
7BC
 92
       18
 92
       18
 92
       -1
 92
       -1
 91
       21
 93
       32
 95
       31
360
7BD
 92
       21
 92
       24
 92
       19
 92
       26
 91
       22
 93
       32
 95
       32
360
7BE
 92
       -1
 92
       -1
 92
       21
 92
       21
 91
       23
 93
       32
 95
       33
360
7BF
 92
       19
 92
       19
 92
       -1
 92
       -1
 91
       24
 93
       32
 95
       34
360
7C0
 92
       20
 92
       20
 92
       -1
 92
       -1
 91
       25
 93
       32
 95
       35
360
7C1
 92
       -1
 92
       -1
 92
       24
 92
       24
 91
       26
 93
       32
 95
       36
360
7C2
 92
       22
 92
       22
 92
       -1
 92
       -1
 91
       27
 93
       32
 95
       37
360
7C3
 92
       23
 92
       23
 92
       -1
 92
       -1
 91
       28
 93
       32
 95
       40
360
7C4
 92
       25
 92
       25
 92
       -1
 92
       -1
 91
       29
 93
       32
 95
       41
360
7C5
 92
       26
 92
       26
 92
       -1
 92
       -1
 92
        0
 93
        0
 94
        1
 91
        0
 91
        2
 92
       -1
 92
       -1
 92
       -1
 92
        1
 92
       -1
 92
        1
 93
        0
 94
        1
 91
        0
 91
        3
 92
       -1
 92
       -1
 92
        0
 92
       16
 92
       -1
 92
        2
 93
        0
 94
        2
 91
        1
 91
        0
 92
       -1
 92
       15
 92
       -1
 92
       -1
 92
       -1
 92
        3
 93
        0
 94
        1
 91
        4
 91
        6
 92
       -1
 92
       -1
 92
       -1
 92
        4
 92
       -1
 92
        4
 93
        0
 94
        1
 91
        4
 91
        7
 92
       -1
 92
       -1
 92
        3
 92
       10
 92
       -1
 92
        5
 93
        0
 94
        2
 91
        5
 91
        4
 92
       -1
 92
       -1
 92
       -1
 92
       -1
 92
       -1
 92
        6
 93
        0
 94
        1
 91
        8
 91
       11
 92
       -1
 92
       -1
 92
       -1
 92
        7
 92
       -1
 92
        7
 93
        0
 94
        1
 91
        8
 91
       12
 92
       -1
 92
       -1
 92
        6
 92
        8
 92
       -1
 92
        8
 93
        0
 94
        1
 91
        8
 91
       10
 92
       -1
 92
       -1
 92
        7
 92
       18
 92
       -1
 92
        9
 93
        0
 94
        1
 91
        9
 91
        8
 92
       -1
 92
       -1
 92
       -1
 92
       -1
 92
       -1
 92
       10
 93
        0
 94
        2
 91
        4
 91
       13
 92
       -1
 92
       -1
 92
        4
 92
       14
 92
       -1
 92
       11
 93
        0
 94
        1
 91
       15
 91
       14
 92
       -1
 92
       -1
 92
       -1
 92
       -1
 92
       -1
 92
       12
 93
        0
 94
        1
 91
       14
 91
       16
 92
       -1
 92
       -1
 92
       -1
 92
       13
 92
       -1
 92
       13
 93
        0
 94
        1
 91
       14
 91
       17
 92
       -1
 92
       -1
 92
       12
 92
       -1
 92
       -1
 92
       14
 93
        0
 94
        5
 91
        4
 91
       18
 92
       -1
 92
       16
 92
       10
 92
       -1
 92
       -1
 92
       15
 93
        4
 94
        1
 91
       18
 91
        0
 92
        2
 92
       -1
 92
       -1
 92
       -1
 92
       16
 92
       16
 93
        4
 94
        1
 91
        0
 91
       18
 92
       14
 92
       -1
 92
        1
 92
       17
 92
       15
 92
       17
 93
        0
 94
        3
 91
        0
 91
       19
 92
       -1
 92
       -1
 92
       16
 92
       -1
 92
       -1
 92
       18
 93
        0
 94
        4
 91
        8
 91
       20
 92
       -1
 92
       -1
 92
        8
 92
       -1
 92
       -1
 92
       19
 93
        0
 94
        1
 91
       21
 91
       23
 92
       -1
 92
       -1
 92
       -1
 92
       20
 92
       -1
 92
       20
 93
        0
 94
        1
 91
       21
 91
       24
 92
       -1
 92
       -1
 92
       19
 92
       22
 92
       -1
 92
       21
 93
        0
 94
        2
 91
       22
 91
       21
 92
       -1
 92
       24
 92
       -1
 92
       -1
 92
       -1
 92
       22
 93
        0
 94
        1
 91
       21
 91
       26
 92
       -1
 92
       -1
 92
       20
 92
       23
 92
       -1
 92
       23
 93
        0
 94
        1
 91
       21
 91
       27
 92
       -1
 92
       -1
 92
       22
 92
       25
 92
       -1
 92
       24
 93
        0
 94
        2
 91
       25
 91
       21
 92
       21
 92
       -1
 92
       -1
 92
       -1
 92
       -1
 92
       25
 93
        0
 94
        2
 91
       21
 91
       28
 92
       -1
 92
       -1
 92
       23
 92
       26
 92
       -1
 92
       26
 93
        0
 94
        2
 91
       21
 91
       29
 92
       -1
 92
       -1
 92
       25
 92
       -1
 92
       -1
  0
SORTENTSTABLE
  5
7C6
102
{ACAD_REACTORS
330
7A6
102
}
330
7A6
100
AcDbSortentsTable
330
7A5
331
7C9
  5
7CA
331
7CA
  5
7CC
331
7CB
  5
7CE
331
7CC
  5
7D0
331
7CD
  5
7D2
331
7CE
  5
7D4
331
7CF
  5
7C9
331
7D0
  5
7CF
331
7D1
  5
7CB
331
7D2
  5
7D1
331
7D3
  5
7CD
331
7D4
  5
7D3
  0
DICTIONARY
  5
D3D
102
{ACAD_REACTORS
330
7A6
102
}
330
7A6
100
AcDbDictionary
281
     1
  3
Edit
350
D3E
  0
ACDB_DYNAMICBLOCKPURGEPREVENTER_VERSION
  5
7C7
102
{ACAD_REACTORS
330
7A6
102
}
330
7A6
100
AcDbDynamicBlockPurgePreventer
 70
     1
  0
ACAD_EVALUATION_GRAPH
  5
8D1
102
{ACAD_REACTORS
330
8D0
102
}
330
8D0
100
AcDbEvalGraph
 96
       41
 97
       41
 91
        0
 93
       32
 95
        5
360
8D2
 92
        2
 92
       15
 92
        0
 92
       17
 91
        1
 93
       32
 95
        6
360
8D3
 92
       -1
 92
       -1
 92
        2
 92
        2
 91
        2
 93
       32
 95
        7
360
8D4
 92
        0
 92
        0
 92
       -1
 92
       -1
 91
        3
 93
       32
 95
        8
360
8D5
 92
        1
 92
        1
 92
       -1
 92
       -1
 91
        4
 93
       32
 95
        9
360
8D6
 92
        5
 92
        5
 92
        3
 92
       14
 91
        5
 93
       32
 95
       10
360
8D7
 92
       -1
 92
       -1
 92
        5
 92
        5
 91
        6
 93
       32
 95
       11
360
8D8
 92
        3
 92
        3
 92
       -1
 92
       -1
 91
        7
 93
       32
 95
       12
360
8D9
 92
        4
 92
        4
 92
       -1
 92
       -1
 91
        8
 93
       32
 95
       16
360
8DA
 92
        9
 92
        9
 92
        6
 92
       18
 91
        9
 93
       32
 95
       17
360
8DB
 92
       -1
 92
       -1
 92
        9
 92
        9
 91
       10
 93
       32
 95
       18
360
8DC
 92
        8
 92
        8
 92
       -1
 92
       -1
 91
       11
 93
       32
 95
       19
360
8DD
 92
        6
 92
        6
 92
       -1
 92
       -1
 91
       12
 93
       32
 95
       20
360
8DE
 92
        7
 92
        7
 92
       -1
 92
       -1
 91
       13
 93
       32
 95
       21
360
8DF
 92
       10
 92
       10
 92
       -1
 92
       -1
 91
       14
 93
       32
 95
       23
360
8E0
 92
       11
 92
       11
 92
       12
 92
       13
 91
       15
 93
       32
 95
       24
360
8E1
 92
       -1
 92
       -1
 92
       11
 92
       11
 91
       16
 93
       32
 95
       25
360
8E2
 92
       12
 92
       12
 92
       -1
 92
       -1
 91
       17
 93
       32
 95
       26
360
8E3
 92
       13
 92
       13
 92
       -1
 92
       -1
 91
       18
 93
       32
 95
       28
360
8E4
 92
       14
 92
       16
 92
       15
 92
       15
 91
       19
 93
       32
 95
       29
360
8E5
 92
       17
 92
       17
 92
       -1
 92
       -1
 91
       20
 93
       32
 95
       30
360
8E6
 92
       18
 92
       18
 92
       -1
 92
       -1
 91
       21
 93
       32
 95
       31
360
8E7
 92
       21
 92
       24
 92
       19
 92
       26
 91
       22
 93
       32
 95
       32
360
8E8
 92
       -1
 92
       -1
 92
       21
 92
       21
 91
       23
 93
       32
 95
       33
360
8E9
 92
       19
 92
       19
 92
       -1
 92
       -1
 91
       24
 93
       32
 95
       34
360
8EA
 92
       20
 92
       20
 92
       -1
 92
       -1
 91
       25
 93
       32
 95
       35
360
8EB
 92
       -1
 92
       -1
 92
       24
 92
       24
 91
       26
 93
       32
 95
       36
360
8EC
 92
       22
 92
       22
 92
       -1
 92
       -1
 91
       27
 93
       32
 95
       37
360
8ED
 92
       23
 92
       23
 92
       -1
 92
       -1
 91
       28
 93
       32
 95
       40
360
8EE
 92
       25
 92
       25
 92
       -1
 92
       -1
 91
       29
 93
       32
 95
       41
360
8EF
 92
       26
 92
       26
 92
       -1
 92
       -1
 92
        0
 93
        0
 94
        1
 91
        0
 91
        2
 92
       -1
 92
       -1
 92
       -1
 92
        1
 92
       -1
 92
        1
 93
        0
 94
        1
 91
        0
 91
        3
 92
       -1
 92
       -1
 92
        0
 92
       16
 92
       -1
 92
        2
 93
        0
 94
        2
 91
        1
 91
        0
 92
       -1
 92
       15
 92
       -1
 92
       -1
 92
       -1
 92
        3
 93
        0
 94
        1
 91
        4
 91
        6
 92
       -1
 92
       -1
 92
       -1
 92
        4
 92
       -1
 92
        4
 93
        0
 94
        1
 91
        4
 91
        7
 92
       -1
 92
       -1
 92
        3
 92
       10
 92
       -1
 92
        5
 93
        0
 94
        2
 91
        5
 91
        4
 92
       -1
 92
       -1
 92
       -1
 92
       -1
 92
       -1
 92
        6
 93
        0
 94
        1
 91
        8
 91
       11
 92
       -1
 92
       -1
 92
       -1
 92
        7
 92
       -1
 92
        7
 93
        0
 94
        1
 91
        8
 91
       12
 92
       -1
 92
       -1
 92
        6
 92
        8
 92
       -1
 92
        8
 93
        0
 94
        1
 91
        8
 91
       10
 92
       -1
 92
       -1
 92
        7
 92
       18
 92
       -1
 92
        9
 93
        0
 94
        1
 91
        9
 91
        8
 92
       -1
 92
       -1
 92
       -1
 92
       -1
 92
       -1
 92
       10
 93
        0
 94
        2
 91
        4
 91
       13
 92
       -1
 92
       -1
 92
        4
 92
       14
 92
       -1
 92
       11
 93
        0
 94
        1
 91
       15
 91
       14
 92
       -1
 92
       -1
 92
       -1
 92
       -1
 92
       -1
 92
       12
 93
        0
 94
        1
 91
       14
 91
       16
 92
       -1
 92
       -1
 92
       -1
 92
       13
 92
       -1
 92
       13
 93
        0
 94
        1
 91
       14
 91
       17
 92
       -1
 92
       -1
 92
       12
 92
       -1
 92
       -1
 92
       14
 93
        0
 94
        5
 91
        4
 91
       18
 92
       -1
 92
       16
 92
       10
 92
       -1
 92
       -1
 92
       15
 93
        4
 94
        1
 91
       18
 91
        0
 92
        2
 92
       -1
 92
       -1
 92
       -1
 92
       16
 92
       16
 93
        4
 94
        1
 91
        0
 91
       18
 92
       14
 92
       -1
 92
        1
 92
       17
 92
       15
 92
       17
 93
        0
 94
        3
 91
        0
 91
       19
 92
       -1
 92
       -1
 92
       16
 92
       -1
 92
       -1
 92
       18
 93
        0
 94
        4
 91
        8
 91
       20
 92
       -1
 92
       -1
 92
        8
 92
       -1
 92
       -1
 92
       19
 93
        0
 94
        1
 91
       21
 91
       23
 92
       -1
 92
       -1
 92
       -1
 92
       20
 92
       -1
 92
       20
 93
        0
 94
        1
 91
       21
 91
       24
 92
       -1
 92
       -1
 92
       19
 92
       22
 92
       -1
 92
       21
 93
        0
 94
        2
 91
       22
 91
       21
 92
       -1
 92
       24
 92
       -1
 92
       -1
 92
       -1
 92
       22
 93
        0
 94
        1
 91
       21
 91
       26
 92
       -1
 92
       -1
 92
       20
 92
       23
 92
       -1
 92
       23
 93
        0
 94
        1
 91
       21
 91
       27
 92
       -1
 92
       -1
 92
       22
 92
       25
 92
       -1
 92
       24
 93
        0
 94
        2
 91
       25
 91
       21
 92
       21
 92
       -1
 92
       -1
 92
       -1
 92
       -1
 92
       25
 93
        0
 94
        2
 91
       21
 91
       28
 92
       -1
 92
       -1
 92
       23
 92
       26
 92
       -1
 92
       26
 93
        0
 94
        2
 91
       21
 91
       29
 92
       -1
 92
       -1
 92
       25
 92
       -1
 92
       -1
  0
SORTENTSTABLE
  5
8F0
102
{ACAD_REACTORS
330
8D0
102
}
330
8D0
100
AcDbSortentsTable
330
8CF
  0
DICTIONARY
  5
D3F
102
{ACAD_REACTORS
330
8D0
102
}
330
8D0
100
AcDbDictionary
281
     1
  3
Edit
350
D40
  0
ACDB_DYNAMICBLOCKPURGEPREVENTER_VERSION
  5
8F1
102
{ACAD_REACTORS
330
8D0
102
}
330
8D0
100
AcDbDynamicBlockPurgePreventer
 70
     1
  0
SORTENTSTABLE
  5
902
102
{ACAD_REACTORS
330
901
102
}
330
901
100
AcDbSortentsTable
330
900
  0
SORTENTSTABLE
  5
9F0
102
{ACAD_REACTORS
330
9EF
102
}
330
9EF
100
AcDbSortentsTable
330
9E0
  0
DICTIONARY
  5
930
102
{ACAD_REACTORS
330
92F
102
}
330
92F
100
AcDbDictionary
280
     1
281
     1
  3
AcDbRepData
360
931
  3
AppDataCache
360
932
  0
DICTIONARY
  5
940
102
{ACAD_REACTORS
330
92F
102
}
330
92F
100
AcDbDictionary
281
     1
  3
ACDB_ANNOTATIONSCALES
350
941
  0
DICTIONARY
  5
9CD
102
{ACAD_REACTORS
330
9CC
102
}
330
9CC
100
AcDbDictionary
280
     1
281
     1
  3
AcDbRepData
360
9CE
  3
AppDataCache
360
9CF
  0
DICTIONARY
  5
9DD
102
{ACAD_REACTORS
330
9CC
102
}
330
9CC
100
AcDbDictionary
281
     1
  3
ACDB_ANNOTATIONSCALES
350
9DE
  0
DIMASSOC
  5
ABC
102
{ACAD_REACTORS
330
AB2
102
}
330
AB2
100
AcDbDimAssoc
330
AA5
 90
        1
 70
     0
 71
     0
  1
AcDbOsnapPointRef
 72
     2
331
574
331
56B
 73
     2
 91
        0
 40
0.5
 10
154.7249606982911
 20
1025.993411701228
 30
0.0
 75
     0
  0
DIMASSOC
  5
AD5
102
{ACAD_REACTORS
330
ACB
102
}
330
ACB
100
AcDbDimAssoc
330
ABE
 90
        1
 70
     0
 71
     0
  1
AcDbOsnapPointRef
 72
     1
331
76C
 73
     2
 91
        2
 40
1.0
 10
443.2324884514666
 20
1026.143377292653
 30
0.0
 75
     0
  0
DIMASSOC
  5
B3C
102
{ACAD_REACTORS
330
B32
102
}
330
B32
100
AcDbDimAssoc
330
B25
 90
        1
 70
     0
 71
     0
  1
AcDbOsnapPointRef
 72
     2
331
5EA
331
5E9
331
56E
 73
     2
 91
        0
 40
0.5
 10
150.0075820066601
 20
754.4935127404884
 30
0.0
 75
     0
  0
DIMASSOC
  5
B54
102
{ACAD_REACTORS
330
B4A
102
}
330
B4A
100
AcDbDimAssoc
330
B3D
 90
        1
 70
     0
 71
     0
  1
AcDbOsnapPointRef
 72
     2
331
574
331
56E
 73
     2
 91
        0
 40
0.5000000000000062
 10
150.2249606982911
 20
1021.493411701228
 30
0.0
 75
     0
  0
DIMASSOC
  5
B90
102
{ACAD_REACTORS
330
B86
102
}
330
B86
100
AcDbDimAssoc
330
B79
 90
        1
 70
     0
 71
     0
  1
AcDbOsnapPointRef
 72
     2
331
5EA
331
5E9
331
56E
 73
     2
 91
        0
 40
0.5
 10
150.0075820066601
 20
754.4935127404884
 30
0.0
 75
     0
  0
DIMASSOC
  5
BFC
102
{ACAD_REACTORS
330
BF2
102
}
330
BF2
100
AcDbDimAssoc
330
BE5
 90
        2
 70
     0
 71
     0
  1
AcDbOsnapPointRef
 72
    13
331
511
 73
     2
 91
        0
 40
0.0
 10
298.9393150979236
 20
678.000032196994
 30
0.0
 75
     0
  0
ACDBDETAILVIEWSTYLE
  5
7ED
102
{ACAD_REACTORS
330
21B
102
}
102
{ACAD_XDICTIONARY
360
D45
102
}
330
21B
100
AcDbModelDocViewStyle
 70
     0
  3
Imperial24
290
     0
100
AcDbDetailViewStyle
 70
     0
 71
     0
 90
        3
 71
     1
340
11
 62
   256
 40
0.24
340
0
 62
   256
 40
0.24
300

 40
0.36
280
     3
 71
     2
340
16
 90
       25
 62
   256
 71
     3
340
11
 62
   256
 40
0.24
 90
        1
 40
0.75
 90
        1
300
%<\AcVar ViewType \f "%tc1">% %<\AcVar ViewDetailId>%\PSCALE %<\AcVar ViewScale \f "%sn">%
 71
     4
340
16
 90
       25
 62
   256
340
16
 90
       25
 62
   256
280
     0
  0
ACDBDETAILVIEWSTYLE
  5
21C
102
{ACAD_REACTORS
330
21B
102
}
102
{ACAD_XDICTIONARY
360
D47
102
}
330
21B
100
AcDbModelDocViewStyle
 70
     0
  3
Metric50
290
     0
100
AcDbDetailViewStyle
 70
     0
 71
     0
 90
        3
 71
     1
340
11
 62
   256
 40
5.0
340
0
 62
   256
 40
5.0
300

 40
0.0
280
     1
 71
     2
340
16
 90
       25
 62
   256
 71
     3
340
11
 62
   256
 40
5.0
 90
        0
 40
15.0
 90
        1
300
%<\AcVar ViewDetailId>% (%<\AcVar ViewScale \f "%sn">%)
 71
     4
340
16
 90
       25
 62
   256
340
16
 90
       25
 62
   256
280
     0
  0
LAYOUT
  5
D3
102
{ACAD_REACTORS
330
1A
102
}
330
1A
100
AcDbPlotSettings
  1

  2
C:\Documents and Settings\basas\Application Data\Autodesk\AutoCAD 2005\R16.1\enu\plotters\Default Windows System Printer.pc3
  4

  6

 40
0.0
 41
0.0
 42
0.0
 43
0.0
 44
0.0
 45
0.0
 46
0.0
 47
0.0
 48
0.0
 49
0.0
140
0.0
141
0.0
142
1.0
143
1.0
 70
   688
 72
     0
 73
     0
 74
     5
  7

 75
    16
 76
     0
 77
     2
 78
   300
147
1.0
148
0.0
149
0.0
100
AcDbLayout
  1
Layout1
 70
     1
 71
     1
 10
0.0
 20
0.0
 11
12.0
 21
9.0
 12
0.0
 22
0.0
 32
0.0
 14
0.0
 24
0.0
 34
0.0
 15
0.0
 25
0.0
 35
0.0
146
0.0
 13
0.0
 23
0.0
 33
0.0
 16
1.0
 26
0.0
 36
0.0
 17
0.0
 27
1.0
 37
0.0
 76
     0
330
D2
  0
LAYOUT
  5
D7
102
{ACAD_REACTORS
330
1A
102
}
330
1A
100
AcDbPlotSettings
  1

  2
C:\Documents and Settings\basas\Application Data\Autodesk\AutoCAD 2005\R16.1\enu\plotters\Default Windows System Printer.pc3
  4

  6

 40
0.0
 41
0.0
 42
0.0
 43
0.0
 44
0.0
 45
0.0
 46
0.0
 47
0.0
 48
0.0
 49
0.0
140
0.0
141
0.0
142
1.0
143
1.0
 70
   688
 72
     0
 73
     0
 74
     5
  7

 75
    16
 76
     0
 77
     2
 78
   300
147
1.0
148
0.0
149
0.0
100
AcDbLayout
  1
Layout2
 70
     1
 71
     2
 10
0.0
 20
0.0
 11
12.0
 21
9.0
 12
0.0
 22
0.0
 32
0.0
 14
0.0
 24
0.0
 34
0.0
 15
0.0
 25
0.0
 35
0.0
146
0.0
 13
0.0
 23
0.0
 33
0.0
 16
1.0
 26
0.0
 36
0.0
 17
0.0
 27
1.0
 37
0.0
 76
     0
330
D6
  0
LAYOUT
  5
22
102
{ACAD_REACTORS
330
1A
102
}
102
{ACAD_XDICTIONARY
360
D49
102
}
330
1A
100
AcDbPlotSettings
  1

  2
none_device
  4
ISO_A4_(210.00_x_297.00_MM)
  6

 40
7.5
 41
20.0
 42
7.5
 43
20.0
 44
210.0
 45
297.0
 46
11.54999923706055
 47
-13.65000009536743
 48
0.0
 49
0.0
140
0.0
141
0.0
142
1.0
143
8.704084754739808
 70
 11952
 72
     1
 73
     0
 74
     0
  7

 75
     0
 76
     0
 77
     2
 78
   300
147
0.1148885871608098
148
0.0
149
0.0
100
AcDbLayout
  1
Model
 70
     1
 71
     0
 10
0.0
 20
0.0
 11
12.0
 21
9.0
 12
0.0
 22
0.0
 32
0.0
 14
0.0
 24
0.0
 34
0.0
 15
0.0
 25
0.0
 35
0.0
146
0.0
 13
0.0
 23
0.0
 33
0.0
 16
1.0
 26
0.0
 36
0.0
 17
0.0
 27
1.0
 37
0.0
 76
     0
330
1F
331
EA
1001
ACAD_PSEXT
1000
None
1000
None
1000
Not applicable
1000
The layout will not be plotted unless a new plotter configuration name is selected.
1070
     0
  0
MATERIAL
  5
ED
102
{ACAD_REACTORS
330
6A
102
}
102
{ACAD_XDICTIONARY
360
1F9
102
}
330
6A
100
AcDbMaterial
  1
ByBlock
 73
     2
 78
     2
172
     2
176
     2
270
     2
274
     2
  0
MATERIAL
  5
EC
102
{ACAD_REACTORS
330
6A
102
}
102
{ACAD_XDICTIONARY
360
1F7
102
}
330
6A
100
AcDbMaterial
  1
ByLayer
 73
     2
 78
     2
172
     2
176
     2
270
     2
274
     2
  0
MATERIAL
  5
EE
102
{ACAD_REACTORS
330
6A
102
}
102
{ACAD_XDICTIONARY
360
173
102
}
330
6A
100
AcDbMaterial
  1
Global
 73
     2
 43
0.0007999999797903
 43
0.0
 43
0.0
 43
0.0
 43
0.0
 43
0.0007999999797903
 43
0.0
 43
0.0
 43
0.0
 43
0.0
 43
1.0
 43
0.0
 43
0.0
 43
0.0
 43
0.0
 43
1.0
 78
     2
172
     2
 49
0.0007999999797903
 49
0.0
 49
0.0
 49
0.0
 49
0.0
 49
0.0007999999797903
 49
0.0
 49
0.0
 49
0.0
 49
0.0
 49
1.0
 49
0.0
 49
0.0
 49
0.0
 49
0.0
 49
1.0
176
     2
142
0.0007999999797903
142
0.0
142
0.0
142
0.0
142
0.0
142
0.0007999999797903
142
0.0
142
0.0
142
0.0
142
0.0
142
1.0
142
0.0
142
0.0
142
0.0
142
0.0
142
1.0
270
     2
144
0.0007999999797903
144
0.0
144
0.0
144
0.0
144
0.0
144
0.0007999999797903
144
0.0
144
0.0
144
0.0
144
0.0
144
1.0
144
0.0
144
0.0
144
0.0
144
0.0
144
1.0
274
     2
1001
ACAD
1070
    -1
1070
     3
1070
     0
1000

1071
        0
1070
     0
  0
MLEADERSTYLE
  5
13B
102
{ACAD_REACTORS
330
12D
102
}
102
{ACAD_XDICTIONARY
360
D4E
102
}
330
12D
100
AcDbMLeaderStyle
170
     2
171
     1
172
     0
 90
        2
 40
0.0
 41
0.0
173
     1
 91
-1056964608
340
14
 92
       -2
290
     1
 42
2.0
291
     1
 43
8.0
  3
Standard
341
0
 44
4.0
300

342
11
174
     1
178
     1
175
     1
176
     0
 93
-1056964608
 45
4.0
292
     0
297
     0
 46
4.0
343
0
 94
-1056964608
 47
1.0
 49
1.0
140
1.0
293
     1
141
0.0
294
     1
177
     0
142
1.0
295
     0
296
     1
143
3.75
1001
ACAD_MLEADERVER
1070
     2
  0
MLEADERSTYLE
  5
12E
102
{ACAD_REACTORS
330
12D
102
}
102
{ACAD_XDICTIONARY
360
D50
102
}
330
12D
100
AcDbMLeaderStyle
170
     2
171
     1
172
     0
 90
        2
 40
0.0
 41
0.0
173
     1
 91
-1056964608
340
14
 92
       -2
290
     1
 42
2.0
291
     1
 43
8.0
  3
Standard
341
0
 44
4.0
300

342
11
174
     1
178
     1
175
     1
176
     0
 93
-1056964608
 45
4.0
292
     0
297
     0
 46
4.0
343
0
 94
-1056964608
 47
1.0
 49
1.0
140
1.0
293
     1
141
0.0
294
     1
177
     0
142
1.0
295
     0
296
     0
143
3.75
1001
ACAD_MLEADERVER
1070
     2
  0
MLINESTYLE
  5
18
102
{ACAD_REACTORS
330
17
102
}
330
17
100
AcDbMlineStyle
  2
STANDARD
 70
     0
  3

 62
   256
 51
90.0
 52
90.0
 71
     2
 49
0.5
 62
   256
  6
BYLAYER
 49
-0.5
 62
   256
  6
BYLAYER
  0
PLOTSETTINGS
  5
D05
102
{ACAD_REACTORS
330
19
102
}
330
19
100
AcDbPlotSettings
  1
2D HOUSE
  2
none_device
  4
ISO_A4_(210.00_x_297.00_MM)
  6

 40
7.5
 41
20.0
 42
7.5
 43
20.0
 44
210.0
 45
297.0
 46
11.54999923706055
 47
-13.65000009536743
 48
0.0
 49
0.0
140
0.0
141
0.0
142
1.0
143
7.974860111090376
 70
 11952
 72
     1
 73
     0
 74
     0
  7

 75
     0
 76
     0
 77
     2
 78
   300
147
0.1253940490579055
148
215.1151725069794
149
-560.0194025458716
1001
ACAD_PSEXT
1000
None
1000
None
1000
Not applicable
1000
The layout will not be plotted unless a new plotter configuration name is selected.
1070
     0
  0
PLOTSETTINGS
  5
D31
102
{ACAD_REACTORS
330
19
102
}
330
19
100
AcDbPlotSettings
  1
HOUSE
  2
none_device
  4
ISO_A4_(210.00_x_297.00_MM)
  6

 40
7.5
 41
20.0
 42
7.5
 43
20.0
 44
210.0
 45
297.0
 46
11.54999923706055
 47
-13.65000009536743
 48
0.0
 49
0.0
140
0.0
141
0.0
142
1.0
143
7.974860111090376
 70
 11952
 72
     1
 73
     0
 74
     0
  7

 75
     0
 76
     0
 77
     2
 78
   300
147
0.1253940490579055
148
215.1151725069794
149
-560.0194025458716
1001
ACAD_PSEXT
1000
None
1000
None
1000
Not applicable
1000
The layout will not be plotted unless a new plotter configuration name is selected.
1070
     0
  0
ACDBPLACEHOLDER
  5
F
102
{ACAD_REACTORS
330
E
102
}
330
E
  0
SCALE
  5
10D
102
{ACAD_REACTORS
330
10C
102
}
330
10C
100
AcDbScale
 70
     0
300
1:1
140
1.0
141
1.0
290
     1
  0
SCALE
  5
1BE
102
{ACAD_REACTORS
330
10C
102
}
330
10C
100
AcDbScale
 70
     0
300
1:2
140
1.0
141
2.0
290
     0
  0
SCALE
  5
1BF
102
{ACAD_REACTORS
330
10C
102
}
330
10C
100
AcDbScale
 70
     0
300
1:4
140
1.0
141
4.0
290
     0
  0
SCALE
  5
1C0
102
{ACAD_REACTORS
330
10C
102
}
330
10C
100
AcDbScale
 70
     0
300
1:5
140
1.0
141
5.0
290
     0
  0
SCALE
  5
1C1
102
{ACAD_REACTORS
330
10C
102
}
330
10C
100
AcDbScale
 70
     0
300
1:8
140
1.0
141
8.0
290
     0
  0
SCALE
  5
1C2
102
{ACAD_REACTORS
330
10C
102
}
330
10C
100
AcDbScale
 70
     0
300
1:10
140
1.0
141
10.0
290
     0
  0
SCALE
  5
1C3
102
{ACAD_REACTORS
330
10C
102
}
330
10C
100
AcDbScale
 70
     0
300
1:16
140
1.0
141
16.0
290
     0
  0
SCALE
  5
1C4
102
{ACAD_REACTORS
330
10C
102
}
330
10C
100
AcDbScale
 70
     0
300
1:20
140
1.0
141
20.0
290
     0
  0
SCALE
  5
1C5
102
{ACAD_REACTORS
330
10C
102
}
330
10C
100
AcDbScale
 70
     0
300
1:30
140
1.0
141
30.0
290
     0
  0
SCALE
  5
1C6
102
{ACAD_REACTORS
330
10C
102
}
330
10C
100
AcDbScale
 70
     0
300
1:40
140
1.0
141
40.0
290
     0
  0
SCALE
  5
1C7
102
{ACAD_REACTORS
330
10C
102
}
330
10C
100
AcDbScale
 70
     0
300
1:50
140
1.0
141
50.0
290
     0
  0
SCALE
  5
1C8
102
{ACAD_REACTORS
330
10C
102
}
330
10C
100
AcDbScale
 70
     0
300
1:100
140
1.0
141
100.0
290
     0
  0
SCALE
  5
1C9
102
{ACAD_REACTORS
330
10C
102
}
330
10C
100
AcDbScale
 70
     0
300
2:1
140
2.0
141
1.0
290
     0
  0
SCALE
  5
1CA
102
{ACAD_REACTORS
330
10C
102
}
330
10C
100
AcDbScale
 70
     0
300
4:1
140
4.0
141
1.0
290
     0
  0
SCALE
  5
1CB
102
{ACAD_REACTORS
330
10C
102
}
330
10C
100
AcDbScale
 70
     0
300
8:1
140
8.0
141
1.0
290
     0
  0
SCALE
  5
1CC
102
{ACAD_REACTORS
330
10C
102
}
330
10C
100
AcDbScale
 70
     0
300
10:1
140
10.0
141
1.0
290
     0
  0
SCALE
  5
1CD
102
{ACAD_REACTORS
330
10C
102
}
330
10C
100
AcDbScale
 70
     0
300
100:1
140
100.0
141
1.0
290
     0
  0
ACDBSECTIONVIEWSTYLE
  5
7EC
102
{ACAD_REACTORS
330
219
102
}
102
{ACAD_XDICTIONARY
360
D52
102
}
330
219
100
AcDbModelDocViewStyle
 70
     0
  3
Imperial24
290
     0
100
AcDbSectionViewStyle
 70
     0
 71
     0
 90
       78
 71
     1
340
11
 62
   256
 40
0.24
340
0
340
0
 62
   256
 40
0.24
300
I, O, Q, S, X, Z
 40
0.48
 90
        3
 40
0.18
 90
        1
 71
     2
340
16
 90
       25
 62
   256
340
16
 90
       50
 62
   256
 40
0.24
 40
0.0
 40
0.24
 71
     3
340
11
 62
   256
 40
0.24
 90
        1
 40
0.75
 90
        1
300
%<\AcVar ViewType \f "%tc1">% %<\AcVar ViewSectionStartId>%-%<\AcVar ViewSectionEndId>%\PSCALE %<\AcVar ViewScale \f "%sn">%
 71
     4
 62
   256
 62
   257
300
ANSI31
 40
1.0
 90
        0
290
     0
290
     0
 90
        6
 40
0.0
 40
1.570796326794897
 40
0.2617993877991494
 40
1.308996938995747
 40
-0.2617993877991494
 40
1.832595714594046
  0
ACDBSECTIONVIEWSTYLE
  5
21A
102
{ACAD_REACTORS
330
219
102
}
102
{ACAD_XDICTIONARY
360
D54
102
}
330
219
100
AcDbModelDocViewStyle
 70
     0
  3
Metric50
290
     0
100
AcDbSectionViewStyle
 70
     0
 71
     0
 90
      102
 71
     1
340
11
 62
   256
 40
5.0
340
0
340
0
 62
   256
 40
5.0
300
I, O, Q, S, X, Z
 40
10.0
 90
        0
 40
2.5
 90
        0
 71
     2
340
16
 90
       25
 62
   256
340
16
 90
       50
 62
   256
 40
5.0
 40
2.5
 40
5.0
 71
     3
340
11
 62
   256
 40
5.0
 90
        0
 40
15.0
 90
        1
300
%<\AcVar ViewSectionStartId>%-%<\AcVar ViewSectionEndId>% (%<\AcVar ViewScale \f "%sn">%)
 71
     4
 62
   256
 62
   257
300
ANSI31
 40
1.0
 90
        0
290
     0
290
     0
 90
        6
 40
0.0
 40
1.570796326794897
 40
0.2617993877991494
 40
1.308996938995747
 40
-0.2617993877991494
 40
1.832595714594046
  0
TABLESTYLE
  5
7F
102
{ACAD_REACTORS
330
7E
102
}
102
{ACAD_XDICTIONARY
360
D56
102
}
330
7E
100
AcDbTableStyle
  3
Standard
 70
     0
 71
     0
 40
1.5
 41
1.5
280
     0
281
     0
  7
Standard
140
4.5
170
     2
 62
     0
 63
   257
283
     0
274
    -2
284
     1
 64
     0
275
    -2
285
     1
 65
     0
276
    -2
286
     1
 66
     0
277
    -2
287
     1
 67
     0
278
    -2
288
     1
 68
     0
279
    -2
289
     1
 69
     0
  7
Standard
140
6.0
170
     5
 62
     0
 63
   257
283
     0
274
    -2
284
     1
 64
     0
275
    -2
285
     1
 65
     0
276
    -2
286
     1
 66
     0
277
    -2
287
     1
 67
     0
278
    -2
288
     1
 68
     0
279
    -2
289
     1
 69
     0
  7
Standard
140
4.5
170
     5
 62
     0
 63
   257
283
     0
274
    -2
284
     1
 64
     0
275
    -2
285
     1
 65
     0
276
    -2
286
     1
 66
     0
277
    -2
287
     1
 67
     0
278
    -2
288
     1
 68
     0
279
    -2
289
     1
 69
     0
  0
VISUALSTYLE
  5
F5
102
{ACAD_REACTORS
330
EF
102
}
102
{ACAD_XDICTIONARY
360
D59
102
}
330
EF
100
AcDbVisualStyle
  2
2dWireframe
 70
     4
 71
     0
 72
     2
 73
     1
 90
        0
 40
0.6
 41
30.0
 62
     5
 63
     7
421
 16777215
 74
     1
 91
        4
 64
     7
 65
   257
 75
     1
175
     1
 42
1.0
 92
        0
 66
   257
 43
1.0
 76
     1
 77
     6
 78
     2
 67
     7
 79
     5
170
     0
171
     0
290
     0
174
     0
 93
        1
 44
0.0
173
     0
291
     0
 45
0.0
1001
ACAD
1000
AcDbSavedByObjectVersion
1070
     0
  0
VISUALSTYLE
  5
F4
102
{ACAD_REACTORS
330
EF
102
}
102
{ACAD_XDICTIONARY
360
D5B
102
}
330
EF
100
AcDbVisualStyle
  2
Basic
 70
     7
 71
     1
 72
     0
 73
     1
 90
        0
 40
0.6
 41
30.0
 62
     5
 63
     7
421
 16777215
 74
     0
 91
        4
 64
     7
 65
   257
 75
     1
175
     1
 42
1.0
 92
        8
 66
     7
 43
1.0
 76
     1
 77
     6
 78
     2
 67
     7
 79
     5
170
     0
171
     0
290
     0
174
     0
 93
        1
 44
0.0
173
     0
291
     1
 45
0.0
1001
ACAD
1000
AcDbSavedByObjectVersion
1070
     0
  0
VISUALSTYLE
  5
FB
102
{ACAD_REACTORS
330
EF
102
}
102
{ACAD_XDICTIONARY
360
D5D
102
}
330
EF
100
AcDbVisualStyle
  2
Brighten
 70
    12
 71
     2
 72
     2
 73
     1
 90
        0
 40
0.6
 41
30.0
 62
     5
 63
     7
421
 16777215
 74
     1
 91
        4
 64
     7
 65
   257
 75
     1
175
     1
 42
1.0
 92
        8
 66
     7
 43
1.0
 76
     1
 77
     6
 78
     2
 67
     7
 79
     5
170
     0
171
     0
290
     0
174
     0
 93
        1
 44
50.0
173
     0
291
     1
 45
0.0
1001
ACAD
1000
AcDbSavedByObjectVersion
1070
     0
  0
VISUALSTYLE
  5
FF
102
{ACAD_REACTORS
330
EF
102
}
102
{ACAD_XDICTIONARY
360
D5F
102
}
330
EF
100
AcDbVisualStyle
  2
ColorChange
 70
    16
 71
     2
 72
     2
 73
     3
 90
        0
 40
0.6
 41
30.0
 62
     5
 63
     8
421
  8421504
 74
     1
 91
        4
 64
     7
 65
   257
 75
     1
175
     1
 42
1.0
 92
        8
 66
     8
424
  8421504
 43
1.0
 76
     1
 77
     6
 78
     2
 67
     7
 79
     5
170
     0
171
     0
290
     0
174
     0
 93
        1
 44
0.0
173
     0
291
     1
 45
0.0
1001
ACAD
1000
AcDbSavedByObjectVersion
1070
     0
  0
VISUALSTYLE
  5
F8
102
{ACAD_REACTORS
330
EF
102
}
102
{ACAD_XDICTIONARY
360
D61
102
}
330
EF
100
AcDbVisualStyle
  2
Conceptual
 70
     9
 71
     3
 72
     2
 73
     1
 90
        0
 40
0.6
 41
30.0
 62
     5
 63
     7
421
 16777215
 74
     2
 91
        2
 64
     7
 65
   257
 75
     1
175
     1
 42
40.0
 92
        8
 66
     7
 43
1.0
 76
     1
 77
     6
 78
     2
 67
     7
 79
     3
170
     0
171
     0
290
     0
174
     0
 93
        1
 44
0.0
173
     0
291
     0
 45
0.0
1001
ACAD
1000
AcDbSavedByObjectVersion
1070
     0
  0
VISUALSTYLE
  5
FA
102
{ACAD_REACTORS
330
EF
102
}
102
{ACAD_XDICTIONARY
360
D63
102
}
330
EF
100
AcDbVisualStyle
  2
Dim
 70
    11
 71
     2
 72
     2
 73
     1
 90
        0
 40
0.6
 41
30.0
 62
     5
 63
     7
421
 16777215
 74
     1
 91
        4
 64
     7
 65
   257
 75
     1
175
     1
 42
1.0
 92
        8
 66
     7
 43
1.0
 76
     1
 77
     6
 78
     2
 67
     7
 79
     5
170
     0
171
     0
290
     0
174
     0
 93
        1
 44
-50.0
173
     0
291
     1
 45
0.0
1001
ACAD
1000
AcDbSavedByObjectVersion
1070
     0
  0
VISUALSTYLE
  5
1E6
102
{ACAD_REACTORS
330
EF
102
}
102
{ACAD_XDICTIONARY
360
D65
102
}
330
EF
100
AcDbVisualStyle
  2
EdgeColorOff
 70
    22
 71
     2
 72
     2
 73
     0
 90
        0
 40
0.6
 41
30.0
 62
     5
 63
     7
421
 16777215
 74
     1
 91
        4
 64
     7
 65
   257
 75
     1
175
     1
 42
1.0
 92
        8
 66
     7
 43
1.0
 76
     1
 77
     6
 78
     2
 67
     7
 79
     5
170
     0
171
     0
290
     0
174
     0
 93
        1
 44
0.0
173
     0
291
     1
 45
0.0
1001
ACAD
1000
AcDbSavedByObjectVersion
1070
     0
  0
VISUALSTYLE
  5
FE
102
{ACAD_REACTORS
330
EF
102
}
102
{ACAD_XDICTIONARY
360
D67
102
}
330
EF
100
AcDbVisualStyle
  2
Facepattern
 70
    15
 71
     2
 72
     2
 73
     1
 90
        0
 40
0.6
 41
30.0
 62
     5
 63
     7
421
 16777215
 74
     1
 91
        4
 64
     7
 65
   257
 75
     1
175
     1
 42
1.0
 92
        8
 66
     7
 43
1.0
 76
     1
 77
     6
 78
     2
 67
     7
 79
     5
170
     0
171
     0
290
     0
174
     0
 93
        1
 44
0.0
173
     0
291
     1
 45
0.0
1001
ACAD
1000
AcDbSavedByObjectVersion
1070
     0
  0
VISUALSTYLE
  5
F0
102
{ACAD_REACTORS
330
EF
102
}
102
{ACAD_XDICTIONARY
360
D69
102
}
330
EF
100
AcDbVisualStyle
  2
Flat
 70
     0
 71
     2
 72
     1
 73
     1
 90
        2
 40
0.6
 41
30.0
 62
     5
 63
     7
421
 16777215
 74
     0
 91
        0
 64
     7
 65
   257
 75
     1
175
     1
 42
1.0
 92
        8
 66
     7
 43
1.0
 76
     1
 77
     6
 78
     2
 67
     7
 79
     5
170
     0
171
     0
290
     0
174
     0
 93
       13
 44
0.0
173
     0
291
     1
 45
0.0
1001
ACAD
1000
AcDbSavedByObjectVersion
1070
     0
  0
VISUALSTYLE
  5
F1
102
{ACAD_REACTORS
330
EF
102
}
102
{ACAD_XDICTIONARY
360
D6B
102
}
330
EF
100
AcDbVisualStyle
  2
FlatWithEdges
 70
     1
 71
     2
 72
     1
 73
     1
 90
        2
 40
0.6
 41
30.0
 62
     5
 63
     7
421
 16777215
 74
     1
 91
        0
 64
     7
 65
   257
 75
     1
175
     1
 42
1.0
 92
        0
 66
   257
 43
1.0
 76
     1
 77
     6
 78
     2
 67
     7
 79
     5
170
     0
171
     0
290
     0
174
     0
 93
       13
 44
0.0
173
     0
291
     1
 45
0.0
1001
ACAD
1000
AcDbSavedByObjectVersion
1070
     0
  0
VISUALSTYLE
  5
F2
102
{ACAD_REACTORS
330
EF
102
}
102
{ACAD_XDICTIONARY
360
D6D
102
}
330
EF
100
AcDbVisualStyle
  2
Gouraud
 70
     2
 71
     2
 72
     2
 73
     1
 90
        2
 40
0.6
 41
30.0
 62
     5
 63
     7
421
 16777215
 74
     0
 91
        0
 64
     7
 65
   257
 75
     1
175
     1
 42
1.0
 92
        0
 66
     7
 43
1.0
 76
     1
 77
     6
 78
     2
 67
     7
 79
     5
170
     0
171
     0
290
     0
174
     0
 93
       13
 44
0.0
173
     0
291
     1
 45
0.0
1001
ACAD
1000
AcDbSavedByObjectVersion
1070
     0
  0
VISUALSTYLE
  5
F3
102
{ACAD_REACTORS
330
EF
102
}
102
{ACAD_XDICTIONARY
360
D6F
102
}
330
EF
100
AcDbVisualStyle
  2
GouraudWithEdges
 70
     3
 71
     2
 72
     2
 73
     1
 90
        2
 40
0.6
 41
30.0
 62
     5
 63
     7
421
 16777215
 74
     1
 91
        0
 64
     7
 65
   257
 75
     1
175
     1
 42
1.0
 92
        0
 66
   257
 43
1.0
 76
     1
 77
     6
 78
     2
 67
     7
 79
     5
170
     0
171
     0
290
     0
174
     0
 93
       13
 44
0.0
173
     0
291
     1
 45
0.0
1001
ACAD
1000
AcDbSavedByObjectVersion
1070
     0
  0
VISUALSTYLE
  5
F7
102
{ACAD_REACTORS
330
EF
102
}
102
{ACAD_XDICTIONARY
360
D71
102
}
330
EF
100
AcDbVisualStyle
  2
Hidden
 70
     6
 71
     1
 72
     2
 73
     2
 90
        0
 40
0.6
 41
30.0
 62
     5
 63
     7
421
 16777215
 74
     2
 91
        2
 64
     7
 65
   257
 75
     2
175
     1
 42
40.0
 92
        0
 66
   257
 43
1.0
 76
     1
 77
     6
 78
     2
 67
     7
 79
     3
170
     0
171
     0
290
     0
174
     0
 93
        1
 44
0.0
173
     0
291
     0
 45
0.0
1001
ACAD
1000
AcDbSavedByObjectVersion
1070
     0
  0
VISUALSTYLE
  5
1E4
102
{ACAD_REACTORS
330
EF
102
}
102
{ACAD_XDICTIONARY
360
D73
102
}
330
EF
100
AcDbVisualStyle
  2
JitterOff
 70
    20
 71
     2
 72
     2
 73
     0
 90
        0
 40
0.6
 41
30.0
 62
     5
 63
     7
421
 16777215
 74
     1
 91
        4
 64
     7
 65
   257
 75
     1
175
     1
 42
1.0
 92
       10
 66
     7
 43
1.0
 76
     1
 77
     6
 78
     2
 67
     7
 79
     5
170
     0
171
     0
290
     0
174
     0
 93
        1
 44
0.0
173
     0
291
     1
 45
0.0
1001
ACAD
1000
AcDbSavedByObjectVersion
1070
     0
  0
VISUALSTYLE
  5
FD
102
{ACAD_REACTORS
330
EF
102
}
102
{ACAD_XDICTIONARY
360
D75
102
}
330
EF
100
AcDbVisualStyle
  2
Linepattern
 70
    14
 71
     2
 72
     2
 73
     1
 90
        0
 40
0.6
 41
30.0
 62
     5
 63
     7
421
 16777215
 74
     1
 91
        4
 64
     7
 65
   257
 75
     7
175
     7
 42
1.0
 92
        8
 66
     7
 43
1.0
 76
     1
 77
     6
 78
     2
 67
     7
 79
     5
170
     0
171
     0
290
     0
174
     0
 93
        1
 44
0.0
173
     0
291
     1
 45
0.0
1001
ACAD
1000
AcDbSavedByObjectVersion
1070
     0
  0
VISUALSTYLE
  5
1E5
102
{ACAD_REACTORS
330
EF
102
}
102
{ACAD_XDICTIONARY
360
D77
102
}
330
EF
100
AcDbVisualStyle
  2
OverhangOff
 70
    21
 71
     2
 72
     2
 73
     0
 90
        0
 40
0.6
 41
30.0
 62
     5
 63
     7
421
 16777215
 74
     1
 91
        4
 64
     7
 65
   257
 75
     1
175
     1
 42
1.0
 92
        9
 66
     7
 43
1.0
 76
     1
 77
     6
 78
     2
 67
     7
 79
     5
170
     0
171
     0
290
     0
174
     0
 93
        1
 44
0.0
173
     0
291
     1
 45
0.0
1001
ACAD
1000
AcDbSavedByObjectVersion
1070
     0
  0
VISUALSTYLE
  5
F9
102
{ACAD_REACTORS
330
EF
102
}
102
{ACAD_XDICTIONARY
360
D79
102
}
330
EF
100
AcDbVisualStyle
  2
Realistic
 70
     8
 71
     2
 72
     3
 73
     0
 90
        2
 40
0.6
 41
30.0
 62
     5
 63
     7
421
 16777215
 74
     0
 91
        0
 64
     7
 65
   257
 75
     1
175
     1
 42
1.0
 92
        8
 66
   257
 43
1.0
 76
     1
 77
     6
 78
     2
 67
     7
 79
     3
170
     0
171
     0
290
     0
174
     0
 93
       13
 44
0.0
173
     0
291
     0
 45
0.0
1001
ACAD
1000
AcDbSavedByObjectVersion
1070
     0
  0
VISUALSTYLE
  5
1F3
102
{ACAD_REACTORS
330
EF
102
}
102
{ACAD_XDICTIONARY
360
D7B
102
}
330
EF
100
AcDbVisualStyle
  2
Shaded
 70
    27
 71
     2
 72
     2
 73
     1
 90
        2
 40
0.6
 41
30.0
 62
     5
 63
     7
421
 16777215
 74
     0
 91
        4
 64
     7
 65
   257
 75
     1
175
     1
 42
1.0
 92
        8
 66
   257
 43
1.0
 76
     1
 77
     6
 78
     2
 67
     8
425
  7895160
 79
     3
170
     0
171
     0
290
     0
174
     0
 93
        5
 44
0.0
173
     0
291
     0
 45
0.0
1001
ACAD
1000
AcDbSavedByObjectVersion
1070
     0
  0
VISUALSTYLE
  5
1F2
102
{ACAD_REACTORS
330
EF
102
}
102
{ACAD_XDICTIONARY
360
D7D
102
}
330
EF
100
AcDbVisualStyle
  2
Shaded with edges
 70
    26
 71
     2
 72
     2
 73
     1
 90
        2
 40
0.6
 41
30.0
 62
     5
 63
     7
421
 16777215
 74
     1
 91
        2
 64
     7
 65
   257
 75
     2
175
     1
 42
1.0
 92
        8
 66
   257
 43
1.0
 76
     1
 77
     6
 78
     2
 67
     7
 79
     3
170
     0
171
     0
290
     0
174
     0
 93
        5
 44
0.0
173
     0
291
     0
 45
0.0
1001
ACAD
1000
AcDbSavedByObjectVersion
1070
     0
  0
VISUALSTYLE
  5
1EF
102
{ACAD_REACTORS
330
EF
102
}
102
{ACAD_XDICTIONARY
360
D7F
102
}
330
EF
100
AcDbVisualStyle
  2
Shades of Gray
 70
    23
 71
     2
 72
     2
 73
     3
 90
        0
 40
0.6
 41
30.0
 62
     5
 63
     7
421
 16777215
 74
     2
 91
        2
 64
     7
 65
     7
 75
     1
175
     1
 42
40.0
 92
        8
 66
     7
 43
1.0
 76
     1
 77
     6
 78
     2
 67
     7
 79
     3
170
     0
171
     0
290
     0
174
     0
 93
        1
 44
0.0
173
     0
291
     0
 45
0.0
1001
ACAD
1000
AcDbSavedByObjectVersion
1070
     0
  0
VISUALSTYLE
  5
1F0
102
{ACAD_REACTORS
330
EF
102
}
102
{ACAD_XDICTIONARY
360
D81
102
}
330
EF
100
AcDbVisualStyle
  2
Sketchy
 70
    24
 71
     1
 72
     2
 73
     2
 90
        0
 40
0.6
 41
30.0
 62
     5
 63
     7
421
 16777215
 74
     2
 91
        2
 64
     7
 65
     7
 75
     1
175
     1
 42
40.0
 92
       11
 66
     7
 43
1.0
 76
     1
 77
     6
 78
     2
 67
     7
 79
     6
170
     0
171
     0
290
     0
174
     0
 93
        1
 44
0.0
173
     0
291
     0
 45
0.0
1001
ACAD
1000
AcDbSavedByObjectVersion
1070
     0
  0
VISUALSTYLE
  5
FC
102
{ACAD_REACTORS
330
EF
102
}
102
{ACAD_XDICTIONARY
360
D83
102
}
330
EF
100
AcDbVisualStyle
  2
Thicken
 70
    13
 71
     2
 72
     2
 73
     1
 90
        0
 40
0.6
 41
30.0
 62
     5
 63
     7
421
 16777215
 74
     1
 91
        4
 64
     7
 65
   257
 75
     1
175
     1
 42
1.0
 92
       12
 66
     7
 43
1.0
 76
     1
 77
     6
 78
     2
 67
     7
 79
     5
170
     0
171
     0
290
     0
174
     0
 93
        1
 44
0.0
173
     0
291
     1
 45
0.0
1001
ACAD
1000
AcDbSavedByObjectVersion
1070
     0
  0
VISUALSTYLE
  5
F6
102
{ACAD_REACTORS
330
EF
102
}
102
{ACAD_XDICTIONARY
360
D85
102
}
330
EF
100
AcDbVisualStyle
  2
Wireframe
 70
     5
 71
     0
 72
     2
 73
     0
 90
        0
 40
0.6
 41
30.0
 62
     5
 63
     7
421
 16777215
 74
     1
 91
        4
 64
     7
 65
   257
 75
     1
175
     1
 42
1.0
 92
        0
 66
   257
 43
1.0
 76
     1
 77
     6
 78
     2
 67
     7
 79
     3
170
     0
171
     0
290
     0
174
     0
 93
        1
 44
0.0
173
     0
291
     0
 45
0.0
1001
ACAD
1000
AcDbSavedByObjectVersion
1070
     0
  0
VISUALSTYLE
  5
1F1
102
{ACAD_REACTORS
330
EF
102
}
102
{ACAD_XDICTIONARY
360
D87
102
}
330
EF
100
AcDbVisualStyle
  2
X-Ray
 70
    25
 71
     2
 72
     2
 73
     1
 90
        1
 40
0.5
 41
30.0
 62
     5
 63
     7
421
 16777215
 74
     1
 91
        0
 64
     7
 65
   257
 75
     1
175
     1
 42
1.0
 92
        8
 66
     7
 43
1.0
 76
     1
 77
     6
 78
     2
 67
     7
 79
     3
170
     0
171
     0
290
     0
174
     0
 93
       13
 44
0.0
173
     0
291
     0
 45
0.0
1001
ACAD
1000
AcDbSavedByObjectVersion
1070
     0
  0
DICTIONARYVAR
  5
146
102
{ACAD_REACTORS
330
5E
102
}
330
5E
100
DictionaryVariables
280
     0
  1
1:1
  0
DICTIONARYVAR
  5
259
102
{ACAD_REACTORS
330
5E
102
}
330
5E
100
DictionaryVariables
280
     0
  1
3.500000
  0
DICTIONARYVAR
  5
25A
102
{ACAD_REACTORS
330
5E
102
}
330
5E
100
DictionaryVariables
280
     0
  1
acadiso.lin
  0
DICTIONARYVAR
  5
145
102
{ACAD_REACTORS
330
5E
102
}
330
5E
100
DictionaryVariables
280
     0
  1
Standard
  0
DICTIONARYVAR
  5
84
102
{ACAD_REACTORS
330
5E
102
}
330
5E
100
DictionaryVariables
280
     0
  1
Standard
  0
DICTIONARYVAR
  5
227
102
{ACAD_REACTORS
330
5E
102
}
330
5E
100
DictionaryVariables
280
     0
  1
Metric50
  0
DICTIONARYVAR
  5
228
102
{ACAD_REACTORS
330
5E
102
}
330
5E
100
DictionaryVariables
280
     0
  1
Metric50
  0
DICTIONARYVAR
  5
5F
102
{ACAD_REACTORS
330
5E
102
}
330
5E
100
DictionaryVariables
280
     0
  1
2
  0
DICTIONARYVAR
  5
63
102
{ACAD_REACTORS
330
5E
102
}
330
5E
100
DictionaryVariables
280
     0
  1
1
  0
DICTIONARYVAR
  5
57B
102
{ACAD_REACTORS
330
5E
102
}
330
5E
100
DictionaryVariables
280
     0
  1
RGB:0,0,0
  0
DICTIONARYVAR
  5
580
102
{ACAD_REACTORS
330
5E
102
}
330
5E
100
DictionaryVariables
280
     0
  1
ByLayer
  0
DICTIONARYVAR
  5
1AE
102
{ACAD_REACTORS
330
5E
102
}
330
5E
100
DictionaryVariables
280
     0
  1
0
  0
DICTIONARYVAR
  5
1AF
102
{ACAD_REACTORS
330
5E
102
}
330
5E
100
DictionaryVariables
280
     0
  1
0
  0
DICTIONARYVAR
  5
D43
102
{ACAD_REACTORS
330
5E
102
}
330
5E
100
DictionaryVariables
280
     0
  1
1
  0
DICTIONARYVAR
  5
D44
102
{ACAD_REACTORS
330
5E
102
}
330
5E
100
DictionaryVariables
280
     0
  1
2
  0
DICTIONARY
  5
D8B
102
{ACAD_REACTORS
330
D8A
102
}
330
D8A
100
AcDbDictionary
281
     1
  0
DICTIONARY
  5
D8C
102
{ACAD_REACTORS
330
D8A
102
}
330
D8A
100
AcDbDictionary
281
     1
  3
8796092699128
350
D8D
  3
8796092699144
350
D8E
  3
8796092699160
350
D8F
  3
8796092699176
350
D90
  3
8796092699192
350
D91
  3
8796092699208
350
D92
  0
BLOCKROTATIONPARAMETER
  5
7A8
330
7A7
100
AcDbEvalExpr
 90
        5
 98
       33
 99
      378
100
AcDbBlockElement
300
Rotation
 98
       25
 99
      104
1071
        0
100
AcDbBlockParameter
280
     1
281
     0
100
AcDbBlock2PtParameter
1010
0.0
1020
0.0
1030
0.0
1011
-0.8249999999999998
1021
0.0000000000000001
1031
0.0
170
     4
 91
        0
 91
        6
 91
        0
 91
        0
171
     0
172
     0
173
     1
 94
        6
303
DisplacementX
174
     1
 95
        6
304
DisplacementY
177
     0
100
AcDbBlockRotationParameter
305
Angle
306
Rotation angle of arrow
1011
-0.8249999999999998
1021
0.0000000000000001
1031
0.0
140
0.0942136863505527
307

 96
        0
141
0.0
142
0.0
143
0.0
175
     0
  0
BLOCKROTATIONGRIP
  5
7A9
330
7A7
100
AcDbEvalExpr
 90
        6
 98
       33
 99
      378
100
AcDbBlockElement
300
Grip
 98
       25
 99
      104
1071
        0
100
AcDbBlockGrip
 91
        7
 92
        8
1010
-0.8249999999999998
1020
0.0000000000000001
1030
0.0
280
     0
 93
       -1
100
AcDbBlockRotationGrip
  0
BLOCKGRIPLOCATIONCOMPONENT
  5
7AA
330
7A7
100
AcDbEvalExpr
 90
        7
 98
       33
 99
      378
100
AcDbBlockGripExpr
 91
        5
300
UpdatedEndX
  0
BLOCKGRIPLOCATIONCOMPONENT
  5
7AB
330
7A7
100
AcDbEvalExpr
 90
        8
 98
       33
 99
      378
100
AcDbBlockGripExpr
 91
        5
300
UpdatedEndY
  0
BLOCKLINEARPARAMETER
  5
7AC
330
7A7
100
AcDbEvalExpr
 90
        9
 98
       33
 99
      378
100
AcDbBlockElement
300
Linear
 98
       25
 99
      104
1071
        0
100
AcDbBlockParameter
280
     1
281
     0
100
AcDbBlock2PtParameter
1010
0.0
1020
0.0
1030
0.0
1011
-0.9999999999999999
1021
0.0000000000000017
1031
0.0
170
     4
 91
        0
 91
       10
 91
        0
 91
        0
171
     0
172
     0
173
     1
 94
       10
303
DisplacementX
174
     1
 95
       10
304
DisplacementY
177
     0
100
AcDbBlockLinearParameter
305
Length
306
Sets the length of the arrow
140
-0.5
307

 96
        0
141
0.0
142
0.0
143
0.0
175
     0
  0
BLOCKLINEARGRIP
  5
7AD
330
7A7
100
AcDbEvalExpr
 90
       10
 98
       33
 99
      378
100
AcDbBlockElement
300
End Grip
 98
       25
 99
      104
1071
        0
100
AcDbBlockGrip
 91
       11
 92
       12
1010
-0.9999999999999999
1020
0.0000000000000017
1030
0.0
280
     0
 93
       -1
100
AcDbBlockLinearGrip
140
-0.9999999999999999
141
0.0000000000000017
142
0.0
  0
BLOCKGRIPLOCATIONCOMPONENT
  5
7AE
330
7A7
100
AcDbEvalExpr
 90
       11
 98
       33
 99
      378
100
AcDbBlockGripExpr
 91
        9
300
UpdatedEndX
  0
BLOCKGRIPLOCATIONCOMPONENT
  5
7AF
330
7A7
100
AcDbEvalExpr
 90
       12
 98
       33
 99
      378
100
AcDbBlockGripExpr
 91
        9
300
UpdatedEndY
  0
BLOCKFLIPPARAMETER
  5
7B0
330
7A7
100
AcDbEvalExpr
 90
       16
 98
       33
 99
      378
100
AcDbBlockElement
300
Flip
 98
       25
 99
      104
1071
        0
100
AcDbBlockParameter
280
     1
281
     0
100
AcDbBlock2PtParameter
1010
0.0
1020
0.0
1030
0.0
1011
0.0
1021
-0.3223026454765003
1031
0.0
170
     4
 91
       17
 91
        0
 91
        0
 91
        0
171
     0
172
     0
173
     0
174
     0
177
     0
100
AcDbBlockFlipParameter
305
Direction
306
Direction of arrow
307
Right
308
Left
1012
0.1402053463586133
1022
-0.3223026454765003
1032
0.0
309
UpdatedFlip
 96
       17
  0
BLOCKFLIPGRIP
  5
7B1
330
7A7
100
AcDbEvalExpr
 90
       17
 98
       33
 99
      378
100
AcDbBlockElement
300
Grip
 98
       25
 99
      104
1071
        0
100
AcDbBlockGrip
 91
       19
 92
       20
1010
0.0
1020
0.0
1030
0.0
280
     0
 93
       -1
100
AcDbBlockFlipGrip
140
0.0
141
-0.3223026454765003
142
0.0
 93
       18
  0
BLOCKGRIPLOCATIONCOMPONENT
  5
7B2
330
7A7
100
AcDbEvalExpr
 90
       18
 98
       33
 99
      378
100
AcDbBlockGripExpr
 91
       16
300
UpdatedFlip
  0
BLOCKGRIPLOCATIONCOMPONENT
  5
7B3
330
7A7
100
AcDbEvalExpr
 90
       19
 98
       33
 99
      378
100
AcDbBlockGripExpr
 91
       16
300
UpdatedBaseX
  0
BLOCKGRIPLOCATIONCOMPONENT
  5
7B4
330
7A7
100
AcDbEvalExpr
 90
       20
 98
       33
 99
      378
100
AcDbBlockGripExpr
 91
       16
300
UpdatedBaseY
  0
BLOCKSTRETCHACTION
  5
7B5
330
7A7
100
AcDbEvalExpr
 90
       21
 98
       33
 99
      378
100
AcDbBlockElement
300
Stretch Length
 98
       25
 99
      104
1071
        0
100
AcDbBlockAction
 70
     1
 91
       31
 71
     9
330
7AD
330
7CD
330
7CC
330
7CB
330
7CA
330
7C9
330
7BD
330
7C1
330
7BE
1010
-0.9999999999999997
1020
1.0
1030
0.0
100
AcDbBlockStretchAction
 92
        9
301
EndXDelta
 93
        9
302
EndYDelta
 72
     2
1011
-0.5
1021
0.6
1011
-1.4
1021
-0.6
 73
     5
331
7C9
 74
     2
 94
        3
 94
        4
331
7CA
 74
     2
 94
        4
 94
        5
331
7CB
 74
     7
 94
        3
 94
        4
 94
        5
 94
        6
 94
        7
 94
        8
 94
        9
331
7CC
 74
     5
 94
        3
 94
        4
 94
        5
 94
        6
 94
        7
331
7CD
 74
     3
 94
        3
 94
        4
 94
        5
 75
     1
 95
       31
 76
     2
 94
        0
 94
        1
140
1.0
141
0.0
280
     0
  0
BLOCKVISIBILITYPARAMETER
  5
7B6
330
7A7
100
AcDbEvalExpr
 90
       23
 98
       33
 99
      378
100
AcDbBlockElement
300
Visibility State
 98
       25
 99
      104
1071
        0
100
AcDbBlockParameter
280
     1
281
     0
100
AcDbBlock1PtParameter
1010
-0.0000000000000001
1020
-0.25
1030
0.0
 93
       24
170
     0
171
     0
100
AcDbBlockVisibilityParameter
281
     1
301
Arrow Type
302
Displays the selected arrow type
 91
        0
 93
       12
331
7C9
331
7CA
331
7CB
331
7CC
331
7CD
331
7CE
331
7CF
331
7D0
331
7D1
331
7D2
331
7D3
331
7D4
 92
        6
303
Single
 94
        2
332
7C9
332
7CF
 95
       10
333
7A9
333
7AC
333
7AD
333
7B0
333
7B1
333
7B5
333
7BA
333
7BB
333
7BC
333
7A8
303
Arched
 94
        2
332
7CE
332
7D4
 95
        8
333
7A8
333
7A9
333
7B0
333
7B1
333
7B5
333
7BA
333
7BB
333
7BC
303
Double
 94
        2
332
7CC
332
7D0
 95
       10
333
7A8
333
7A9
333
7AC
333
7AD
333
7B0
333
7B1
333
7B5
333
7BA
333
7BB
333
7BC
303
Fancy
 94
        2
332
7CA
332
7D1
 95
       10
333
7A8
333
7A9
333
7AC
333
7AD
333
7B0
333
7B1
333
7B5
333
7BA
333
7BB
333
7BC
303
Flex
 94
        2
332
7CD
332
7D2
 95
       15
333
7A8
333
7A9
333
7AC
333
7AD
333
7B0
333
7B1
333
7B5
333
7BA
333
7BB
333
7BC
333
7BD
333
7BE
333
7C1
333
7C4
333
7C5
303
Tail
 94
        2
332
7CB
332
7D3
 95
       10
333
7A8
333
7A9
333
7AC
333
7AD
333
7B0
333
7B1
333
7B5
333
7BA
333
7BB
333
7BC
  0
BLOCKVISIBILITYGRIP
  5
7B7
330
7A7
100
AcDbEvalExpr
 90
       24
 98
       33
 99
      378
100
AcDbBlockElement
300
Grip
 98
       25
 99
      104
1071
        0
100
AcDbBlockGrip
 91
       25
 92
       26
1010
-0.0000000000000001
1020
-0.25
1030
0.0
280
     0
 93
       -1
100
AcDbBlockVisibilityGrip
  0
BLOCKGRIPLOCATIONCOMPONENT
  5
7B8
330
7A7
100
AcDbEvalExpr
 90
       25
 98
       33
 99
      378
100
AcDbBlockGripExpr
 91
       23
300
UpdatedX
  0
BLOCKGRIPLOCATIONCOMPONENT
  5
7B9
330
7A7
100
AcDbEvalExpr
 90
       26
 98
       33
 99
      378
100
AcDbBlockGripExpr
 91
       23
300
UpdatedY
  0
BLOCKSCALEACTION
  5
7BA
330
7A7
100
AcDbEvalExpr
 90
       28
 98
       33
 99
      378
100
AcDbBlockElement
300
Scale Rotation
 98
       25
 99
      104
1071
        0
100
AcDbBlockAction
 70
     1
 91
        5
 71
     1
330
7A8
1010
-0.9999999999999997
1020
0.75
1030
0.0
100
AcDbBlockActionWithBasePt
 92
        9
301
UpdatedBaseX
 93
        9
302
UpdatedBaseY
1011
0.0
1021
0.0
1031
0.0
280
     1
1012
0.0
1022
0.0
1032
0.0
100
AcDbBlockScaleAction
 94
        9
303
Scale
 95
        9
304
XScale
 96
        9
305
YScale
  0
BLOCKROTATEACTION
  5
7BB
330
7A7
100
AcDbEvalExpr
 90
       29
 98
       33
 99
      378
100
AcDbBlockElement
300
Rotate
 98
       25
 99
      104
1071
        0
100
AcDbBlockAction
 70
     2
 91
       31
 91
        9
 71
    16
330
7AC
330
7CE
330
7CC
330
7CB
330
7CA
330
7C9
330
7CD
330
7BD
330
7BE
330
7C1
330
7CF
330
7D4
330
7D3
330
7D2
330
7D1
330
7D0
1010
0.25
1020
0.0
1030
0.0
100
AcDbBlockActionWithBasePt
 92
        5
301
UpdatedBaseX
 93
        5
302
UpdatedBaseY
1011
0.0
1021
0.0
1031
0.0
280
     1
1012
0.0
1022
0.0
1032
0.0
100
AcDbBlockRotationAction
 94
        5
303
AngleDelta
  0
BLOCKFLIPACTION
  5
7BC
330
7A7
100
AcDbEvalExpr
 90
       30
 98
       33
 99
      378
100
AcDbBlockElement
300
FlipAll
 98
       25
 99
      104
1071
        0
100
AcDbBlockAction
 70
     3
 91
       31
 91
        5
 91
        9
 71
    20
330
7B1
330
7AD
330
7AC
330
7A9
330
7A8
330
7CE
330
7CD
330
7CC
330
7CB
330
7CA
330
7C9
330
7BD
330
7C1
330
7BE
330
7CF
330
7D4
330
7D3
330
7D2
330
7D1
330
7D0
1010
-0.0000000000000001
1020
-0.5111216142662194
1030
0.0
100
AcDbBlockFlipAction
 92
       16
 93
       16
 94
       16
 95
       16
301
Flip
302
UpdatedFlip
303
UpdatedBase
304
UpdatedEnd
  0
BLOCKLINEARPARAMETER
  5
7BD
330
7A7
100
AcDbEvalExpr
 90
       31
 98
       33
 99
      378
100
AcDbBlockElement
300
Linear1
 98
       25
 99
      104
1071
        0
100
AcDbBlockParameter
280
     1
281
     0
100
AcDbBlock2PtParameter
1010
-1.062499999999999
1020
0.2500000000000017
1030
0.0
1011
-1.062499999999999
1021
-0.2499999999999948
1031
0.0
170
     4
 91
       35
 91
       32
 91
        0
 91
        0
171
     1
 92
       35
301
DisplacementX
172
     1
 93
       35
302
DisplacementY
173
     1
 94
       32
303
DisplacementX
174
     1
 95
       32
304
DisplacementY
177
     1
100
AcDbBlockLinearParameter
305
Tail Width
306
Controls the width of the arrow's tail
140
-0.15
307

 96
        1
141
0.0
142
0.0
143
0.0
175
     0
  0
BLOCKLINEARGRIP
  5
7BE
330
7A7
100
AcDbEvalExpr
 90
       32
 98
       33
 99
      378
100
AcDbBlockElement
300
End Grip
 98
       25
 99
      104
1071
        0
100
AcDbBlockGrip
 91
       33
 92
       34
1010
-1.062499999999999
1020
-0.2499999999999948
1030
0.0
280
     1
 93
       -1
100
AcDbBlockLinearGrip
140
0.0
141
-0.4999999999999964
142
0.0
  0
BLOCKGRIPLOCATIONCOMPONENT
  5
7BF
330
7A7
100
AcDbEvalExpr
 90
       33
 98
       33
 99
      378
100
AcDbBlockGripExpr
 91
       31
300
UpdatedEndX
  0
BLOCKGRIPLOCATIONCOMPONENT
  5
7C0
330
7A7
100
AcDbEvalExpr
 90
       34
 98
       33
 99
      378
100
AcDbBlockGripExpr
 91
       31
300
UpdatedEndY
  0
BLOCKLINEARGRIP
  5
7C1
330
7A7
100
AcDbEvalExpr
 90
       35
 98
       33
 99
      378
100
AcDbBlockElement
300
Base Grip
 98
       25
 99
      104
1071
        0
100
AcDbBlockGrip
 91
       36
 92
       37
1010
-1.062499999999999
1020
0.2500000000000017
1030
0.0
280
     1
 93
       -1
100
AcDbBlockLinearGrip
140
0.0
141
0.4999999999999964
142
0.0
  0
BLOCKGRIPLOCATIONCOMPONENT
  5
7C2
330
7A7
100
AcDbEvalExpr
 90
       36
 98
       33
 99
      378
100
AcDbBlockGripExpr
 91
       31
300
UpdatedBaseX
  0
BLOCKGRIPLOCATIONCOMPONENT
  5
7C3
330
7A7
100
AcDbEvalExpr
 90
       37
 98
       33
 99
      378
100
AcDbBlockGripExpr
 91
       31
300
UpdatedBaseY
  0
BLOCKSTRETCHACTION
  5
7C4
330
7A7
100
AcDbEvalExpr
 90
       40
 98
       33
 99
      378
100
AcDbBlockElement
300
Stretcha
 98
       25
 99
      104
1071
        0
100
AcDbBlockAction
 70
     0
 71
     1
330
7CD
1010
-1.399710982658959
1020
0.3018786127167653
1030
0.0
100
AcDbBlockStretchAction
 92
       31
301
BaseXDelta
 93
       31
302
BaseYDelta
 72
     2
1011
-1.0
1021
0.3
1011
-1.1
1021
0.2
 73
     1
331
7CD
 74
     1
 94
        3
 75
     0
140
1.0
141
0.0
280
     0
  0
BLOCKSTRETCHACTION
  5
7C5
330
7A7
100
AcDbEvalExpr
 90
       41
 98
       33
 99
      378
100
AcDbBlockElement
300
Stretchb
 98
       25
 99
      104
1071
        0
100
AcDbBlockAction
 70
     0
 71
     1
330
7CD
1010
-1.4
1020
-0.3
1030
0.0
100
AcDbBlockStretchAction
 92
       31
301
EndXDelta
 93
       31
302
EndYDelta
 72
     2
1011
-1.0
1021
-0.2
1011
-1.1
1021
-0.3
 73
     1
331
7CD
 74
     1
 94
        5
 75
     0
140
1.0
141
0.0
280
     0
  0
XRECORD
  5
D3E
102
{ACAD_REACTORS
330
D3D
102
}
330
D3D
100
AcDbXrecord
280
     1
1070
     0
1070
     1
1070
     1
  0
BLOCKROTATIONPARAMETER
  5
8D2
330
8D1
100
AcDbEvalExpr
 90
        5
 98
       33
 99
      378
100
AcDbBlockElement
300
Rotation
 98
       25
 99
      104
1071
        0
100
AcDbBlockParameter
280
     1
281
     0
100
AcDbBlock2PtParameter
1010
0.0
1020
0.0
1030
0.0
1011
-21.0
1021
0.0000000000000026
1031
0.0
170
     4
 91
        0
 91
        6
 91
        0
 91
        0
171
     0
172
     0
173
     1
 94
        6
303
DisplacementX
174
     1
 95
        6
304
DisplacementY
177
     0
100
AcDbBlockRotationParameter
305
Angle
306
Rotation angle of arrow
1011
-21.0
1021
0.0000000000000026
1031
0.0
140
0.0942136863505527
307

 96
        0
141
0.0
142
0.0
143
0.0
175
     0
  0
BLOCKROTATIONGRIP
  5
8D3
330
8D1
100
AcDbEvalExpr
 90
        6
 98
       33
 99
      378
100
AcDbBlockElement
300
Grip
 98
       25
 99
      104
1071
        0
100
AcDbBlockGrip
 91
        7
 92
        8
1010
-21.0
1020
0.0000000000000026
1030
0.0
280
     0
 93
       -1
100
AcDbBlockRotationGrip
  0
BLOCKGRIPLOCATIONCOMPONENT
  5
8D4
330
8D1
100
AcDbEvalExpr
 90
        7
 98
       33
 99
      378
100
AcDbBlockGripExpr
 91
        5
300
UpdatedEndX
  0
BLOCKGRIPLOCATIONCOMPONENT
  5
8D5
330
8D1
100
AcDbEvalExpr
 90
        8
 98
       33
 99
      378
100
AcDbBlockGripExpr
 91
        5
300
UpdatedEndY
  0
BLOCKLINEARPARAMETER
  5
8D6
330
8D1
100
AcDbEvalExpr
 90
        9
 98
       33
 99
      378
100
AcDbBlockElement
300
Linear
 98
       25
 99
      104
1071
        0
100
AcDbBlockParameter
280
     1
281
     0
100
AcDbBlock2PtParameter
1010
0.0
1020
0.0
1030
0.0
1011
-25.4
1021
0.0000000000000423
1031
0.0
170
     4
 91
        0
 91
       10
 91
        0
 91
        0
171
     0
172
     0
173
     1
 94
       10
303
DisplacementX
174
     1
 95
       10
304
DisplacementY
177
     0
100
AcDbBlockLinearParameter
305
Length
306
Sets the length of the arrow
140
-12.7
307

 96
        0
141
0.0
142
0.0
143
0.0
175
     0
  0
BLOCKLINEARGRIP
  5
8D7
330
8D1
100
AcDbEvalExpr
 90
       10
 98
       33
 99
      378
100
AcDbBlockElement
300
End Grip
 98
       25
 99
      104
1071
        0
100
AcDbBlockGrip
 91
       11
 92
       12
1010
-25.4
1020
0.0000000000000423
1030
0.0
280
     0
 93
       -1
100
AcDbBlockLinearGrip
140
-25.4
141
0.0000000000000423
142
0.0
  0
BLOCKGRIPLOCATIONCOMPONENT
  5
8D8
330
8D1
100
AcDbEvalExpr
 90
       11
 98
       33
 99
      378
100
AcDbBlockGripExpr
 91
        9
300
UpdatedEndX
  0
BLOCKGRIPLOCATIONCOMPONENT
  5
8D9
330
8D1
100
AcDbEvalExpr
 90
       12
 98
       33
 99
      378
100
AcDbBlockGripExpr
 91
        9
300
UpdatedEndY
  0
BLOCKFLIPPARAMETER
  5
8DA
330
8D1
100
AcDbEvalExpr
 90
       16
 98
       33
 99
      378
100
AcDbBlockElement
300
Flip
 98
       25
 99
      104
1071
        0
100
AcDbBlockParameter
280
     1
281
     0
100
AcDbBlock2PtParameter
1010
0.0
1020
0.0
1030
0.0
1011
0.0
1021
-8.186487195103108
1031
0.0
170
     4
 91
       17
 91
        0
 91
        0
 91
        0
171
     0
172
     0
173
     0
174
     0
177
     0
100
AcDbBlockFlipParameter
305
Direction
306
Direction of arrow
307
Right
308
Left
1012
3.561215797508777
1022
-8.186487195103108
1032
0.0
309
UpdatedFlip
 96
       17
  0
BLOCKFLIPGRIP
  5
8DB
330
8D1
100
AcDbEvalExpr
 90
       17
 98
       33
 99
      378
100
AcDbBlockElement
300
Grip
 98
       25
 99
      104
1071
        0
100
AcDbBlockGrip
 91
       19
 92
       20
1010
0.0
1020
0.0
1030
0.0
280
     0
 93
       -1
100
AcDbBlockFlipGrip
140
0.0
141
-8.186487195103108
142
0.0
 93
       18
  0
BLOCKGRIPLOCATIONCOMPONENT
  5
8DC
330
8D1
100
AcDbEvalExpr
 90
       18
 98
       33
 99
      378
100
AcDbBlockGripExpr
 91
       16
300
UpdatedFlip
  0
BLOCKGRIPLOCATIONCOMPONENT
  5
8DD
330
8D1
100
AcDbEvalExpr
 90
       19
 98
       33
 99
      378
100
AcDbBlockGripExpr
 91
       16
300
UpdatedBaseX
  0
BLOCKGRIPLOCATIONCOMPONENT
  5
8DE
330
8D1
100
AcDbEvalExpr
 90
       20
 98
       33
 99
      378
100
AcDbBlockGripExpr
 91
       16
300
UpdatedBaseY
  0
BLOCKSTRETCHACTION
  5
8DF
330
8D1
100
AcDbEvalExpr
 90
       21
 98
       33
 99
      378
100
AcDbBlockElement
300
Stretch Length
 98
       25
 99
      104
1071
        0
100
AcDbBlockAction
 70
     1
 91
       31
 71
     9
330
8D7
330
8F7
330
8F6
330
8F5
330
8F4
330
8F3
330
8E7
330
8EB
330
8E8
1010
-25.39999999999999
1020
25.4
1030
0.0
100
AcDbBlockStretchAction
 92
        9
301
EndXDelta
 93
        9
302
EndYDelta
 72
     2
1011
-12.7
1021
15.24
1011
-35.56
1021
-15.24
 73
     5
331
8F3
 74
     2
 94
        3
 94
        4
331
8F4
 74
     2
 94
        4
 94
        5
331
8F5
 74
     7
 94
        3
 94
        4
 94
        5
 94
        6
 94
        7
 94
        8
 94
        9
331
8F6
 74
     5
 94
        3
 94
        4
 94
        5
 94
        6
 94
        7
331
8F7
 74
     3
 94
        3
 94
        4
 94
        5
 75
     1
 95
       31
 76
     2
 94
        0
 94
        1
140
1.0
141
0.0
280
     0
  0
BLOCKVISIBILITYPARAMETER
  5
8E0
330
8D1
100
AcDbEvalExpr
 90
       23
 98
       33
 99
      378
100
AcDbBlockElement
300
Visibility State
 98
       25
 99
      104
1071
        0
100
AcDbBlockParameter
280
     1
281
     0
100
AcDbBlock1PtParameter
1010
-0.0000000000000016
1020
-6.35
1030
0.0
 93
       24
170
     0
171
     0
100
AcDbBlockVisibilityParameter
281
     1
301
Arrow Type
302
Displays the selected arrow type
 91
        0
 93
       12
331
8F3
331
8F4
331
8F5
331
8F6
331
8F7
331
8F8
331
8F9
331
8FA
331
8FB
331
8FC
331
8FD
331
8FE
 92
        6
303
Single
 94
        2
332
8F3
332
8F9
 95
       10
333
8D3
333
8D6
333
8D7
333
8DA
333
8DB
333
8DF
333
8E4
333
8E5
333
8E6
333
8D2
303
Arched
 94
        2
332
8F8
332
8FE
 95
        8
333
8D2
333
8D3
333
8DA
333
8DB
333
8DF
333
8E4
333
8E5
333
8E6
303
Double
 94
        2
332
8F6
332
8FA
 95
       10
333
8D2
333
8D3
333
8D6
333
8D7
333
8DA
333
8DB
333
8DF
333
8E4
333
8E5
333
8E6
303
Fancy
 94
        2
332
8F4
332
8FB
 95
       10
333
8D2
333
8D3
333
8D6
333
8D7
333
8DA
333
8DB
333
8DF
333
8E4
333
8E5
333
8E6
303
Flex
 94
        2
332
8F7
332
8FC
 95
       15
333
8D2
333
8D3
333
8D6
333
8D7
333
8DA
333
8DB
333
8DF
333
8E4
333
8E5
333
8E6
333
8E7
333
8E8
333
8EB
333
8EE
333
8EF
303
Tail
 94
        2
332
8F5
332
8FD
 95
       10
333
8D2
333
8D3
333
8D6
333
8D7
333
8DA
333
8DB
333
8DF
333
8E4
333
8E5
333
8E6
  0
BLOCKVISIBILITYGRIP
  5
8E1
330
8D1
100
AcDbEvalExpr
 90
       24
 98
       33
 99
      378
100
AcDbBlockElement
300
Grip
 98
       25
 99
      104
1071
        0
100
AcDbBlockGrip
 91
       25
 92
       26
1010
-0.0000000000000016
1020
-6.35
1030
0.0
280
     0
 93
       -1
100
AcDbBlockVisibilityGrip
  0
BLOCKGRIPLOCATIONCOMPONENT
  5
8E2
330
8D1
100
AcDbEvalExpr
 90
       25
 98
       33
 99
      378
100
AcDbBlockGripExpr
 91
       23
300
UpdatedX
  0
BLOCKGRIPLOCATIONCOMPONENT
  5
8E3
330
8D1
100
AcDbEvalExpr
 90
       26
 98
       33
 99
      378
100
AcDbBlockGripExpr
 91
       23
300
UpdatedY
  0
BLOCKSCALEACTION
  5
8E4
330
8D1
100
AcDbEvalExpr
 90
       28
 98
       33
 99
      378
100
AcDbBlockElement
300
Scale Rotation
 98
       25
 99
      104
1071
        0
100
AcDbBlockAction
 70
     1
 91
        5
 71
     1
330
8D2
1010
-25.39999999999999
1020
19.05
1030
0.0
100
AcDbBlockActionWithBasePt
 92
        9
301
UpdatedBaseX
 93
        9
302
UpdatedBaseY
1011
0.0
1021
0.0
1031
0.0
280
     1
1012
0.0
1022
0.0
1032
0.0
100
AcDbBlockScaleAction
 94
        9
303
Scale
 95
        9
304
XScale
 96
        9
305
YScale
  0
BLOCKROTATEACTION
  5
8E5
330
8D1
100
AcDbEvalExpr
 90
       29
 98
       33
 99
      378
100
AcDbBlockElement
300
Rotate
 98
       25
 99
      104
1071
        0
100
AcDbBlockAction
 70
     2
 91
       31
 91
        9
 71
    16
330
8D6
330
8F8
330
8F6
330
8F5
330
8F4
330
8F3
330
8F7
330
8E7
330
8E8
330
8EB
330
8F9
330
8FE
330
8FD
330
8FC
330
8FB
330
8FA
1010
6.35
1020
0.0
1030
0.0
100
AcDbBlockActionWithBasePt
 92
        5
301
UpdatedBaseX
 93
        5
302
UpdatedBaseY
1011
0.0
1021
0.0
1031
0.0
280
     1
1012
0.0
1022
0.0
1032
0.0
100
AcDbBlockRotationAction
 94
        5
303
AngleDelta
  0
BLOCKFLIPACTION
  5
8E6
330
8D1
100
AcDbEvalExpr
 90
       30
 98
       33
 99
      378
100
AcDbBlockElement
300
FlipAll
 98
       25
 99
      104
1071
        0
100
AcDbBlockAction
 70
     3
 91
       31
 91
        5
 91
        9
 71
    20
330
8DB
330
8D7
330
8D6
330
8D3
330
8D2
330
8F8
330
8F7
330
8F6
330
8F5
330
8F4
330
8F3
330
8E7
330
8EB
330
8E8
330
8F9
330
8FE
330
8FD
330
8FC
330
8FB
330
8FA
1010
-0.0000000000000024
1020
-12.98248900236197
1030
0.0
100
AcDbBlockFlipAction
 92
       16
 93
       16
 94
       16
 95
       16
301
Flip
302
UpdatedFlip
303
UpdatedBase
304
UpdatedEnd
  0
BLOCKLINEARPARAMETER
  5
8E7
330
8D1
100
AcDbEvalExpr
 90
       31
 98
       33
 99
      378
100
AcDbBlockElement
300
Linear1
 98
       25
 99
      104
1071
        0
100
AcDbBlockParameter
280
     1
281
     0
100
AcDbBlock2PtParameter
1010
-26.98749999999998
1020
6.350000000000042
1030
0.0
1011
-26.98749999999998
1021
-6.349999999999867
1031
0.0
170
     4
 91
       35
 91
       32
 91
        0
 91
        0
171
     1
 92
       35
301
DisplacementX
172
     1
 93
       35
302
DisplacementY
173
     1
 94
       32
303
DisplacementX
174
     1
 95
       32
304
DisplacementY
177
     1
100
AcDbBlockLinearParameter
305
Tail Width
306
Controls the width of the arrow's tail
140
-4.0
307

 96
        1
141
0.0
142
0.0
143
0.0
175
     0
  0
BLOCKLINEARGRIP
  5
8E8
330
8D1
100
AcDbEvalExpr
 90
       32
 98
       33
 99
      378
100
AcDbBlockElement
300
End Grip
 98
       25
 99
      104
1071
        0
100
AcDbBlockGrip
 91
       33
 92
       34
1010
-26.98749999999998
1020
-6.349999999999867
1030
0.0
280
     1
 93
       -1
100
AcDbBlockLinearGrip
140
0.0
141
-12.69999999999991
142
0.0
  0
BLOCKGRIPLOCATIONCOMPONENT
  5
8E9
330
8D1
100
AcDbEvalExpr
 90
       33
 98
       33
 99
      378
100
AcDbBlockGripExpr
 91
       31
300
UpdatedEndX
  0
BLOCKGRIPLOCATIONCOMPONENT
  5
8EA
330
8D1
100
AcDbEvalExpr
 90
       34
 98
       33
 99
      378
100
AcDbBlockGripExpr
 91
       31
300
UpdatedEndY
  0
BLOCKLINEARGRIP
  5
8EB
330
8D1
100
AcDbEvalExpr
 90
       35
 98
       33
 99
      378
100
AcDbBlockElement
300
Base Grip
 98
       25
 99
      104
1071
        0
100
AcDbBlockGrip
 91
       36
 92
       37
1010
-26.98749999999998
1020
6.350000000000042
1030
0.0
280
     1
 93
       -1
100
AcDbBlockLinearGrip
140
0.0
141
12.69999999999991
142
0.0
  0
BLOCKGRIPLOCATIONCOMPONENT
  5
8EC
330
8D1
100
AcDbEvalExpr
 90
       36
 98
       33
 99
      378
100
AcDbBlockGripExpr
 91
       31
300
UpdatedBaseX
  0
BLOCKGRIPLOCATIONCOMPONENT
  5
8ED
330
8D1
100
AcDbEvalExpr
 90
       37
 98
       33
 99
      378
100
AcDbBlockGripExpr
 91
       31
300
UpdatedBaseY
  0
BLOCKSTRETCHACTION
  5
8EE
330
8D1
100
AcDbEvalExpr
 90
       40
 98
       33
 99
      378
100
AcDbBlockElement
300
Stretcha
 98
       25
 99
      104
1071
        0
100
AcDbBlockAction
 70
     0
 71
     1
330
8F7
1010
-35.55265895953757
1020
7.667716763005838
1030
0.0
100
AcDbBlockStretchAction
 92
       31
301
BaseXDelta
 93
       31
302
BaseYDelta
 72
     2
1011
-25.4
1021
7.619999999999999
1011
-27.94
1021
5.08
 73
     1
331
8F7
 74
     1
 94
        3
 75
     0
140
1.0
141
0.0
280
     0
  0
BLOCKSTRETCHACTION
  5
8EF
330
8D1
100
AcDbEvalExpr
 90
       41
 98
       33
 99
      378
100
AcDbBlockElement
300
Stretchb
 98
       25
 99
      104
1071
        0
100
AcDbBlockAction
 70
     0
 71
     1
330
8F7
1010
-35.56
1020
-7.620000000000001
1030
0.0
100
AcDbBlockStretchAction
 92
       31
301
EndXDelta
 93
       31
302
EndYDelta
 72
     2
1011
-25.4
1021
-5.08
1011
-27.94
1021
-7.619999999999999
 73
     1
331
8F7
 74
     1
 94
        5
 75
     0
140
1.0
141
0.0
280
     0
  0
XRECORD
  5
D40
102
{ACAD_REACTORS
330
D3F
102
}
330
D3F
100
AcDbXrecord
280
     1
1070
     0
1070
     1
1070
     1
  0
ACDB_BLOCKREPRESENTATION_DATA
  5
931
102
{ACAD_REACTORS
330
930
102
}
330
930
100
AcDbBlockRepresentationData
 70
     1
340
8CF
  0
DICTIONARY
  5
932
102
{ACAD_REACTORS
330
930
102
}
330
930
100
AcDbDictionary
280
     1
281
     1
  3
ACAD_ENHANCEDBLOCKDATA
360
A30
  3
ACAD_ENHANCEDBLOCKHISTORY
360
A2F
  0
DICTIONARY
  5
941
102
{ACAD_REACTORS
330
940
102
}
330
940
100
AcDbDictionary
281
     1
  3
*A1
350
942
  0
ACDB_BLOCKREPRESENTATION_DATA
  5
9CE
102
{ACAD_REACTORS
330
9CD
102
}
330
9CD
100
AcDbBlockRepresentationData
 70
     1
340
8CF
  0
DICTIONARY
  5
9CF
102
{ACAD_REACTORS
330
9CD
102
}
330
9CD
100
AcDbDictionary
280
     1
281
     1
  3
ACAD_ENHANCEDBLOCKDATA
360
A17
  3
ACAD_ENHANCEDBLOCKHISTORY
360
A16
  0
DICTIONARY
  5
9DE
102
{ACAD_REACTORS
330
9DD
102
}
330
9DD
100
AcDbDictionary
281
     1
  3
*A1
350
9DF
  0
DICTIONARY
  5
D45
330
7ED
100
AcDbDictionary
280
     1
281
     1
  3
ACAD_XREC_ROUNDTRIP
360
D46
  0
DICTIONARY
  5
D47
330
21C
100
AcDbDictionary
280
     1
281
     1
  3
ACAD_XREC_ROUNDTRIP
360
D48
  0
DICTIONARY
  5
D49
330
22
100
AcDbDictionary
280
     1
281
     1
  3
ADSK_XREC_LAYOUTTHUMBNAIL
360
D4A
  0
DICTIONARY
  5
1F9
330
ED
100
AcDbDictionary
280
     1
281
     1
  3
ACAD_XREC_ROUNDTRIP
360
D4B
  3
FBXASSET
360
1FA
  0
DICTIONARY
  5
1F7
330
EC
100
AcDbDictionary
280
     1
281
     1
  3
ACAD_XREC_ROUNDTRIP
360
D4C
  3
FBXASSET
360
1F8
  0
DICTIONARY
  5
173
330
EE
100
AcDbDictionary
280
     1
281
     1
  3
ACAD_XREC_ROUNDTRIP
360
D4D
  3
FBXASSET
360
1FB
  0
DICTIONARY
  5
D4E
330
13B
100
AcDbDictionary
280
     1
281
     1
  3
ACAD_XREC_ROUNDTRIP
360
D4F
  0
DICTIONARY
  5
D50
330
12E
100
AcDbDictionary
280
     1
281
     1
  3
ACAD_XREC_ROUNDTRIP
360
D51
  0
DICTIONARY
  5
D52
330
7EC
100
AcDbDictionary
280
     1
281
     1
  3
ACAD_XREC_ROUNDTRIP
360
D53
  0
DICTIONARY
  5
D54
330
21A
100
AcDbDictionary
280
     1
281
     1
  3
ACAD_XREC_ROUNDTRIP
360
D55
  0
DICTIONARY
  5
D56
330
7F
100
AcDbDictionary
280
     1
281
     1
  3
ACAD_ROUNDTRIP_2008_TABLESTYLE_CELLSTYLEMAP
360
D58
  3
ACAD_XREC_ROUNDTRIP
360
D57
  0
DICTIONARY
  5
D59
330
F5
100
AcDbDictionary
280
     1
281
     1
  3
ACAD_XREC_ROUNDTRIP
360
D5A
  0
DICTIONARY
  5
D5B
330
F4
100
AcDbDictionary
280
     1
281
     1
  3
ACAD_XREC_ROUNDTRIP
360
D5C
  0
DICTIONARY
  5
D5D
330
FB
100
AcDbDictionary
280
     1
281
     1
  3
ACAD_XREC_ROUNDTRIP
360
D5E
  0
DICTIONARY
  5
D5F
330
FF
100
AcDbDictionary
280
     1
281
     1
  3
ACAD_XREC_ROUNDTRIP
360
D60
  0
DICTIONARY
  5
D61
330
F8
100
AcDbDictionary
280
     1
281
     1
  3
ACAD_XREC_ROUNDTRIP
360
D62
  0
DICTIONARY
  5
D63
330
FA
100
AcDbDictionary
280
     1
281
     1
  3
ACAD_XREC_ROUNDTRIP
360
D64
  0
DICTIONARY
  5
D65
330
1E6
100
AcDbDictionary
280
     1
281
     1
  3
ACAD_XREC_ROUNDTRIP
360
D66
  0
DICTIONARY
  5
D67
330
FE
100
AcDbDictionary
280
     1
281
     1
  3
ACAD_XREC_ROUNDTRIP
360
D68
  0
DICTIONARY
  5
D69
330
F0
100
AcDbDictionary
280
     1
281
     1
  3
ACAD_XREC_ROUNDTRIP
360
D6A
  0
DICTIONARY
  5
D6B
330
F1
100
AcDbDictionary
280
     1
281
     1
  3
ACAD_XREC_ROUNDTRIP
360
D6C
  0
DICTIONARY
  5
D6D
330
F2
100
AcDbDictionary
280
     1
281
     1
  3
ACAD_XREC_ROUNDTRIP
360
D6E
  0
DICTIONARY
  5
D6F
330
F3
100
AcDbDictionary
280
     1
281
     1
  3
ACAD_XREC_ROUNDTRIP
360
D70
  0
DICTIONARY
  5
D71
330
F7
100
AcDbDictionary
280
     1
281
     1
  3
ACAD_XREC_ROUNDTRIP
360
D72
  0
DICTIONARY
  5
D73
330
1E4
100
AcDbDictionary
280
     1
281
     1
  3
ACAD_XREC_ROUNDTRIP
360
D74
  0
DICTIONARY
  5
D75
330
FD
100
AcDbDictionary
280
     1
281
     1
  3
ACAD_XREC_ROUNDTRIP
360
D76
  0
DICTIONARY
  5
D77
330
1E5
100
AcDbDictionary
280
     1
281
     1
  3
ACAD_XREC_ROUNDTRIP
360
D78
  0
DICTIONARY
  5
D79
330
F9
100
AcDbDictionary
280
     1
281
     1
  3
ACAD_XREC_ROUNDTRIP
360
D7A
  0
DICTIONARY
  5
D7B
330
1F3
100
AcDbDictionary
280
     1
281
     1
  3
ACAD_XREC_ROUNDTRIP
360
D7C
  0
DICTIONARY
  5
D7D
330
1F2
100
AcDbDictionary
280
     1
281
     1
  3
ACAD_XREC_ROUNDTRIP
360
D7E
  0
DICTIONARY
  5
D7F
330
1EF
100
AcDbDictionary
280
     1
281
     1
  3
ACAD_XREC_ROUNDTRIP
360
D80
  0
DICTIONARY
  5
D81
330
1F0
100
AcDbDictionary
280
     1
281
     1
  3
ACAD_XREC_ROUNDTRIP
360
D82
  0
DICTIONARY
  5
D83
330
FC
100
AcDbDictionary
280
     1
281
     1
  3
ACAD_XREC_ROUNDTRIP
360
D84
  0
DICTIONARY
  5
D85
330
F6
100
AcDbDictionary
280
     1
281
     1
  3
ACAD_XREC_ROUNDTRIP
360
D86
  0
DICTIONARY
  5
D87
330
1F1
100
AcDbDictionary
280
     1
281
     1
  3
ACAD_XREC_ROUNDTRIP
360
D88
  0
XRECORD
  5
D8D
102
{ACAD_REACTORS
330
D8C
102
}
330
D8C
100
AcDbXrecord
280
     1
  1
AcDb_Thumbnail_Schema
102
{ATTRRECORD
341
D8F
  2
AcDbDs::TreatedAsObjectData
280
     1
291
     1
102
ATTRRECORD}
102
{ATTRRECORD
341
D90
  2
AcDbDs::Legacy
280
     1
291
     1
102
ATTRRECORD}
  2
AcDbDs::ID
280
    10
 91
        8
102
{ATTRRECORD
341
D91
  2
AcDs:Indexable
280
     1
291
     1
102
ATTRRECORD}
102
{ATTRRECORD
341
D92
  2
AcDbDs::HandleAttribute
280
     7
282
     1
102
ATTRRECORD}
  2
Thumbnail_Data
280
    15
 91
        0
  0
XRECORD
  5
D8E
102
{ACAD_REACTORS
330
D8C
102
}
330
D8C
100
AcDbXrecord
280
     1
  1
AcDb3DSolid_ASM_Data
102
{ATTRRECORD
341
D8F
  2
AcDbDs::TreatedAsObjectData
280
     1
291
     1
102
ATTRRECORD}
102
{ATTRRECORD
341
D90
  2
AcDbDs::Legacy
280
     1
291
     1
102
ATTRRECORD}
  2
AcDbDs::ID
280
    10
 91
        8
102
{ATTRRECORD
341
D91
  2
AcDs:Indexable
280
     1
291
     1
102
ATTRRECORD}
102
{ATTRRECORD
341
D92
  2
AcDbDs::HandleAttribute
280
     7
282
     1
102
ATTRRECORD}
  2
ASM_Data
280
    15
 91
        0
  0
XRECORD
  5
D8F
102
{ACAD_REACTORS
330
D8C
102
}
330
D8C
100
AcDbXrecord
280
     1
  1
AcDbDs::TreatedAsObjectDataSchema
  2
AcDbDs::TreatedAsObjectData
280
     1
 91
        0
  0
XRECORD
  5
D90
102
{ACAD_REACTORS
330
D8C
102
}
330
D8C
100
AcDbXrecord
280
     1
  1
AcDbDs::LegacySchema
  2
AcDbDs::Legacy
280
     1
 91
        0
  0
XRECORD
  5
D91
102
{ACAD_REACTORS
330
D8C
102
}
330
D8C
100
AcDbXrecord
280
     1
  1
AcDbDs::IndexedPropertySchema
  2
AcDs:Indexable
280
     1
 91
        0
  0
XRECORD
  5
D92
102
{ACAD_REACTORS
330
D8C
102
}
330
D8C
100
AcDbXrecord
280
     1
  1
AcDbDs::HandleAttributeSchema
  2
AcDbDs::HandleAttribute
280
     7
 91
        1
284
     1
  0
DICTIONARY
  5
A30
102
{ACAD_REACTORS
330
932
102
}
330
932
100
AcDbDictionary
280
     1
281
     1
  3
16
360
A33
  3
17
360
A34
  3
21
360
A35
  3
23
360
A36
  3
28
360
A37
  3
29
360
A38
  3
31
360
A39
  3
40
360
A3A
  3
41
360
A3B
  3
5
360
A31
  3
9
360
A32
  0
XRECORD
  5
A2F
102
{ACAD_REACTORS
330
932
102
}
330
932
100
AcDbXrecord
280
     1
1070
     3
1071
        5
300
Angle
 40
0.0
1071
        9
300
Length
 40
25.4
1071
       16
300
Direction
 70
     0
1071
       23
300
Arrow Type
  1
Single
1071
       31
300
Tail Width
 40
12.7
1071
       10
300
GRIPLOC
 11
-22.59999999999996
 21
0.0000000000000376
 31
0.0
  0
ACDB_BLKREFOBJECTCONTEXTDATA_CLASS
  5
942
102
{ACAD_REACTORS
330
941
102
}
330
941
100
AcDbObjectContextData
 70
     3
290
     1
100
AcDbAnnotScaleObjectContextData
340
10D
 50
0.0
 10
256.9999771463291
 20
734.7605006816904
 30
0.0
 41
1.0
 42
1.0
 43
1.0
  0
DICTIONARY
  5
A17
102
{ACAD_REACTORS
330
9CF
102
}
330
9CF
100
AcDbDictionary
280
     1
281
     1
  3
16
360
A1A
  3
17
360
A1B
  3
21
360
A1C
  3
23
360
A1D
  3
28
360
A1E
  3
29
360
A1F
  3
31
360
A20
  3
40
360
A21
  3
41
360
A22
  3
5
360
A18
  3
9
360
A19
  0
XRECORD
  5
A16
102
{ACAD_REACTORS
330
9CF
102
}
330
9CF
100
AcDbXrecord
280
     1
1070
     3
1071
        5
300
Angle
 40
0.0
1071
        9
300
Length
 40
25.4
1071
       16
300
Direction
 70
     0
1071
       23
300
Arrow Type
  1
Single
1071
       31
300
Tail Width
 40
12.7
1071
       17
300
GRIPFLIP
 70
     1
1071
       10
300
GRIPLOC
 11
22.59999999999996
 21
0.0000000000000376
 31
0.0
  0
ACDB_BLKREFOBJECTCONTEXTDATA_CLASS
  5
9DF
102
{ACAD_REACTORS
330
9DE
102
}
330
9DE
100
AcDbObjectContextData
 70
     3
290
     1
100
AcDbAnnotScaleObjectContextData
340
10D
 50
0.0
 10
232.9999771463291
 20
698.2594086357906
 30
0.0
 41
1.0
 42
1.0
 43
1.0
  0
XRECORD
  5
D46
102
{ACAD_REACTORS
330
D45
102
}
330
D45
100
AcDbXrecord
280
     1
102
DISPLAYNAME
  1
Imperial24
102
FLAGS
 90
        0
  0
XRECORD
  5
D48
102
{ACAD_REACTORS
330
D47
102
}
330
D47
100
AcDbXrecord
280
     1
102
DISPLAYNAME
  1
Metric50
102
FLAGS
 90
        0
  0
XRECORD
  5
D4A
102
{ACAD_REACTORS
330
D49
102
}
330
D49
100
AcDbXrecord
280
     1
310
2800000000010000640000000100080000000000006400000000000000000000000000000000000030282100FFFFFF00302821000000000000000000000000000000000000000000000000000000000000000000330000006600000099000000CC000000FF00000000330000333300006633000099330000CC330000FF3300
310
0000660000336600006666000099660000CC660000FF66000000990000339900006699000099990000CC990000FF99000000CC000033CC000066CC000099CC0000CCCC0000FFCC000000FF000033FF000066FF000099FF0000CCFF0000FFFF000000003300330033006600330099003300CC003300FF003300003333003333
310
33006633330099333300CC333300FF33330000663300336633006666330099663300CC663300FF66330000993300339933006699330099993300CC993300FF99330000CC330033CC330066CC330099CC3300CCCC3300FFCC330000FF330033FF330066FF330099FF3300CCFF3300FFFF330000006600330066006600660099
310
006600CC006600FF00660000336600333366006633660099336600CC336600FF33660000666600336666006666660099666600CC666600FF66660000996600339966006699660099996600CC996600FF99660000CC660033CC660066CC660099CC6600CCCC6600FFCC660000FF660033FF660066FF660099FF6600CCFF6600
310
FFFF660000009900330099006600990099009900CC009900FF00990000339900333399006633990099339900CC339900FF33990000669900336699006666990099669900CC669900FF66990000999900339999006699990099999900CC999900FF99990000CC990033CC990066CC990099CC9900CCCC9900FFCC990000FF99
310
0033FF990066FF990099FF9900CCFF9900FFFF99000000CC003300CC006600CC009900CC00CC00CC00FF00CC000033CC003333CC006633CC009933CC00CC33CC00FF33CC000066CC003366CC006666CC009966CC00CC66CC00FF66CC000099CC003399CC006699CC009999CC00CC99CC00FF99CC0000CCCC0033CCCC0066CC
310
CC0099CCCC00CCCCCC00FFCCCC0000FFCC0033FFCC0066FFCC0099FFCC00CCFFCC00FFFFCC000000FF003300FF006600FF009900FF00CC00FF00FF00FF000033FF003333FF006633FF009933FF00CC33FF00FF33FF000066FF003366FF006666FF009966FF00CC66FF00FF66FF000099FF003399FF006699FF009999FF00CC
310
99FF00FF99FF0000CCFF0033CCFF0066CCFF0099CCFF00CCCCFF00FFCCFF0000FFFF0033FFFF0066FFFF0099FFFF00CCFFFF00FFFFFF00000000000D0D0D001A1A1A00282828003535350043434300505050005D5D5D006B6B6B00787878008686860093939300A1A1A100AEAEAE00BBBBBB00C9C9C900D6D6D600E4E4E400
310
F1F1F100FFFFFF000000000000000000000000000000000000000000000000000000000000000000000000000000000000000000000000000000000000000000000000000000000000000000000000000000000000000000000000000000000000000000000000000000000000000000000000000000000000000000000000
310
00000000000000000000000000000000000000000000000000000000000000000000000000000000000000000000000000000000000000000000000000000000000000000000000000000000000000000000000000000000000000000000000000000000000000000000000000000000000000000000000000000000000000
310
00000000000000000000000000000000000000000000000000000000000000000000000000000000000000000000000000000000000000000000000000000000000000000000000000000000000000000000000000000000000000000000000000000000000000000000000000000000000000000000000000000000000000
310
00000000000000000000000000000000000000000000000000000000000000000000000000000000000000000000000000000000000000000000000000000000000000000000000000000000000000000000000000000000000000000000000000000000000000000000000000000000000000000000000000000000000000
310
00000000000000000000000000000000000000000000000000000000000000000000000000000000000000000000000000000000000000000000000000000000000000000000000000000000000000000000000000000000000000000000000000000000000000000000000000000000000000000000000000000000000000
310
00000000000000000000000000000000000000000000000000000000000000000000000000000000000000000000000000000000000000000000000000000000000000000000000000000000000000000000000000000000000000000000000000000000000000000000000000000000000000000000000000000000000000
310
00000000000000000000000000000000000000000000000000000000000000000000000000000000000000000000000000000000000000000000000000000000000000000000000000000000000000000000000000000000000000000000000000000000000000000000000000000000000000000000000000000000000000
310
00000000000000000000000000000000000000000000000000000000000000000000000000000000000000000000000000000000000000000000000000000000000000000000000000000000000000000000000000000000000000000000000000000000000000000000000000000000000000000000000000000000000000
310
00000000000000000000000000000000000000000000000000000000000000000000000000000000000000000000000000000000000000000000000000000000000000000000000000000000000000000000000000000000000000000000000000000000000000000000000000000000000000000000000000000000000000
310
00000000000000000000000000000000000000000000000000000000000000000000000000000000000000000000000000000000000000000000000000000000000000000000000000000000000000000000000000000000000000000000000000000000000000000000000000000000000000000000000000000000000000
310
00000000000000000000000000000000000000000000000000000000000000000000000000000000000000000000000000000000000000000000000000000000000000000000000000000000000000000000000000000000000000000000000000000000000000000000000000000000000000000000000000000000000000
310
00000000000000000000000000000000000000000000000000000000000000000000000000000000000000000000000000000000000000000000000000000000000000000000000000000000000000000000000000000000000000000000000000000000000000000000000000000000000000000000000000000000000000
310
00000000000000000000000000000000000000000000000000000000000000000000000000000000000000000000000000000000000000000000000000000000000000000000000000000000000000000000000000000000000000000000000000000000000000000000000000000000000000000000000000000000000000
310
00000000000000000000000000000000000000000000000000000000000000000000000000000000000000000000000000000000000000000000000000000000000000000000000000000000000000000000000000000000000000000000000000000000000000000000000000000000000000000000000000000000000000
310
00000000000000000000000000000000000000000000000000000000000000000000000000000000000000000000000000000000000000000000000000000000000000000000000000000000000000000000000000000000000000000000000000000000000000000000000000000000000000000000000000000000000000
310
00000000000000000000000000000000000000000000000000000000000000000000000000000000000000000000000000000000000000000000000000000000000000000000000000000000000000000000000000000000000000000000000000000000000000000000000000000000000000000000000000000000000000
310
00000000000000000000000000000000000000000000000000000000000000000000000000000000000000000000000000000000000000000000000000000000000000000000000000000000000000000000000000000000000000000000000000000000000000000000000000000000000000000000000000000000000000
310
00000000000000000000000000000000000000000000000000000000000000000000000000000000000000000000000000000000000000000000000000000000000000000000000000000000000000000000000000000000000000000000000000000000000000000000000000000000000000000000000000000000000000
310
00000000000000000000000000000000000000000000000000000000000000000000000000000000000000000000000000000000000000000000000000000000000000000000000000000000000000000000000000000000000000000000000000000000000000000000000000000000000000000000000000000000000000
310
00000000000000000000000000000000000000000000000000000000000000000000000000000000000000000000000000000000000000000000000000000000000000000000000000000000000000000000000000000000000000000000000000000000000000000000000000000000000000000000000000000000000000
310
00000000000000000000000000000000000000000000000000000000000000000000000000000000000000000000000000000000000000000000000000000000000000000000000000000000000000000000000000000000000000000000000000000000000000000000000000000000000000000000000000000000000000
310
00000000000000000000000000000000000000000000000000000000000000000000000000000000000000000000000000000000000000000000000000000000000000000000000000000000000000000000000000000000000000000000000000000000000000000000000000000000000000000000000000000000000000
310
00000000000000000000000000000000000000000000000000000000000000000000000000000000000000000000000000000000000000000000000000000000000000000000000000000000000000000000000000000000000000000000000000000000000000000000000000000000000000000000000000000000000000
310
00000000000000000000000000000000000000000000000000000000000000000000000000000000000000000000000000000000000000000000000000000000000000000000000000000000000000000000000000000000000000000000000000000000000000000000000000000000000000000000000000000000000000
310
00000000000000000000000000000000000000000000000000000000000000000000000000000000000000000000000000000000000000000000000000000000000000000000000000000000000000000000000000000000000000000000000000000000000000000000000000000000000000000000000000000000000000
310
00000000000000000000000000000000000000000000000000000000000000000000000000000000000000000000000000000000000000000000000000000000000000000000000000000000000000000000000000000000000000000000000000000000000000000000000000000000000000000000000000000000000000
310
00000000000000000000000000000000000000000000000000000000000000000000000000000000000000000000000000000000000000000000000000000000000000000000000000000000000000000000000000000000000000000000000000000000000000000000000000000000000000000000000000000000000000
310
00000000000000000000000000000000000000000000000000000000000000000000000000000000000000000000000000000000000000000000000000000000000000000000000000000000000000000000000000000000000000000000000000000000000000000000000000000000000000000000000000000000000000
310
00000000000000000000000000000000000000000000000000000000000000000000000000000000000000000000000000000000000000000000000000000000000000000000000000000000000000000000000000000000000000000000000000000000000000000000000000000000000000000000000000000000000000
310
00000000000000000000000000000000000000000000000000000000000000000000000000000000000000000000000000000000000000000000000000000000000000000000000000000000000000000000000000000000000000000000000000000000000000000000000000000000000000000000000000000000000000
310
00000000000000000000000000000000000000000000000000000000000000000000000000000000000000000000000000000000000000000000000000000000000000000000000000000000000000000000000000000000000000000000000000000000000000000000000000000000000000000000000000000000000000
310
000000000000000000000000F5F5F5F5F5F5F5F5F5F5F5F5F5F5F5F5F5F5F5F5F5F5F5F500000000000000000000000000000000000000000000000000000000000000000000000000000000000000000000000000000000000000000000000000000000000000000000000000000000000000000000000000000000000000
310
00000000000000000000000000000000000000000000000000000000000000000000000000000000000000000000000000000000000000000000000000000000000000000000000000000000000000000000000000000000000000000000000000000000000000000000000000000000000000000000000000000000000000
310
0000000000000000000000000000F5000000000000000000F5F5F500000000000000000000F50000000000000000000000000000000000000000000000000000000000000000000000000000000000000000000000000000000000000000000000000000000000000000000000000000000000000000000000000000000000
310
00000000000000000000000000000000000000000000000000000000000000000000000000000000000000000000000000000000000000000000000000000000000000000000000000000000000000000000000000000000000000000000000000000000000000000000000000000000000000000000000000000000000000
310
00000000000000000000000000000000F5F5F5F5F5F5F500000000000000000000000000000000F5000000000000000000000000000000000000000000000000000000000000000000000000000000000000000000000000000000000000000000000000000000000000000000000000000000000000000000000000000000
310
00000000000000000000000000000000000000000000000000000000000000000000000000000000000000000000000000000000000000000000000000000000000000000000000000000000000000000000000000000000000000000000000000000000000000000000000000000000000000000000000000000000000000
310
000000000000000000000000000000000000F500F5000000F500000000000000000000000000000000F500000000000000000000000000000000000000000000000000000000000000000000000000000000000000000000000000000000000000000000000000000000000000000000000000000000000000000000000000
310
00000000000000000000000000000000000000000000000000000000000000000000000000000000000000000000000000000000000000000000000000000000000000000000000000000000000000000000000000000000000000000000000000000000000000000000000000000000000000000000000000000000000000
310
00000000000000000000000000000000000000F5F5F5F5F5F5F5F5F5F5F5F5F5F5F5F5F5F5F5F5F5F5F5F5F50000000000000000000000000000000000000000000000000000000000000000000000000000000000000000000000000000000000000000000000000000000000000000000000000000000000000000000000
310
00000000000000000000000000000000000000000000000000000000000000000000000000000000000000000000000000000000000000000000000000000000000000000000000000000000000000000000000000000000000000000000000000000000000000000000000000000000000000000000000000000000000000
310
0000000000000000000000000000F5F5F5F5F5F5F5F5F5F5F5F5F5F5F5F5F5F5F5F5F5F5F5F5F5F5F5F5F5F5F5F5000000000000000000000000000000000000000000000000000000000000000000000000000000000000000000000000000000000000000000000000000000000000000000000000000000000000000000
310
00000000000000000000000000000000000000000000000000000000000000000000000000000000000000000000000000000000000000000000000000000000000000000000000000000000000000000000000000000000000000000000000000000000000000000000000000000000000000000000000000000000000000
310
0000000000000000000000000000000000F50000000000F5F50000000000F5F5F5F5F5F5F5F5F5F5F5F5F5F5F5F5F5F5F5000000000000000000000000000000000000000000000000000000000000000000000000000000000000000000000000000000000000000000000000000000000000000000000000000000000000
310
00000000000000000000000000000000000000000000000000000000000000000000000000000000000000000000000000000000000000000000000000000000000000000000000000000000000000000000000000000000000000000000000000000000000000000000000000000000000000000000000000000000000000
310
00000000000000000000000000000000000000F50000000000F5F50000000000F5F5F5F5F5F5E1E18D8D63633939F5F5F5F5F500000000000000000000000000000000000000000000000000000000000000000000000000000000000000000000000000000000000000000000000000000000000000000000000000000000
310
00000000000000000000000000000000000000000000000000000000000000000000000000000000000000000000000000000000000000000000000000000000000000000000000000000000000000000000000000000000000000000000000000000000000000000000000000000000000000000000000000000000000000
310
000000000000000000000000000000000000000000F50000000000F5F50000000000F5F5F5F5F5F5F5E1F5F5F5F5F5F5F5F5F5F5000000000000000000000000000000000000000000000000000000000000000000000000000000000000000000000000000000000000000000000000000000000000000000000000000000
310
00000000000000000000000000000000000000000000000000000000000000000000000000000000000000000000000000000000000000000000000000000000000000000000000000000000000000000000000000000000000000000000000000000000000000000000000000000000000000000000000000000000000000
310
0000000000000000000000000000000000000000000000F50000000000F5F50000000000F5F5F5F5F5F5F5F5F5F5F5F5F5F5F5F5F5F500000000000000000000000000000000000000000000000000000000000000000000000000000000000000000000000000000000000000000000000000000000000000000000000000
310
00000000000000000000000000000000000000000000000000000000000000000000000000000000000000000000000000000000000000000000000000000000000000000000000000000000000000000000000000000000000000000000000000000000000000000000000000000000000000000000000000000000000000
310
00000000000000000000000000000000000000000000F5F500F50000000000F5F50000000000F5F5F5F5F5F5F5F5F5F5F5F5F5F5F5F5F5F50000000000000000000000000000000000000000000000000000000000000000000000000000000000000000000000000000000000000000000000000000000000000000000000
310
00000000000000000000000000000000000000000000000000000000000000000000000000000000000000000000000000000000000000000000000000000000000000000000000000000000000000000000000000000000000000000000000000000000000000000000000000000000000000000000000000000000000000
310
000000000000000000000000000000000000000000000000000000F50000000000F5F50000000000F5F5F5F5F5F5F5F5F5F5F5F5F5F5F5F5F5F5F50000000000000000000000000000000000000000000000000000000000000000000000000000000000000000000000000000000000000000000000000000000000000000
310
00000000000000000000000000000000000000000000000000000000000000000000000000000000000000000000000000000000000000000000000000000000000000000000000000000000000000000000000000000000000000000000000000000000000000000000000000000000000000000000000000000000000000
310
0000000000000000000000000000000000000000000000000000000000F50000000000F5F50000000000F5F5F5F5F5F5F5F5F5F5F5F5F5F5F5F5F5F5F5000000000000000000000000000000000000000000000000000000000000000000000000000000000000000000000000000000000000000000000000000000000000
310
00000000000000000000000000000000000000000000000000000000000000000000000000000000000000000000000000000000000000000000000000000000000000000000000000000000000000000000000000000000000000000000000000000000000000000000000000000000000000000000000000000000000000
310
00000000000000000000000000000000000000000000000000000000000000F50000000000F5F50000000000F5F5F5E1B7B78D633939F5F5F5F5F5F5F5F500000000F5F500000000000000000000000000000000000000000000000000000000000000000000000000000000000000000000000000000000000000000000F5
310
F5000000000000000000000000000000000000000000000000000000000000000000000000000000000000000000000000000000000000000000000000000000000000000000000000000000000000000000000000000000000000000000000000000000000000000000000000000000000000000000000000000000000000
310
000000000000000000000000000000000000000000000000000000000000000000F50000000000F5F50000000000F5F5F5F5F5F5F5F5F5F5F5F5F5F5F5F5F5F500F5F5F5F5F5F5F5F5F5000000F5F5F5F5F5000000000000000000000000000000000000000000000000000000000000000000000000000000000000000000
310
00F5F500000000000000000000000000000000000000000000000000000000000000000000000000000000000000000000000000000000000000000000000000000000000000000000000000000000000000000000000000000000000000000000000000000000000000000000000000000000000000000000000000000000
310
0000000000000000000000000000000000000000000000000000000000000000000000F50000000000F5F50000000000F5F5F5F5F5F5F5F5F5F5F5F5F5F5F5F5F5F500F500000000000000F5000000000000000000000000000000000000000000000000000000000000000000000000000000000000000000000000000000
310
00000000000000000000000000000000000000000000000000000000000000000000000000000000000000000000000000000000000000000000000000000000000000000000000000000000000000000000000000000000000000000000000000000000000000000000000000000000000000000000000000000000000000
310
00000000000000000000000000000000000000000000000000000000000000000000000000F50000000000F5F5F5F5F5F5F5F5F5F5F5F5F5F5F5F5F5F5F5F5F5F5F5F5F5F5F5F5F5F5F5F5F5F5F5F5F5F5F5F5F5F5F5F5F5F5F5F5F50000000000000000000000000000000000000000000000000000000000000000000000
310
00000000000000000000000000000000000000000000000000000000000000000000000000000000000000000000000000000000000000000000000000000000000000000000000000000000000000000000000000000000000000000000000000000000000000000000000000000000000000000000000000000000000000
310
0000000000000000000000000000000000000000000000000000000000000000000000000000F5F5F5F5F5F5F5F5F5F5F5F5F5F5F5F5F5F5F5F5F5F5F5F5F5F5F5F5F5F5F5F5F5F5F5F5F5F5F5F5F5F5F5000000F500F5000000F5F5F5F5000000000000000000000000000000000000000000000000000000000000000000
310
00000000000000000000000000000000000000000000000000000000000000000000000000000000000000000000000000000000000000000000000000000000000000000000000000000000000000000000000000000000000000000000000000000000000000000000000000000000000000000000000000000000000000
310
0000000000000000000000000000000000000000000000000000000000000000000000000000000000F5000000F5F5F5F500000000000000000000000000000000000000000000F5F50000000000000000F5F5000000F500F5000000F5F500F500000000000000000000000000000000000000000000000000000000000000
310
00000000000000000000000000000000000000000000000000000000000000000000000000000000000000000000000000000000000000000000000000000000000000000000000000000000000000000000000000000000000000000000000000000000000000000000000000000000000000000000000000000000000000
310
00000000000000000000000000000000000000000000000000000000000000000000000000000000000000F5000000F500F5F500000000000000000000000000000000000000000000F5F50000000000000000F5F5000000F50000F50000F5F500F50000000000000000000000000000000000000000000000000000000000
310
00000000000000000000000000000000000000000000000000000000000000000000000000000000000000000000000000000000000000000000000000000000000000000000000000000000000000000000000000000000000000000000000000000000000000000000000000000000000000000000000000000000000000
310
000000000000000000000000000000000000000000000000000000000000000000000000000000000000000000F5000000F500F5F500000000000000000000000000000000000000000000F5F500000000000000F5F5F50000F5000000F50000F5F500F5000000000000000000000000000000000000000000000000000000
310
00000000000000000000000000000000000000000000000000000000000000000000000000000000000000000000000000000000000000000000000000000000000000000000000000000000000000000000000000000000000000000000000000000000000000000000000000000000000000000000000000000000000000
310
0000000000000000000000000000000000000000000000000000000000000000000000000000000000000000000000F5000000F500F5F500000000000000000000000000000000000000000000F5F5F5F50000000000F5F5F5F5F50000000000F5F5F5F5F5F5F5F50000000000000000000000000000000000000000000000
310
000000F5F5F500000000000000000000000000000000000000000000000000000000000000000000000000000000000000000000000000000000000000000000000000000000000000000000000000000000000000000000000000000000000000000000000000000000000000000000000000000000000000000000000000
310
00000000000000000000000000000000000000000000000000000000000000000000000000000000000000000000000000F5000000F500F5F500000000000000000000000000000000000000000000F5F500F50000000000F5F5F5000000000000000000F5F5F5F500F5000000000000000000000000000000000000000000
310
000000F5F5F500F50000000000000000000000000000000000000000000000000000000000000000000000000000000000000000000000000000000000000000000000000000000000000000000000000000000000000000000000000000000000000000000000000000000000000000000000000000000000000000000000
310
000000000000000000000000000000000000000000000000000000000000000000000000000000000000000000000000000000F5000000F500F5F500000000000000000000000000000000000000000000F5F500F5000000000000000000000000000000000000F5F5F500F500000000000000000000000000000000000000
310
0000000000F5F5F500F5000000000000000000000000000000000000000000000000000000000000000000000000000000000000000000000000000000000000000000000000000000000000000000000000000000000000000000000000000000000000000000000000000000000000000000000000000000000000000000
310
0000000000000000000000000000000000000000000000000000000000000000000000000000000000000000000000000000000000F5F5F500F500F5F5000000000000000000F5F5F5F5000000000000000000F5F500F5F50000000000000000000000000000000000F5F5F500F50000000000000000000000000000000000
310
00000000000000F5F5F500F500000000000000000000000000000000000000000000000000000000000000000000000000000000000000000000000000000000000000000000000000000000000000000000000000000000000000000000000000000000000000000000000000000000000000000000000000000000000000
310
00000000000000000000000000000000000000000000000000000000000000000000000000000000000000000000000000000000F5F500F5000000F500F5F5000000000000000000F5F5F5F5F5F500000000000000F5F500F5000000000000000000000000000000000000F5F5F500F5000000000000000000000000000000
310
000000000000000000F5F5F500F50000000000000000000000000000000000000000000000000000000000000000000000000000000000000000000000000000000000000000000000000000000000000000000000000000000000000000000000000000000000000000000000000000000000000000000000000000000000
310
000000000000000000000000000000000000000000000000000000000000000000000000000000000000000000000000000000000000F5F500F5000000F500F5F5000000000000000000F5F5F5F5F5F500000000000000F5F500F5000000000000000000000000000000000000F5F5F500F500000000000000000000000000
310
0000000000000000000000F5F5F500F5000000000000000000000000000000000000000000000000000000000000000000000000000000000000000000000000000000000000000000000000000000000000000000000000000000000000000000000000000000000000000000000000000000000000000000000000000000
310
0000000000000000000000000000000000000000000000000000000000000000000000000000000000000000000000000000000000000000F5F500F5000000F500F5F500000000000000000000000000000000000000000000F5F500F5000000000000000000000000000000000000F5F5F500F5F5F5000000000000000000
310
00000000000000000000000000F5F5F500F500000000000000000000000000000000000000000000000000000000000000000000000000000000000000000000000000000000000000000000000000000000000000000000000000000000000000000000000000000000000000000000000000000000000000000000000000
310
00000000000000000000000000000000000000000000000000000000000000000000000000000000000000000000000000000000000000000000000000F5000000F500F5F500000000000000000000000000000000000000000000F5F500F5000000000000F5F5F5000000000000000000F5F5F500F5000000000000000000
310
00000000000000000000000000000000F5F5F5F50000000000000000000000000000000000000000000000000000000000000000000000000000000000000000000000000000000000000000000000000000000000000000000000000000000000000000000000000000000000000000000000000000000000000000000000
310
000000000000000000000000000000000000000000000000000000000000000000000000000000000000000000000000000000000000000000000000000000F5000000F500F5F500000000000000000000000000000000000000000000F5F5F5F5000000000000F5F5F5F5F5F5000000000000F5F5F500F500000000000000
310
00000000000000000000000000000000000000000000000000000000000000000000000000000000000000000000000000000000000000000000000000000000000000000000000000000000000000000000000000000000000000000000000000000000000000000000000000000000000000000000000000000000000000
310
0000000000000000000000000000000000000000000000000000000000000000000000000000000000000000000000000000000000000000000000000000000000F5000000F500F5F500000000000000000000000000000000000000000000F5F50000000000000000000000000000000000000000F5F5F500F50000000000
310
00000000000000000000000000000000000000000000000000000000000000000000000000000000000000000000000000000000000000000000000000000000000000000000000000000000000000000000000000000000000000000000000000000000000000000000000000000000000000000000000000000000000000
310
00000000000000000000000000000000000000000000000000000000000000000000000000000000000000000000000000000000000000000000000000000000000000F5000000F500F5F500000000000000000000000000000000000000000000F5F50000000000000000000000000000000000000000F5F5F500F5000000
310
00000000000000000000000000000000000000000000000000000000000000000000000000000000000000000000000000000000000000000000000000000000000000000000000000000000000000000000000000000000000000000000000000000000000000000000000000000000000000000000000000000000000000
310
000000000000000000000000000000000000000000000000000000000000000000000000000000000000000000000000000000000000000000000000000000000000000000F5000000F5F5F5F5F5F5F5F5F5F5F5F5F5F5F5F5F5F5F5F50000000000F5F5F50000000000000000000000000000000000000000F5F5F500F500
310
000000000000000000000000000000000000000000000000000000000000F5F5F5F5F5F5F5000000000000000000000000000000000000000000000000000000000000000000000000000000000000000000000000000000000000000000000000000000000000000000000000000000000000000000000000000000000000
310
0000000000000000000000000000000000000000000000000000000000000000000000000000000000000000000000000000000000000000000000000000000000000000000000F50000000000F5F5F5F5F5F5F5F5F5F5F5F5F5F5F5F5F5F50000000000F5F5F50000000000000000000000000000000000000000F5F5F500
310
F500000000000000000000000000000000000000000000000000000000000000F500000000F50000000000000000000000000000000000000000000000000000000000000000000000000000000000000000000000000000000000000000000000000000000000000000000000000000000000000000000000000000000000
310
00000000000000000000000000000000000000000000000000000000000000000000000000000000000000000000000000000000000000000000000000000000000000000000000000F50000000000F5F500000000000000000000000000000000000000000000F5F500000000000000000000000000000000F5F50000F5F5
310
F500F500000000000000000000000000000000000000000000000000000000000000F500000000F5000000000000000000000000000000000000000000000000000000000000000000000000000000000000000000000000000000000000000000000000000000000000000000000000000000000000000000000000000000
310
000000000000000000000000000000000000000000000000000000000000000000000000000000000000000000000000000000000000000000000000000000000000000000000000000000F50000000000F5F500000000000000000000000000000000000000000000F5F50000000000000000000000000000000000000000
310
F500F5F5F500000000000000000000000000000000F5F5F5000000000000000000000000F500000000F500000000000000000000000000000000000000000000000000000000000000000000000000000000000000000000000000000000000000000000000000000000000000000000000000000000000000000000000000
310
00000000000000000000000000000000000000000000000000000000000000000000000000000000000000000000000000000000000000000000000000000000000000000000000000000000F5F5F5F5F5F5F5F5F5000000000000000000F5F5F5F50000000000000000F5F5F5F5F5F5F5F5F5F5F5F5F5F5F5F5F5F5F5F5F5
310
F5F5F5F5F5000000000000000000000000000000000000F500F5F500000000000000000000F5F5F50000F5000000000000000000000000000000000000000000000000000000000000000000000000000000000000000000000000000000000000000000000000000000000000000000000000000000000000000000000000
310
000000000000000000000000000000000000000000000000000000000000000000000000000000000000000000000000000000000000000000000000000000000000000000000000000000000000F5F5F5F5F5F5F5F5F5000000000000000000F5F5F5F5F5F5000000000000F5E2F5F5F5F5F5F5F5F5F5F5F5F5F5F5F5F5F5
310
000000F5F5E2F5000000000000000000000000000000000000F500F5F500000000000000000000F5F5F5F5F50000000000000000000000000000000000000000000000000000000000000000000000000000000000000000000000000000000000000000000000000000000000000000000000000000000000000000000000
310
000000000000000000000000000000000000000000000000000000000000000000000000000000000000000000000000000000000000000000000000000000000000000000000000000000000000000000F50000000000F5F5000000000000000000F5F5F5F5F5F5000000000000F5F5F50000000000000000000000000000
310
00F5000000F5F5F5F5000000000000000000000000000000000000F500F5F500000000000000000000F5F5F50000000000000000000000000000000000000000000000000000000000000000000000000000000000000000000000000000000000000000000000000000000000000000000000000000000000000000000000
310
0000000000000000000000000000000000000000000000000000000000000000000000000000000000000000000000000000000000000000000000000000000000000000000000000000000000000000000000F5000000F5F5F5F5000000000000000000000000000000000000000000000000000000000000000000000000
310
00000000F50000F5F500F5000000000000000000000000000000000000F500F5F500000000000000000000000000000000000000000000000000000000000000000000000000000000000000000000000000000000000000000000000000000000000000000000000000000000000000000000000000000000000000000000
310
00000000000000000000000000000000000000000000000000000000000000000000000000000000000000000000000000000000000000000000000000000000000000000000000000000000000000000000000000F5F5F500F500F5F500000000000000000000000000000000000000000000000000000000000000000000
310
000000000000F50000F5F500F5000000000000000000000000000000000000F5F500000000000000000000000000000000000000000000000000000000000000000000000000000000000000000000000000000000000000000000000000000000000000000000000000000000000000000000000000000000000000000000
310
000000000000000000000000000000000000000000000000000000000000000000000000000000000000000000000000000000000000000000000000000000000000000000000000000000000000000000000000000000F5F5F500F500F5F50000000000000000000000000000000000000000000000000000000000000000
310
000000000000000000F5F5F5F500F500000000000000000000000000000000000000000000000000000000000000000000000000000000000000000000000000000000000000000000000000000000000000000000000000000000000000000000000000000000000000000000000000000000000000000000000000000000
310
0000000000000000000000000000000000000000000000000000000000000000000000000000000000000000000000000000000000000000000000000000000000000000000000000000000000000000000000000000000000F5000000F500F5F5000000000000000000000000000000000000F50000000000000000000000
310
00000000000000000000000000F5F500F50000000000000000000000000000000000000000000000000000000000000000000000000000000000000000000000000000000000000000000000000000000000000000000000000000000000000000000000000000000000000000000000000000000000000000000000000000
310
00000000000000000000000000000000000000000000000000000000000000000000000000000000000000000000000000000000000000000000000000000000000000000000000000000000000000000000000000000000000000F5000000F5F5F5F5F5F5F5F5F5F5F5F5F5F5F5F5F5F5F5F5F5F5F5F5F5F5F5F500000000
310
00000000000000000000000000000000F500F5000000000000000000000000000000000000000000000000000000000000000000000000000000000000000000000000000000000000000000000000000000000000000000000000000000000000000000000000000000000000000000000000000000000000000000000000
310
000000000000000000000000000000000000000000000000000000000000000000000000000000000000000000000000000000000000000000000000000000000000000000000000000000000000000000000000000000000000000000F50000000000F5F5F5F5F5F5F5F5F5F5F5F5F5F5F5F5F5F5F500000000F5F5F50000
310
000000000000000000000000000000000000F500F500000000000000000000000000000000000000000000000000000000000000000000000000000000000000000000000000000000000000000000000000000000000000000000000000000000000000000000000000000000000000000000000000000000000000000000
310
0000000000000000000000000000000000000000000000000000000000000000000000000000000000000000000000000000000000000000000000000000000000000000000000000000000000000000000000000000000000000000000000F50000000000F5F500000000000000000000000000000000F500000000F5F5F5
310
0000000000000000000000000000000000000000F500F50000000000000000000000000000000000000000000000000000000000000000000000000000000000000000000000000000000000000000000000000000000000000000000000000000000000000000000000000000000000000000000000000000000000000000
310
00000000000000000000000000000000000000000000000000000000000000000000000000000000000000000000000000000000000000000000000000000000000000000000000000000000000000000000000000000000000000000000000000F50000000000F5F50000000000000000000000000000000000F5000000F5
310
F5F50000000000000000000000000000000000000000F500F5000000000000000000000000000000000000000000000000000000000000000000000000000000000000000000000000000000000000000000000000000000000000000000000000000000000000000000000000000000000000000000000000000000000000
310
000000000000000000000000000000000000000000000000000000000000000000000000000000000000000000000000000000000000000000000000000000000000000000000000000000000000000000000000000000000000000000000000F5F500F50000000000F5F50000000000000000000000000000000000F50000
310
00F5F5F50000000000000000000000000000000000000000F500F5000000000000000000000000000000000000000000000000000000000000000000000000F5F5F5F50000000000000000F5F5F5F5F5F5F5F5F5F5F5F5F5000000000000000000000000000000000000000000000000000000000000000000000000000000
310
0000000000000000000000000000000000000000000000000000000000000000000000000000000000000000000000000000000000000000000000000000000000000000000000000000000000000000000000000000000000000000000000000000F5F500F5000000F5F5F5F5000000000000000000000000000000000000
310
F5F5F5F5F5F50000000000000000000000000000000000000000F500F5F5F5000000000000000000000000000000000000000000000000000000000000000000F5F5F5F5F5F500000000000000F5F5000000F500F5000000F5F500000000000000000000000000000000000000000000000000000000000000000000000000
310
00000000000000000000000000000000000000000000000000000000000000000000000000000000000000000000000000000000000000000000000000000000000000000000000000000000000000000000000000000000000000000000000000000000000000F5000000F500F5F500000000000000000000000000000000
310
00000000F5F5F5F5000000000000000000F5F5F5F500000000000000F5F5F500F5000000000000000000000000000000000000000000000000000000000000000000F500000000F500000000000000F5F5000000F500F5000000F5F50000000000000000000000000000000000000000000000000000000000000000000000
310
000000000000000000000000000000000000000000000000000000000000000000000000000000000000000000000000000000000000000000000000000000000000000000000000000000000000000000000000000000000000000000000000000000000000000000F5000000F500F5F50000000000000000000000000000
310
0000000000000000F5F5000000000000000000F5F5F50000000000000000F5F5F500F5000000000000000000000000000000000000000000000000000000000000000000F5F5F5F5F5F500000000000000F5F5000000F50000F50000F5F5000000000000000000000000000000000000000000000000000000000000000000
310
0000000000000000000000000000000000000000000000000000000000000000000000000000000000000000000000000000000000000000000000000000000000000000000000000000000000000000000000000000000000000000000000000000000000000000000000F5F5F500F500F5F5000000000000F5F5F5F50000
310
00000000F5F5F5F5F5F5F5F5F5F5F5F5F500000000F5F5F50000000000000000F5F5F500F5000000000000000000000000000000000000000000000000000000000000000000000000000000000000000000F5F5F50000F5000000F50000F5F5F5000000000000000000000000000000000000000000000000000000000000
310
00000000000000000000000000000000000000000000000000000000000000000000000000000000000000000000000000000000000000000000000000000000000000000000000000000000000000000000000000000000000000000000000000000000000000000000000000F5F5F500F500F5F5000000000000F5F5F5F5
310
F5F5F5000000F5F5F5F5F5F5F5F5F5F5F5F5F5000000000000000000000000000000F5F5F500F5F5F500000000000000000000000000000000000000000000000000000000000000000000000000000000000000F5F5F5F5F50000000000F5F5F5F5F500000000000000000000000000000000000000000000000000000000
310
000000000000000000000000000000000000000000000000000000000000000000000000000000000000000000000000000000000000000000000000000000000000000000000000000000000000000000000000000000000000000000000000000000000000000000000000000000F5000000F500F5F5000000000000F5F5
310
F5F5F5F5F5000000F500000000000000000000F5F5000000000000000000000000000000F5F5F500F5000000000000000000000000000000000000000000000000000000000000000000000000000000000000000000F5F5F5000000000000000000F5F5F50000000000000000000000000000000000000000000000000000
310
0000000000000000000000000000000000000000000000000000000000000000000000000000000000000000000000000000000000000000000000000000000000000000000000000000000000000000000000000000000000000000000000000000000000000000000000000000000000F5000000F500F5F5000000000000
310
00000000000000000000F5F5F5000000F5F5F50000F5F5000000000000000000000000000000F5F5F500F5000000000000000000000000000000000000000000000000000000000000000000000000000000000000000000000000000000000000000000000000000000000000000000000000000000000000000000000000
310
00000000000000000000000000000000000000000000000000000000000000000000000000000000000000000000000000000000000000000000000000000000000000000000000000000000000000000000000000000000000000000000000000000000000000000000000000000000000000F5000000F500F5F500000000
310
000000000000000000F5F500F50000F5F500F5F5000000F5F5000000000000000000000000000000F5F5F500F500000000000000000000000000000000000000000000000000000000000000000000000000000000000000000000000000000000000000000000000000000000000000000000000000000000000000000000
310
000000000000000000000000000000000000000000000000000000000000000000000000000000000000000000000000000000000000000000000000000000000000000000000000000000000000000000000000000000000000000000000000000000000000000000000000000000000000000000F5000000F5F5F5F50000
310
0000000000000000000000000000F500000000F5F5F5000000F5F5000000000000000000000000000000F5F5F5F5F50000000000000000000000000000000000000000000000000000000000000000000000000000000000000000000000000000000000000000000000000000000000000000000000000000000000000000
310
0000000000000000000000000000000000000000000000000000000000000000000000000000000000000000000000000000000000000000000000000000000000000000000000000000000000000000000000000000000000000000000000000000000000000000000000000000000000000000000000F50000000000F5F5
310
00000000000000000000000000000000F500000000F50000000000F5F5000000000000000000000000000000F500F50000000000000000000000000000000000000000000000000000000000000000000000000000000000000000000000000000000000000000000000000000000000000000000000000000000000000000
310
00000000000000000000000000000000000000000000000000000000000000000000000000000000000000000000000000000000000000000000000000000000000000000000000000000000000000000000000000000000000000000000000000000000000000000000000000000000000000000000000000F50000000000
310
F5F500000000000000000000000000000000F5F5F5F5F5F50000000000F5F5000000000000000000000000000000F500F5000000000000000000000000000000000000000000000000000000000000000000000000000000000000000000000000000000000000000000000000000000000000000000000000000000000000
310
000000000000000000000000000000000000000000000000000000000000000000000000000000000000000000000000000000000000000000000000000000000000000000000000000000000000000000000000000000000000000000000000000000000000000000000000000000000000000000000000000000F5000000
310
0000F5F5F5F5F5F5F5F5F5F5F5F5F5F5F5F5F5F5F5F5F5F5F5F5F5F5F5F5F5F5F5F5F5F5F5F5F5F5F5F5F5F5F5F5F5F5F5F5F500000000000000000000000000000000000000000000000000000000000000000000000000000000000000000000000000000000000000000000000000000000000000000000000000000000
310
00000000000000000000000000000000000000000000000000000000000000000000000000000000000000000000000000000000000000000000000000000000000000000000000000000000000000000000000000000000000000000000000000000000000000000000000000000000000000000000000000000000F5F5F5
310
F5F5F5F5F5F500000000000000F5F5F5F5F5F5F500000000000000F5E2F5F5F5F5F5000000F5F5F5F5F5F5F5F5F5F5F5F5F5F5E2F50000000000000000000000000000000000000000000000000000000000000000000000000000000000000000000000000000000000000000000000000000000000000000000000000000
310
00000000000000000000000000000000000000000000000000000000000000000000000000000000000000000000000000000000000000000000000000000000000000000000000000000000000000000000000000000000000000000000000000000000000000000000000000000000000000000000000000000000000000
310
000000000000F5F5F5F5F5F5F5F5F5F5F5F5F5F5F5F5F5F5F5F5F5F5F5F5F5F5F5F5F5F5F5F5F5F5F5F5F5F5F5F5F5F5F5F5F5F5F5F5F5000000000000000000000000000000000000000000000000000000000000000000000000000000000000000000000000000000000000000000000000000000000000000000000000
310
00000000000000000000000000000000000000000000000000000000000000000000000000000000000000000000000000000000000000000000000000000000000000000000000000000000000000000000000000000000000000000000000000000000000000000000000000000000000000000000000000000000000000
310
000000000000000000F5000000000000F5000000000000F50000000000000000F500000000000000F5000000000000000000000000F50000F500000000000000000000000000000000000000000000000000000000000000000000000000000000000000000000000000000000000000000000000000000000000000000000
310
00000000000000000000000000000000000000000000000000000000000000000000000000000000000000000000000000000000000000000000000000000000000000000000000000000000000000000000000000000000000000000000000000000000000000000000000000000000000000000000000000000000000000
310
0000000000000000000000F5000000000000F5F5F5F5F5F5F5F50000000000000000F500000000000000F5F5F5F5F5F5F5F5F5F5F5F5F5F50000F50000000000000000000000000000000000000000000000000000000000000000000000000000000000000000000000000000000000000000000000000000000000000000
310
00000000000000000000000000000000000000000000000000000000000000000000000000000000000000000000000000000000000000000000000000000000000000000000000000000000000000000000000000000000000000000000000000000000000000000000000000000000000000000000000000000000000000
310
00000000000000000000000000F5000000000000000000F5F50000000000000000000000F5000000000000000000000000F5F5000000000000000000F5000000000000000000000000000000000000000000000000000000000000000000000000000000000000000000000000000000000000000000000000000000000000
310
00000000000000000000000000000000000000000000000000000000000000000000000000000000000000000000000000000000000000000000000000000000000000000000000000000000000000000000000000000000000000000000000000000000000000000000000000000000000000000000000000000000000000
310
000000000000000000000000000000F500000000000000000000000000000000000000000000F50000000000000000000000000000000000000000000000F500000000000000000000000000000000000000000000000000000000000000000000000000000000000000000000000000000000000000000000000000000000
310
00000000000000000000000000000000000000000000000000000000000000000000000000000000000000000000000000000000000000000000000000000000000000000000000000000000000000000000000000000000000000000000000000000000000000000000000000000000000000000000000000000000000000
310
0000000000000000000000000000000000F5F5F5F5F5F5F5F5F5F5F5F5F5F5F5F5F5F5F5F5F5F5F5F5F5F5F5F5F5F5F5F5F5F5F5F5F5F5F5F5F5F5F5F5F5F5F5F50000000000000000000000000000000000000000000000000000000000000000000000000000000000000000000000000000000000000000000000000000
310
00000000000000000000000000000000000000000000000000000000000000000000000000000000000000000000000000000000000000000000000000000000000000000000000000000000000000000000000000000000000000000000000000000000000000000000000000000000000000000000000000000000000000
310
0000000000000000000000000000000000000000000000000000000000F5F5F5000000000000000000000000000000000000000000F5F5000000000000000000000000000000000000000000000000000000000000000000000000000000000000000000000000000000000000000000000000000000000000000000000000
310
00000000000000000000000000000000000000000000000000000000000000000000000000000000000000000000000000000000000000000000000000000000000000000000000000000000000000000000000000000000000000000000000000000000000000000000000000000000000000000000000000000000000000
310
00000000000000000000000000000000000000000000000000000000000000F5F5F5000000000000000000000000000000000000000000F5F500000000000000000000000000000000000000000000000000000000000000000000000000000000000000000000000000000000000000000000000000000000000000000000
310
00000000000000000000000000000000000000000000000000000000000000000000000000000000000000000000000000000000000000000000000000000000000000000000000000000000000000000000000000000000000000000000000000000000000000000000000000000000000000000000000000000000000000
310
00000000000000000000000000000000000000000000000000000000000000000000000000000000000000000000000000000000000000000000000000000000000000000000000000000000000000000000000000000000000000000000000000000000000000000000000000000000000000000000000000000000000000
310
00000000000000000000000000000000000000000000000000000000000000000000000000000000000000000000000000000000000000000000000000000000000000000000000000000000000000000000000000000000000000000000000000000000000000000000000000000000000000000000000000000000000000
310
00000000000000000000000000000000000000000000000000000000000000000000000000000000000000000000000000000000000000000000000000000000000000000000000000000000000000000000000000000000000000000000000000000000000000000000000000000000000000000000000000000000000000
310
00000000000000000000000000000000000000000000000000000000000000000000000000000000000000000000000000000000000000000000000000000000000000000000000000000000000000000000000000000000000000000000000000000000000000000000000000000000000000000000000000000000000000
310
00000000000000000000000000000000000000000000000000000000000000000000000000000000000000000000000000000000000000000000000000000000000000000000000000000000000000000000000000000000000000000000000000000000000000000000000000000000000000000000000000000000000000
310
00000000000000000000000000000000000000000000000000000000000000000000000000000000000000000000000000000000000000000000000000000000000000000000000000000000000000000000000000000000000000000000000000000000000000000000000000000000000000000000000000000000000000
310
00000000000000000000000000000000000000000000000000000000000000000000000000000000000000000000000000000000000000000000000000000000000000000000000000000000000000000000000000000000000000000000000000000000000000000000000000000000000000000000000000000000000000
310
00000000000000000000000000000000000000000000000000000000000000000000000000000000000000000000000000000000000000000000000000000000000000000000000000000000000000000000000000000000000000000000000000000000000000000000000000000000000000000000000000000000000000
310
00000000000000000000000000000000000000000000000000000000000000000000000000000000000000000000000000000000000000000000000000000000000000000000000000000000000000000000000000000000000000000000000000000000000000000000000000000000000000000000000000000000000000
310
00000000000000000000000000000000000000000000000000000000000000000000000000000000000000000000000000000000000000000000000000000000000000000000000000000000000000000000000000000000000000000000000000000000000000000000000000000000000000000000000000000000000000
310
00000000000000000000000000000000000000000000000000000000000000000000000000000000000000000000000000000000000000000000000000000000000000000000000000000000000000000000000000000000000000000000000000000000000000000000000000000000000000000000000000000000000000
310
00000000000000000000000000000000000000000000000000000000000000000000000000000000000000000000000000000000000000000000000000000000000000000000000000000000000000000000000000000000000000000000000000000000000000000000000000000000000000000000000000000000000000
310
00000000000000000000000000000000000000000000000000000000000000000000000000000000000000000000000000000000000000000000000000000000000000000000000000000000000000000000000000000000000000000000000000000000000000000000000000000000000000000000000000000000000000
310
00000000000000000000000000000000000000000000000000000000000000000000000000000000000000000000000000000000000000000000000000000000000000000000000000000000000000000000000000000000000000000000000000000000000000000000000000000000000000000000000000000000000000
310
00000000000000000000000000000000000000000000000000000000000000000000000000000000000000000000000000000000000000000000000000000000000000000000000000000000000000000000000000000000000000000000000000000000000000000000000000000000000000000000000000000000000000
310
00000000000000000000000000000000000000000000000000000000000000000000000000000000000000000000000000000000000000000000000000000000000000000000000000000000000000000000000000000000000000000000000000000000000000000000000000000000000000000000000000000000000000
310
00000000000000000000000000000000000000000000000000000000000000000000000000000000000000000000000000000000000000000000000000000000000000000000000000000000000000000000000000000000000000000000000000000000000000000000000000000000000000000000000000000000000000
310
00000000000000000000000000000000000000000000000000000000000000000000000000000000000000000000000000000000000000000000000000000000000000000000000000000000000000000000000000000000000000000000000000000000000000000000000000000000000000000000000000000000000000
310
00000000000000000000000000000000000000000000000000000000000000000000000000000000000000000000000000000000000000000000000000000000000000000000000000000000000000000000000000000000000000000000000000000000000000000000000000000000000000000000000000000000000000
310
00000000000000000000000000000000000000000000000000000000000000000000000000000000000000000000000000000000000000000000000000000000000000000000000000000000000000000000000000000000000000000000000000000000000000000000000000000000000000000000000000000000000000
310
00000000000000000000000000000000000000000000000000000000000000000000000000000000000000000000000000000000000000000000000000000000000000000000000000000000000000000000000000000000000000000000000000000000000000000000000000000000000000000000000000000000000000
310
00000000000000000000000000000000000000000000000000000000000000000000000000000000000000000000000000000000000000000000000000000000000000000000000000000000000000000000000000000000000000000000000000000000000000000000000000000000000000000000000000000000000000
310
00000000000000000000000000000000000000000000000000000000000000000000000000000000000000000000000000000000000000000000000000000000000000000000000000000000000000000000000000000000000000000000000000000000000000000000000000000000000000000000000000000000000000
310
00000000000000000000000000000000000000000000000000000000000000000000000000000000000000000000000000000000000000000000000000000000000000000000000000000000000000000000000000000000000000000000000000000000000000000000000000000000000000000000000000000000000000
310
00000000000000000000000000000000000000000000000000000000000000000000000000000000000000000000000000000000000000000000000000000000000000000000000000000000000000000000000000000000000000000000000000000000000000000000000000000000000000000000000000000000000000
310
00000000000000000000000000000000000000000000000000000000000000000000000000000000000000000000000000000000000000000000000000000000000000000000000000000000000000000000000000000000000000000000000000000000000000000000000000000000000000000000000000000000000000
310
00000000000000000000000000000000000000000000000000000000000000000000000000000000000000000000000000000000000000000000000000000000000000000000000000000000000000000000000000000000000000000000000000000000000000000000000000000000000000000000000000000000000000
310
00000000000000000000000000000000000000000000000000000000000000000000000000000000000000000000000000000000000000000000000000000000000000000000000000000000000000000000000000000000000000000000000000000000000000000000000000000000000000000000000000000000000000
310
00000000000000000000000000000000000000000000000000000000000000000000000000000000000000000000000000000000000000000000000000000000000000000000000000000000000000000000000000000000000000000000000000000000000000000000000000000000000000000000000000000000000000
310
00000000000000000000000000000000000000000000000000000000000000000000000000000000000000000000000000000000000000000000000000000000000000000000000000000000000000000000000000000000000000000000000000000000000000000000000000000000000000000000000000000000000000
310
00000000000000000000000000000000000000000000000000000000000000000000000000000000000000000000000000000000000000000000000000000000000000000000000000000000000000000000000000000000000000000000000000000000000000000000000000000000000000000000000000000000000000
310
00000000000000000000000000000000000000000000000000000000000000000000000000000000000000000000000000000000000000000000000000000000000000000000000000000000000000000000000000000000000000000000000000000000000000000000000000000000000000000000000000
  0
XRECORD
  5
D4B
102
{ACAD_REACTORS
330
1F9
102
}
330
1F9
100
AcDbXrecord
280
     1
102
MATERIAL
148
0.0
149
0.0
149
0.0
 93
        0
 94
       63
282
     0
 72
     1
 77
     1
171
     1
175
     1
179
     1
273
     0
  0
XRECORD
  5
1FA
102
{ACAD_REACTORS
330
1F9
102
}
330
1F9
100
AcDbXrecord
280
     1
 70
     1
 90
429727718
  1
D62C5603-E3A1-4AEA-B7FB-FE5D8D0755AF
310
504B03040A0000080000CC70623B3DEE336E79000000790000001B0000006175746F6465736B2D64657369676E2D7061636B6167652E786D6C3C3F786D6C2076657273696F6E3D22312E302220656E636F64696E673D227574662D3822203F3E3C666F726D6174733E3C666F726D61743E687474703A2F2F736368656D612E
310
6175746F6465736B2E636F6D2F64657369676E2D7061636B6167652F323030393C2F666F726D61743E3C2F666F726D6174733E504B0304140006080800CC70623BD486FD9CA0000000F4000000130000005B436F6E74656E745F54797065735D2E786D6C7D8EC10E82300C865F65E91D8A1E8C310C0EEA1BF002731658846E
310
D98AC1B77784ABF1D8FE5FBFBF75BBCE937A534CCEB38643598122B6FEE978D0B0485F9C41B54DDD7D022595594E1A469170414C76A4D9A4D207E29CF43ECE46F218070CC6BECC4078ACAA135ACF422C856C0E68EA1BF5669944DDD7BCDE7B1F8E415D77AECB980613C2E4AC91FC167A2B244592486606FC29C8FD7F045B9A
310
EF7053A7E60B504B0304140006080800CC70623B853B8169EB0000007C01000008000000636F72652E786D6C8D90416EC3201045AF62CDB6C206821CC7C244919D9CA01740401C94182C03558F5F9C3852BBEB6A467FFE9B197D7EFC9E1EC5975982F5AE035262288C535E5B377690E21535501C055FBC8FBF6C503839990E
310
5619041F179FE64D52DE45E362569DD7661365082642A11EB9E920A89B99642953CC8E702F67A9EE7234257977194EC9EAE275C4EABCCF5EAD5940D4AC6F0E35A568B8F43562CD7046CD199FD07E60174276A7BE677B5EADB0E0D14EEFFB6A31321A0D82627C4084204C3F096B71DD52F6819B16635EADF63F509AF53FA164
310
5DDCD1EDDD17164090FCC8732078B56691CB33A85CD7DCC40F504B0304140006080800CC70623B55019EA25F0000007C00000007000000636E782E786D6C4DCB3B0E80201045D1AD90E915ED2CF8AC45050C11660C8261F98AB1B07AC9C97D42D718D865D3E909258CFD00CCE24AC6E326A164D74DC0B4128928FF32603847
310
2BA13128B1252AC747C6BAB984FC68F0B87FE8960A5C09FE86CFB69FBA01504B0304140006080800CC70623BDBABAAF470010000D40300000C0000006662782F636F72652E786D6CC553D16E823014FD95A6AF4B694182CC941A83FA05FB810A9511A125A5257EFE2E82712ECEB8A7F100CD39F7F69E734AF9FADC366850B6
310
AF8DCE7018308C942E4C59EB2AC3DE1D498AD15A706B8CFB56869196ADCAF00863C12B6B7C374385D14E6907A836A59A41D9F7CA615434B0C8705F7CAA5606D23BA8E84F41278B93AC54100640439DE0BDB320004D43C63716C7C399D30917DCFBBA9CD9BA8469F5B156168B24CED3F7248AC8769F27244EB73B92EED8862C
310
B7F13E0C179B3C8F979C8ECD82BBBABDAA2BAC924E9558448CBD9330242CFA08E3154B5651FCC6D215639C8EE5774DBE2B5F6CF2B5768B68963BB5F5588420E442FC700B1139D4CB01F450C1E918227C2E09DF070D8140C84E1E9AAB8F1340832A9CB13130A5F1376A908D57309505ECF2A0DF179C4E9D30F5B239B87E3823
310
7A79C6F31DE1A8A5AEC08474B03C7837EAE4938639B44E5932B833D2C6B6B279CDC613877FA26EE21F4A2A4C63EC7F29A2F301D1F9F7A0E37D145F504B0304140006080800CC70623B9C113CC27E0000009D0000000B0000006662782F636E782E786D6C4DCCDF0A83201C86E15B91DFB94BFB330DD428C8FB886521330DA7
310
6397BF1A1DECE883878F57749FCDA1B7892F1BBC047A23808C7F84D9FA55424E0BE6803A256208E9EF06C84F9B91703228B1C690F78B66B34CD9A5439DF5CF0BFBF65E35BCA1B8D6A5C6F540381E886698B5741C695F9503EBA150A2F8958E3DC3EA0B504B0304140006080800CC70623B7DF2F77C2A010000120200003100
310
00006662782F41393633353835312D344632462D344230382D423046372D3739314545314133324237412F636F72652E786D6C8D51DB8EC22014FC15C2939B0D2DB4B45643319AE817EC0F6041255A68B86CFCFC856D4D76DF7CE190393373060EDB3DC707F856CE6B6B7A480A0C81328395DA5C7B18C3057510EC3873D686
310
3F34088C18550F330C39BB3A1BA7051AAC09CA84841A2BD5020AEF55806078A44B0FFD7053A328440C89E1EFC52486BBB8AA8214A99D789CF9E05200300FC927E4FB4D5B375D43103D5527440FB843077C5AA3F5861C8F645F5787F59E95B390B318B55CE45AA638FAA2957BD7248B390B7A7CC51F9C124149C82B8C378810
310
84AB2F42B7B8DD56F413775B8C5999E9FF4471926F8AA236A1AE96B8B3CC434E5839373893369E1FAF30EA395917409EB7F26AF8801C171837A4A6AC9C89E9F9C9B1A58BA30FD6A5EF5DDDCF894B9AD9B6A59C957943A9FCAE2FD5BC4DFE03504B0304140006080800CC70623BAD7543B64E01000033030000300000006662
310
782F41393633353835312D344632462D344230382D423046372D3739314545314133324237412F636E782E786D6CD593CD6EC32010845F0571AD6CE3D48AD20813A9873E410FBD12D82434182C7EAAE6EDBB2424CD25871E7B41D6EC30B3FA84F9E67BB2E40B4234DE8DB46F1925E094D7C6ED479AD3AE5951B2113C789FEE
310
6C943839C1488B4C05DF079FE72A69D8C96C13AAD6B8631503449F83828872B949AC57D26200B826A308D316B4064D6E46FCDA41C05550DC9E483A00797BFD207EFB092A45DE9514C1BBD22178396BD39D891265658C238DEA00936C654E5E433CB65A26D9F6EDB5EBC14EBF49A45CB856E66048291F6939A9A81BB5C89177
310
38143CA680F4AA299D66A042CEB3354A2684DC9D8D178FE0D9B8B41CAAD720F880EE7EF93C0C18769E099ECC04D5A102C8049A8A05632F4DDF376CF1DE0F6BB65C2F8627B65A33C6BB62177CEBBDAD973006829F89F22E814B54F4BC2BE347F8AA8F681390B50FA73F804400B5F542E796F19FF974E7F78DB802FE05E20750
310
4B0304140006080800CC70623BE75B7789680500003C100000340000006662782F41393633353835312D344632462D344230382D423046372D3739314545314133324237412F6F626A656374732E786D6CAD575B8F9B3818FD2B887D06C22499CB8AA1CA655245D5B455A356FB305264C061D8018C6C3393D95FBFC7600890
310
A4CD5EF210B0B1BFEBF98E3F7B1FF6596ABC522E1296DF9BAE3D320D9A872C4AF2F8DE2CE5CEBA358D0FBEC719939D65A691938CDE9B6ADAF4BD98B3B2D05311DD91329583D9D5FC0F438434A7A611A644887B5384CF34233629258BA878B12322891DEFF6B66BD70BFB62634E8AE781D082709A4B588AF91C528CDA28B73F
310
1C998EEF39EABBEFA97FBD6A7C7E9553F9D3D79FE442923C3C523610337627CB87ABE99D359D4CC6D6E4FACAB5E6ABF9D2726FC6A3C5F56271377BB88362213924694B38DD99FE47C48627A1E7D49F5A8BB5E1A74C0A599ED3B0F21F1E56366B89112D681E218F0915D0D6F17AD41FBA2A369DCF6335D62ABBD39779D5DDD1
310
11D4D8DE3CBB96B2E04FB8202E41051754A1AA8E8F76B4C6DFE810B580B1547F4B84911149794252234D024EF8BBE963A95AE27B3D310A9D5C215C7960FAEE415ED75694C6AFB17BCACA5D99A60A9AA65F217B0BFC53292ACB92BF283FAD0D3621576592CB5BED907C2FA8E9DF794E35E97BEA31BED21FEB401ABB94C44839
310
DCACBF0E1C5DA8DA5B2F4DFFD32AD86F543D9E565E7056502E157C00AD2671CD534549AB752FCA9CDA00677A313F04E51B22FF19E57B300579E3C97EB29F682D92935CEC18CF901B7B54FD8C51F362B56FC72FE0B3C1EAE335EDCCBF5AEC39ADB17DC238973F804BA5E6F6BFE7AF1FB32E523BE9F3BD571418E3631DCA4D48
310
5250CF639223210A9446CA30052EDF057BD35F8329C1ECD84552BF0DC8D18BE7BCE23BFE6BD960AB4A7DE79923A103BEBD80F911CBAA2C60DB19B01CF164A5583B772EE6D3FFA56666CBCDA74DC97724A48F9A58967497E489C4D979006FD7A05E227A1EBDD0F737C623387A9C844D3709995625106D157315F8B8392CD4E0
310
A0B9A720C4BE9829CEF37EA1E13111214D53925356365ADA634861B52519DD27A00AEB808EAF0628E6F435519D446F45CF2C9CF5214F0A15B2F6D06B79DA3EE3CBF7F56780D2F4E7EF73A0F5E5B02A38D07DC852C6B7C1FBB6664213E0C39E3EBA7FF4E1AD23EA2829407C85E586727488B751B2DB9502BC7B228A3FD68B6E
310
A65A22397E690AA8D158D7E404EC8CDA235CC3B7D1898680131CEC2CDF2638C65196279577750F15884AEE19F94199155B92B13297978469D4F8D358DF0AEF7631E28DC8F0D9F437D5D39A83B2231A1D52D543813A824EF8D44BCFF2FA6A31BD1E8DAD87F1CCB526B3879935BF59CDADD5C37479BB1CDD4CA7B3556B516589
310
EF352754B706114D9C885EC9131DE6EFEB43D99AFE2391C2F958179413D7CFEF6B1B6DB1E7600F00DE6E5C67454A339A4BA2E0FBA85ED26F045D454F463DBFCE484C2F90F2E5E3666003662ED8F755951A7D1BECD5B30B550B2785C8E7320B7292A4838DDA71BBC863ED7613CAF659337A3354231D4FF4A182A54904C2898C
310
98B28C4AD0CE056CCF332A80986E571EE9DBC305BB5FEB7E509220A58D25CF042D712A806AC0AD0C657FDEF80D2D9CEAA2EE4D1C76F60BFE74219A06527D6F82DF6412526107381E55E353090704D085B52408A8913C4ED159D79BDA71BB4BC506F4831350EB6F975CD22D69BF7AC49B91A2C0A9DDA3D5CA36AD20FC478E37
310
E61844E2352865EBCB61A275A65283CAAA9DD27703B4102F5AF51EF5F573B75CBB5AD38BC845F7A49F82A0966A49C2E3EA5EA0ECD326CD965F1DB402C6FA8B51A4658C5C5E2EC9E214602E55810345408596591009A82E7E7FFACA19EEA299B14A0081A705CB3296EBC14CDF658DCD336EA6D1136881AAEB87B81AB9EE53D5
310
F5EB8BC8362082DA24122F98680A4E7930C01A0079749CEA14382A0783E5EBA5A10F8C098456A03D6A4AEB6BB881E2513747552A5DB22C7EDAF83BD5528081A365F7FF06504B0304140006080000CC70623B000000000000000000000000350000006662782F41393633353835312D344632462D344230382D423046372D37
310
39314545314133324237412F76657274696365732E62696E504B0304140006080800CC70623BF270F1330600000004000000360000006662782F41393633353835312D344632462D344230382D423046372D3739314545314133324237412F747269616E676C65732E62696E636660600000504B0304140006080000CC7062
310
3B000000000000000000000000370000006662782F41393633353835312D344632462D344230382D423046372D3739314545314133324237412F617474726962757465732E62696E504B0304140006080800CC70623B08DA0BD19000000041010000360000006662782F41393633353835312D344632462D344230382D4230
310
46372D3739314545314133324237412F6469726563746F72792E786D6C858F410AC3201045AF22B36F53E9A60B35CBEEBAE80D244E44489C6234F4F835464A48035D0DF398FF9F8AF63D0E6CC63039F212F8F9020C7D47C6792B21C5FE7403D62A1188E2E60C98D7234A5830286103A55745067B9D86B8A3CF9C7F90C11DE6
310
07FB144396D7B6A82D282E9A152AD114D5EF2CB866EEE831B8EEA07A7BB5A8D7D61A2BAAEB7FD5F70921FF497D00504B0304140006080800CC70623BEDD1DC58FD000000A00100003B0000006662782F41393633353835312D344632462D344230382D423046372D3739314545314133324237412F7265736F75726365732F
310
636F72652E786D6C8D504B6E833010BD0A9A6D65B00922041947112427E8052C33A156828DFCA97AFC9A40A576D7CDCCE87D344F8F9FBFE667F689CE6B6B3A6039850C8DB2A336530731DC4903D95970676DF82583CCC8193B5861107C72362E3BA4AC096842428D1D7107A5F7182053CF7474E0D507CE32973124857FE48B
310
540F3961CEF244279DE03EB81420DB9EAC1384436FA353E879B1B182C7A8C75DA3C7F453DF353A1075D537A7BA6464B8F535A99AE14A9A2BBD90E350DD183B5CFABE3AF262350B1EF4FC9351399401471025A527C218A1E53BAB5A5AB765F5469B96525EACF23FA6B88CFF34456DC2A1DCE36E360F82A5202F42F062ED2BAD
310
579969AFDD8A6F504B010214000A0000080000CC70623B3DEE336E79000000790000001B00000000000000000000000000000000006175746F6465736B2D64657369676E2D7061636B6167652E786D6C504B01021400140006080800CC70623BD486FD9CA0000000F40000001300000000000000000000000000B20000005B
310
436F6E74656E745F54797065735D2E786D6C504B01021400140006080800CC70623B853B8169EB0000007C010000080000000000000000000000000083010000636F72652E786D6C504B01021400140006080800CC70623B55019EA25F0000007C000000070000000000000000000000000094020000636E782E786D6C504B
310
01021400140006080800CC70623BDBABAAF470010000D40300000C00000000000000000000000000180300006662782F636F72652E786D6C504B01021400140006080800CC70623B9C113CC27E0000009D0000000B00000000000000000000000000B20400006662782F636E782E786D6C504B01021400140006080800CC70
310
623B7DF2F77C2A010000120200003100000000000000000000000000590500006662782F41393633353835312D344632462D344230382D423046372D3739314545314133324237412F636F72652E786D6C504B01021400140006080800CC70623BAD7543B64E010000330300003000000000000000000000000000D2060000
310
6662782F41393633353835312D344632462D344230382D423046372D3739314545314133324237412F636E782E786D6C504B01021400140006080800CC70623BE75B7789680500003C10000034000000000000000000000000006E0800006662782F41393633353835312D344632462D344230382D423046372D3739314545
310
314133324237412F6F626A656374732E786D6C504B01021400140006080000CC70623B0000000000000000000000003500000000000000000000000000280E00006662782F41393633353835312D344632462D344230382D423046372D3739314545314133324237412F76657274696365732E62696E504B01021400140006
310
080800CC70623BF270F133060000000400000036000000000000000000000000007B0E00006662782F41393633353835312D344632462D344230382D423046372D3739314545314133324237412F747269616E676C65732E62696E504B01021400140006080000CC70623B0000000000000000000000003700000000000000
310
000000000000D50E00006662782F41393633353835312D344632462D344230382D423046372D3739314545314133324237412F617474726962757465732E62696E504B01021400140006080800CC70623B08DA0BD1900000004101000036000000000000000000000000002A0F00006662782F41393633353835312D344632
310
462D344230382D423046372D3739314545314133324237412F6469726563746F72792E786D6C504B01021400140006080800CC70623BEDD1DC58FD000000A00100003B000000000000000000000000000E1000006662782F41393633353835312D344632462D344230382D423046372D3739314545314133324237412F7265
310
736F75726365732F636F72652E786D6C504B0506000000000E000E0080040000641100000000
  0
XRECORD
  5
D4C
102
{ACAD_REACTORS
330
1F7
102
}
330
1F7
100
AcDbXrecord
280
     1
102
MATERIAL
148
0.0
149
0.0
149
0.0
 93
        0
 94
       63
282
     0
 72
     1
 77
     1
171
     1
175
     1
179
     1
273
     0
  0
XRECORD
  5
1F8
102
{ACAD_REACTORS
330
1F7
102
}
330
1F7
100
AcDbXrecord
280
     1
 70
     1
 90
429727718
  1
30362254-06B7-45E0-A893-8CFA70E3D6BC
310
504B03040A0000080000CC70623B3DEE336E79000000790000001B0000006175746F6465736B2D64657369676E2D7061636B6167652E786D6C3C3F786D6C2076657273696F6E3D22312E302220656E636F64696E673D227574662D3822203F3E3C666F726D6174733E3C666F726D61743E687474703A2F2F736368656D612E
310
6175746F6465736B2E636F6D2F64657369676E2D7061636B6167652F323030393C2F666F726D61743E3C2F666F726D6174733E504B0304140006080800CC70623BD486FD9CA0000000F4000000130000005B436F6E74656E745F54797065735D2E786D6C7D8EC10E82300C865F65E91D8A1E8C310C0EEA1BF002731658846E
310
D98AC1B77784ABF1D8FE5FBFBF75BBCE937A534CCEB38643598122B6FEE978D0B0485F9C41B54DDD7D022595594E1A469170414C76A4D9A4D207E29CF43ECE46F218070CC6BECC4078ACAA135ACF422C856C0E68EA1BF5669944DDD7BCDE7B1F8E415D77AECB980613C2E4AC91FC167A2B244592486606FC29C8FD7F045B9A
310
EF7053A7E60B504B0304140006080800CC70623B1EC5D7A3EB0000007C01000008000000636F72652E786D6C8D90416EC3201045AF82665B6103C6756C6122AB4D4ED00B204C5C94182C03558F5F9C3852BBEB6A467FFE9B197D71FC9E6FE8CBACC17AD7032D0820E3B41FAD9B7A48F1820F808E52ACDEC75F36404ECDA687
310
4D0629A6D5A76597B477D1B89855E747B38B2A041301E95B6E7A08FAD3CCAA50296647B8168BD2573599823EBB0CA76447F43862C7BCCF5EAC59410E4DDD9C7973C2755553CCCFA4C603E3040F1565ED3B1FDE4E432BCA0D9622DAF9795FAF464533826484B498524CD807E51D79ED187F21878E10516EF63F505AC67F42C9
310
BA58B1FDDD071640D2FCC87D2045B96591CB3DA85CB7DCE40F504B0304140006080800CC70623B55019EA25F0000007C00000007000000636E782E786D6C4DCB3B0E80201045D1AD90E915ED2CF8AC45050C11660C8261F98AB1B07AC9C97D42D718D865D3E909258CFD00CCE24AC6E326A164D74DC0B4128928FF32603847
310
2BA13128B1252AC747C6BAB984FC68F0B87FE8960A5C09FE86CFB69FBA01504B0304140006080800CC70623B8C9102E971010000D40300000C0000006662782F636F72652E786D6CC5535B6E833010BC8AE5DF0A6C08340F1947A84D4ED00B38C6A128602363A31CBFCB234A53A551FA553EC09AD9F5CE8C31DB9E9B1AF5CA
310
7695D1198E428A91D2D214952E33ECDD315861B4E5CC1AE3BE9561A445A3323CC098B3D21ADFCE9034DA29ED00D5A6503328BA4E398C640D8B0C77F253352214DE4145770A5B214FA2546114020D759C75CE8200340D19DE981F0F6746269C33EFAB6266AB02A655C74A59CCF365BADC27CB5D902ED22848F6340DF238A141
310
BE88E2F57B92BFEDF23523433367AE6A2EEAA455C2A902F398D2751045018D3FA264435F3771F242571B4A1919CA6F9A7C5B3CD9E42BED16F12C776AEB308F40C848FC700B1139D4891EF410CEC810227CC6846F8386402064270EF5C5C709A05E49676C024C61FC95EA45ED154CA5211D1FF4FB8291A913A68E9B83EBBB33
310
E2A7673CDE118E5AE8124C0807CB8377834E366998436B950D7A7746DAD846D4CFD978E0F04FD455FC5D49D2D4C6FE9722321F10997F0F32DC47FE05504B0304140006080800CC70623BFFEA85907E0000009D0000000B0000006662782F636E782E786D6C4DCCD10A83201886E15B91FFDC95D95A811AB6F23E625948A6C3
310
E9D8E5AF46073BFAE0E1E365ED67B3E8ADC3CB78C7815C7240DA3DFC64DCC221C519D7805AC182F7F1EF06C88D9BE6703008B6049F9E274D7A1E938DBB5AE3D6131B2589BA0D3D965551E0B2EA732C9B9A624AAEB41E3A557677029960D9AFB4EF11165F504B0304140006080800CC70623B4FEEA4082C0100001202000031
310
0000006662782F39464131463745442D413632322D343644302D413938332D3331353338454246344243312F636F72652E786D6C8D515B6EC32010BC0AE2AB55850DD871ED0813254D72825EC00192A2C460F1A872FC42ED48ED5F7E00CDCECCCEB26C731F6FE05B39AFADE921293004CA082BB5B9F43086336A21D870E6AC
310
0D7F68109861543DCC30E4ECE26C9C164858139409093556AA051CBC570102714B8F1E7AF1A5C6A11862480C7F2DA6415C878B2A4891CA89C7990F2E050073937C42DE1DB7E4F87ED8A36D4329AA9B3D46DBAEAD504556557BD81DEBDD0761E52CE42C462D17B996298E3E6BE59E35C962CE821E1FF18553435012728A7187
310
0841987E927A8D9B35ADDF70BBC6989599FE4F1427F9A4286A132ABAC49D651EF234CD5CE04CDA78BA3DC2A8FB645D00B9DF8B57E215725C60BCA2A463E54C4CE327C7A65E1C7DB02E7DEFCBF594B864C5CA6CDBD49C957943E9FA5D5FBAF336F90F504B0304140006080800CC70623BAD7543B64E01000033030000300000
310
006662782F39464131463745442D413632322D343644302D413938332D3331353338454246344243312F636E782E786D6CD593CD6EC32010845F0571AD6CE3D48AD20813A9873E410FBD12D82434182C7EAAE6EDBB2424CD25871E7B41D6EC30B3FA84F9E67BB2E40B4234DE8DB46F1925E094D7C6ED479AD3AE5951B2113C
310
789FEE6C943839C1488B4C05DF079FE72A69D8C96C13AAD6B8631503449F83828872B949AC57D26200B826A308D316B4064D6E46FCDA41C05550DC9E483A00797BFD207EFB092A45DE9514C1BBD22178396BD39D891265658C238DEA00936C654E5E433CB65A26D9F6EDB5EBC14EBF49A45CB856E66048291F6939A9A81BB5
310
C8917738143CA680F4AA299D66A042CEB3354A2684DC9D8D178FE0D9B8B41CAAD720F880EE7EF93C0C18769E099ECC04D5A102C8049A8A05632F4DDF376CF1DE0F6BB65C2F8627B65A33C6BB62177CEBBDAD973006829F89F22E814B54F4BC2BE347F8AA8F681390B50FA73F804400B5F542E796F19FF974E7F78DB802FE05
310
E207504B0304140006080800CC70623B16AB87BA640500003C100000340000006662782F39464131463745442D413632322D343644302D413938332D3331353338454246344243312F6F626A656374732E786D6CAD575B6FA33818FD2B887DE6924B3BED8A326A92B68A663B534DD4D13E548A0C38942D60649B369D5FBFC7
310
600890A493BDE42160637FD7F31D7FF63E6FB3D478A55C242CBF3247B66B1A340F5994E4F19559CA8D75611A9F7D8F33263BCB4C232719BD32D5B4E97B316765A1A722BA21652A07B3B7B33F0D11D29C9A46981221AE4C113ED38CD8A4942CA2E2C58E882476BCD9DA23BB5ED8171B73523C0F841684D35CC252CCE79062D4
310
468DFA43D7747CCF51DF7D4FFDEB5593E3AB9CCA9FBEFE241792E4E19EB28198C968BAB8199F5D5A67D3E9C49A9E8F47D6EC76B6B0469F26EEFC7C3EBFBCBEB98462213924694B38DD98FE1D62C393D073EA4FADC5DAF04326852CCF6958F90F0F2B9BB5C48816348F90C7840A68EB78EDF68723159BCEE7891A6B95DDE9D3
310
BCEAEEE8086A6C6F9E5D4B59F0175C10A7A0820BAA5055C7473B5AE3CFDD452D602CD5DF12616444529E90D448938013FE6EFA58AA96F85E4F8C42275708571E98FE6827AF6B2B4AE3D7D83D64E5A64C53054DD3AF90BD06FEA9149565C94FCA0F6B834DC85599E4F2423B24DF0B6AFA979E534DFA9E7A4CC6FA631D486393
310
921829879BF5D781A373557BCB85E97FB90DB62B558F8795179C15944B051F40AB495CF35451D26A4727654E6D8033BD98EF82F21D91FF8AF2DD9982BCF1643BDD4EB516C9492E368C67C88DED563FC36D5EACF66DFF057C3658BDBFA69DF9578B3DA735B64F18C7F20770A9D45CFCF7FCF563D6456A277DBEF78A02637CA2
310
43B90A490AEAB94F72244481D24819A6C0E59B606BFA4B3025981DBB48EAB701D97BF19C577CC77F2D1B6C55A9EF3C732474C0B727303F625995056C3B02963D9EAC146BE78EC5FCEC7FA999EBC5EACBAAE41B12D27B4D2C0BBA49F244E2ECDC81B76B502F113D8F5EE8FB1BE3111CDD4FC2AA9B844CAB1288B68AB90A7CDC
310
1C166AB0D3DC5310625FCC14E779BFD0709F8890A629C9292B1B2DED31A4B0DA928CEE135085754027E3018A397D4D5427D15BD1330B677DC8934285AC3DF45A9EB68FF8F2B8FC0A509AFEECFD0FF2DE25CC6047F7214B195F07EFEB9A094D800F7BFAE8FED187B78EA8A3A400F115961BCAD1215E47C966530AF0EE8128FE
310
58CEBB996A8964FFA529A046635D9353B0336A8F700DDF46271A024E70B0B37C9DE01847591E54DED53D54202AB947E4076556AC49C6CA5C9E1226B7F1A7B1BE15DEED62C41B91E1B3E9AFAAA735036547343A925075041DF0A9979E893B391F8FCFA6967B3EFB644DCF6E5CEBFAE272625DCC6FAF3FB93793C5F90CE1EF57
310
407342756B10D1C489E8953CD1617E5CEECAD6F4EF8914CE5D5D504E5C3F1F9736DA62CFC11E00BCDDB8CC8A9466349744C1F75EBDA4DF09BA8A9E8C7A7E9991989E20E5DBDD6A6003664ED8F7A04A8DBE0DF6EAD9B9AA858342E47399053949D2C146EDB85DE4B176BB0965FBAC19BD19AA918E27FA50C1D22402E144464C
310
59462568E704B6E71915404CB72B8FF4EDE184DDAF753F284990D2C6926782963815403548A70C657FDEF80D2D9CEAA2AE4C1C76F60BFE74219A06527D6582DF6412526107381E55E353090704D085B52408D0933C4ED159D79BDA71BB4BC506F4831350EB6F979CD22D69BF7AC49B91A2C0A9DDA3D5CA36AD20FC478E37E6
310
1844E2352865EBCB6EA275A652E3836BE04EFB400BF1A2556F515F1FBB35B2AB35BD889C744FFA1004B5544B121E57F70215746DD2F5E2C1412B602CBF19455AC6C8E5E9922C4E01E65215385004546899059180EAFCF7A707CE7017CD8CDB0410789AB32C63B91E5CEBBBACB17AC6CD347A022D5075FD106377347AAABA7E
310
7D11590744509B44E205134DC1290F06580320F78E537D3D73540E06CB970B431F185308AD40BBD794D6D77003C5A36E8EAA54BA64597CD8F83BD552A080A365F7FF06504B0304140006080000CC70623B000000000000000000000000350000006662782F39464131463745442D413632322D343644302D413938332D3331
310
353338454246344243312F76657274696365732E62696E504B0304140006080800CC70623BF270F1330600000004000000360000006662782F39464131463745442D413632322D343644302D413938332D3331353338454246344243312F747269616E676C65732E62696E636660600000504B0304140006080000CC70623B
310
000000000000000000000000370000006662782F39464131463745442D413632322D343644302D413938332D3331353338454246344243312F617474726962757465732E62696E504B0304140006080800CC70623B08DA0BD19000000041010000360000006662782F39464131463745442D413632322D343644302D413938
310
332D3331353338454246344243312F6469726563746F72792E786D6C858F410AC3201045AF22B36F53E9A60B35CBEEBAE80D244E44489C6234F4F835464A48035D0DF398FF9F8AF63D0E6CC63039F212F8F9020C7D47C6792B21C5FE7403D62A1188E2E60C98D7234A5830286103A55745067B9D86B8A3CF9C7F90C11DE607
310
FB144396D7B6A82D282E9A152AD114D5EF2CB866EEE831B8EEA07A7BB5A8D7D61A2BAAEB7FD5F70921FF497D00504B0304140006080800CC70623B0D6EF93BFE000000A00100003B0000006662782F39464131463745442D413632322D343644302D413938332D3331353338454246344243312F7265736F75726365732F63
310
6F72652E786D6C8D50596E833010BD0A9ADFCA60B334011947A8694ED00B586642AC041B79A97AFC9A40A5F6AF3F33A3B7689E1E3F7DCD8FEC139DD7D6F4C0720A191A65476DA61E62B892236427C19DB5E1970C322367EC618541F0C9D9B8EC90B226A009093576C41D94DE63804C3DD2D18357379C652E63480A7FCF17A9
310
EE72C29CE5894E3AC17D702940B63D59270887DE46A7D0F36263058F518FBB468FE9A7BE6A7420864373B8D4873369AA8691FA421B3294352543C5CAF65C0F6FEF43CB8BD52C78D0F34F46E550061C419494B6843142CB0F5677F4B52BEB177AEC28E5C52AFF638ACBF84F53D42654E51E77B379102C05791282176B5F693D
310
CB4C7BED567C03504B010214000A0000080000CC70623B3DEE336E79000000790000001B00000000000000000000000000000000006175746F6465736B2D64657369676E2D7061636B6167652E786D6C504B01021400140006080800CC70623BD486FD9CA0000000F40000001300000000000000000000000000B20000005B
310
436F6E74656E745F54797065735D2E786D6C504B01021400140006080800CC70623B1EC5D7A3EB0000007C010000080000000000000000000000000083010000636F72652E786D6C504B01021400140006080800CC70623B55019EA25F0000007C000000070000000000000000000000000094020000636E782E786D6C504B
310
01021400140006080800CC70623B8C9102E971010000D40300000C00000000000000000000000000180300006662782F636F72652E786D6C504B01021400140006080800CC70623BFFEA85907E0000009D0000000B00000000000000000000000000B30400006662782F636E782E786D6C504B01021400140006080800CC70
310
623B4FEEA4082C0100001202000031000000000000000000000000005A0500006662782F39464131463745442D413632322D343644302D413938332D3331353338454246344243312F636F72652E786D6C504B01021400140006080800CC70623BAD7543B64E010000330300003000000000000000000000000000D5060000
310
6662782F39464131463745442D413632322D343644302D413938332D3331353338454246344243312F636E782E786D6C504B01021400140006080800CC70623B16AB87BA640500003C1000003400000000000000000000000000710800006662782F39464131463745442D413632322D343644302D413938332D3331353338
310
454246344243312F6F626A656374732E786D6C504B01021400140006080000CC70623B0000000000000000000000003500000000000000000000000000270E00006662782F39464131463745442D413632322D343644302D413938332D3331353338454246344243312F76657274696365732E62696E504B01021400140006
310
080800CC70623BF270F133060000000400000036000000000000000000000000007A0E00006662782F39464131463745442D413632322D343644302D413938332D3331353338454246344243312F747269616E676C65732E62696E504B01021400140006080000CC70623B0000000000000000000000003700000000000000
310
000000000000D40E00006662782F39464131463745442D413632322D343644302D413938332D3331353338454246344243312F617474726962757465732E62696E504B01021400140006080800CC70623B08DA0BD190000000410100003600000000000000000000000000290F00006662782F39464131463745442D413632
310
322D343644302D413938332D3331353338454246344243312F6469726563746F72792E786D6C504B01021400140006080800CC70623B0D6EF93BFE000000A00100003B000000000000000000000000000D1000006662782F39464131463745442D413632322D343644302D413938332D3331353338454246344243312F7265
310
736F75726365732F636F72652E786D6C504B0506000000000E000E0080040000641100000000
  0
XRECORD
  5
D4D
102
{ACAD_REACTORS
330
173
102
}
330
173
100
AcDbXrecord
280
     1
102
MATERIAL
148
0.0
149
0.0
149
0.0
 93
        0
 94
       63
282
     0
 72
     1
 77
     1
171
     1
175
     1
179
     1
273
     0
  0
XRECORD
  5
1FB
102
{ACAD_REACTORS
330
173
102
}
330
173
100
AcDbXrecord
280
     1
 70
     0
 90
1673772943
  1
ECE7A1D2-D628-4531-984C-D00F80459256
310
504B03040A0000080000CC70623B3DEE336E79000000790000001B0000006175746F6465736B2D64657369676E2D7061636B6167652E786D6C3C3F786D6C2076657273696F6E3D22312E302220656E636F64696E673D227574662D3822203F3E3C666F726D6174733E3C666F726D61743E687474703A2F2F736368656D612E
310
6175746F6465736B2E636F6D2F64657369676E2D7061636B6167652F323030393C2F666F726D61743E3C2F666F726D6174733E504B0304140006080800CC70623BD486FD9CA0000000F4000000130000005B436F6E74656E745F54797065735D2E786D6C7D8EC10E82300C865F65E91D8A1E8C310C0EEA1BF002731658846E
310
D98AC1B77784ABF1D8FE5FBFBF75BBCE937A534CCEB38643598122B6FEE978D0B0485F9C41B54DDD7D022595594E1A469170414C76A4D9A4D207E29CF43ECE46F218070CC6BECC4078ACAA135ACF422C856C0E68EA1BF5669944DDD7BCDE7B1F8E415D77AECB980613C2E4AC91FC167A2B244592486606FC29C8FD7F045B9A
310
EF7053A7E60B504B0304140006080800CC70623BD9DDAED0EC0000007C01000008000000636F72652E786D6C8D90416EC3201045AF82665B61836D9CD8C2444DD39CA01740405C94182C03558F5F9C3852BBEB6A467FFE9B197D7EF89E6EE8CB2CC17A37002D0820E394D7D68D03A478C17B4007C117EFE32F1B20272733C0
310
2A83E0E3E2D3BC49CABB685CCCAAF3DA6CA20CC14440EA969B0182FA34932C648AD911AEC52CD5558EA6A0CF2EC329598D1E47ACCEFBECC59A050463A7EA5833865FEBDD0E37353BE3EE8DBDE3F6786A48D375FBF6CC78B9C282473B3DEFABC5C86834888A900E538A49F5419B9EB47DD5BC907D4F082F57FB1F28CDFA9F50
310
B22ED6D5F6EE030B20687EE43E10BC5CB3C8E51E54AE6B6EE207504B0304140006080800CC70623B55019EA25F0000007C00000007000000636E782E786D6C4DCB3B0E80201045D1AD90E915ED2CF8AC45050C11660C8261F98AB1B07AC9C97D42D718D865D3E909258CFD00CCE24AC6E326A164D74DC0B4128928FF326038
310
472BA13128B1252AC747C6BAB984FC68F0B87FE8960A5C09FE86CFB69FBA01504B0304140006080800CC70623BA24EB22D72010000D40300000C0000006662782F636F72652E786D6CC5535B6E833010BC8AE5DF0A6C5E49888CA3A6694ED00B38E05014B091B1518EDFE511A5A9D228FD2A1F60CDEC7A67C6986DCE4D8D7A
310
69BA4AAB0C073EC548AA5C17952A33ECECD15B61B4E1CC686DBF9561A44423333CC098B3D268D7CE50AE9595CA02AA74216750749DB418E5352C32DCE59FB211BE70162ABA93DF8AFC244AE9073ED050C759670D0840D390E18DF9F1706664C23973AE2A66B62A605A75ACA4C13C4976E1364A12EF355A2EBD384AF65EFA96
310
BC7B8BED2EA6719AAE16FB8491A199335B351775B991C2CA02F390D2D40B028F861F41BCA68B7518BFD0D59A524686F29B26D7164F36B94AD9289CE54E6D1DE6010819891F6E21228B3AD1831EC219194284CF98F06DD01008846CC5A1BEF83801D4CBDC6A1303536877A57A513B0953A94FC707FDBE6064EA84A9E3E6E0FA
310
EE8CF0E9198F7784A316AA0413C2C2F2E0ECA0934D1AE6D05A69BCDE9E91D2A611F573361E38FC1375157F5752AE6B6DFE4B11990F88CCBF0719EE23FF02504B0304140006080800CC70623B408A7D3B7C0000009D0000000B0000006662782F636E782E786D6C4DCCD10A83201886E15B91FFDC552A92A0064DBC8F581632
310
D3703A76F9ABD1C18E3E78F878E5F0D9027ABBFCF2292AE86E2D20171F69F6715550CB827B40839639A5F2770314A7CD293819B45C73AAFB45B35BA61ACAA1C1C7E7855C58C15BC331339661262CC762340413D68D77DA5B42298546CBE6573AF60CEB2F504B0304140006080800CC70623B449FB9BD290100001202000031
310
0000006662782F36394639363044362D344446342D343946362D394244322D3234314243333846323333332F636F72652E786D6C8D515B6EC32010BC0AE22B55850D98B871848994463E412FE002495162B07854397EA176A4F62F3F2C9A9D991D587EB84F37F0AD7D30CEF6905418026DA553C65E7A98E219ED203808EE9D
310
8B7F6810D871D23D2C3014FCE25D9A57483A1BB58D19B54EE9151C43D0110279CB971E06F9A5A7B11A53CC8C70ADE6515EC78BAE4895DB992778883E0700CB907242D17643D7E2538BD869608875438BBAE38922CAC8F1BDD90DB4691A5E2F42C153326A951B95E398B3D1FE599322163C9AE9115F7A3D46ADA0A018778810
310
84E907617BDCEE297BC5BB3DC6BC2EF47FA234AB2745C9D8D8D035EE220B50105E2F0DC1954B9FB747187D9F9D8FA0CCDB042D5FA0C015C65B42DF78BD10F3F3B363CB56C7109DCFDFBBB97E662ED92EB62D13BC2E1BCAE5777DB9966D8A1F504B0304140006080800CC70623BAD7543B64E01000033030000300000006662
310
782F36394639363044362D344446342D343946362D394244322D3234314243333846323333332F636E782E786D6CD593CD6EC32010845F0571AD6CE3D48AD20813A9873E410FBD12D82434182C7EAAE6EDBB2424CD25871E7B41D6EC30B3FA84F9E67BB2E40B4234DE8DB46F1925E094D7C6ED479AD3AE5951B2113C789FEE
310
6C943839C1488B4C05DF079FE72A69D8C96C13AAD6B8631503449F83828872B949AC57D26200B826A308D316B4064D6E46FCDA41C05550DC9E483A00797BFD207EFB092A45DE9514C1BBD22178396BD39D891265658C238DEA00936C654E5E433CB65A26D9F6EDB5EBC14EBF49A45CB856E66048291F6939A9A81BB5C89177
310
38143CA680F4AA299D66A042CEB3354A2684DC9D8D178FE0D9B8B41CAAD720F880EE7EF93C0C18769E099ECC04D5A102C8049A8A05632F4DDF376CF1DE0F6BB65C2F8627B65A33C6BB62177CEBBDAD973006829F89F22E814B54F4BC2BE347F8AA8F681390B50FA73F804400B5F542E796F19FF974E7F78DB802FE05E20750
310
4B0304140006080800CC70623B8D05915C650500003B100000340000006662782F36394639363044362D344446342D343946362D394244322D3234314243333846323333332F6F626A656374732E786D6CAD575B6FA33814FE2B887D06429276DA1565D4266D158D3A339A6846FB502932E050B66023DB74D2FDF5FB190C01
310
9276B2973C046C8ECFF53B17071F77456EBD502133CEAE6CDF9DD81665314F32965ED995DA3A17B6F5310C04E7AA47665B8C14F4CAD6DB7618A48257A5D94AE89654B91AEDDEDDFC61C998326A5B714EA4BCB265FC440BE2924AF184CA6737218AB8E976E7FA6E4338649B0A523E8D98964450A6A029F619B8588D52FE7039
310
B1BD30F0F4F730D0FF866AF6369557DB33949F31A9088B0F848DD8CCFCF9F2767A76E99CCDE733677E3EF59D9BBB9BA5E37F984D16E78BC5E5F5ED25044B25C0C96822E8D60EEFE11B91C581D77CEA34368A1F5329E68CD1B8B61F16D63A1B8E092D294B10C78C4A48EB593D192E7DED9BDEE7995E1B91FDEDD3ACEA9FE831
310
6A756F9F7D4D79F4274C90A7A04248AA51D5F8C718DAE06FB2F75AC4796EBE65D22A88A22223B995679120E2D50E41AA49C260C046A35368846B0BECD0DFF3EBEB8AD4F835768F69B9ADF25C43D30E6B646F807FAA64AD59F61715C7A54127C4AACA98BA3006A9D792DAE165E0D59B61A01FB3A9F9D838D2DAE62445C86166
310
F37564E842E7DE6A69879FEEA2DD5AE7E371E1A5E025154AC307D06A03D73EB5978C58FFA4C8E9033066E0F3BD53BEC1F39F91BE7B55103791EDE6BBB991A2046172CB4581D8B893FA674DDA17A77B3B7C413D1B511FD2743BFF8A38F03A658705E3ADF8015C3A3417FF3D7E439FF591DA0B5F18BC20C1B8981957AE6392A3
310
F43C640C01D1A0B4728E2DD4F26DB4B3C3152A252A3B4E913CEC1C72F012782FF88EFF8637AA552DBEF76408E8A8DE9E50F9E1CB3A2DA0DB1B6039A893B56063DC5B3E3FFB5F72E67AB9FEB4AEC496C4F4C1149625DD662C53E89D7BF0F6151A046260D1337DFDC94502430F83B0EE07A130A224BCAD7DAE1D9FB6CD422FF6
310
920702629C4BB9AE79C12F243C6432A6794E18E5552BA56B431AAB5D91317302B2B071E86C3A42B1A02F999E24061403B5D0EB639195DA655DD3EBEAB4FB862DDF579F014AD0E73C22F99E28DA57FB98E75C6CA2D74D53086D600F4786E0FE3144B771A8A7B900F03594DB8A633CBC49B2EDB69228BB479CF863B5E807AAAB
310
23872F6DFEB4129B949CA33823F58830E86D65621E10047D9DB34D862E8EAC3C2ABC2F7B2C40D67CDFE01F5545B92105AF983AC54D93D69E56FB8E797F88913F898A9FEC705D3F9D1B54EC8426FB500D40A03BD0119B06E1B95DDC7EB8F6975367793EBD70E66733DFB9BC982F9CE564727731999F5D4ECFCE3B8D6A4DC2A0
310
6D50FD148437D110834A64C6CDDF57FBACB5C307A2A477DFE4939736CFEF2B175371E0E10CF0DD1D5C15654E0BCA14D1E87DD02FF93782A162C0A3D95F1524A52770F972BF1EE9809D13CE7DD599467F8ECE9ADD85CE85A34CD45355448C64F9E8A031DC2D596ACC6E5DD93D9B82DE2EF5CAF81363A8E47996A0DE24564A79
310
4115AACE09C55E14540231FDA13C319787134EBF34E3A022514E5B4D9E0826E25C02D5805B15ABE1BEF51B26383D445DD9E875EE33FE4C22DA16427D65A3BCA92CA6D28DD01DF5DC53330704308475351050232CCD31583787BA75774AFB06E5070DD0C8EF484E19968C5D83BA5B90B244D31E54D55A372320FE4786B7EA58
310
44E135AA5467CB7EA333A61683CC6A8C3257034C10CF46F40EF9F5BE59BE5BD30C3C72D235E95D10345C1D45445A5F0BB47E46A5EBE5570F9380B5FA629579952296A773720405982B9DE04011506178964401AA8BDF1FBF0A8EAB6861DD6580C0E38217056766716DAEB2D6FA0917D3E4116581EADB879C4E7CFFB11EFACD
310
3D641311495D92C8676CB409A72D18610D803CE8A626049E8EC1887CB5B44CC39883690DDA8399B4B9855B481E7D71D4A9D22F96E5BB73BF5793020C02137BF837504B0304140006080000CC70623B000000000000000000000000350000006662782F36394639363044362D344446342D343946362D394244322D32343142
310
43333846323333332F76657274696365732E62696E504B0304140006080800CC70623BF270F1330600000004000000360000006662782F36394639363044362D344446342D343946362D394244322D3234314243333846323333332F747269616E676C65732E62696E636660600000504B0304140006080000CC70623B0000
310
00000000000000000000370000006662782F36394639363044362D344446342D343946362D394244322D3234314243333846323333332F617474726962757465732E62696E504B0304140006080800CC70623B08DA0BD19000000041010000360000006662782F36394639363044362D344446342D343946362D394244322D
310
3234314243333846323333332F6469726563746F72792E786D6C858F410AC3201045AF22B36F53E9A60B35CBEEBAE80D244E44489C6234F4F835464A48035D0DF398FF9F8AF63D0E6CC63039F212F8F9020C7D47C6792B21C5FE7403D62A1188E2E60C98D7234A5830286103A55745067B9D86B8A3CF9C7F90C11DE607FB14
310
4396D7B6A82D282E9A152AD114D5EF2CB866EEE831B8EEA07A7BB5A8D7D61A2BAAEB7FD5F70921FF497D00504B0304140006080800CC70623BCA768048FE000000A00100003B0000006662782F36394639363044362D344446342D343946362D394244322D3234314243333846323333332F7265736F75726365732F636F72
310
652E786D6C8D50596E833010BD0A9ADFCA60D600328E9AA639412F609909B1126CE4A5EAF16B0295DABFFECC8CDEA2797AECF8353F924FB44E193D409E5248504B332A3D0D10FC95B4901C39B3C6F85F3248B49871801506CE266BC2B243D2688FDA47549B11775038871E12F988C7004EDE7016A9083E2ADC3D5D84BC8B09
310
D33C8D74D471E6BC8D0192EDC93A815B742658898E651BCB59086ADC356A8C3FD555A1055ED7E7E254D615792D0F075295F585746FF53B694EE78A565DD736979A65AB9933AFE69F8CD2A2F038022F28ED489E135A7CE4554F9BBEA85E68DB53CAB255FEC71496F19FA6A0B42F8B3DEE6673C0F318E4497096AD7DC5F52C33
310
EEB55BFE0D504B010214000A0000080000CC70623B3DEE336E79000000790000001B00000000000000000000000000000000006175746F6465736B2D64657369676E2D7061636B6167652E786D6C504B01021400140006080800CC70623BD486FD9CA0000000F40000001300000000000000000000000000B20000005B436F
310
6E74656E745F54797065735D2E786D6C504B01021400140006080800CC70623BD9DDAED0EC0000007C010000080000000000000000000000000083010000636F72652E786D6C504B01021400140006080800CC70623B55019EA25F0000007C000000070000000000000000000000000095020000636E782E786D6C504B0102
310
1400140006080800CC70623BA24EB22D72010000D40300000C00000000000000000000000000190300006662782F636F72652E786D6C504B01021400140006080800CC70623B408A7D3B7C0000009D0000000B00000000000000000000000000B50400006662782F636E782E786D6C504B01021400140006080800CC70623B
310
449FB9BD290100001202000031000000000000000000000000005A0500006662782F36394639363044362D344446342D343946362D394244322D3234314243333846323333332F636F72652E786D6C504B01021400140006080800CC70623BAD7543B64E010000330300003000000000000000000000000000D20600006662
310
782F36394639363044362D344446342D343946362D394244322D3234314243333846323333332F636E782E786D6C504B01021400140006080800CC70623B8D05915C650500003B10000034000000000000000000000000006E0800006662782F36394639363044362D344446342D343946362D394244322D32343142433338
310
46323333332F6F626A656374732E786D6C504B01021400140006080000CC70623B0000000000000000000000003500000000000000000000000000250E00006662782F36394639363044362D344446342D343946362D394244322D3234314243333846323333332F76657274696365732E62696E504B010214001400060808
310
00CC70623BF270F13306000000040000003600000000000000000000000000780E00006662782F36394639363044362D344446342D343946362D394244322D3234314243333846323333332F747269616E676C65732E62696E504B01021400140006080000CC70623B00000000000000000000000037000000000000000000
310
00000000D20E00006662782F36394639363044362D344446342D343946362D394244322D3234314243333846323333332F617474726962757465732E62696E504B01021400140006080800CC70623B08DA0BD190000000410100003600000000000000000000000000270F00006662782F36394639363044362D344446342D
310
343946362D394244322D3234314243333846323333332F6469726563746F72792E786D6C504B01021400140006080800CC70623BCA768048FE000000A00100003B000000000000000000000000000B1000006662782F36394639363044362D344446342D343946362D394244322D3234314243333846323333332F7265736F
310
75726365732F636F72652E786D6C504B0506000000000E000E0080040000621100000000
  0
XRECORD
  5
D4F
102
{ACAD_REACTORS
330
D4E
102
}
330
D4E
100
AcDbXrecord
280
     1
102
ACAD_ROUNDTRIP_2010_MLEADER_STYLE
  0
XRECORD
  5
D51
102
{ACAD_REACTORS
330
D50
102
}
330
D50
100
AcDbXrecord
280
     1
102
ACAD_ROUNDTRIP_2010_MLEADER_STYLE
  0
XRECORD
  5
D53
102
{ACAD_REACTORS
330
D52
102
}
330
D52
100
AcDbXrecord
280
     1
102
DISPLAYNAME
  1
Imperial24
102
FLAGS
 90
        0
  0
XRECORD
  5
D55
102
{ACAD_REACTORS
330
D54
102
}
330
D54
100
AcDbXrecord
280
     1
102
DISPLAYNAME
  1
Metric50
102
FLAGS
 90
        0
  0
CELLSTYLEMAP
  5
D58
102
{ACAD_REACTORS
330
D56
102
}
330
D56
100
AcDbCellStyleMap
 90
        3
300
CELLSTYLE
  1
TABLEFORMAT_BEGIN
 90
        5
170
     1
 91
        0
 92
    32768
 62
   257
 93
        1
300
CONTENTFORMAT
  1
CONTENTFORMAT_BEGIN
 90
        0
 91
        0
 92
      512
 93
        0
300

 40
0.0
140
1.0
 94
        5
 62
     0
340
11
144
6.0
309
CONTENTFORMAT_END
171
     1
301
MARGIN
  1
CELLMARGIN_BEGIN
 40
1.5
 40
1.5
 40
1.5
 40
1.5
 40
4.5
 40
4.5
309
CELLMARGIN_END
 94
        6
 95
        1
302
GRIDFORMAT
  1
GRIDFORMAT_BEGIN
 90
        0
 91
        1
 62
     0
 92
       -2
340
14
 93
        0
 40
1.125
309
GRIDFORMAT_END
 95
        2
302
GRIDFORMAT
  1
GRIDFORMAT_BEGIN
 90
        0
 91
        1
 62
     0
 92
       -2
340
14
 93
        0
 40
1.125
309
GRIDFORMAT_END
 95
        4
302
GRIDFORMAT
  1
GRIDFORMAT_BEGIN
 90
        0
 91
        1
 62
     0
 92
       -2
340
14
 93
        0
 40
1.125
309
GRIDFORMAT_END
 95
        8
302
GRIDFORMAT
  1
GRIDFORMAT_BEGIN
 90
        0
 91
        1
 62
     0
 92
       -2
340
14
 93
        0
 40
1.125
309
GRIDFORMAT_END
 95
       16
302
GRIDFORMAT
  1
GRIDFORMAT_BEGIN
 90
        0
 91
        1
 62
     0
 92
       -2
340
14
 93
        0
 40
1.125
309
GRIDFORMAT_END
 95
       32
302
GRIDFORMAT
  1
GRIDFORMAT_BEGIN
 90
        0
 91
        1
 62
     0
 92
       -2
340
14
 93
        0
 40
1.125
309
GRIDFORMAT_END
309
TABLEFORMAT_END
  1
CELLSTYLE_BEGIN
 90
        1
 91
        1
300
_TITLE
309
CELLSTYLE_END
300
CELLSTYLE
  1
TABLEFORMAT_BEGIN
 90
        5
170
     1
 91
        0
 92
        0
 62
   257
 93
        1
300
CONTENTFORMAT
  1
CONTENTFORMAT_BEGIN
 90
        0
 91
        0
 92
      512
 93
        0
300

 40
0.0
140
1.0
 94
        5
 62
     0
340
11
144
4.5
309
CONTENTFORMAT_END
171
     1
301
MARGIN
  1
CELLMARGIN_BEGIN
 40
1.5
 40
1.5
 40
1.5
 40
1.5
 40
4.5
 40
4.5
309
CELLMARGIN_END
 94
        6
 95
        1
302
GRIDFORMAT
  1
GRIDFORMAT_BEGIN
 90
        0
 91
        1
 62
     0
 92
       -2
340
14
 93
        0
 40
1.125
309
GRIDFORMAT_END
 95
        2
302
GRIDFORMAT
  1
GRIDFORMAT_BEGIN
 90
        0
 91
        1
 62
     0
 92
       -2
340
14
 93
        0
 40
1.125
309
GRIDFORMAT_END
 95
        4
302
GRIDFORMAT
  1
GRIDFORMAT_BEGIN
 90
        0
 91
        1
 62
     0
 92
       -2
340
14
 93
        0
 40
1.125
309
GRIDFORMAT_END
 95
        8
302
GRIDFORMAT
  1
GRIDFORMAT_BEGIN
 90
        0
 91
        1
 62
     0
 92
       -2
340
14
 93
        0
 40
1.125
309
GRIDFORMAT_END
 95
       16
302
GRIDFORMAT
  1
GRIDFORMAT_BEGIN
 90
        0
 91
        1
 62
     0
 92
       -2
340
14
 93
        0
 40
1.125
309
GRIDFORMAT_END
 95
       32
302
GRIDFORMAT
  1
GRIDFORMAT_BEGIN
 90
        0
 91
        1
 62
     0
 92
       -2
340
14
 93
        0
 40
1.125
309
GRIDFORMAT_END
309
TABLEFORMAT_END
  1
CELLSTYLE_BEGIN
 90
        2
 91
        1
300
_HEADER
309
CELLSTYLE_END
300
CELLSTYLE
  1
TABLEFORMAT_BEGIN
 90
        5
170
     1
 91
        0
 92
        0
 62
   257
 93
        1
300
CONTENTFORMAT
  1
CONTENTFORMAT_BEGIN
 90
        0
 91
        0
 92
      512
 93
        0
300

 40
0.0
140
1.0
 94
        2
 62
     0
340
11
144
4.5
309
CONTENTFORMAT_END
171
     1
301
MARGIN
  1
CELLMARGIN_BEGIN
 40
1.5
 40
1.5
 40
1.5
 40
1.5
 40
4.5
 40
4.5
309
CELLMARGIN_END
 94
        6
 95
        1
302
GRIDFORMAT
  1
GRIDFORMAT_BEGIN
 90
        0
 91
        1
 62
     0
 92
       -2
340
14
 93
        0
 40
1.125
309
GRIDFORMAT_END
 95
        2
302
GRIDFORMAT
  1
GRIDFORMAT_BEGIN
 90
        0
 91
        1
 62
     0
 92
       -2
340
14
 93
        0
 40
1.125
309
GRIDFORMAT_END
 95
        4
302
GRIDFORMAT
  1
GRIDFORMAT_BEGIN
 90
        0
 91
        1
 62
     0
 92
       -2
340
14
 93
        0
 40
1.125
309
GRIDFORMAT_END
 95
        8
302
GRIDFORMAT
  1
GRIDFORMAT_BEGIN
 90
        0
 91
        1
 62
     0
 92
       -2
340
14
 93
        0
 40
1.125
309
GRIDFORMAT_END
 95
       16
302
GRIDFORMAT
  1
GRIDFORMAT_BEGIN
 90
        0
 91
        1
 62
     0
 92
       -2
340
14
 93
        0
 40
1.125
309
GRIDFORMAT_END
 95
       32
302
GRIDFORMAT
  1
GRIDFORMAT_BEGIN
 90
        0
 91
        1
 62
     0
 92
       -2
340
14
 93
        0
 40
1.125
309
GRIDFORMAT_END
309
TABLEFORMAT_END
  1
CELLSTYLE_BEGIN
 90
        3
 91
        2
300
_DATA
309
CELLSTYLE_END
  0
XRECORD
  5
D57
102
{ACAD_REACTORS
330
D56
102
}
330
D56
100
AcDbXrecord
280
     1
102
ACAD_ROUNDTRIP_PRE2007_TABLESTYLE
 90
      512
 91
        0
  1

 92
      512
 93
        0
  2

 94
      512
 95
        0
  3

  0
XRECORD
  5
D5A
102
{ACAD_REACTORS
330
D59
102
}
330
D59
100
AcDbXrecord
280
     1
102
RTVSPropertyOp0
 70
     1
102
RTVSPropertyOp1
 70
     1
102
RTVSPropertyOp2
 70
     1
102
RTVSPropertyOp3
 70
     1
102
RTVSPropertyOp4
 70
     1
102
RTVSPropertyOp5
 70
     1
102
RTVSPropertyOp6
 70
     1
102
RTVSPropertyOp7
 70
     1
102
RTVSPropertyOp8
 70
     1
102
RTVSPropertyOp9
 70
     1
102
RTVSPropertyOp10
 70
     1
102
RTVSPropertyOp11
 70
     1
102
RTVSPropertyOp12
 70
     1
102
RTVSPropertyOp13
 70
     1
102
RTVSPropertyOp14
 70
     1
102
RTVSPropertyOp15
 70
     1
102
RTVSPropertyOp16
 70
     1
102
RTVSPropertyOp17
 70
     1
102
RTVSPropertyOp18
 70
     1
102
RTVSPropertyOp19
 70
     1
102
RTVSPropertyOp20
 70
     1
102
RTVSPropertyOp21
 70
     1
102
RTVSPropertyOp22
 70
     1
102
RTVSPropertyOp23
 70
     1
102
RTVSPropertyOp24
 70
     1
102
RTVSPropertyOp25
 70
     1
102
RTVSPropertyOp26
 70
     1
102
RTVSPropertyOp27
 70
     1
102
RTVSPropertyOp28
 70
     1
102
RTVSPropertyOp29
 70
     1
102
RTVSPropertyOp30
 70
     1
102
RTVSPropertyOp31
 70
     1
102
RTVSPropertyOp32
 70
     1
102
RTVSPropertyOp33
 70
     1
102
RTVSPropertyOp34
 70
     1
102
RTVSPropertyOp35
 70
     1
102
RTVSPropertyOp36
 70
     1
102
RTVSPropertyOp37
 70
     1
102
RTVSPropertyOp38
 70
     1
102
RTVSPropertyOp39
 70
     1
102
RTVSPropertyOp40
 70
     1
102
RTVSPropertyOp41
 70
     1
102
RTVSPropertyOp42
 70
     1
102
RTVSPropertyOp43
 70
     1
102
RTVSPropertyOp44
 70
     1
102
RTVSPropertyOp45
 70
     1
102
RTVSPropertyOp46
 70
     1
102
RTVSPropertyOp47
 70
     1
102
RTVSPropertyOp48
 70
     1
102
RTVSPropertyOp49
 70
     1
102
RTVSPropertyOp50
 70
     1
102
RTVSPropertyOp51
 70
     0
102
RTVSPropertyOp52
 70
     0
102
RTVSPropertyOp53
 70
     1
102
RTVSPropertyOp54
 70
     1
102
RTVSPropertyOp55
 70
     1
102
RTVSPropertyOp56
 70
     1
102
RTVSPropertyOp57
 70
     1
102
RTVSPost2010Prop28
280
     1
102
RTVSPost2010PropOp28
 70
     1
102
RTVSPost2010Prop29
280
     1
102
RTVSPost2010PropOp29
 70
     1
102
RTVSPost2010Prop30
280
     0
102
RTVSPost2010PropOp30
 70
     1
102
RTVSPost2010Prop31
280
     0
102
RTVSPost2010PropOp31
 70
     1
102
RTVSPost2010Prop32
280
     0
102
RTVSPost2010PropOp32
 70
     1
102
RTVSPost2010Prop33
280
     0
102
RTVSPost2010PropOp33
 70
     1
102
RTVSPost2010Prop34
280
     0
102
RTVSPost2010PropOp34
 70
     1
102
RTVSPost2010Prop35
280
     0
102
RTVSPost2010PropOp35
 70
     1
102
RTVSPost2010Prop36
280
     0
102
RTVSPost2010PropOp36
 70
     1
102
RTVSPost2010Prop37
 90
       50
102
RTVSPost2010PropOp37
 70
     1
102
RTVSPost2010Prop38
140
0.0
102
RTVSPost2010PropOp38
 70
     1
102
RTVSPost2010Prop39
140
1.0
102
RTVSPost2010PropOp39
 70
     1
102
RTVSPost2010Prop40
 90
        0
102
RTVSPost2010PropOp40
 70
     1
102
RTVSPost2010Prop41ColorIndex
 90
       18
102
RTVSPost2010Prop41ColorRGB
 90
        0
102
RTVSPost2010PropOp41
 70
     1
102
RTVSPost2010Prop42
 90
       50
102
RTVSPost2010PropOp42
 70
     1
102
RTVSPost2010Prop43
 90
        3
102
RTVSPost2010PropOp43
 70
     1
102
RTVSPost2010Prop44ColorIndex
 90
        5
102
RTVSPost2010Prop44ColorRGB
 90
      255
102
RTVSPost2010PropOp44
 70
     1
102
RTVSPost2010Prop45
280
     0
102
RTVSPost2010PropOp45
 70
     1
102
RTVSPost2010Prop46
 90
       50
102
RTVSPost2010PropOp46
 70
     1
102
RTVSPost2010Prop47
 90
       50
102
RTVSPost2010PropOp47
 70
     1
102
RTVSPost2010Prop48
 90
       50
102
RTVSPost2010PropOp48
 70
     1
102
RTVSPost2010Prop49
280
     0
102
RTVSPost2010PropOp49
 70
     1
102
RTVSPost2010Prop50
 90
       50
102
RTVSPost2010PropOp50
 70
     1
102
RTVSPost2010Prop51ColorIndex
 90
      256
102
RTVSPost2010Prop51ColorRGB
 90
-16777216
102
RTVSPost2010PropOp51
 70
     0
102
RTVSPost2010Prop52
140
1.0
102
RTVSPost2010PropOp52
 70
     0
102
RTVSPost2010Prop53
 90
        2
102
RTVSPost2010PropOp53
 70
     1
102
RTVSPost2010Prop54
  1
strokes_ogs.tif
102
RTVSPost2010PropOp54
 70
     1
102
RTVSPost2010Prop55
280
     0
102
RTVSPost2010PropOp55
 70
     1
102
RTVSPost2010Prop56
140
1.0
102
RTVSPost2010PropOp56
 70
     1
102
RTVSPost2010Prop57
140
1.0
102
RTVSPost2010PropOp57
 70
     1
  0
XRECORD
  5
D5C
102
{ACAD_REACTORS
330
D5B
102
}
330
D5B
100
AcDbXrecord
280
     1
102
RTVSPropertyOp0
 70
     1
102
RTVSPropertyOp1
 70
     1
102
RTVSPropertyOp2
 70
     1
102
RTVSPropertyOp3
 70
     1
102
RTVSPropertyOp4
 70
     1
102
RTVSPropertyOp5
 70
     1
102
RTVSPropertyOp6
 70
     1
102
RTVSPropertyOp7
 70
     1
102
RTVSPropertyOp8
 70
     1
102
RTVSPropertyOp9
 70
     1
102
RTVSPropertyOp10
 70
     1
102
RTVSPropertyOp11
 70
     1
102
RTVSPropertyOp12
 70
     1
102
RTVSPropertyOp13
 70
     1
102
RTVSPropertyOp14
 70
     1
102
RTVSPropertyOp15
 70
     1
102
RTVSPropertyOp16
 70
     1
102
RTVSPropertyOp17
 70
     1
102
RTVSPropertyOp18
 70
     1
102
RTVSPropertyOp19
 70
     1
102
RTVSPropertyOp20
 70
     1
102
RTVSPropertyOp21
 70
     1
102
RTVSPropertyOp22
 70
     1
102
RTVSPropertyOp23
 70
     1
102
RTVSPropertyOp24
 70
     1
102
RTVSPropertyOp25
 70
     1
102
RTVSPropertyOp26
 70
     1
102
RTVSPropertyOp27
 70
     1
102
RTVSPropertyOp28
 70
     1
102
RTVSPropertyOp29
 70
     1
102
RTVSPropertyOp30
 70
     1
102
RTVSPropertyOp31
 70
     1
102
RTVSPropertyOp32
 70
     1
102
RTVSPropertyOp33
 70
     1
102
RTVSPropertyOp34
 70
     1
102
RTVSPropertyOp35
 70
     1
102
RTVSPropertyOp36
 70
     1
102
RTVSPropertyOp37
 70
     1
102
RTVSPropertyOp38
 70
     1
102
RTVSPropertyOp39
 70
     1
102
RTVSPropertyOp40
 70
     1
102
RTVSPropertyOp41
 70
     1
102
RTVSPropertyOp42
 70
     1
102
RTVSPropertyOp43
 70
     1
102
RTVSPropertyOp44
 70
     1
102
RTVSPropertyOp45
 70
     1
102
RTVSPropertyOp46
 70
     1
102
RTVSPropertyOp47
 70
     1
102
RTVSPropertyOp48
 70
     1
102
RTVSPropertyOp49
 70
     1
102
RTVSPropertyOp50
 70
     1
102
RTVSPropertyOp51
 70
     0
102
RTVSPropertyOp52
 70
     0
102
RTVSPropertyOp53
 70
     1
102
RTVSPropertyOp54
 70
     1
102
RTVSPropertyOp55
 70
     1
102
RTVSPropertyOp56
 70
     1
102
RTVSPropertyOp57
 70
     1
102
RTVSPost2010Prop28
280
     0
102
RTVSPost2010PropOp28
 70
     1
102
RTVSPost2010Prop29
280
     1
102
RTVSPost2010PropOp29
 70
     1
102
RTVSPost2010Prop30
280
     1
102
RTVSPost2010PropOp30
 70
     1
102
RTVSPost2010Prop31
280
     0
102
RTVSPost2010PropOp31
 70
     1
102
RTVSPost2010Prop32
280
     0
102
RTVSPost2010PropOp32
 70
     1
102
RTVSPost2010Prop33
280
     0
102
RTVSPost2010PropOp33
 70
     1
102
RTVSPost2010Prop34
280
     0
102
RTVSPost2010PropOp34
 70
     1
102
RTVSPost2010Prop35
280
     0
102
RTVSPost2010PropOp35
 70
     1
102
RTVSPost2010Prop36
280
     0
102
RTVSPost2010PropOp36
 70
     1
102
RTVSPost2010Prop37
 90
       50
102
RTVSPost2010PropOp37
 70
     1
102
RTVSPost2010Prop38
140
0.0
102
RTVSPost2010PropOp38
 70
     1
102
RTVSPost2010Prop39
140
1.0
102
RTVSPost2010PropOp39
 70
     1
102
RTVSPost2010Prop40
 90
        0
102
RTVSPost2010PropOp40
 70
     1
102
RTVSPost2010Prop41ColorIndex
 90
       18
102
RTVSPost2010Prop41ColorRGB
 90
        0
102
RTVSPost2010PropOp41
 70
     1
102
RTVSPost2010Prop42
 90
       50
102
RTVSPost2010PropOp42
 70
     1
102
RTVSPost2010Prop43
 90
        3
102
RTVSPost2010PropOp43
 70
     1
102
RTVSPost2010Prop44ColorIndex
 90
        5
102
RTVSPost2010Prop44ColorRGB
 90
      255
102
RTVSPost2010PropOp44
 70
     1
102
RTVSPost2010Prop45
280
     0
102
RTVSPost2010PropOp45
 70
     1
102
RTVSPost2010Prop46
 90
       50
102
RTVSPost2010PropOp46
 70
     1
102
RTVSPost2010Prop47
 90
       50
102
RTVSPost2010PropOp47
 70
     1
102
RTVSPost2010Prop48
 90
       50
102
RTVSPost2010PropOp48
 70
     1
102
RTVSPost2010Prop49
280
     0
102
RTVSPost2010PropOp49
 70
     1
102
RTVSPost2010Prop50
 90
       50
102
RTVSPost2010PropOp50
 70
     1
102
RTVSPost2010Prop51ColorIndex
 90
      256
102
RTVSPost2010Prop51ColorRGB
 90
-16777216
102
RTVSPost2010PropOp51
 70
     0
102
RTVSPost2010Prop52
140
1.0
102
RTVSPost2010PropOp52
 70
     0
102
RTVSPost2010Prop53
 90
        2
102
RTVSPost2010PropOp53
 70
     1
102
RTVSPost2010Prop54
  1
strokes_ogs.tif
102
RTVSPost2010PropOp54
 70
     1
102
RTVSPost2010Prop55
280
     0
102
RTVSPost2010PropOp55
 70
     1
102
RTVSPost2010Prop56
140
1.0
102
RTVSPost2010PropOp56
 70
     1
102
RTVSPost2010Prop57
140
1.0
102
RTVSPost2010PropOp57
 70
     1
  0
XRECORD
  5
D5E
102
{ACAD_REACTORS
330
D5D
102
}
330
D5D
100
AcDbXrecord
280
     1
102
RTVSPropertyOp0
 70
     1
102
RTVSPropertyOp1
 70
     1
102
RTVSPropertyOp2
 70
     1
102
RTVSPropertyOp3
 70
     1
102
RTVSPropertyOp4
 70
     1
102
RTVSPropertyOp5
 70
     1
102
RTVSPropertyOp6
 70
     1
102
RTVSPropertyOp7
 70
     1
102
RTVSPropertyOp8
 70
     1
102
RTVSPropertyOp9
 70
     1
102
RTVSPropertyOp10
 70
     1
102
RTVSPropertyOp11
 70
     1
102
RTVSPropertyOp12
 70
     1
102
RTVSPropertyOp13
 70
     1
102
RTVSPropertyOp14
 70
     1
102
RTVSPropertyOp15
 70
     1
102
RTVSPropertyOp16
 70
     1
102
RTVSPropertyOp17
 70
     1
102
RTVSPropertyOp18
 70
     1
102
RTVSPropertyOp19
 70
     1
102
RTVSPropertyOp20
 70
     1
102
RTVSPropertyOp21
 70
     1
102
RTVSPropertyOp22
 70
     1
102
RTVSPropertyOp23
 70
     1
102
RTVSPropertyOp24
 70
     1
102
RTVSPropertyOp25
 70
     1
102
RTVSPropertyOp26
 70
     1
102
RTVSPropertyOp27
 70
     1
102
RTVSPropertyOp28
 70
     1
102
RTVSPropertyOp29
 70
     1
102
RTVSPropertyOp30
 70
     1
102
RTVSPropertyOp31
 70
     1
102
RTVSPropertyOp32
 70
     1
102
RTVSPropertyOp33
 70
     1
102
RTVSPropertyOp34
 70
     1
102
RTVSPropertyOp35
 70
     1
102
RTVSPropertyOp36
 70
     1
102
RTVSPropertyOp37
 70
     1
102
RTVSPropertyOp38
 70
     1
102
RTVSPropertyOp39
 70
     1
102
RTVSPropertyOp40
 70
     1
102
RTVSPropertyOp41
 70
     1
102
RTVSPropertyOp42
 70
     1
102
RTVSPropertyOp43
 70
     1
102
RTVSPropertyOp44
 70
     1
102
RTVSPropertyOp45
 70
     1
102
RTVSPropertyOp46
 70
     1
102
RTVSPropertyOp47
 70
     1
102
RTVSPropertyOp48
 70
     1
102
RTVSPropertyOp49
 70
     1
102
RTVSPropertyOp50
 70
     1
102
RTVSPropertyOp51
 70
     0
102
RTVSPropertyOp52
 70
     0
102
RTVSPropertyOp53
 70
     1
102
RTVSPropertyOp54
 70
     1
102
RTVSPropertyOp55
 70
     1
102
RTVSPropertyOp56
 70
     1
102
RTVSPropertyOp57
 70
     1
102
RTVSPost2010Prop28
280
     0
102
RTVSPost2010PropOp28
 70
     1
102
RTVSPost2010Prop29
280
     1
102
RTVSPost2010PropOp29
 70
     1
102
RTVSPost2010Prop30
280
     1
102
RTVSPost2010PropOp30
 70
     1
102
RTVSPost2010Prop31
280
     0
102
RTVSPost2010PropOp31
 70
     1
102
RTVSPost2010Prop32
280
     0
102
RTVSPost2010PropOp32
 70
     1
102
RTVSPost2010Prop33
280
     0
102
RTVSPost2010PropOp33
 70
     1
102
RTVSPost2010Prop34
280
     0
102
RTVSPost2010PropOp34
 70
     1
102
RTVSPost2010Prop35
280
     0
102
RTVSPost2010PropOp35
 70
     1
102
RTVSPost2010Prop36
280
     0
102
RTVSPost2010PropOp36
 70
     1
102
RTVSPost2010Prop37
 90
       50
102
RTVSPost2010PropOp37
 70
     1
102
RTVSPost2010Prop38
140
0.0
102
RTVSPost2010PropOp38
 70
     1
102
RTVSPost2010Prop39
140
1.0
102
RTVSPost2010PropOp39
 70
     1
102
RTVSPost2010Prop40
 90
        0
102
RTVSPost2010PropOp40
 70
     1
102
RTVSPost2010Prop41ColorIndex
 90
       18
102
RTVSPost2010Prop41ColorRGB
 90
        0
102
RTVSPost2010PropOp41
 70
     1
102
RTVSPost2010Prop42
 90
       50
102
RTVSPost2010PropOp42
 70
     1
102
RTVSPost2010Prop43
 90
        3
102
RTVSPost2010PropOp43
 70
     1
102
RTVSPost2010Prop44ColorIndex
 90
        5
102
RTVSPost2010Prop44ColorRGB
 90
      255
102
RTVSPost2010PropOp44
 70
     1
102
RTVSPost2010Prop45
280
     0
102
RTVSPost2010PropOp45
 70
     1
102
RTVSPost2010Prop46
 90
       50
102
RTVSPost2010PropOp46
 70
     1
102
RTVSPost2010Prop47
 90
       50
102
RTVSPost2010PropOp47
 70
     1
102
RTVSPost2010Prop48
 90
       50
102
RTVSPost2010PropOp48
 70
     1
102
RTVSPost2010Prop49
280
     0
102
RTVSPost2010PropOp49
 70
     1
102
RTVSPost2010Prop50
 90
       50
102
RTVSPost2010PropOp50
 70
     1
102
RTVSPost2010Prop51ColorIndex
 90
      256
102
RTVSPost2010Prop51ColorRGB
 90
-16777216
102
RTVSPost2010PropOp51
 70
     0
102
RTVSPost2010Prop52
140
1.0
102
RTVSPost2010PropOp52
 70
     0
102
RTVSPost2010Prop53
 90
        2
102
RTVSPost2010PropOp53
 70
     1
102
RTVSPost2010Prop54
  1
strokes_ogs.tif
102
RTVSPost2010PropOp54
 70
     1
102
RTVSPost2010Prop55
280
     0
102
RTVSPost2010PropOp55
 70
     1
102
RTVSPost2010Prop56
140
1.0
102
RTVSPost2010PropOp56
 70
     1
102
RTVSPost2010Prop57
140
1.0
102
RTVSPost2010PropOp57
 70
     1
  0
XRECORD
  5
D60
102
{ACAD_REACTORS
330
D5F
102
}
330
D5F
100
AcDbXrecord
280
     1
102
RTVSPropertyOp0
 70
     1
102
RTVSPropertyOp1
 70
     1
102
RTVSPropertyOp2
 70
     1
102
RTVSPropertyOp3
 70
     1
102
RTVSPropertyOp4
 70
     1
102
RTVSPropertyOp5
 70
     1
102
RTVSPropertyOp6
 70
     1
102
RTVSPropertyOp7
 70
     1
102
RTVSPropertyOp8
 70
     1
102
RTVSPropertyOp9
 70
     1
102
RTVSPropertyOp10
 70
     1
102
RTVSPropertyOp11
 70
     1
102
RTVSPropertyOp12
 70
     1
102
RTVSPropertyOp13
 70
     1
102
RTVSPropertyOp14
 70
     1
102
RTVSPropertyOp15
 70
     1
102
RTVSPropertyOp16
 70
     1
102
RTVSPropertyOp17
 70
     1
102
RTVSPropertyOp18
 70
     1
102
RTVSPropertyOp19
 70
     1
102
RTVSPropertyOp20
 70
     1
102
RTVSPropertyOp21
 70
     1
102
RTVSPropertyOp22
 70
     1
102
RTVSPropertyOp23
 70
     1
102
RTVSPropertyOp24
 70
     1
102
RTVSPropertyOp25
 70
     1
102
RTVSPropertyOp26
 70
     1
102
RTVSPropertyOp27
 70
     1
102
RTVSPropertyOp28
 70
     1
102
RTVSPropertyOp29
 70
     1
102
RTVSPropertyOp30
 70
     1
102
RTVSPropertyOp31
 70
     1
102
RTVSPropertyOp32
 70
     1
102
RTVSPropertyOp33
 70
     1
102
RTVSPropertyOp34
 70
     1
102
RTVSPropertyOp35
 70
     1
102
RTVSPropertyOp36
 70
     1
102
RTVSPropertyOp37
 70
     1
102
RTVSPropertyOp38
 70
     1
102
RTVSPropertyOp39
 70
     1
102
RTVSPropertyOp40
 70
     1
102
RTVSPropertyOp41
 70
     1
102
RTVSPropertyOp42
 70
     1
102
RTVSPropertyOp43
 70
     1
102
RTVSPropertyOp44
 70
     1
102
RTVSPropertyOp45
 70
     1
102
RTVSPropertyOp46
 70
     1
102
RTVSPropertyOp47
 70
     1
102
RTVSPropertyOp48
 70
     1
102
RTVSPropertyOp49
 70
     1
102
RTVSPropertyOp50
 70
     1
102
RTVSPropertyOp51
 70
     0
102
RTVSPropertyOp52
 70
     0
102
RTVSPropertyOp53
 70
     1
102
RTVSPropertyOp54
 70
     1
102
RTVSPropertyOp55
 70
     1
102
RTVSPropertyOp56
 70
     1
102
RTVSPropertyOp57
 70
     1
102
RTVSPost2010Prop28
280
     0
102
RTVSPost2010PropOp28
 70
     1
102
RTVSPost2010Prop29
280
     1
102
RTVSPost2010PropOp29
 70
     1
102
RTVSPost2010Prop30
280
     1
102
RTVSPost2010PropOp30
 70
     1
102
RTVSPost2010Prop31
280
     0
102
RTVSPost2010PropOp31
 70
     1
102
RTVSPost2010Prop32
280
     0
102
RTVSPost2010PropOp32
 70
     1
102
RTVSPost2010Prop33
280
     0
102
RTVSPost2010PropOp33
 70
     1
102
RTVSPost2010Prop34
280
     0
102
RTVSPost2010PropOp34
 70
     1
102
RTVSPost2010Prop35
280
     0
102
RTVSPost2010PropOp35
 70
     1
102
RTVSPost2010Prop36
280
     0
102
RTVSPost2010PropOp36
 70
     1
102
RTVSPost2010Prop37
 90
       50
102
RTVSPost2010PropOp37
 70
     1
102
RTVSPost2010Prop38
140
0.0
102
RTVSPost2010PropOp38
 70
     1
102
RTVSPost2010Prop39
140
1.0
102
RTVSPost2010PropOp39
 70
     1
102
RTVSPost2010Prop40
 90
        0
102
RTVSPost2010PropOp40
 70
     1
102
RTVSPost2010Prop41ColorIndex
 90
       18
102
RTVSPost2010Prop41ColorRGB
 90
        0
102
RTVSPost2010PropOp41
 70
     1
102
RTVSPost2010Prop42
 90
       50
102
RTVSPost2010PropOp42
 70
     1
102
RTVSPost2010Prop43
 90
        3
102
RTVSPost2010PropOp43
 70
     1
102
RTVSPost2010Prop44ColorIndex
 90
        5
102
RTVSPost2010Prop44ColorRGB
 90
      255
102
RTVSPost2010PropOp44
 70
     1
102
RTVSPost2010Prop45
280
     0
102
RTVSPost2010PropOp45
 70
     1
102
RTVSPost2010Prop46
 90
       50
102
RTVSPost2010PropOp46
 70
     1
102
RTVSPost2010Prop47
 90
       50
102
RTVSPost2010PropOp47
 70
     1
102
RTVSPost2010Prop48
 90
       50
102
RTVSPost2010PropOp48
 70
     1
102
RTVSPost2010Prop49
280
     0
102
RTVSPost2010PropOp49
 70
     1
102
RTVSPost2010Prop50
 90
       50
102
RTVSPost2010PropOp50
 70
     1
102
RTVSPost2010Prop51ColorIndex
 90
      256
102
RTVSPost2010Prop51ColorRGB
 90
-16777216
102
RTVSPost2010PropOp51
 70
     0
102
RTVSPost2010Prop52
140
1.0
102
RTVSPost2010PropOp52
 70
     0
102
RTVSPost2010Prop53
 90
        2
102
RTVSPost2010PropOp53
 70
     1
102
RTVSPost2010Prop54
  1
strokes_ogs.tif
102
RTVSPost2010PropOp54
 70
     1
102
RTVSPost2010Prop55
280
     0
102
RTVSPost2010PropOp55
 70
     1
102
RTVSPost2010Prop56
140
1.0
102
RTVSPost2010PropOp56
 70
     1
102
RTVSPost2010Prop57
140
1.0
102
RTVSPost2010PropOp57
 70
     1
  0
XRECORD
  5
D62
102
{ACAD_REACTORS
330
D61
102
}
330
D61
100
AcDbXrecord
280
     1
102
RTVSPropertyOp0
 70
     1
102
RTVSPropertyOp1
 70
     1
102
RTVSPropertyOp2
 70
     1
102
RTVSPropertyOp3
 70
     1
102
RTVSPropertyOp4
 70
     1
102
RTVSPropertyOp5
 70
     1
102
RTVSPropertyOp6
 70
     1
102
RTVSPropertyOp7
 70
     1
102
RTVSPropertyOp8
 70
     1
102
RTVSPropertyOp9
 70
     1
102
RTVSPropertyOp10
 70
     1
102
RTVSPropertyOp11
 70
     1
102
RTVSPropertyOp12
 70
     1
102
RTVSPropertyOp13
 70
     1
102
RTVSPropertyOp14
 70
     1
102
RTVSPropertyOp15
 70
     1
102
RTVSPropertyOp16
 70
     1
102
RTVSPropertyOp17
 70
     1
102
RTVSPropertyOp18
 70
     1
102
RTVSPropertyOp19
 70
     1
102
RTVSPropertyOp20
 70
     1
102
RTVSPropertyOp21
 70
     1
102
RTVSPropertyOp22
 70
     1
102
RTVSPropertyOp23
 70
     1
102
RTVSPropertyOp24
 70
     1
102
RTVSPropertyOp25
 70
     1
102
RTVSPropertyOp26
 70
     1
102
RTVSPropertyOp27
 70
     1
102
RTVSPropertyOp28
 70
     1
102
RTVSPropertyOp29
 70
     1
102
RTVSPropertyOp30
 70
     1
102
RTVSPropertyOp31
 70
     1
102
RTVSPropertyOp32
 70
     1
102
RTVSPropertyOp33
 70
     1
102
RTVSPropertyOp34
 70
     1
102
RTVSPropertyOp35
 70
     1
102
RTVSPropertyOp36
 70
     1
102
RTVSPropertyOp37
 70
     1
102
RTVSPropertyOp38
 70
     1
102
RTVSPropertyOp39
 70
     1
102
RTVSPropertyOp40
 70
     1
102
RTVSPropertyOp41
 70
     1
102
RTVSPropertyOp42
 70
     1
102
RTVSPropertyOp43
 70
     1
102
RTVSPropertyOp44
 70
     1
102
RTVSPropertyOp45
 70
     1
102
RTVSPropertyOp46
 70
     1
102
RTVSPropertyOp47
 70
     1
102
RTVSPropertyOp48
 70
     1
102
RTVSPropertyOp49
 70
     1
102
RTVSPropertyOp50
 70
     1
102
RTVSPropertyOp51
 70
     0
102
RTVSPropertyOp52
 70
     0
102
RTVSPropertyOp53
 70
     1
102
RTVSPropertyOp54
 70
     1
102
RTVSPropertyOp55
 70
     1
102
RTVSPropertyOp56
 70
     1
102
RTVSPropertyOp57
 70
     1
102
RTVSPost2010Prop28
280
     0
102
RTVSPost2010PropOp28
 70
     1
102
RTVSPost2010Prop29
280
     1
102
RTVSPost2010PropOp29
 70
     1
102
RTVSPost2010Prop30
280
     1
102
RTVSPost2010PropOp30
 70
     1
102
RTVSPost2010Prop31
280
     0
102
RTVSPost2010PropOp31
 70
     1
102
RTVSPost2010Prop32
280
     0
102
RTVSPost2010PropOp32
 70
     1
102
RTVSPost2010Prop33
280
     0
102
RTVSPost2010PropOp33
 70
     1
102
RTVSPost2010Prop34
280
     0
102
RTVSPost2010PropOp34
 70
     1
102
RTVSPost2010Prop35
280
     0
102
RTVSPost2010PropOp35
 70
     1
102
RTVSPost2010Prop36
280
     0
102
RTVSPost2010PropOp36
 70
     1
102
RTVSPost2010Prop37
 90
       50
102
RTVSPost2010PropOp37
 70
     1
102
RTVSPost2010Prop38
140
0.0
102
RTVSPost2010PropOp38
 70
     1
102
RTVSPost2010Prop39
140
1.0
102
RTVSPost2010PropOp39
 70
     1
102
RTVSPost2010Prop40
 90
        0
102
RTVSPost2010PropOp40
 70
     1
102
RTVSPost2010Prop41ColorIndex
 90
       18
102
RTVSPost2010Prop41ColorRGB
 90
        0
102
RTVSPost2010PropOp41
 70
     1
102
RTVSPost2010Prop42
 90
       50
102
RTVSPost2010PropOp42
 70
     1
102
RTVSPost2010Prop43
 90
        3
102
RTVSPost2010PropOp43
 70
     1
102
RTVSPost2010Prop44ColorIndex
 90
        5
102
RTVSPost2010Prop44ColorRGB
 90
      255
102
RTVSPost2010PropOp44
 70
     1
102
RTVSPost2010Prop45
280
     0
102
RTVSPost2010PropOp45
 70
     1
102
RTVSPost2010Prop46
 90
       50
102
RTVSPost2010PropOp46
 70
     1
102
RTVSPost2010Prop47
 90
       50
102
RTVSPost2010PropOp47
 70
     1
102
RTVSPost2010Prop48
 90
       50
102
RTVSPost2010PropOp48
 70
     1
102
RTVSPost2010Prop49
280
     0
102
RTVSPost2010PropOp49
 70
     1
102
RTVSPost2010Prop50
 90
       50
102
RTVSPost2010PropOp50
 70
     1
102
RTVSPost2010Prop51ColorIndex
 90
      256
102
RTVSPost2010Prop51ColorRGB
 90
-16777216
102
RTVSPost2010PropOp51
 70
     0
102
RTVSPost2010Prop52
140
1.0
102
RTVSPost2010PropOp52
 70
     0
102
RTVSPost2010Prop53
 90
        2
102
RTVSPost2010PropOp53
 70
     1
102
RTVSPost2010Prop54
  1
strokes_ogs.tif
102
RTVSPost2010PropOp54
 70
     1
102
RTVSPost2010Prop55
280
     0
102
RTVSPost2010PropOp55
 70
     1
102
RTVSPost2010Prop56
140
1.0
102
RTVSPost2010PropOp56
 70
     1
102
RTVSPost2010Prop57
140
1.0
102
RTVSPost2010PropOp57
 70
     1
  0
XRECORD
  5
D64
102
{ACAD_REACTORS
330
D63
102
}
330
D63
100
AcDbXrecord
280
     1
102
RTVSPropertyOp0
 70
     1
102
RTVSPropertyOp1
 70
     1
102
RTVSPropertyOp2
 70
     1
102
RTVSPropertyOp3
 70
     1
102
RTVSPropertyOp4
 70
     1
102
RTVSPropertyOp5
 70
     1
102
RTVSPropertyOp6
 70
     1
102
RTVSPropertyOp7
 70
     1
102
RTVSPropertyOp8
 70
     1
102
RTVSPropertyOp9
 70
     1
102
RTVSPropertyOp10
 70
     1
102
RTVSPropertyOp11
 70
     1
102
RTVSPropertyOp12
 70
     1
102
RTVSPropertyOp13
 70
     1
102
RTVSPropertyOp14
 70
     1
102
RTVSPropertyOp15
 70
     1
102
RTVSPropertyOp16
 70
     1
102
RTVSPropertyOp17
 70
     1
102
RTVSPropertyOp18
 70
     1
102
RTVSPropertyOp19
 70
     1
102
RTVSPropertyOp20
 70
     1
102
RTVSPropertyOp21
 70
     1
102
RTVSPropertyOp22
 70
     1
102
RTVSPropertyOp23
 70
     1
102
RTVSPropertyOp24
 70
     1
102
RTVSPropertyOp25
 70
     1
102
RTVSPropertyOp26
 70
     1
102
RTVSPropertyOp27
 70
     1
102
RTVSPropertyOp28
 70
     1
102
RTVSPropertyOp29
 70
     1
102
RTVSPropertyOp30
 70
     1
102
RTVSPropertyOp31
 70
     1
102
RTVSPropertyOp32
 70
     1
102
RTVSPropertyOp33
 70
     1
102
RTVSPropertyOp34
 70
     1
102
RTVSPropertyOp35
 70
     1
102
RTVSPropertyOp36
 70
     1
102
RTVSPropertyOp37
 70
     1
102
RTVSPropertyOp38
 70
     1
102
RTVSPropertyOp39
 70
     1
102
RTVSPropertyOp40
 70
     1
102
RTVSPropertyOp41
 70
     1
102
RTVSPropertyOp42
 70
     1
102
RTVSPropertyOp43
 70
     1
102
RTVSPropertyOp44
 70
     1
102
RTVSPropertyOp45
 70
     1
102
RTVSPropertyOp46
 70
     1
102
RTVSPropertyOp47
 70
     1
102
RTVSPropertyOp48
 70
     1
102
RTVSPropertyOp49
 70
     1
102
RTVSPropertyOp50
 70
     1
102
RTVSPropertyOp51
 70
     0
102
RTVSPropertyOp52
 70
     0
102
RTVSPropertyOp53
 70
     1
102
RTVSPropertyOp54
 70
     1
102
RTVSPropertyOp55
 70
     1
102
RTVSPropertyOp56
 70
     1
102
RTVSPropertyOp57
 70
     1
102
RTVSPost2010Prop28
280
     0
102
RTVSPost2010PropOp28
 70
     1
102
RTVSPost2010Prop29
280
     1
102
RTVSPost2010PropOp29
 70
     1
102
RTVSPost2010Prop30
280
     1
102
RTVSPost2010PropOp30
 70
     1
102
RTVSPost2010Prop31
280
     0
102
RTVSPost2010PropOp31
 70
     1
102
RTVSPost2010Prop32
280
     0
102
RTVSPost2010PropOp32
 70
     1
102
RTVSPost2010Prop33
280
     0
102
RTVSPost2010PropOp33
 70
     1
102
RTVSPost2010Prop34
280
     0
102
RTVSPost2010PropOp34
 70
     1
102
RTVSPost2010Prop35
280
     0
102
RTVSPost2010PropOp35
 70
     1
102
RTVSPost2010Prop36
280
     0
102
RTVSPost2010PropOp36
 70
     1
102
RTVSPost2010Prop37
 90
       50
102
RTVSPost2010PropOp37
 70
     1
102
RTVSPost2010Prop38
140
0.0
102
RTVSPost2010PropOp38
 70
     1
102
RTVSPost2010Prop39
140
1.0
102
RTVSPost2010PropOp39
 70
     1
102
RTVSPost2010Prop40
 90
        0
102
RTVSPost2010PropOp40
 70
     1
102
RTVSPost2010Prop41ColorIndex
 90
       18
102
RTVSPost2010Prop41ColorRGB
 90
        0
102
RTVSPost2010PropOp41
 70
     1
102
RTVSPost2010Prop42
 90
       50
102
RTVSPost2010PropOp42
 70
     1
102
RTVSPost2010Prop43
 90
        3
102
RTVSPost2010PropOp43
 70
     1
102
RTVSPost2010Prop44ColorIndex
 90
        5
102
RTVSPost2010Prop44ColorRGB
 90
      255
102
RTVSPost2010PropOp44
 70
     1
102
RTVSPost2010Prop45
280
     0
102
RTVSPost2010PropOp45
 70
     1
102
RTVSPost2010Prop46
 90
       50
102
RTVSPost2010PropOp46
 70
     1
102
RTVSPost2010Prop47
 90
       50
102
RTVSPost2010PropOp47
 70
     1
102
RTVSPost2010Prop48
 90
       50
102
RTVSPost2010PropOp48
 70
     1
102
RTVSPost2010Prop49
280
     0
102
RTVSPost2010PropOp49
 70
     1
102
RTVSPost2010Prop50
 90
       50
102
RTVSPost2010PropOp50
 70
     1
102
RTVSPost2010Prop51ColorIndex
 90
      256
102
RTVSPost2010Prop51ColorRGB
 90
-16777216
102
RTVSPost2010PropOp51
 70
     0
102
RTVSPost2010Prop52
140
1.0
102
RTVSPost2010PropOp52
 70
     0
102
RTVSPost2010Prop53
 90
        2
102
RTVSPost2010PropOp53
 70
     1
102
RTVSPost2010Prop54
  1
strokes_ogs.tif
102
RTVSPost2010PropOp54
 70
     1
102
RTVSPost2010Prop55
280
     0
102
RTVSPost2010PropOp55
 70
     1
102
RTVSPost2010Prop56
140
1.0
102
RTVSPost2010PropOp56
 70
     1
102
RTVSPost2010Prop57
140
1.0
102
RTVSPost2010PropOp57
 70
     1
  0
XRECORD
  5
D66
102
{ACAD_REACTORS
330
D65
102
}
330
D65
100
AcDbXrecord
280
     1
102
RTVSPropertyOp0
 70
     0
102
RTVSPropertyOp1
 70
     0
102
RTVSPropertyOp2
 70
     0
102
RTVSPropertyOp3
 70
     0
102
RTVSPropertyOp4
 70
     0
102
RTVSPropertyOp5
 70
     0
102
RTVSPropertyOp6
 70
     0
102
RTVSPropertyOp7
 70
     0
102
RTVSPropertyOp8
 70
     0
102
RTVSPropertyOp9
 70
     0
102
RTVSPropertyOp10
 70
     0
102
RTVSPropertyOp11
 70
     0
102
RTVSPropertyOp12
 70
     0
102
RTVSPropertyOp13
 70
     0
102
RTVSPropertyOp14
 70
     2
102
RTVSPropertyOp15
 70
     0
102
RTVSPropertyOp16
 70
     0
102
RTVSPropertyOp17
 70
     0
102
RTVSPropertyOp18
 70
     0
102
RTVSPropertyOp19
 70
     0
102
RTVSPropertyOp20
 70
     0
102
RTVSPropertyOp21
 70
     0
102
RTVSPropertyOp22
 70
     0
102
RTVSPropertyOp23
 70
     0
102
RTVSPropertyOp24
 70
     0
102
RTVSPropertyOp25
 70
     0
102
RTVSPropertyOp26
 70
     0
102
RTVSPropertyOp27
 70
     0
102
RTVSPropertyOp28
 70
     1
102
RTVSPropertyOp29
 70
     1
102
RTVSPropertyOp30
 70
     1
102
RTVSPropertyOp31
 70
     1
102
RTVSPropertyOp32
 70
     1
102
RTVSPropertyOp33
 70
     1
102
RTVSPropertyOp34
 70
     1
102
RTVSPropertyOp35
 70
     1
102
RTVSPropertyOp36
 70
     1
102
RTVSPropertyOp37
 70
     1
102
RTVSPropertyOp38
 70
     1
102
RTVSPropertyOp39
 70
     1
102
RTVSPropertyOp40
 70
     1
102
RTVSPropertyOp41
 70
     1
102
RTVSPropertyOp42
 70
     1
102
RTVSPropertyOp43
 70
     1
102
RTVSPropertyOp44
 70
     1
102
RTVSPropertyOp45
 70
     1
102
RTVSPropertyOp46
 70
     1
102
RTVSPropertyOp47
 70
     1
102
RTVSPropertyOp48
 70
     1
102
RTVSPropertyOp49
 70
     1
102
RTVSPropertyOp50
 70
     1
102
RTVSPropertyOp51
 70
     0
102
RTVSPropertyOp52
 70
     0
102
RTVSPropertyOp53
 70
     1
102
RTVSPropertyOp54
 70
     1
102
RTVSPropertyOp55
 70
     1
102
RTVSPropertyOp56
 70
     1
102
RTVSPropertyOp57
 70
     1
102
RTVSPost2010Prop28
280
     0
102
RTVSPost2010PropOp28
 70
     1
102
RTVSPost2010Prop29
280
     1
102
RTVSPost2010PropOp29
 70
     1
102
RTVSPost2010Prop30
280
     1
102
RTVSPost2010PropOp30
 70
     1
102
RTVSPost2010Prop31
280
     0
102
RTVSPost2010PropOp31
 70
     1
102
RTVSPost2010Prop32
280
     0
102
RTVSPost2010PropOp32
 70
     1
102
RTVSPost2010Prop33
280
     0
102
RTVSPost2010PropOp33
 70
     1
102
RTVSPost2010Prop34
280
     0
102
RTVSPost2010PropOp34
 70
     1
102
RTVSPost2010Prop35
280
     0
102
RTVSPost2010PropOp35
 70
     1
102
RTVSPost2010Prop36
280
     0
102
RTVSPost2010PropOp36
 70
     1
102
RTVSPost2010Prop37
 90
       50
102
RTVSPost2010PropOp37
 70
     1
102
RTVSPost2010Prop38
140
0.0
102
RTVSPost2010PropOp38
 70
     1
102
RTVSPost2010Prop39
140
1.0
102
RTVSPost2010PropOp39
 70
     1
102
RTVSPost2010Prop40
 90
        0
102
RTVSPost2010PropOp40
 70
     1
102
RTVSPost2010Prop41ColorIndex
 90
       18
102
RTVSPost2010Prop41ColorRGB
 90
        0
102
RTVSPost2010PropOp41
 70
     1
102
RTVSPost2010Prop42
 90
       50
102
RTVSPost2010PropOp42
 70
     1
102
RTVSPost2010Prop43
 90
        3
102
RTVSPost2010PropOp43
 70
     1
102
RTVSPost2010Prop44ColorIndex
 90
        5
102
RTVSPost2010Prop44ColorRGB
 90
      255
102
RTVSPost2010PropOp44
 70
     1
102
RTVSPost2010Prop45
280
     0
102
RTVSPost2010PropOp45
 70
     1
102
RTVSPost2010Prop46
 90
       50
102
RTVSPost2010PropOp46
 70
     1
102
RTVSPost2010Prop47
 90
       50
102
RTVSPost2010PropOp47
 70
     1
102
RTVSPost2010Prop48
 90
       50
102
RTVSPost2010PropOp48
 70
     1
102
RTVSPost2010Prop49
280
     0
102
RTVSPost2010PropOp49
 70
     1
102
RTVSPost2010Prop50
 90
       50
102
RTVSPost2010PropOp50
 70
     1
102
RTVSPost2010Prop51ColorIndex
 90
      256
102
RTVSPost2010Prop51ColorRGB
 90
-16777216
102
RTVSPost2010PropOp51
 70
     0
102
RTVSPost2010Prop52
140
1.0
102
RTVSPost2010PropOp52
 70
     0
102
RTVSPost2010Prop53
 90
        2
102
RTVSPost2010PropOp53
 70
     1
102
RTVSPost2010Prop54
  1
strokes_ogs.tif
102
RTVSPost2010PropOp54
 70
     1
102
RTVSPost2010Prop55
280
     0
102
RTVSPost2010PropOp55
 70
     1
102
RTVSPost2010Prop56
140
1.0
102
RTVSPost2010PropOp56
 70
     1
102
RTVSPost2010Prop57
140
1.0
102
RTVSPost2010PropOp57
 70
     1
  0
XRECORD
  5
D68
102
{ACAD_REACTORS
330
D67
102
}
330
D67
100
AcDbXrecord
280
     1
102
RTVSPropertyOp0
 70
     1
102
RTVSPropertyOp1
 70
     1
102
RTVSPropertyOp2
 70
     1
102
RTVSPropertyOp3
 70
     1
102
RTVSPropertyOp4
 70
     1
102
RTVSPropertyOp5
 70
     1
102
RTVSPropertyOp6
 70
     1
102
RTVSPropertyOp7
 70
     1
102
RTVSPropertyOp8
 70
     1
102
RTVSPropertyOp9
 70
     1
102
RTVSPropertyOp10
 70
     1
102
RTVSPropertyOp11
 70
     1
102
RTVSPropertyOp12
 70
     1
102
RTVSPropertyOp13
 70
     1
102
RTVSPropertyOp14
 70
     1
102
RTVSPropertyOp15
 70
     1
102
RTVSPropertyOp16
 70
     1
102
RTVSPropertyOp17
 70
     1
102
RTVSPropertyOp18
 70
     1
102
RTVSPropertyOp19
 70
     1
102
RTVSPropertyOp20
 70
     1
102
RTVSPropertyOp21
 70
     1
102
RTVSPropertyOp22
 70
     1
102
RTVSPropertyOp23
 70
     1
102
RTVSPropertyOp24
 70
     1
102
RTVSPropertyOp25
 70
     1
102
RTVSPropertyOp26
 70
     1
102
RTVSPropertyOp27
 70
     1
102
RTVSPropertyOp28
 70
     1
102
RTVSPropertyOp29
 70
     1
102
RTVSPropertyOp30
 70
     1
102
RTVSPropertyOp31
 70
     1
102
RTVSPropertyOp32
 70
     1
102
RTVSPropertyOp33
 70
     1
102
RTVSPropertyOp34
 70
     1
102
RTVSPropertyOp35
 70
     1
102
RTVSPropertyOp36
 70
     1
102
RTVSPropertyOp37
 70
     1
102
RTVSPropertyOp38
 70
     1
102
RTVSPropertyOp39
 70
     1
102
RTVSPropertyOp40
 70
     1
102
RTVSPropertyOp41
 70
     1
102
RTVSPropertyOp42
 70
     1
102
RTVSPropertyOp43
 70
     1
102
RTVSPropertyOp44
 70
     1
102
RTVSPropertyOp45
 70
     1
102
RTVSPropertyOp46
 70
     1
102
RTVSPropertyOp47
 70
     1
102
RTVSPropertyOp48
 70
     1
102
RTVSPropertyOp49
 70
     1
102
RTVSPropertyOp50
 70
     1
102
RTVSPropertyOp51
 70
     0
102
RTVSPropertyOp52
 70
     0
102
RTVSPropertyOp53
 70
     1
102
RTVSPropertyOp54
 70
     1
102
RTVSPropertyOp55
 70
     1
102
RTVSPropertyOp56
 70
     1
102
RTVSPropertyOp57
 70
     1
102
RTVSPost2010Prop28
280
     0
102
RTVSPost2010PropOp28
 70
     1
102
RTVSPost2010Prop29
280
     1
102
RTVSPost2010PropOp29
 70
     1
102
RTVSPost2010Prop30
280
     1
102
RTVSPost2010PropOp30
 70
     1
102
RTVSPost2010Prop31
280
     0
102
RTVSPost2010PropOp31
 70
     1
102
RTVSPost2010Prop32
280
     0
102
RTVSPost2010PropOp32
 70
     1
102
RTVSPost2010Prop33
280
     0
102
RTVSPost2010PropOp33
 70
     1
102
RTVSPost2010Prop34
280
     0
102
RTVSPost2010PropOp34
 70
     1
102
RTVSPost2010Prop35
280
     0
102
RTVSPost2010PropOp35
 70
     1
102
RTVSPost2010Prop36
280
     0
102
RTVSPost2010PropOp36
 70
     1
102
RTVSPost2010Prop37
 90
       50
102
RTVSPost2010PropOp37
 70
     1
102
RTVSPost2010Prop38
140
0.0
102
RTVSPost2010PropOp38
 70
     1
102
RTVSPost2010Prop39
140
1.0
102
RTVSPost2010PropOp39
 70
     1
102
RTVSPost2010Prop40
 90
        0
102
RTVSPost2010PropOp40
 70
     1
102
RTVSPost2010Prop41ColorIndex
 90
       18
102
RTVSPost2010Prop41ColorRGB
 90
        0
102
RTVSPost2010PropOp41
 70
     1
102
RTVSPost2010Prop42
 90
       50
102
RTVSPost2010PropOp42
 70
     1
102
RTVSPost2010Prop43
 90
        3
102
RTVSPost2010PropOp43
 70
     1
102
RTVSPost2010Prop44ColorIndex
 90
        5
102
RTVSPost2010Prop44ColorRGB
 90
      255
102
RTVSPost2010PropOp44
 70
     1
102
RTVSPost2010Prop45
280
     0
102
RTVSPost2010PropOp45
 70
     1
102
RTVSPost2010Prop46
 90
       50
102
RTVSPost2010PropOp46
 70
     1
102
RTVSPost2010Prop47
 90
       50
102
RTVSPost2010PropOp47
 70
     1
102
RTVSPost2010Prop48
 90
       50
102
RTVSPost2010PropOp48
 70
     1
102
RTVSPost2010Prop49
280
     0
102
RTVSPost2010PropOp49
 70
     1
102
RTVSPost2010Prop50
 90
       50
102
RTVSPost2010PropOp50
 70
     1
102
RTVSPost2010Prop51ColorIndex
 90
      256
102
RTVSPost2010Prop51ColorRGB
 90
-16777216
102
RTVSPost2010PropOp51
 70
     0
102
RTVSPost2010Prop52
140
1.0
102
RTVSPost2010PropOp52
 70
     0
102
RTVSPost2010Prop53
 90
        2
102
RTVSPost2010PropOp53
 70
     1
102
RTVSPost2010Prop54
  1
strokes_ogs.tif
102
RTVSPost2010PropOp54
 70
     1
102
RTVSPost2010Prop55
280
     0
102
RTVSPost2010PropOp55
 70
     1
102
RTVSPost2010Prop56
140
1.0
102
RTVSPost2010PropOp56
 70
     1
102
RTVSPost2010Prop57
140
1.0
102
RTVSPost2010PropOp57
 70
     1
  0
XRECORD
  5
D6A
102
{ACAD_REACTORS
330
D69
102
}
330
D69
100
AcDbXrecord
280
     1
102
RTVSPropertyOp0
 70
     1
102
RTVSPropertyOp1
 70
     1
102
RTVSPropertyOp2
 70
     1
102
RTVSPropertyOp3
 70
     1
102
RTVSPropertyOp4
 70
     1
102
RTVSPropertyOp5
 70
     1
102
RTVSPropertyOp6
 70
     1
102
RTVSPropertyOp7
 70
     1
102
RTVSPropertyOp8
 70
     1
102
RTVSPropertyOp9
 70
     1
102
RTVSPropertyOp10
 70
     1
102
RTVSPropertyOp11
 70
     1
102
RTVSPropertyOp12
 70
     1
102
RTVSPropertyOp13
 70
     1
102
RTVSPropertyOp14
 70
     1
102
RTVSPropertyOp15
 70
     1
102
RTVSPropertyOp16
 70
     1
102
RTVSPropertyOp17
 70
     1
102
RTVSPropertyOp18
 70
     1
102
RTVSPropertyOp19
 70
     1
102
RTVSPropertyOp20
 70
     1
102
RTVSPropertyOp21
 70
     1
102
RTVSPropertyOp22
 70
     1
102
RTVSPropertyOp23
 70
     1
102
RTVSPropertyOp24
 70
     1
102
RTVSPropertyOp25
 70
     1
102
RTVSPropertyOp26
 70
     1
102
RTVSPropertyOp27
 70
     1
102
RTVSPropertyOp28
 70
     1
102
RTVSPropertyOp29
 70
     1
102
RTVSPropertyOp30
 70
     1
102
RTVSPropertyOp31
 70
     1
102
RTVSPropertyOp32
 70
     1
102
RTVSPropertyOp33
 70
     1
102
RTVSPropertyOp34
 70
     1
102
RTVSPropertyOp35
 70
     1
102
RTVSPropertyOp36
 70
     1
102
RTVSPropertyOp37
 70
     1
102
RTVSPropertyOp38
 70
     1
102
RTVSPropertyOp39
 70
     1
102
RTVSPropertyOp40
 70
     1
102
RTVSPropertyOp41
 70
     1
102
RTVSPropertyOp42
 70
     1
102
RTVSPropertyOp43
 70
     1
102
RTVSPropertyOp44
 70
     1
102
RTVSPropertyOp45
 70
     1
102
RTVSPropertyOp46
 70
     1
102
RTVSPropertyOp47
 70
     1
102
RTVSPropertyOp48
 70
     1
102
RTVSPropertyOp49
 70
     1
102
RTVSPropertyOp50
 70
     1
102
RTVSPropertyOp51
 70
     0
102
RTVSPropertyOp52
 70
     0
102
RTVSPropertyOp53
 70
     1
102
RTVSPropertyOp54
 70
     1
102
RTVSPropertyOp55
 70
     1
102
RTVSPropertyOp56
 70
     1
102
RTVSPropertyOp57
 70
     1
102
RTVSPost2010Prop28
280
     0
102
RTVSPost2010PropOp28
 70
     1
102
RTVSPost2010Prop29
280
     1
102
RTVSPost2010PropOp29
 70
     1
102
RTVSPost2010Prop30
280
     1
102
RTVSPost2010PropOp30
 70
     1
102
RTVSPost2010Prop31
280
     0
102
RTVSPost2010PropOp31
 70
     1
102
RTVSPost2010Prop32
280
     0
102
RTVSPost2010PropOp32
 70
     1
102
RTVSPost2010Prop33
280
     0
102
RTVSPost2010PropOp33
 70
     1
102
RTVSPost2010Prop34
280
     0
102
RTVSPost2010PropOp34
 70
     1
102
RTVSPost2010Prop35
280
     0
102
RTVSPost2010PropOp35
 70
     1
102
RTVSPost2010Prop36
280
     0
102
RTVSPost2010PropOp36
 70
     1
102
RTVSPost2010Prop37
 90
       50
102
RTVSPost2010PropOp37
 70
     1
102
RTVSPost2010Prop38
140
0.0
102
RTVSPost2010PropOp38
 70
     1
102
RTVSPost2010Prop39
140
1.0
102
RTVSPost2010PropOp39
 70
     1
102
RTVSPost2010Prop40
 90
        0
102
RTVSPost2010PropOp40
 70
     1
102
RTVSPost2010Prop41ColorIndex
 90
       18
102
RTVSPost2010Prop41ColorRGB
 90
        0
102
RTVSPost2010PropOp41
 70
     1
102
RTVSPost2010Prop42
 90
       50
102
RTVSPost2010PropOp42
 70
     1
102
RTVSPost2010Prop43
 90
        3
102
RTVSPost2010PropOp43
 70
     1
102
RTVSPost2010Prop44ColorIndex
 90
        5
102
RTVSPost2010Prop44ColorRGB
 90
      255
102
RTVSPost2010PropOp44
 70
     1
102
RTVSPost2010Prop45
280
     0
102
RTVSPost2010PropOp45
 70
     1
102
RTVSPost2010Prop46
 90
       50
102
RTVSPost2010PropOp46
 70
     1
102
RTVSPost2010Prop47
 90
       50
102
RTVSPost2010PropOp47
 70
     1
102
RTVSPost2010Prop48
 90
       50
102
RTVSPost2010PropOp48
 70
     1
102
RTVSPost2010Prop49
280
     0
102
RTVSPost2010PropOp49
 70
     1
102
RTVSPost2010Prop50
 90
       50
102
RTVSPost2010PropOp50
 70
     1
102
RTVSPost2010Prop51ColorIndex
 90
      256
102
RTVSPost2010Prop51ColorRGB
 90
-16777216
102
RTVSPost2010PropOp51
 70
     0
102
RTVSPost2010Prop52
140
1.0
102
RTVSPost2010PropOp52
 70
     0
102
RTVSPost2010Prop53
 90
        2
102
RTVSPost2010PropOp53
 70
     1
102
RTVSPost2010Prop54
  1
strokes_ogs.tif
102
RTVSPost2010PropOp54
 70
     1
102
RTVSPost2010Prop55
280
     0
102
RTVSPost2010PropOp55
 70
     1
102
RTVSPost2010Prop56
140
1.0
102
RTVSPost2010PropOp56
 70
     1
102
RTVSPost2010Prop57
140
1.0
102
RTVSPost2010PropOp57
 70
     1
  0
XRECORD
  5
D6C
102
{ACAD_REACTORS
330
D6B
102
}
330
D6B
100
AcDbXrecord
280
     1
102
RTVSPropertyOp0
 70
     1
102
RTVSPropertyOp1
 70
     1
102
RTVSPropertyOp2
 70
     1
102
RTVSPropertyOp3
 70
     1
102
RTVSPropertyOp4
 70
     1
102
RTVSPropertyOp5
 70
     1
102
RTVSPropertyOp6
 70
     1
102
RTVSPropertyOp7
 70
     1
102
RTVSPropertyOp8
 70
     1
102
RTVSPropertyOp9
 70
     1
102
RTVSPropertyOp10
 70
     1
102
RTVSPropertyOp11
 70
     1
102
RTVSPropertyOp12
 70
     1
102
RTVSPropertyOp13
 70
     1
102
RTVSPropertyOp14
 70
     1
102
RTVSPropertyOp15
 70
     1
102
RTVSPropertyOp16
 70
     1
102
RTVSPropertyOp17
 70
     1
102
RTVSPropertyOp18
 70
     1
102
RTVSPropertyOp19
 70
     1
102
RTVSPropertyOp20
 70
     1
102
RTVSPropertyOp21
 70
     1
102
RTVSPropertyOp22
 70
     1
102
RTVSPropertyOp23
 70
     1
102
RTVSPropertyOp24
 70
     1
102
RTVSPropertyOp25
 70
     1
102
RTVSPropertyOp26
 70
     1
102
RTVSPropertyOp27
 70
     1
102
RTVSPropertyOp28
 70
     1
102
RTVSPropertyOp29
 70
     1
102
RTVSPropertyOp30
 70
     1
102
RTVSPropertyOp31
 70
     1
102
RTVSPropertyOp32
 70
     1
102
RTVSPropertyOp33
 70
     1
102
RTVSPropertyOp34
 70
     1
102
RTVSPropertyOp35
 70
     1
102
RTVSPropertyOp36
 70
     1
102
RTVSPropertyOp37
 70
     1
102
RTVSPropertyOp38
 70
     1
102
RTVSPropertyOp39
 70
     1
102
RTVSPropertyOp40
 70
     1
102
RTVSPropertyOp41
 70
     1
102
RTVSPropertyOp42
 70
     1
102
RTVSPropertyOp43
 70
     1
102
RTVSPropertyOp44
 70
     1
102
RTVSPropertyOp45
 70
     1
102
RTVSPropertyOp46
 70
     1
102
RTVSPropertyOp47
 70
     1
102
RTVSPropertyOp48
 70
     1
102
RTVSPropertyOp49
 70
     1
102
RTVSPropertyOp50
 70
     1
102
RTVSPropertyOp51
 70
     0
102
RTVSPropertyOp52
 70
     0
102
RTVSPropertyOp53
 70
     1
102
RTVSPropertyOp54
 70
     1
102
RTVSPropertyOp55
 70
     1
102
RTVSPropertyOp56
 70
     1
102
RTVSPropertyOp57
 70
     1
102
RTVSPost2010Prop28
280
     0
102
RTVSPost2010PropOp28
 70
     1
102
RTVSPost2010Prop29
280
     1
102
RTVSPost2010PropOp29
 70
     1
102
RTVSPost2010Prop30
280
     1
102
RTVSPost2010PropOp30
 70
     1
102
RTVSPost2010Prop31
280
     0
102
RTVSPost2010PropOp31
 70
     1
102
RTVSPost2010Prop32
280
     0
102
RTVSPost2010PropOp32
 70
     1
102
RTVSPost2010Prop33
280
     0
102
RTVSPost2010PropOp33
 70
     1
102
RTVSPost2010Prop34
280
     0
102
RTVSPost2010PropOp34
 70
     1
102
RTVSPost2010Prop35
280
     0
102
RTVSPost2010PropOp35
 70
     1
102
RTVSPost2010Prop36
280
     0
102
RTVSPost2010PropOp36
 70
     1
102
RTVSPost2010Prop37
 90
       50
102
RTVSPost2010PropOp37
 70
     1
102
RTVSPost2010Prop38
140
0.0
102
RTVSPost2010PropOp38
 70
     1
102
RTVSPost2010Prop39
140
1.0
102
RTVSPost2010PropOp39
 70
     1
102
RTVSPost2010Prop40
 90
        0
102
RTVSPost2010PropOp40
 70
     1
102
RTVSPost2010Prop41ColorIndex
 90
       18
102
RTVSPost2010Prop41ColorRGB
 90
        0
102
RTVSPost2010PropOp41
 70
     1
102
RTVSPost2010Prop42
 90
       50
102
RTVSPost2010PropOp42
 70
     1
102
RTVSPost2010Prop43
 90
        3
102
RTVSPost2010PropOp43
 70
     1
102
RTVSPost2010Prop44ColorIndex
 90
        5
102
RTVSPost2010Prop44ColorRGB
 90
      255
102
RTVSPost2010PropOp44
 70
     1
102
RTVSPost2010Prop45
280
     0
102
RTVSPost2010PropOp45
 70
     1
102
RTVSPost2010Prop46
 90
       50
102
RTVSPost2010PropOp46
 70
     1
102
RTVSPost2010Prop47
 90
       50
102
RTVSPost2010PropOp47
 70
     1
102
RTVSPost2010Prop48
 90
       50
102
RTVSPost2010PropOp48
 70
     1
102
RTVSPost2010Prop49
280
     0
102
RTVSPost2010PropOp49
 70
     1
102
RTVSPost2010Prop50
 90
       50
102
RTVSPost2010PropOp50
 70
     1
102
RTVSPost2010Prop51ColorIndex
 90
      256
102
RTVSPost2010Prop51ColorRGB
 90
-16777216
102
RTVSPost2010PropOp51
 70
     0
102
RTVSPost2010Prop52
140
1.0
102
RTVSPost2010PropOp52
 70
     0
102
RTVSPost2010Prop53
 90
        2
102
RTVSPost2010PropOp53
 70
     1
102
RTVSPost2010Prop54
  1
strokes_ogs.tif
102
RTVSPost2010PropOp54
 70
     1
102
RTVSPost2010Prop55
280
     0
102
RTVSPost2010PropOp55
 70
     1
102
RTVSPost2010Prop56
140
1.0
102
RTVSPost2010PropOp56
 70
     1
102
RTVSPost2010Prop57
140
1.0
102
RTVSPost2010PropOp57
 70
     1
  0
XRECORD
  5
D6E
102
{ACAD_REACTORS
330
D6D
102
}
330
D6D
100
AcDbXrecord
280
     1
102
RTVSPropertyOp0
 70
     1
102
RTVSPropertyOp1
 70
     1
102
RTVSPropertyOp2
 70
     1
102
RTVSPropertyOp3
 70
     1
102
RTVSPropertyOp4
 70
     1
102
RTVSPropertyOp5
 70
     1
102
RTVSPropertyOp6
 70
     1
102
RTVSPropertyOp7
 70
     1
102
RTVSPropertyOp8
 70
     1
102
RTVSPropertyOp9
 70
     1
102
RTVSPropertyOp10
 70
     1
102
RTVSPropertyOp11
 70
     1
102
RTVSPropertyOp12
 70
     1
102
RTVSPropertyOp13
 70
     1
102
RTVSPropertyOp14
 70
     1
102
RTVSPropertyOp15
 70
     1
102
RTVSPropertyOp16
 70
     1
102
RTVSPropertyOp17
 70
     1
102
RTVSPropertyOp18
 70
     1
102
RTVSPropertyOp19
 70
     1
102
RTVSPropertyOp20
 70
     1
102
RTVSPropertyOp21
 70
     1
102
RTVSPropertyOp22
 70
     1
102
RTVSPropertyOp23
 70
     1
102
RTVSPropertyOp24
 70
     1
102
RTVSPropertyOp25
 70
     1
102
RTVSPropertyOp26
 70
     1
102
RTVSPropertyOp27
 70
     1
102
RTVSPropertyOp28
 70
     1
102
RTVSPropertyOp29
 70
     1
102
RTVSPropertyOp30
 70
     1
102
RTVSPropertyOp31
 70
     1
102
RTVSPropertyOp32
 70
     1
102
RTVSPropertyOp33
 70
     1
102
RTVSPropertyOp34
 70
     1
102
RTVSPropertyOp35
 70
     1
102
RTVSPropertyOp36
 70
     1
102
RTVSPropertyOp37
 70
     1
102
RTVSPropertyOp38
 70
     1
102
RTVSPropertyOp39
 70
     1
102
RTVSPropertyOp40
 70
     1
102
RTVSPropertyOp41
 70
     1
102
RTVSPropertyOp42
 70
     1
102
RTVSPropertyOp43
 70
     1
102
RTVSPropertyOp44
 70
     1
102
RTVSPropertyOp45
 70
     1
102
RTVSPropertyOp46
 70
     1
102
RTVSPropertyOp47
 70
     1
102
RTVSPropertyOp48
 70
     1
102
RTVSPropertyOp49
 70
     1
102
RTVSPropertyOp50
 70
     1
102
RTVSPropertyOp51
 70
     0
102
RTVSPropertyOp52
 70
     0
102
RTVSPropertyOp53
 70
     1
102
RTVSPropertyOp54
 70
     1
102
RTVSPropertyOp55
 70
     1
102
RTVSPropertyOp56
 70
     1
102
RTVSPropertyOp57
 70
     1
102
RTVSPost2010Prop28
280
     0
102
RTVSPost2010PropOp28
 70
     1
102
RTVSPost2010Prop29
280
     1
102
RTVSPost2010PropOp29
 70
     1
102
RTVSPost2010Prop30
280
     1
102
RTVSPost2010PropOp30
 70
     1
102
RTVSPost2010Prop31
280
     0
102
RTVSPost2010PropOp31
 70
     1
102
RTVSPost2010Prop32
280
     0
102
RTVSPost2010PropOp32
 70
     1
102
RTVSPost2010Prop33
280
     0
102
RTVSPost2010PropOp33
 70
     1
102
RTVSPost2010Prop34
280
     0
102
RTVSPost2010PropOp34
 70
     1
102
RTVSPost2010Prop35
280
     0
102
RTVSPost2010PropOp35
 70
     1
102
RTVSPost2010Prop36
280
     0
102
RTVSPost2010PropOp36
 70
     1
102
RTVSPost2010Prop37
 90
       50
102
RTVSPost2010PropOp37
 70
     1
102
RTVSPost2010Prop38
140
0.0
102
RTVSPost2010PropOp38
 70
     1
102
RTVSPost2010Prop39
140
1.0
102
RTVSPost2010PropOp39
 70
     1
102
RTVSPost2010Prop40
 90
        0
102
RTVSPost2010PropOp40
 70
     1
102
RTVSPost2010Prop41ColorIndex
 90
       18
102
RTVSPost2010Prop41ColorRGB
 90
        0
102
RTVSPost2010PropOp41
 70
     1
102
RTVSPost2010Prop42
 90
       50
102
RTVSPost2010PropOp42
 70
     1
102
RTVSPost2010Prop43
 90
        3
102
RTVSPost2010PropOp43
 70
     1
102
RTVSPost2010Prop44ColorIndex
 90
        5
102
RTVSPost2010Prop44ColorRGB
 90
      255
102
RTVSPost2010PropOp44
 70
     1
102
RTVSPost2010Prop45
280
     0
102
RTVSPost2010PropOp45
 70
     1
102
RTVSPost2010Prop46
 90
       50
102
RTVSPost2010PropOp46
 70
     1
102
RTVSPost2010Prop47
 90
       50
102
RTVSPost2010PropOp47
 70
     1
102
RTVSPost2010Prop48
 90
       50
102
RTVSPost2010PropOp48
 70
     1
102
RTVSPost2010Prop49
280
     0
102
RTVSPost2010PropOp49
 70
     1
102
RTVSPost2010Prop50
 90
       50
102
RTVSPost2010PropOp50
 70
     1
102
RTVSPost2010Prop51ColorIndex
 90
      256
102
RTVSPost2010Prop51ColorRGB
 90
-16777216
102
RTVSPost2010PropOp51
 70
     0
102
RTVSPost2010Prop52
140
1.0
102
RTVSPost2010PropOp52
 70
     0
102
RTVSPost2010Prop53
 90
        2
102
RTVSPost2010PropOp53
 70
     1
102
RTVSPost2010Prop54
  1
strokes_ogs.tif
102
RTVSPost2010PropOp54
 70
     1
102
RTVSPost2010Prop55
280
     0
102
RTVSPost2010PropOp55
 70
     1
102
RTVSPost2010Prop56
140
1.0
102
RTVSPost2010PropOp56
 70
     1
102
RTVSPost2010Prop57
140
1.0
102
RTVSPost2010PropOp57
 70
     1
  0
XRECORD
  5
D70
102
{ACAD_REACTORS
330
D6F
102
}
330
D6F
100
AcDbXrecord
280
     1
102
RTVSPropertyOp0
 70
     1
102
RTVSPropertyOp1
 70
     1
102
RTVSPropertyOp2
 70
     1
102
RTVSPropertyOp3
 70
     1
102
RTVSPropertyOp4
 70
     1
102
RTVSPropertyOp5
 70
     1
102
RTVSPropertyOp6
 70
     1
102
RTVSPropertyOp7
 70
     1
102
RTVSPropertyOp8
 70
     1
102
RTVSPropertyOp9
 70
     1
102
RTVSPropertyOp10
 70
     1
102
RTVSPropertyOp11
 70
     1
102
RTVSPropertyOp12
 70
     1
102
RTVSPropertyOp13
 70
     1
102
RTVSPropertyOp14
 70
     1
102
RTVSPropertyOp15
 70
     1
102
RTVSPropertyOp16
 70
     1
102
RTVSPropertyOp17
 70
     1
102
RTVSPropertyOp18
 70
     1
102
RTVSPropertyOp19
 70
     1
102
RTVSPropertyOp20
 70
     1
102
RTVSPropertyOp21
 70
     1
102
RTVSPropertyOp22
 70
     1
102
RTVSPropertyOp23
 70
     1
102
RTVSPropertyOp24
 70
     1
102
RTVSPropertyOp25
 70
     1
102
RTVSPropertyOp26
 70
     1
102
RTVSPropertyOp27
 70
     1
102
RTVSPropertyOp28
 70
     1
102
RTVSPropertyOp29
 70
     1
102
RTVSPropertyOp30
 70
     1
102
RTVSPropertyOp31
 70
     1
102
RTVSPropertyOp32
 70
     1
102
RTVSPropertyOp33
 70
     1
102
RTVSPropertyOp34
 70
     1
102
RTVSPropertyOp35
 70
     1
102
RTVSPropertyOp36
 70
     1
102
RTVSPropertyOp37
 70
     1
102
RTVSPropertyOp38
 70
     1
102
RTVSPropertyOp39
 70
     1
102
RTVSPropertyOp40
 70
     1
102
RTVSPropertyOp41
 70
     1
102
RTVSPropertyOp42
 70
     1
102
RTVSPropertyOp43
 70
     1
102
RTVSPropertyOp44
 70
     1
102
RTVSPropertyOp45
 70
     1
102
RTVSPropertyOp46
 70
     1
102
RTVSPropertyOp47
 70
     1
102
RTVSPropertyOp48
 70
     1
102
RTVSPropertyOp49
 70
     1
102
RTVSPropertyOp50
 70
     1
102
RTVSPropertyOp51
 70
     0
102
RTVSPropertyOp52
 70
     0
102
RTVSPropertyOp53
 70
     1
102
RTVSPropertyOp54
 70
     1
102
RTVSPropertyOp55
 70
     1
102
RTVSPropertyOp56
 70
     1
102
RTVSPropertyOp57
 70
     1
102
RTVSPost2010Prop28
280
     0
102
RTVSPost2010PropOp28
 70
     1
102
RTVSPost2010Prop29
280
     1
102
RTVSPost2010PropOp29
 70
     1
102
RTVSPost2010Prop30
280
     1
102
RTVSPost2010PropOp30
 70
     1
102
RTVSPost2010Prop31
280
     0
102
RTVSPost2010PropOp31
 70
     1
102
RTVSPost2010Prop32
280
     0
102
RTVSPost2010PropOp32
 70
     1
102
RTVSPost2010Prop33
280
     0
102
RTVSPost2010PropOp33
 70
     1
102
RTVSPost2010Prop34
280
     0
102
RTVSPost2010PropOp34
 70
     1
102
RTVSPost2010Prop35
280
     0
102
RTVSPost2010PropOp35
 70
     1
102
RTVSPost2010Prop36
280
     0
102
RTVSPost2010PropOp36
 70
     1
102
RTVSPost2010Prop37
 90
       50
102
RTVSPost2010PropOp37
 70
     1
102
RTVSPost2010Prop38
140
0.0
102
RTVSPost2010PropOp38
 70
     1
102
RTVSPost2010Prop39
140
1.0
102
RTVSPost2010PropOp39
 70
     1
102
RTVSPost2010Prop40
 90
        0
102
RTVSPost2010PropOp40
 70
     1
102
RTVSPost2010Prop41ColorIndex
 90
       18
102
RTVSPost2010Prop41ColorRGB
 90
        0
102
RTVSPost2010PropOp41
 70
     1
102
RTVSPost2010Prop42
 90
       50
102
RTVSPost2010PropOp42
 70
     1
102
RTVSPost2010Prop43
 90
        3
102
RTVSPost2010PropOp43
 70
     1
102
RTVSPost2010Prop44ColorIndex
 90
        5
102
RTVSPost2010Prop44ColorRGB
 90
      255
102
RTVSPost2010PropOp44
 70
     1
102
RTVSPost2010Prop45
280
     0
102
RTVSPost2010PropOp45
 70
     1
102
RTVSPost2010Prop46
 90
       50
102
RTVSPost2010PropOp46
 70
     1
102
RTVSPost2010Prop47
 90
       50
102
RTVSPost2010PropOp47
 70
     1
102
RTVSPost2010Prop48
 90
       50
102
RTVSPost2010PropOp48
 70
     1
102
RTVSPost2010Prop49
280
     0
102
RTVSPost2010PropOp49
 70
     1
102
RTVSPost2010Prop50
 90
       50
102
RTVSPost2010PropOp50
 70
     1
102
RTVSPost2010Prop51ColorIndex
 90
      256
102
RTVSPost2010Prop51ColorRGB
 90
-16777216
102
RTVSPost2010PropOp51
 70
     0
102
RTVSPost2010Prop52
140
1.0
102
RTVSPost2010PropOp52
 70
     0
102
RTVSPost2010Prop53
 90
        2
102
RTVSPost2010PropOp53
 70
     1
102
RTVSPost2010Prop54
  1
strokes_ogs.tif
102
RTVSPost2010PropOp54
 70
     1
102
RTVSPost2010Prop55
280
     0
102
RTVSPost2010PropOp55
 70
     1
102
RTVSPost2010Prop56
140
1.0
102
RTVSPost2010PropOp56
 70
     1
102
RTVSPost2010Prop57
140
1.0
102
RTVSPost2010PropOp57
 70
     1
  0
XRECORD
  5
D72
102
{ACAD_REACTORS
330
D71
102
}
330
D71
100
AcDbXrecord
280
     1
102
RTVSPropertyOp0
 70
     1
102
RTVSPropertyOp1
 70
     1
102
RTVSPropertyOp2
 70
     1
102
RTVSPropertyOp3
 70
     1
102
RTVSPropertyOp4
 70
     1
102
RTVSPropertyOp5
 70
     1
102
RTVSPropertyOp6
 70
     1
102
RTVSPropertyOp7
 70
     1
102
RTVSPropertyOp8
 70
     1
102
RTVSPropertyOp9
 70
     1
102
RTVSPropertyOp10
 70
     1
102
RTVSPropertyOp11
 70
     1
102
RTVSPropertyOp12
 70
     1
102
RTVSPropertyOp13
 70
     1
102
RTVSPropertyOp14
 70
     1
102
RTVSPropertyOp15
 70
     1
102
RTVSPropertyOp16
 70
     1
102
RTVSPropertyOp17
 70
     1
102
RTVSPropertyOp18
 70
     1
102
RTVSPropertyOp19
 70
     1
102
RTVSPropertyOp20
 70
     1
102
RTVSPropertyOp21
 70
     1
102
RTVSPropertyOp22
 70
     1
102
RTVSPropertyOp23
 70
     1
102
RTVSPropertyOp24
 70
     1
102
RTVSPropertyOp25
 70
     1
102
RTVSPropertyOp26
 70
     1
102
RTVSPropertyOp27
 70
     1
102
RTVSPropertyOp28
 70
     1
102
RTVSPropertyOp29
 70
     1
102
RTVSPropertyOp30
 70
     1
102
RTVSPropertyOp31
 70
     1
102
RTVSPropertyOp32
 70
     1
102
RTVSPropertyOp33
 70
     1
102
RTVSPropertyOp34
 70
     1
102
RTVSPropertyOp35
 70
     1
102
RTVSPropertyOp36
 70
     1
102
RTVSPropertyOp37
 70
     1
102
RTVSPropertyOp38
 70
     1
102
RTVSPropertyOp39
 70
     1
102
RTVSPropertyOp40
 70
     1
102
RTVSPropertyOp41
 70
     1
102
RTVSPropertyOp42
 70
     1
102
RTVSPropertyOp43
 70
     1
102
RTVSPropertyOp44
 70
     1
102
RTVSPropertyOp45
 70
     1
102
RTVSPropertyOp46
 70
     1
102
RTVSPropertyOp47
 70
     1
102
RTVSPropertyOp48
 70
     1
102
RTVSPropertyOp49
 70
     1
102
RTVSPropertyOp50
 70
     1
102
RTVSPropertyOp51
 70
     0
102
RTVSPropertyOp52
 70
     0
102
RTVSPropertyOp53
 70
     1
102
RTVSPropertyOp54
 70
     1
102
RTVSPropertyOp55
 70
     1
102
RTVSPropertyOp56
 70
     1
102
RTVSPropertyOp57
 70
     1
102
RTVSPost2010Prop28
280
     0
102
RTVSPost2010PropOp28
 70
     1
102
RTVSPost2010Prop29
280
     1
102
RTVSPost2010PropOp29
 70
     1
102
RTVSPost2010Prop30
280
     1
102
RTVSPost2010PropOp30
 70
     1
102
RTVSPost2010Prop31
280
     0
102
RTVSPost2010PropOp31
 70
     1
102
RTVSPost2010Prop32
280
     0
102
RTVSPost2010PropOp32
 70
     1
102
RTVSPost2010Prop33
280
     0
102
RTVSPost2010PropOp33
 70
     1
102
RTVSPost2010Prop34
280
     0
102
RTVSPost2010PropOp34
 70
     1
102
RTVSPost2010Prop35
280
     0
102
RTVSPost2010PropOp35
 70
     1
102
RTVSPost2010Prop36
280
     0
102
RTVSPost2010PropOp36
 70
     1
102
RTVSPost2010Prop37
 90
       50
102
RTVSPost2010PropOp37
 70
     1
102
RTVSPost2010Prop38
140
0.0
102
RTVSPost2010PropOp38
 70
     1
102
RTVSPost2010Prop39
140
1.0
102
RTVSPost2010PropOp39
 70
     1
102
RTVSPost2010Prop40
 90
        0
102
RTVSPost2010PropOp40
 70
     1
102
RTVSPost2010Prop41ColorIndex
 90
       18
102
RTVSPost2010Prop41ColorRGB
 90
        0
102
RTVSPost2010PropOp41
 70
     1
102
RTVSPost2010Prop42
 90
       50
102
RTVSPost2010PropOp42
 70
     1
102
RTVSPost2010Prop43
 90
        3
102
RTVSPost2010PropOp43
 70
     1
102
RTVSPost2010Prop44ColorIndex
 90
        5
102
RTVSPost2010Prop44ColorRGB
 90
      255
102
RTVSPost2010PropOp44
 70
     1
102
RTVSPost2010Prop45
280
     0
102
RTVSPost2010PropOp45
 70
     1
102
RTVSPost2010Prop46
 90
       50
102
RTVSPost2010PropOp46
 70
     1
102
RTVSPost2010Prop47
 90
       50
102
RTVSPost2010PropOp47
 70
     1
102
RTVSPost2010Prop48
 90
       50
102
RTVSPost2010PropOp48
 70
     1
102
RTVSPost2010Prop49
280
     0
102
RTVSPost2010PropOp49
 70
     1
102
RTVSPost2010Prop50
 90
       50
102
RTVSPost2010PropOp50
 70
     1
102
RTVSPost2010Prop51ColorIndex
 90
      256
102
RTVSPost2010Prop51ColorRGB
 90
-16777216
102
RTVSPost2010PropOp51
 70
     0
102
RTVSPost2010Prop52
140
1.0
102
RTVSPost2010PropOp52
 70
     0
102
RTVSPost2010Prop53
 90
        2
102
RTVSPost2010PropOp53
 70
     1
102
RTVSPost2010Prop54
  1
strokes_ogs.tif
102
RTVSPost2010PropOp54
 70
     1
102
RTVSPost2010Prop55
280
     0
102
RTVSPost2010PropOp55
 70
     1
102
RTVSPost2010Prop56
140
1.0
102
RTVSPost2010PropOp56
 70
     1
102
RTVSPost2010Prop57
140
1.0
102
RTVSPost2010PropOp57
 70
     1
  0
XRECORD
  5
D74
102
{ACAD_REACTORS
330
D73
102
}
330
D73
100
AcDbXrecord
280
     1
102
RTVSPropertyOp0
 70
     0
102
RTVSPropertyOp1
 70
     0
102
RTVSPropertyOp2
 70
     0
102
RTVSPropertyOp3
 70
     0
102
RTVSPropertyOp4
 70
     0
102
RTVSPropertyOp5
 70
     0
102
RTVSPropertyOp6
 70
     0
102
RTVSPropertyOp7
 70
     0
102
RTVSPropertyOp8
 70
     0
102
RTVSPropertyOp9
 70
     0
102
RTVSPropertyOp10
 70
     0
102
RTVSPropertyOp11
 70
     0
102
RTVSPropertyOp12
 70
     0
102
RTVSPropertyOp13
 70
     0
102
RTVSPropertyOp14
 70
     2
102
RTVSPropertyOp15
 70
     0
102
RTVSPropertyOp16
 70
     0
102
RTVSPropertyOp17
 70
     0
102
RTVSPropertyOp18
 70
     0
102
RTVSPropertyOp19
 70
     0
102
RTVSPropertyOp20
 70
     0
102
RTVSPropertyOp21
 70
     0
102
RTVSPropertyOp22
 70
     0
102
RTVSPropertyOp23
 70
     0
102
RTVSPropertyOp24
 70
     0
102
RTVSPropertyOp25
 70
     0
102
RTVSPropertyOp26
 70
     0
102
RTVSPropertyOp27
 70
     0
102
RTVSPropertyOp28
 70
     1
102
RTVSPropertyOp29
 70
     1
102
RTVSPropertyOp30
 70
     1
102
RTVSPropertyOp31
 70
     1
102
RTVSPropertyOp32
 70
     1
102
RTVSPropertyOp33
 70
     1
102
RTVSPropertyOp34
 70
     1
102
RTVSPropertyOp35
 70
     1
102
RTVSPropertyOp36
 70
     1
102
RTVSPropertyOp37
 70
     1
102
RTVSPropertyOp38
 70
     1
102
RTVSPropertyOp39
 70
     1
102
RTVSPropertyOp40
 70
     1
102
RTVSPropertyOp41
 70
     1
102
RTVSPropertyOp42
 70
     1
102
RTVSPropertyOp43
 70
     1
102
RTVSPropertyOp44
 70
     1
102
RTVSPropertyOp45
 70
     1
102
RTVSPropertyOp46
 70
     1
102
RTVSPropertyOp47
 70
     1
102
RTVSPropertyOp48
 70
     1
102
RTVSPropertyOp49
 70
     1
102
RTVSPropertyOp50
 70
     1
102
RTVSPropertyOp51
 70
     0
102
RTVSPropertyOp52
 70
     0
102
RTVSPropertyOp53
 70
     1
102
RTVSPropertyOp54
 70
     1
102
RTVSPropertyOp55
 70
     1
102
RTVSPropertyOp56
 70
     1
102
RTVSPropertyOp57
 70
     1
102
RTVSPost2010Prop28
280
     0
102
RTVSPost2010PropOp28
 70
     1
102
RTVSPost2010Prop29
280
     1
102
RTVSPost2010PropOp29
 70
     1
102
RTVSPost2010Prop30
280
     1
102
RTVSPost2010PropOp30
 70
     1
102
RTVSPost2010Prop31
280
     0
102
RTVSPost2010PropOp31
 70
     1
102
RTVSPost2010Prop32
280
     0
102
RTVSPost2010PropOp32
 70
     1
102
RTVSPost2010Prop33
280
     0
102
RTVSPost2010PropOp33
 70
     1
102
RTVSPost2010Prop34
280
     0
102
RTVSPost2010PropOp34
 70
     1
102
RTVSPost2010Prop35
280
     0
102
RTVSPost2010PropOp35
 70
     1
102
RTVSPost2010Prop36
280
     0
102
RTVSPost2010PropOp36
 70
     1
102
RTVSPost2010Prop37
 90
       50
102
RTVSPost2010PropOp37
 70
     1
102
RTVSPost2010Prop38
140
0.0
102
RTVSPost2010PropOp38
 70
     1
102
RTVSPost2010Prop39
140
1.0
102
RTVSPost2010PropOp39
 70
     1
102
RTVSPost2010Prop40
 90
        0
102
RTVSPost2010PropOp40
 70
     1
102
RTVSPost2010Prop41ColorIndex
 90
       18
102
RTVSPost2010Prop41ColorRGB
 90
        0
102
RTVSPost2010PropOp41
 70
     1
102
RTVSPost2010Prop42
 90
       50
102
RTVSPost2010PropOp42
 70
     1
102
RTVSPost2010Prop43
 90
        3
102
RTVSPost2010PropOp43
 70
     1
102
RTVSPost2010Prop44ColorIndex
 90
        5
102
RTVSPost2010Prop44ColorRGB
 90
      255
102
RTVSPost2010PropOp44
 70
     1
102
RTVSPost2010Prop45
280
     0
102
RTVSPost2010PropOp45
 70
     1
102
RTVSPost2010Prop46
 90
       50
102
RTVSPost2010PropOp46
 70
     1
102
RTVSPost2010Prop47
 90
       50
102
RTVSPost2010PropOp47
 70
     1
102
RTVSPost2010Prop48
 90
       50
102
RTVSPost2010PropOp48
 70
     1
102
RTVSPost2010Prop49
280
     0
102
RTVSPost2010PropOp49
 70
     1
102
RTVSPost2010Prop50
 90
       50
102
RTVSPost2010PropOp50
 70
     1
102
RTVSPost2010Prop51ColorIndex
 90
      256
102
RTVSPost2010Prop51ColorRGB
 90
-16777216
102
RTVSPost2010PropOp51
 70
     0
102
RTVSPost2010Prop52
140
1.0
102
RTVSPost2010PropOp52
 70
     0
102
RTVSPost2010Prop53
 90
        2
102
RTVSPost2010PropOp53
 70
     1
102
RTVSPost2010Prop54
  1
strokes_ogs.tif
102
RTVSPost2010PropOp54
 70
     1
102
RTVSPost2010Prop55
280
     0
102
RTVSPost2010PropOp55
 70
     1
102
RTVSPost2010Prop56
140
1.0
102
RTVSPost2010PropOp56
 70
     1
102
RTVSPost2010Prop57
140
1.0
102
RTVSPost2010PropOp57
 70
     1
  0
XRECORD
  5
D76
102
{ACAD_REACTORS
330
D75
102
}
330
D75
100
AcDbXrecord
280
     1
102
RTVSPropertyOp0
 70
     1
102
RTVSPropertyOp1
 70
     1
102
RTVSPropertyOp2
 70
     1
102
RTVSPropertyOp3
 70
     1
102
RTVSPropertyOp4
 70
     1
102
RTVSPropertyOp5
 70
     1
102
RTVSPropertyOp6
 70
     1
102
RTVSPropertyOp7
 70
     1
102
RTVSPropertyOp8
 70
     1
102
RTVSPropertyOp9
 70
     1
102
RTVSPropertyOp10
 70
     1
102
RTVSPropertyOp11
 70
     1
102
RTVSPropertyOp12
 70
     1
102
RTVSPropertyOp13
 70
     1
102
RTVSPropertyOp14
 70
     1
102
RTVSPropertyOp15
 70
     1
102
RTVSPropertyOp16
 70
     1
102
RTVSPropertyOp17
 70
     1
102
RTVSPropertyOp18
 70
     1
102
RTVSPropertyOp19
 70
     1
102
RTVSPropertyOp20
 70
     1
102
RTVSPropertyOp21
 70
     1
102
RTVSPropertyOp22
 70
     1
102
RTVSPropertyOp23
 70
     1
102
RTVSPropertyOp24
 70
     1
102
RTVSPropertyOp25
 70
     1
102
RTVSPropertyOp26
 70
     1
102
RTVSPropertyOp27
 70
     1
102
RTVSPropertyOp28
 70
     1
102
RTVSPropertyOp29
 70
     1
102
RTVSPropertyOp30
 70
     1
102
RTVSPropertyOp31
 70
     1
102
RTVSPropertyOp32
 70
     1
102
RTVSPropertyOp33
 70
     1
102
RTVSPropertyOp34
 70
     1
102
RTVSPropertyOp35
 70
     1
102
RTVSPropertyOp36
 70
     1
102
RTVSPropertyOp37
 70
     1
102
RTVSPropertyOp38
 70
     1
102
RTVSPropertyOp39
 70
     1
102
RTVSPropertyOp40
 70
     1
102
RTVSPropertyOp41
 70
     1
102
RTVSPropertyOp42
 70
     1
102
RTVSPropertyOp43
 70
     1
102
RTVSPropertyOp44
 70
     1
102
RTVSPropertyOp45
 70
     1
102
RTVSPropertyOp46
 70
     1
102
RTVSPropertyOp47
 70
     1
102
RTVSPropertyOp48
 70
     1
102
RTVSPropertyOp49
 70
     1
102
RTVSPropertyOp50
 70
     1
102
RTVSPropertyOp51
 70
     0
102
RTVSPropertyOp52
 70
     0
102
RTVSPropertyOp53
 70
     1
102
RTVSPropertyOp54
 70
     1
102
RTVSPropertyOp55
 70
     1
102
RTVSPropertyOp56
 70
     1
102
RTVSPropertyOp57
 70
     1
102
RTVSPost2010Prop28
280
     0
102
RTVSPost2010PropOp28
 70
     1
102
RTVSPost2010Prop29
280
     1
102
RTVSPost2010PropOp29
 70
     1
102
RTVSPost2010Prop30
280
     1
102
RTVSPost2010PropOp30
 70
     1
102
RTVSPost2010Prop31
280
     0
102
RTVSPost2010PropOp31
 70
     1
102
RTVSPost2010Prop32
280
     0
102
RTVSPost2010PropOp32
 70
     1
102
RTVSPost2010Prop33
280
     0
102
RTVSPost2010PropOp33
 70
     1
102
RTVSPost2010Prop34
280
     0
102
RTVSPost2010PropOp34
 70
     1
102
RTVSPost2010Prop35
280
     0
102
RTVSPost2010PropOp35
 70
     1
102
RTVSPost2010Prop36
280
     0
102
RTVSPost2010PropOp36
 70
     1
102
RTVSPost2010Prop37
 90
       50
102
RTVSPost2010PropOp37
 70
     1
102
RTVSPost2010Prop38
140
0.0
102
RTVSPost2010PropOp38
 70
     1
102
RTVSPost2010Prop39
140
1.0
102
RTVSPost2010PropOp39
 70
     1
102
RTVSPost2010Prop40
 90
        0
102
RTVSPost2010PropOp40
 70
     1
102
RTVSPost2010Prop41ColorIndex
 90
       18
102
RTVSPost2010Prop41ColorRGB
 90
        0
102
RTVSPost2010PropOp41
 70
     1
102
RTVSPost2010Prop42
 90
       50
102
RTVSPost2010PropOp42
 70
     1
102
RTVSPost2010Prop43
 90
        3
102
RTVSPost2010PropOp43
 70
     1
102
RTVSPost2010Prop44ColorIndex
 90
        5
102
RTVSPost2010Prop44ColorRGB
 90
      255
102
RTVSPost2010PropOp44
 70
     1
102
RTVSPost2010Prop45
280
     0
102
RTVSPost2010PropOp45
 70
     1
102
RTVSPost2010Prop46
 90
       50
102
RTVSPost2010PropOp46
 70
     1
102
RTVSPost2010Prop47
 90
       50
102
RTVSPost2010PropOp47
 70
     1
102
RTVSPost2010Prop48
 90
       50
102
RTVSPost2010PropOp48
 70
     1
102
RTVSPost2010Prop49
280
     0
102
RTVSPost2010PropOp49
 70
     1
102
RTVSPost2010Prop50
 90
       50
102
RTVSPost2010PropOp50
 70
     1
102
RTVSPost2010Prop51ColorIndex
 90
      256
102
RTVSPost2010Prop51ColorRGB
 90
-16777216
102
RTVSPost2010PropOp51
 70
     0
102
RTVSPost2010Prop52
140
1.0
102
RTVSPost2010PropOp52
 70
     0
102
RTVSPost2010Prop53
 90
        2
102
RTVSPost2010PropOp53
 70
     1
102
RTVSPost2010Prop54
  1
strokes_ogs.tif
102
RTVSPost2010PropOp54
 70
     1
102
RTVSPost2010Prop55
280
     0
102
RTVSPost2010PropOp55
 70
     1
102
RTVSPost2010Prop56
140
1.0
102
RTVSPost2010PropOp56
 70
     1
102
RTVSPost2010Prop57
140
1.0
102
RTVSPost2010PropOp57
 70
     1
  0
XRECORD
  5
D78
102
{ACAD_REACTORS
330
D77
102
}
330
D77
100
AcDbXrecord
280
     1
102
RTVSPropertyOp0
 70
     0
102
RTVSPropertyOp1
 70
     0
102
RTVSPropertyOp2
 70
     0
102
RTVSPropertyOp3
 70
     0
102
RTVSPropertyOp4
 70
     0
102
RTVSPropertyOp5
 70
     0
102
RTVSPropertyOp6
 70
     0
102
RTVSPropertyOp7
 70
     0
102
RTVSPropertyOp8
 70
     0
102
RTVSPropertyOp9
 70
     0
102
RTVSPropertyOp10
 70
     0
102
RTVSPropertyOp11
 70
     0
102
RTVSPropertyOp12
 70
     0
102
RTVSPropertyOp13
 70
     0
102
RTVSPropertyOp14
 70
     2
102
RTVSPropertyOp15
 70
     0
102
RTVSPropertyOp16
 70
     0
102
RTVSPropertyOp17
 70
     0
102
RTVSPropertyOp18
 70
     0
102
RTVSPropertyOp19
 70
     0
102
RTVSPropertyOp20
 70
     0
102
RTVSPropertyOp21
 70
     0
102
RTVSPropertyOp22
 70
     0
102
RTVSPropertyOp23
 70
     0
102
RTVSPropertyOp24
 70
     0
102
RTVSPropertyOp25
 70
     0
102
RTVSPropertyOp26
 70
     0
102
RTVSPropertyOp27
 70
     0
102
RTVSPropertyOp28
 70
     1
102
RTVSPropertyOp29
 70
     1
102
RTVSPropertyOp30
 70
     1
102
RTVSPropertyOp31
 70
     1
102
RTVSPropertyOp32
 70
     1
102
RTVSPropertyOp33
 70
     1
102
RTVSPropertyOp34
 70
     1
102
RTVSPropertyOp35
 70
     1
102
RTVSPropertyOp36
 70
     1
102
RTVSPropertyOp37
 70
     1
102
RTVSPropertyOp38
 70
     1
102
RTVSPropertyOp39
 70
     1
102
RTVSPropertyOp40
 70
     1
102
RTVSPropertyOp41
 70
     1
102
RTVSPropertyOp42
 70
     1
102
RTVSPropertyOp43
 70
     1
102
RTVSPropertyOp44
 70
     1
102
RTVSPropertyOp45
 70
     1
102
RTVSPropertyOp46
 70
     1
102
RTVSPropertyOp47
 70
     1
102
RTVSPropertyOp48
 70
     1
102
RTVSPropertyOp49
 70
     1
102
RTVSPropertyOp50
 70
     1
102
RTVSPropertyOp51
 70
     0
102
RTVSPropertyOp52
 70
     0
102
RTVSPropertyOp53
 70
     1
102
RTVSPropertyOp54
 70
     1
102
RTVSPropertyOp55
 70
     1
102
RTVSPropertyOp56
 70
     1
102
RTVSPropertyOp57
 70
     1
102
RTVSPost2010Prop28
280
     0
102
RTVSPost2010PropOp28
 70
     1
102
RTVSPost2010Prop29
280
     1
102
RTVSPost2010PropOp29
 70
     1
102
RTVSPost2010Prop30
280
     1
102
RTVSPost2010PropOp30
 70
     1
102
RTVSPost2010Prop31
280
     0
102
RTVSPost2010PropOp31
 70
     1
102
RTVSPost2010Prop32
280
     0
102
RTVSPost2010PropOp32
 70
     1
102
RTVSPost2010Prop33
280
     0
102
RTVSPost2010PropOp33
 70
     1
102
RTVSPost2010Prop34
280
     0
102
RTVSPost2010PropOp34
 70
     1
102
RTVSPost2010Prop35
280
     0
102
RTVSPost2010PropOp35
 70
     1
102
RTVSPost2010Prop36
280
     0
102
RTVSPost2010PropOp36
 70
     1
102
RTVSPost2010Prop37
 90
       50
102
RTVSPost2010PropOp37
 70
     1
102
RTVSPost2010Prop38
140
0.0
102
RTVSPost2010PropOp38
 70
     1
102
RTVSPost2010Prop39
140
1.0
102
RTVSPost2010PropOp39
 70
     1
102
RTVSPost2010Prop40
 90
        0
102
RTVSPost2010PropOp40
 70
     1
102
RTVSPost2010Prop41ColorIndex
 90
       18
102
RTVSPost2010Prop41ColorRGB
 90
        0
102
RTVSPost2010PropOp41
 70
     1
102
RTVSPost2010Prop42
 90
       50
102
RTVSPost2010PropOp42
 70
     1
102
RTVSPost2010Prop43
 90
        3
102
RTVSPost2010PropOp43
 70
     1
102
RTVSPost2010Prop44ColorIndex
 90
        5
102
RTVSPost2010Prop44ColorRGB
 90
      255
102
RTVSPost2010PropOp44
 70
     1
102
RTVSPost2010Prop45
280
     0
102
RTVSPost2010PropOp45
 70
     1
102
RTVSPost2010Prop46
 90
       50
102
RTVSPost2010PropOp46
 70
     1
102
RTVSPost2010Prop47
 90
       50
102
RTVSPost2010PropOp47
 70
     1
102
RTVSPost2010Prop48
 90
       50
102
RTVSPost2010PropOp48
 70
     1
102
RTVSPost2010Prop49
280
     0
102
RTVSPost2010PropOp49
 70
     1
102
RTVSPost2010Prop50
 90
       50
102
RTVSPost2010PropOp50
 70
     1
102
RTVSPost2010Prop51ColorIndex
 90
      256
102
RTVSPost2010Prop51ColorRGB
 90
-16777216
102
RTVSPost2010PropOp51
 70
     0
102
RTVSPost2010Prop52
140
1.0
102
RTVSPost2010PropOp52
 70
     0
102
RTVSPost2010Prop53
 90
        2
102
RTVSPost2010PropOp53
 70
     1
102
RTVSPost2010Prop54
  1
strokes_ogs.tif
102
RTVSPost2010PropOp54
 70
     1
102
RTVSPost2010Prop55
280
     0
102
RTVSPost2010PropOp55
 70
     1
102
RTVSPost2010Prop56
140
1.0
102
RTVSPost2010PropOp56
 70
     1
102
RTVSPost2010Prop57
140
1.0
102
RTVSPost2010PropOp57
 70
     1
  0
XRECORD
  5
D7A
102
{ACAD_REACTORS
330
D79
102
}
330
D79
100
AcDbXrecord
280
     1
102
RTVSPropertyOp0
 70
     1
102
RTVSPropertyOp1
 70
     1
102
RTVSPropertyOp2
 70
     1
102
RTVSPropertyOp3
 70
     1
102
RTVSPropertyOp4
 70
     1
102
RTVSPropertyOp5
 70
     1
102
RTVSPropertyOp6
 70
     1
102
RTVSPropertyOp7
 70
     1
102
RTVSPropertyOp8
 70
     1
102
RTVSPropertyOp9
 70
     1
102
RTVSPropertyOp10
 70
     1
102
RTVSPropertyOp11
 70
     1
102
RTVSPropertyOp12
 70
     1
102
RTVSPropertyOp13
 70
     1
102
RTVSPropertyOp14
 70
     1
102
RTVSPropertyOp15
 70
     1
102
RTVSPropertyOp16
 70
     1
102
RTVSPropertyOp17
 70
     1
102
RTVSPropertyOp18
 70
     1
102
RTVSPropertyOp19
 70
     1
102
RTVSPropertyOp20
 70
     1
102
RTVSPropertyOp21
 70
     1
102
RTVSPropertyOp22
 70
     1
102
RTVSPropertyOp23
 70
     1
102
RTVSPropertyOp24
 70
     1
102
RTVSPropertyOp25
 70
     1
102
RTVSPropertyOp26
 70
     1
102
RTVSPropertyOp27
 70
     1
102
RTVSPropertyOp28
 70
     1
102
RTVSPropertyOp29
 70
     1
102
RTVSPropertyOp30
 70
     1
102
RTVSPropertyOp31
 70
     1
102
RTVSPropertyOp32
 70
     1
102
RTVSPropertyOp33
 70
     1
102
RTVSPropertyOp34
 70
     1
102
RTVSPropertyOp35
 70
     1
102
RTVSPropertyOp36
 70
     1
102
RTVSPropertyOp37
 70
     1
102
RTVSPropertyOp38
 70
     1
102
RTVSPropertyOp39
 70
     1
102
RTVSPropertyOp40
 70
     1
102
RTVSPropertyOp41
 70
     1
102
RTVSPropertyOp42
 70
     1
102
RTVSPropertyOp43
 70
     1
102
RTVSPropertyOp44
 70
     1
102
RTVSPropertyOp45
 70
     1
102
RTVSPropertyOp46
 70
     1
102
RTVSPropertyOp47
 70
     1
102
RTVSPropertyOp48
 70
     1
102
RTVSPropertyOp49
 70
     1
102
RTVSPropertyOp50
 70
     1
102
RTVSPropertyOp51
 70
     0
102
RTVSPropertyOp52
 70
     0
102
RTVSPropertyOp53
 70
     1
102
RTVSPropertyOp54
 70
     1
102
RTVSPropertyOp55
 70
     1
102
RTVSPropertyOp56
 70
     1
102
RTVSPropertyOp57
 70
     1
102
RTVSPost2010Prop28
280
     0
102
RTVSPost2010PropOp28
 70
     1
102
RTVSPost2010Prop29
280
     1
102
RTVSPost2010PropOp29
 70
     1
102
RTVSPost2010Prop30
280
     1
102
RTVSPost2010PropOp30
 70
     1
102
RTVSPost2010Prop31
280
     0
102
RTVSPost2010PropOp31
 70
     1
102
RTVSPost2010Prop32
280
     0
102
RTVSPost2010PropOp32
 70
     1
102
RTVSPost2010Prop33
280
     0
102
RTVSPost2010PropOp33
 70
     1
102
RTVSPost2010Prop34
280
     0
102
RTVSPost2010PropOp34
 70
     1
102
RTVSPost2010Prop35
280
     0
102
RTVSPost2010PropOp35
 70
     1
102
RTVSPost2010Prop36
280
     0
102
RTVSPost2010PropOp36
 70
     1
102
RTVSPost2010Prop37
 90
       50
102
RTVSPost2010PropOp37
 70
     1
102
RTVSPost2010Prop38
140
0.0
102
RTVSPost2010PropOp38
 70
     1
102
RTVSPost2010Prop39
140
1.0
102
RTVSPost2010PropOp39
 70
     1
102
RTVSPost2010Prop40
 90
        0
102
RTVSPost2010PropOp40
 70
     1
102
RTVSPost2010Prop41ColorIndex
 90
       18
102
RTVSPost2010Prop41ColorRGB
 90
        0
102
RTVSPost2010PropOp41
 70
     1
102
RTVSPost2010Prop42
 90
       50
102
RTVSPost2010PropOp42
 70
     1
102
RTVSPost2010Prop43
 90
        3
102
RTVSPost2010PropOp43
 70
     1
102
RTVSPost2010Prop44ColorIndex
 90
        5
102
RTVSPost2010Prop44ColorRGB
 90
      255
102
RTVSPost2010PropOp44
 70
     1
102
RTVSPost2010Prop45
280
     0
102
RTVSPost2010PropOp45
 70
     1
102
RTVSPost2010Prop46
 90
       50
102
RTVSPost2010PropOp46
 70
     1
102
RTVSPost2010Prop47
 90
       50
102
RTVSPost2010PropOp47
 70
     1
102
RTVSPost2010Prop48
 90
       50
102
RTVSPost2010PropOp48
 70
     1
102
RTVSPost2010Prop49
280
     0
102
RTVSPost2010PropOp49
 70
     1
102
RTVSPost2010Prop50
 90
       50
102
RTVSPost2010PropOp50
 70
     1
102
RTVSPost2010Prop51ColorIndex
 90
      256
102
RTVSPost2010Prop51ColorRGB
 90
-16777216
102
RTVSPost2010PropOp51
 70
     0
102
RTVSPost2010Prop52
140
1.0
102
RTVSPost2010PropOp52
 70
     0
102
RTVSPost2010Prop53
 90
        2
102
RTVSPost2010PropOp53
 70
     1
102
RTVSPost2010Prop54
  1
strokes_ogs.tif
102
RTVSPost2010PropOp54
 70
     1
102
RTVSPost2010Prop55
280
     0
102
RTVSPost2010PropOp55
 70
     1
102
RTVSPost2010Prop56
140
1.0
102
RTVSPost2010PropOp56
 70
     1
102
RTVSPost2010Prop57
140
1.0
102
RTVSPost2010PropOp57
 70
     1
  0
XRECORD
  5
D7C
102
{ACAD_REACTORS
330
D7B
102
}
330
D7B
100
AcDbXrecord
280
     1
102
RTVSPropertyOp0
 70
     1
102
RTVSPropertyOp1
 70
     1
102
RTVSPropertyOp2
 70
     1
102
RTVSPropertyOp3
 70
     1
102
RTVSPropertyOp4
 70
     1
102
RTVSPropertyOp5
 70
     1
102
RTVSPropertyOp6
 70
     1
102
RTVSPropertyOp7
 70
     1
102
RTVSPropertyOp8
 70
     1
102
RTVSPropertyOp9
 70
     1
102
RTVSPropertyOp10
 70
     1
102
RTVSPropertyOp11
 70
     1
102
RTVSPropertyOp12
 70
     1
102
RTVSPropertyOp13
 70
     1
102
RTVSPropertyOp14
 70
     1
102
RTVSPropertyOp15
 70
     1
102
RTVSPropertyOp16
 70
     1
102
RTVSPropertyOp17
 70
     1
102
RTVSPropertyOp18
 70
     1
102
RTVSPropertyOp19
 70
     1
102
RTVSPropertyOp20
 70
     1
102
RTVSPropertyOp21
 70
     1
102
RTVSPropertyOp22
 70
     1
102
RTVSPropertyOp23
 70
     1
102
RTVSPropertyOp24
 70
     1
102
RTVSPropertyOp25
 70
     1
102
RTVSPropertyOp26
 70
     1
102
RTVSPropertyOp27
 70
     1
102
RTVSPropertyOp28
 70
     1
102
RTVSPropertyOp29
 70
     1
102
RTVSPropertyOp30
 70
     1
102
RTVSPropertyOp31
 70
     1
102
RTVSPropertyOp32
 70
     1
102
RTVSPropertyOp33
 70
     1
102
RTVSPropertyOp34
 70
     1
102
RTVSPropertyOp35
 70
     1
102
RTVSPropertyOp36
 70
     1
102
RTVSPropertyOp37
 70
     1
102
RTVSPropertyOp38
 70
     1
102
RTVSPropertyOp39
 70
     1
102
RTVSPropertyOp40
 70
     1
102
RTVSPropertyOp41
 70
     1
102
RTVSPropertyOp42
 70
     1
102
RTVSPropertyOp43
 70
     1
102
RTVSPropertyOp44
 70
     1
102
RTVSPropertyOp45
 70
     1
102
RTVSPropertyOp46
 70
     1
102
RTVSPropertyOp47
 70
     1
102
RTVSPropertyOp48
 70
     1
102
RTVSPropertyOp49
 70
     1
102
RTVSPropertyOp50
 70
     1
102
RTVSPropertyOp51
 70
     0
102
RTVSPropertyOp52
 70
     0
102
RTVSPropertyOp53
 70
     1
102
RTVSPropertyOp54
 70
     1
102
RTVSPropertyOp55
 70
     1
102
RTVSPropertyOp56
 70
     1
102
RTVSPropertyOp57
 70
     1
102
RTVSPost2010Prop28
280
     0
102
RTVSPost2010PropOp28
 70
     1
102
RTVSPost2010Prop29
280
     1
102
RTVSPost2010PropOp29
 70
     1
102
RTVSPost2010Prop30
280
     1
102
RTVSPost2010PropOp30
 70
     1
102
RTVSPost2010Prop31
280
     0
102
RTVSPost2010PropOp31
 70
     1
102
RTVSPost2010Prop32
280
     0
102
RTVSPost2010PropOp32
 70
     1
102
RTVSPost2010Prop33
280
     0
102
RTVSPost2010PropOp33
 70
     1
102
RTVSPost2010Prop34
280
     0
102
RTVSPost2010PropOp34
 70
     1
102
RTVSPost2010Prop35
280
     0
102
RTVSPost2010PropOp35
 70
     1
102
RTVSPost2010Prop36
280
     0
102
RTVSPost2010PropOp36
 70
     1
102
RTVSPost2010Prop37
 90
       50
102
RTVSPost2010PropOp37
 70
     1
102
RTVSPost2010Prop38
140
0.0
102
RTVSPost2010PropOp38
 70
     1
102
RTVSPost2010Prop39
140
1.0
102
RTVSPost2010PropOp39
 70
     1
102
RTVSPost2010Prop40
 90
        0
102
RTVSPost2010PropOp40
 70
     1
102
RTVSPost2010Prop41ColorIndex
 90
       18
102
RTVSPost2010Prop41ColorRGB
 90
        0
102
RTVSPost2010PropOp41
 70
     1
102
RTVSPost2010Prop42
 90
       50
102
RTVSPost2010PropOp42
 70
     1
102
RTVSPost2010Prop43
 90
        3
102
RTVSPost2010PropOp43
 70
     1
102
RTVSPost2010Prop44ColorIndex
 90
        5
102
RTVSPost2010Prop44ColorRGB
 90
      255
102
RTVSPost2010PropOp44
 70
     1
102
RTVSPost2010Prop45
280
     0
102
RTVSPost2010PropOp45
 70
     1
102
RTVSPost2010Prop46
 90
       50
102
RTVSPost2010PropOp46
 70
     1
102
RTVSPost2010Prop47
 90
       50
102
RTVSPost2010PropOp47
 70
     1
102
RTVSPost2010Prop48
 90
       50
102
RTVSPost2010PropOp48
 70
     1
102
RTVSPost2010Prop49
280
     0
102
RTVSPost2010PropOp49
 70
     1
102
RTVSPost2010Prop50
 90
       50
102
RTVSPost2010PropOp50
 70
     1
102
RTVSPost2010Prop51ColorIndex
 90
      256
102
RTVSPost2010Prop51ColorRGB
 90
-16777216
102
RTVSPost2010PropOp51
 70
     0
102
RTVSPost2010Prop52
140
1.0
102
RTVSPost2010PropOp52
 70
     0
102
RTVSPost2010Prop53
 90
        2
102
RTVSPost2010PropOp53
 70
     1
102
RTVSPost2010Prop54
  1
strokes_ogs.tif
102
RTVSPost2010PropOp54
 70
     1
102
RTVSPost2010Prop55
280
     0
102
RTVSPost2010PropOp55
 70
     1
102
RTVSPost2010Prop56
140
1.0
102
RTVSPost2010PropOp56
 70
     1
102
RTVSPost2010Prop57
140
1.0
102
RTVSPost2010PropOp57
 70
     1
  0
XRECORD
  5
D7E
102
{ACAD_REACTORS
330
D7D
102
}
330
D7D
100
AcDbXrecord
280
     1
102
RTVSPropertyOp0
 70
     1
102
RTVSPropertyOp1
 70
     1
102
RTVSPropertyOp2
 70
     1
102
RTVSPropertyOp3
 70
     1
102
RTVSPropertyOp4
 70
     1
102
RTVSPropertyOp5
 70
     1
102
RTVSPropertyOp6
 70
     1
102
RTVSPropertyOp7
 70
     1
102
RTVSPropertyOp8
 70
     1
102
RTVSPropertyOp9
 70
     1
102
RTVSPropertyOp10
 70
     1
102
RTVSPropertyOp11
 70
     1
102
RTVSPropertyOp12
 70
     1
102
RTVSPropertyOp13
 70
     1
102
RTVSPropertyOp14
 70
     1
102
RTVSPropertyOp15
 70
     1
102
RTVSPropertyOp16
 70
     1
102
RTVSPropertyOp17
 70
     1
102
RTVSPropertyOp18
 70
     1
102
RTVSPropertyOp19
 70
     1
102
RTVSPropertyOp20
 70
     1
102
RTVSPropertyOp21
 70
     1
102
RTVSPropertyOp22
 70
     1
102
RTVSPropertyOp23
 70
     1
102
RTVSPropertyOp24
 70
     1
102
RTVSPropertyOp25
 70
     1
102
RTVSPropertyOp26
 70
     1
102
RTVSPropertyOp27
 70
     1
102
RTVSPropertyOp28
 70
     1
102
RTVSPropertyOp29
 70
     1
102
RTVSPropertyOp30
 70
     1
102
RTVSPropertyOp31
 70
     1
102
RTVSPropertyOp32
 70
     1
102
RTVSPropertyOp33
 70
     1
102
RTVSPropertyOp34
 70
     1
102
RTVSPropertyOp35
 70
     1
102
RTVSPropertyOp36
 70
     1
102
RTVSPropertyOp37
 70
     1
102
RTVSPropertyOp38
 70
     1
102
RTVSPropertyOp39
 70
     1
102
RTVSPropertyOp40
 70
     1
102
RTVSPropertyOp41
 70
     1
102
RTVSPropertyOp42
 70
     1
102
RTVSPropertyOp43
 70
     1
102
RTVSPropertyOp44
 70
     1
102
RTVSPropertyOp45
 70
     1
102
RTVSPropertyOp46
 70
     1
102
RTVSPropertyOp47
 70
     1
102
RTVSPropertyOp48
 70
     1
102
RTVSPropertyOp49
 70
     1
102
RTVSPropertyOp50
 70
     1
102
RTVSPropertyOp51
 70
     0
102
RTVSPropertyOp52
 70
     0
102
RTVSPropertyOp53
 70
     1
102
RTVSPropertyOp54
 70
     1
102
RTVSPropertyOp55
 70
     1
102
RTVSPropertyOp56
 70
     1
102
RTVSPropertyOp57
 70
     1
102
RTVSPost2010Prop28
280
     0
102
RTVSPost2010PropOp28
 70
     1
102
RTVSPost2010Prop29
280
     1
102
RTVSPost2010PropOp29
 70
     1
102
RTVSPost2010Prop30
280
     1
102
RTVSPost2010PropOp30
 70
     1
102
RTVSPost2010Prop31
280
     0
102
RTVSPost2010PropOp31
 70
     1
102
RTVSPost2010Prop32
280
     0
102
RTVSPost2010PropOp32
 70
     1
102
RTVSPost2010Prop33
280
     0
102
RTVSPost2010PropOp33
 70
     1
102
RTVSPost2010Prop34
280
     0
102
RTVSPost2010PropOp34
 70
     1
102
RTVSPost2010Prop35
280
     0
102
RTVSPost2010PropOp35
 70
     1
102
RTVSPost2010Prop36
280
     0
102
RTVSPost2010PropOp36
 70
     1
102
RTVSPost2010Prop37
 90
       50
102
RTVSPost2010PropOp37
 70
     1
102
RTVSPost2010Prop38
140
0.0
102
RTVSPost2010PropOp38
 70
     1
102
RTVSPost2010Prop39
140
1.0
102
RTVSPost2010PropOp39
 70
     1
102
RTVSPost2010Prop40
 90
        0
102
RTVSPost2010PropOp40
 70
     1
102
RTVSPost2010Prop41ColorIndex
 90
       18
102
RTVSPost2010Prop41ColorRGB
 90
        0
102
RTVSPost2010PropOp41
 70
     1
102
RTVSPost2010Prop42
 90
       50
102
RTVSPost2010PropOp42
 70
     1
102
RTVSPost2010Prop43
 90
        3
102
RTVSPost2010PropOp43
 70
     1
102
RTVSPost2010Prop44ColorIndex
 90
        5
102
RTVSPost2010Prop44ColorRGB
 90
      255
102
RTVSPost2010PropOp44
 70
     1
102
RTVSPost2010Prop45
280
     0
102
RTVSPost2010PropOp45
 70
     1
102
RTVSPost2010Prop46
 90
       50
102
RTVSPost2010PropOp46
 70
     1
102
RTVSPost2010Prop47
 90
       50
102
RTVSPost2010PropOp47
 70
     1
102
RTVSPost2010Prop48
 90
       50
102
RTVSPost2010PropOp48
 70
     1
102
RTVSPost2010Prop49
280
     0
102
RTVSPost2010PropOp49
 70
     1
102
RTVSPost2010Prop50
 90
       50
102
RTVSPost2010PropOp50
 70
     1
102
RTVSPost2010Prop51ColorIndex
 90
      256
102
RTVSPost2010Prop51ColorRGB
 90
-16777216
102
RTVSPost2010PropOp51
 70
     0
102
RTVSPost2010Prop52
140
1.0
102
RTVSPost2010PropOp52
 70
     0
102
RTVSPost2010Prop53
 90
        2
102
RTVSPost2010PropOp53
 70
     1
102
RTVSPost2010Prop54
  1
strokes_ogs.tif
102
RTVSPost2010PropOp54
 70
     1
102
RTVSPost2010Prop55
280
     0
102
RTVSPost2010PropOp55
 70
     1
102
RTVSPost2010Prop56
140
1.0
102
RTVSPost2010PropOp56
 70
     1
102
RTVSPost2010Prop57
140
1.0
102
RTVSPost2010PropOp57
 70
     1
  0
XRECORD
  5
D80
102
{ACAD_REACTORS
330
D7F
102
}
330
D7F
100
AcDbXrecord
280
     1
102
RTVSPropertyOp0
 70
     1
102
RTVSPropertyOp1
 70
     1
102
RTVSPropertyOp2
 70
     1
102
RTVSPropertyOp3
 70
     1
102
RTVSPropertyOp4
 70
     1
102
RTVSPropertyOp5
 70
     1
102
RTVSPropertyOp6
 70
     1
102
RTVSPropertyOp7
 70
     1
102
RTVSPropertyOp8
 70
     1
102
RTVSPropertyOp9
 70
     1
102
RTVSPropertyOp10
 70
     1
102
RTVSPropertyOp11
 70
     1
102
RTVSPropertyOp12
 70
     1
102
RTVSPropertyOp13
 70
     1
102
RTVSPropertyOp14
 70
     1
102
RTVSPropertyOp15
 70
     1
102
RTVSPropertyOp16
 70
     1
102
RTVSPropertyOp17
 70
     1
102
RTVSPropertyOp18
 70
     1
102
RTVSPropertyOp19
 70
     1
102
RTVSPropertyOp20
 70
     1
102
RTVSPropertyOp21
 70
     1
102
RTVSPropertyOp22
 70
     1
102
RTVSPropertyOp23
 70
     1
102
RTVSPropertyOp24
 70
     1
102
RTVSPropertyOp25
 70
     1
102
RTVSPropertyOp26
 70
     1
102
RTVSPropertyOp27
 70
     1
102
RTVSPropertyOp28
 70
     1
102
RTVSPropertyOp29
 70
     1
102
RTVSPropertyOp30
 70
     1
102
RTVSPropertyOp31
 70
     1
102
RTVSPropertyOp32
 70
     1
102
RTVSPropertyOp33
 70
     1
102
RTVSPropertyOp34
 70
     1
102
RTVSPropertyOp35
 70
     1
102
RTVSPropertyOp36
 70
     1
102
RTVSPropertyOp37
 70
     1
102
RTVSPropertyOp38
 70
     1
102
RTVSPropertyOp39
 70
     1
102
RTVSPropertyOp40
 70
     1
102
RTVSPropertyOp41
 70
     1
102
RTVSPropertyOp42
 70
     1
102
RTVSPropertyOp43
 70
     1
102
RTVSPropertyOp44
 70
     1
102
RTVSPropertyOp45
 70
     1
102
RTVSPropertyOp46
 70
     1
102
RTVSPropertyOp47
 70
     1
102
RTVSPropertyOp48
 70
     1
102
RTVSPropertyOp49
 70
     1
102
RTVSPropertyOp50
 70
     1
102
RTVSPropertyOp51
 70
     0
102
RTVSPropertyOp52
 70
     0
102
RTVSPropertyOp53
 70
     1
102
RTVSPropertyOp54
 70
     1
102
RTVSPropertyOp55
 70
     1
102
RTVSPropertyOp56
 70
     1
102
RTVSPropertyOp57
 70
     1
102
RTVSPost2010Prop28
280
     0
102
RTVSPost2010PropOp28
 70
     1
102
RTVSPost2010Prop29
280
     1
102
RTVSPost2010PropOp29
 70
     1
102
RTVSPost2010Prop30
280
     1
102
RTVSPost2010PropOp30
 70
     1
102
RTVSPost2010Prop31
280
     0
102
RTVSPost2010PropOp31
 70
     1
102
RTVSPost2010Prop32
280
     0
102
RTVSPost2010PropOp32
 70
     1
102
RTVSPost2010Prop33
280
     0
102
RTVSPost2010PropOp33
 70
     1
102
RTVSPost2010Prop34
280
     0
102
RTVSPost2010PropOp34
 70
     1
102
RTVSPost2010Prop35
280
     0
102
RTVSPost2010PropOp35
 70
     1
102
RTVSPost2010Prop36
280
     0
102
RTVSPost2010PropOp36
 70
     1
102
RTVSPost2010Prop37
 90
       50
102
RTVSPost2010PropOp37
 70
     1
102
RTVSPost2010Prop38
140
0.0
102
RTVSPost2010PropOp38
 70
     1
102
RTVSPost2010Prop39
140
1.0
102
RTVSPost2010PropOp39
 70
     1
102
RTVSPost2010Prop40
 90
        0
102
RTVSPost2010PropOp40
 70
     1
102
RTVSPost2010Prop41ColorIndex
 90
       18
102
RTVSPost2010Prop41ColorRGB
 90
        0
102
RTVSPost2010PropOp41
 70
     1
102
RTVSPost2010Prop42
 90
       50
102
RTVSPost2010PropOp42
 70
     1
102
RTVSPost2010Prop43
 90
        3
102
RTVSPost2010PropOp43
 70
     1
102
RTVSPost2010Prop44ColorIndex
 90
        5
102
RTVSPost2010Prop44ColorRGB
 90
      255
102
RTVSPost2010PropOp44
 70
     1
102
RTVSPost2010Prop45
280
     0
102
RTVSPost2010PropOp45
 70
     1
102
RTVSPost2010Prop46
 90
       50
102
RTVSPost2010PropOp46
 70
     1
102
RTVSPost2010Prop47
 90
       50
102
RTVSPost2010PropOp47
 70
     1
102
RTVSPost2010Prop48
 90
       50
102
RTVSPost2010PropOp48
 70
     1
102
RTVSPost2010Prop49
280
     0
102
RTVSPost2010PropOp49
 70
     1
102
RTVSPost2010Prop50
 90
       50
102
RTVSPost2010PropOp50
 70
     1
102
RTVSPost2010Prop51ColorIndex
 90
      256
102
RTVSPost2010Prop51ColorRGB
 90
-16777216
102
RTVSPost2010PropOp51
 70
     0
102
RTVSPost2010Prop52
140
1.0
102
RTVSPost2010PropOp52
 70
     0
102
RTVSPost2010Prop53
 90
        2
102
RTVSPost2010PropOp53
 70
     1
102
RTVSPost2010Prop54
  1
strokes_ogs.tif
102
RTVSPost2010PropOp54
 70
     1
102
RTVSPost2010Prop55
280
     0
102
RTVSPost2010PropOp55
 70
     1
102
RTVSPost2010Prop56
140
1.0
102
RTVSPost2010PropOp56
 70
     1
102
RTVSPost2010Prop57
140
1.0
102
RTVSPost2010PropOp57
 70
     1
  0
XRECORD
  5
D82
102
{ACAD_REACTORS
330
D81
102
}
330
D81
100
AcDbXrecord
280
     1
102
RTVSPropertyOp0
 70
     1
102
RTVSPropertyOp1
 70
     1
102
RTVSPropertyOp2
 70
     1
102
RTVSPropertyOp3
 70
     1
102
RTVSPropertyOp4
 70
     1
102
RTVSPropertyOp5
 70
     1
102
RTVSPropertyOp6
 70
     1
102
RTVSPropertyOp7
 70
     1
102
RTVSPropertyOp8
 70
     1
102
RTVSPropertyOp9
 70
     1
102
RTVSPropertyOp10
 70
     1
102
RTVSPropertyOp11
 70
     1
102
RTVSPropertyOp12
 70
     1
102
RTVSPropertyOp13
 70
     1
102
RTVSPropertyOp14
 70
     1
102
RTVSPropertyOp15
 70
     1
102
RTVSPropertyOp16
 70
     1
102
RTVSPropertyOp17
 70
     1
102
RTVSPropertyOp18
 70
     1
102
RTVSPropertyOp19
 70
     1
102
RTVSPropertyOp20
 70
     1
102
RTVSPropertyOp21
 70
     1
102
RTVSPropertyOp22
 70
     1
102
RTVSPropertyOp23
 70
     1
102
RTVSPropertyOp24
 70
     1
102
RTVSPropertyOp25
 70
     1
102
RTVSPropertyOp26
 70
     1
102
RTVSPropertyOp27
 70
     1
102
RTVSPropertyOp28
 70
     1
102
RTVSPropertyOp29
 70
     1
102
RTVSPropertyOp30
 70
     1
102
RTVSPropertyOp31
 70
     1
102
RTVSPropertyOp32
 70
     1
102
RTVSPropertyOp33
 70
     1
102
RTVSPropertyOp34
 70
     1
102
RTVSPropertyOp35
 70
     1
102
RTVSPropertyOp36
 70
     1
102
RTVSPropertyOp37
 70
     1
102
RTVSPropertyOp38
 70
     1
102
RTVSPropertyOp39
 70
     1
102
RTVSPropertyOp40
 70
     1
102
RTVSPropertyOp41
 70
     1
102
RTVSPropertyOp42
 70
     1
102
RTVSPropertyOp43
 70
     1
102
RTVSPropertyOp44
 70
     1
102
RTVSPropertyOp45
 70
     1
102
RTVSPropertyOp46
 70
     1
102
RTVSPropertyOp47
 70
     1
102
RTVSPropertyOp48
 70
     1
102
RTVSPropertyOp49
 70
     1
102
RTVSPropertyOp50
 70
     1
102
RTVSPropertyOp51
 70
     0
102
RTVSPropertyOp52
 70
     0
102
RTVSPropertyOp53
 70
     1
102
RTVSPropertyOp54
 70
     1
102
RTVSPropertyOp55
 70
     1
102
RTVSPropertyOp56
 70
     1
102
RTVSPropertyOp57
 70
     1
102
RTVSPost2010Prop28
280
     0
102
RTVSPost2010PropOp28
 70
     1
102
RTVSPost2010Prop29
280
     1
102
RTVSPost2010PropOp29
 70
     1
102
RTVSPost2010Prop30
280
     1
102
RTVSPost2010PropOp30
 70
     1
102
RTVSPost2010Prop31
280
     0
102
RTVSPost2010PropOp31
 70
     1
102
RTVSPost2010Prop32
280
     0
102
RTVSPost2010PropOp32
 70
     1
102
RTVSPost2010Prop33
280
     0
102
RTVSPost2010PropOp33
 70
     1
102
RTVSPost2010Prop34
280
     0
102
RTVSPost2010PropOp34
 70
     1
102
RTVSPost2010Prop35
280
     0
102
RTVSPost2010PropOp35
 70
     1
102
RTVSPost2010Prop36
280
     0
102
RTVSPost2010PropOp36
 70
     1
102
RTVSPost2010Prop37
 90
       50
102
RTVSPost2010PropOp37
 70
     1
102
RTVSPost2010Prop38
140
0.0
102
RTVSPost2010PropOp38
 70
     1
102
RTVSPost2010Prop39
140
1.0
102
RTVSPost2010PropOp39
 70
     1
102
RTVSPost2010Prop40
 90
        0
102
RTVSPost2010PropOp40
 70
     1
102
RTVSPost2010Prop41ColorIndex
 90
       18
102
RTVSPost2010Prop41ColorRGB
 90
        0
102
RTVSPost2010PropOp41
 70
     1
102
RTVSPost2010Prop42
 90
       50
102
RTVSPost2010PropOp42
 70
     1
102
RTVSPost2010Prop43
 90
        3
102
RTVSPost2010PropOp43
 70
     1
102
RTVSPost2010Prop44ColorIndex
 90
        5
102
RTVSPost2010Prop44ColorRGB
 90
      255
102
RTVSPost2010PropOp44
 70
     1
102
RTVSPost2010Prop45
280
     0
102
RTVSPost2010PropOp45
 70
     1
102
RTVSPost2010Prop46
 90
       50
102
RTVSPost2010PropOp46
 70
     1
102
RTVSPost2010Prop47
 90
       50
102
RTVSPost2010PropOp47
 70
     1
102
RTVSPost2010Prop48
 90
       50
102
RTVSPost2010PropOp48
 70
     1
102
RTVSPost2010Prop49
280
     0
102
RTVSPost2010PropOp49
 70
     1
102
RTVSPost2010Prop50
 90
       50
102
RTVSPost2010PropOp50
 70
     1
102
RTVSPost2010Prop51ColorIndex
 90
      256
102
RTVSPost2010Prop51ColorRGB
 90
-16777216
102
RTVSPost2010PropOp51
 70
     0
102
RTVSPost2010Prop52
140
1.0
102
RTVSPost2010PropOp52
 70
     0
102
RTVSPost2010Prop53
 90
        2
102
RTVSPost2010PropOp53
 70
     1
102
RTVSPost2010Prop54
  1
strokes_ogs.tif
102
RTVSPost2010PropOp54
 70
     1
102
RTVSPost2010Prop55
280
     0
102
RTVSPost2010PropOp55
 70
     1
102
RTVSPost2010Prop56
140
1.0
102
RTVSPost2010PropOp56
 70
     1
102
RTVSPost2010Prop57
140
1.0
102
RTVSPost2010PropOp57
 70
     1
  0
XRECORD
  5
D84
102
{ACAD_REACTORS
330
D83
102
}
330
D83
100
AcDbXrecord
280
     1
102
RTVSPropertyOp0
 70
     1
102
RTVSPropertyOp1
 70
     1
102
RTVSPropertyOp2
 70
     1
102
RTVSPropertyOp3
 70
     1
102
RTVSPropertyOp4
 70
     1
102
RTVSPropertyOp5
 70
     1
102
RTVSPropertyOp6
 70
     1
102
RTVSPropertyOp7
 70
     1
102
RTVSPropertyOp8
 70
     1
102
RTVSPropertyOp9
 70
     1
102
RTVSPropertyOp10
 70
     1
102
RTVSPropertyOp11
 70
     1
102
RTVSPropertyOp12
 70
     1
102
RTVSPropertyOp13
 70
     1
102
RTVSPropertyOp14
 70
     1
102
RTVSPropertyOp15
 70
     1
102
RTVSPropertyOp16
 70
     1
102
RTVSPropertyOp17
 70
     1
102
RTVSPropertyOp18
 70
     1
102
RTVSPropertyOp19
 70
     1
102
RTVSPropertyOp20
 70
     1
102
RTVSPropertyOp21
 70
     1
102
RTVSPropertyOp22
 70
     1
102
RTVSPropertyOp23
 70
     1
102
RTVSPropertyOp24
 70
     1
102
RTVSPropertyOp25
 70
     1
102
RTVSPropertyOp26
 70
     1
102
RTVSPropertyOp27
 70
     1
102
RTVSPropertyOp28
 70
     1
102
RTVSPropertyOp29
 70
     1
102
RTVSPropertyOp30
 70
     1
102
RTVSPropertyOp31
 70
     1
102
RTVSPropertyOp32
 70
     1
102
RTVSPropertyOp33
 70
     1
102
RTVSPropertyOp34
 70
     1
102
RTVSPropertyOp35
 70
     1
102
RTVSPropertyOp36
 70
     1
102
RTVSPropertyOp37
 70
     1
102
RTVSPropertyOp38
 70
     1
102
RTVSPropertyOp39
 70
     1
102
RTVSPropertyOp40
 70
     1
102
RTVSPropertyOp41
 70
     1
102
RTVSPropertyOp42
 70
     1
102
RTVSPropertyOp43
 70
     1
102
RTVSPropertyOp44
 70
     1
102
RTVSPropertyOp45
 70
     1
102
RTVSPropertyOp46
 70
     1
102
RTVSPropertyOp47
 70
     1
102
RTVSPropertyOp48
 70
     1
102
RTVSPropertyOp49
 70
     1
102
RTVSPropertyOp50
 70
     1
102
RTVSPropertyOp51
 70
     0
102
RTVSPropertyOp52
 70
     0
102
RTVSPropertyOp53
 70
     1
102
RTVSPropertyOp54
 70
     1
102
RTVSPropertyOp55
 70
     1
102
RTVSPropertyOp56
 70
     1
102
RTVSPropertyOp57
 70
     1
102
RTVSPost2010Prop28
280
     0
102
RTVSPost2010PropOp28
 70
     1
102
RTVSPost2010Prop29
280
     1
102
RTVSPost2010PropOp29
 70
     1
102
RTVSPost2010Prop30
280
     1
102
RTVSPost2010PropOp30
 70
     1
102
RTVSPost2010Prop31
280
     0
102
RTVSPost2010PropOp31
 70
     1
102
RTVSPost2010Prop32
280
     0
102
RTVSPost2010PropOp32
 70
     1
102
RTVSPost2010Prop33
280
     0
102
RTVSPost2010PropOp33
 70
     1
102
RTVSPost2010Prop34
280
     0
102
RTVSPost2010PropOp34
 70
     1
102
RTVSPost2010Prop35
280
     0
102
RTVSPost2010PropOp35
 70
     1
102
RTVSPost2010Prop36
280
     0
102
RTVSPost2010PropOp36
 70
     1
102
RTVSPost2010Prop37
 90
       50
102
RTVSPost2010PropOp37
 70
     1
102
RTVSPost2010Prop38
140
0.0
102
RTVSPost2010PropOp38
 70
     1
102
RTVSPost2010Prop39
140
1.0
102
RTVSPost2010PropOp39
 70
     1
102
RTVSPost2010Prop40
 90
        0
102
RTVSPost2010PropOp40
 70
     1
102
RTVSPost2010Prop41ColorIndex
 90
       18
102
RTVSPost2010Prop41ColorRGB
 90
        0
102
RTVSPost2010PropOp41
 70
     1
102
RTVSPost2010Prop42
 90
       50
102
RTVSPost2010PropOp42
 70
     1
102
RTVSPost2010Prop43
 90
        3
102
RTVSPost2010PropOp43
 70
     1
102
RTVSPost2010Prop44ColorIndex
 90
        5
102
RTVSPost2010Prop44ColorRGB
 90
      255
102
RTVSPost2010PropOp44
 70
     1
102
RTVSPost2010Prop45
280
     0
102
RTVSPost2010PropOp45
 70
     1
102
RTVSPost2010Prop46
 90
       50
102
RTVSPost2010PropOp46
 70
     1
102
RTVSPost2010Prop47
 90
       50
102
RTVSPost2010PropOp47
 70
     1
102
RTVSPost2010Prop48
 90
       50
102
RTVSPost2010PropOp48
 70
     1
102
RTVSPost2010Prop49
280
     0
102
RTVSPost2010PropOp49
 70
     1
102
RTVSPost2010Prop50
 90
       50
102
RTVSPost2010PropOp50
 70
     1
102
RTVSPost2010Prop51ColorIndex
 90
      256
102
RTVSPost2010Prop51ColorRGB
 90
-16777216
102
RTVSPost2010PropOp51
 70
     0
102
RTVSPost2010Prop52
140
1.0
102
RTVSPost2010PropOp52
 70
     0
102
RTVSPost2010Prop53
 90
        2
102
RTVSPost2010PropOp53
 70
     1
102
RTVSPost2010Prop54
  1
strokes_ogs.tif
102
RTVSPost2010PropOp54
 70
     1
102
RTVSPost2010Prop55
280
     0
102
RTVSPost2010PropOp55
 70
     1
102
RTVSPost2010Prop56
140
1.0
102
RTVSPost2010PropOp56
 70
     1
102
RTVSPost2010Prop57
140
1.0
102
RTVSPost2010PropOp57
 70
     1
  0
XRECORD
  5
D86
102
{ACAD_REACTORS
330
D85
102
}
330
D85
100
AcDbXrecord
280
     1
102
RTVSPropertyOp0
 70
     1
102
RTVSPropertyOp1
 70
     1
102
RTVSPropertyOp2
 70
     1
102
RTVSPropertyOp3
 70
     1
102
RTVSPropertyOp4
 70
     1
102
RTVSPropertyOp5
 70
     1
102
RTVSPropertyOp6
 70
     1
102
RTVSPropertyOp7
 70
     1
102
RTVSPropertyOp8
 70
     1
102
RTVSPropertyOp9
 70
     1
102
RTVSPropertyOp10
 70
     1
102
RTVSPropertyOp11
 70
     1
102
RTVSPropertyOp12
 70
     1
102
RTVSPropertyOp13
 70
     1
102
RTVSPropertyOp14
 70
     1
102
RTVSPropertyOp15
 70
     1
102
RTVSPropertyOp16
 70
     1
102
RTVSPropertyOp17
 70
     1
102
RTVSPropertyOp18
 70
     1
102
RTVSPropertyOp19
 70
     1
102
RTVSPropertyOp20
 70
     1
102
RTVSPropertyOp21
 70
     1
102
RTVSPropertyOp22
 70
     1
102
RTVSPropertyOp23
 70
     1
102
RTVSPropertyOp24
 70
     1
102
RTVSPropertyOp25
 70
     1
102
RTVSPropertyOp26
 70
     1
102
RTVSPropertyOp27
 70
     1
102
RTVSPropertyOp28
 70
     1
102
RTVSPropertyOp29
 70
     1
102
RTVSPropertyOp30
 70
     1
102
RTVSPropertyOp31
 70
     1
102
RTVSPropertyOp32
 70
     1
102
RTVSPropertyOp33
 70
     1
102
RTVSPropertyOp34
 70
     1
102
RTVSPropertyOp35
 70
     1
102
RTVSPropertyOp36
 70
     1
102
RTVSPropertyOp37
 70
     1
102
RTVSPropertyOp38
 70
     1
102
RTVSPropertyOp39
 70
     1
102
RTVSPropertyOp40
 70
     1
102
RTVSPropertyOp41
 70
     1
102
RTVSPropertyOp42
 70
     1
102
RTVSPropertyOp43
 70
     1
102
RTVSPropertyOp44
 70
     1
102
RTVSPropertyOp45
 70
     1
102
RTVSPropertyOp46
 70
     1
102
RTVSPropertyOp47
 70
     1
102
RTVSPropertyOp48
 70
     1
102
RTVSPropertyOp49
 70
     1
102
RTVSPropertyOp50
 70
     1
102
RTVSPropertyOp51
 70
     0
102
RTVSPropertyOp52
 70
     0
102
RTVSPropertyOp53
 70
     1
102
RTVSPropertyOp54
 70
     1
102
RTVSPropertyOp55
 70
     1
102
RTVSPropertyOp56
 70
     1
102
RTVSPropertyOp57
 70
     1
102
RTVSPost2010Prop28
280
     0
102
RTVSPost2010PropOp28
 70
     1
102
RTVSPost2010Prop29
280
     1
102
RTVSPost2010PropOp29
 70
     1
102
RTVSPost2010Prop30
280
     1
102
RTVSPost2010PropOp30
 70
     1
102
RTVSPost2010Prop31
280
     0
102
RTVSPost2010PropOp31
 70
     1
102
RTVSPost2010Prop32
280
     0
102
RTVSPost2010PropOp32
 70
     1
102
RTVSPost2010Prop33
280
     0
102
RTVSPost2010PropOp33
 70
     1
102
RTVSPost2010Prop34
280
     0
102
RTVSPost2010PropOp34
 70
     1
102
RTVSPost2010Prop35
280
     0
102
RTVSPost2010PropOp35
 70
     1
102
RTVSPost2010Prop36
280
     0
102
RTVSPost2010PropOp36
 70
     1
102
RTVSPost2010Prop37
 90
       50
102
RTVSPost2010PropOp37
 70
     1
102
RTVSPost2010Prop38
140
0.0
102
RTVSPost2010PropOp38
 70
     1
102
RTVSPost2010Prop39
140
1.0
102
RTVSPost2010PropOp39
 70
     1
102
RTVSPost2010Prop40
 90
        0
102
RTVSPost2010PropOp40
 70
     1
102
RTVSPost2010Prop41ColorIndex
 90
       18
102
RTVSPost2010Prop41ColorRGB
 90
        0
102
RTVSPost2010PropOp41
 70
     1
102
RTVSPost2010Prop42
 90
       50
102
RTVSPost2010PropOp42
 70
     1
102
RTVSPost2010Prop43
 90
        3
102
RTVSPost2010PropOp43
 70
     1
102
RTVSPost2010Prop44ColorIndex
 90
        5
102
RTVSPost2010Prop44ColorRGB
 90
      255
102
RTVSPost2010PropOp44
 70
     1
102
RTVSPost2010Prop45
280
     0
102
RTVSPost2010PropOp45
 70
     1
102
RTVSPost2010Prop46
 90
       50
102
RTVSPost2010PropOp46
 70
     1
102
RTVSPost2010Prop47
 90
       50
102
RTVSPost2010PropOp47
 70
     1
102
RTVSPost2010Prop48
 90
       50
102
RTVSPost2010PropOp48
 70
     1
102
RTVSPost2010Prop49
280
     0
102
RTVSPost2010PropOp49
 70
     1
102
RTVSPost2010Prop50
 90
       50
102
RTVSPost2010PropOp50
 70
     1
102
RTVSPost2010Prop51ColorIndex
 90
      256
102
RTVSPost2010Prop51ColorRGB
 90
-16777216
102
RTVSPost2010PropOp51
 70
     0
102
RTVSPost2010Prop52
140
1.0
102
RTVSPost2010PropOp52
 70
     0
102
RTVSPost2010Prop53
 90
        2
102
RTVSPost2010PropOp53
 70
     1
102
RTVSPost2010Prop54
  1
strokes_ogs.tif
102
RTVSPost2010PropOp54
 70
     1
102
RTVSPost2010Prop55
280
     0
102
RTVSPost2010PropOp55
 70
     1
102
RTVSPost2010Prop56
140
1.0
102
RTVSPost2010PropOp56
 70
     1
102
RTVSPost2010Prop57
140
1.0
102
RTVSPost2010PropOp57
 70
     1
  0
XRECORD
  5
D88
102
{ACAD_REACTORS
330
D87
102
}
330
D87
100
AcDbXrecord
280
     1
102
RTVSPropertyOp0
 70
     1
102
RTVSPropertyOp1
 70
     1
102
RTVSPropertyOp2
 70
     1
102
RTVSPropertyOp3
 70
     1
102
RTVSPropertyOp4
 70
     1
102
RTVSPropertyOp5
 70
     1
102
RTVSPropertyOp6
 70
     1
102
RTVSPropertyOp7
 70
     1
102
RTVSPropertyOp8
 70
     1
102
RTVSPropertyOp9
 70
     1
102
RTVSPropertyOp10
 70
     1
102
RTVSPropertyOp11
 70
     1
102
RTVSPropertyOp12
 70
     1
102
RTVSPropertyOp13
 70
     1
102
RTVSPropertyOp14
 70
     1
102
RTVSPropertyOp15
 70
     1
102
RTVSPropertyOp16
 70
     1
102
RTVSPropertyOp17
 70
     1
102
RTVSPropertyOp18
 70
     1
102
RTVSPropertyOp19
 70
     1
102
RTVSPropertyOp20
 70
     1
102
RTVSPropertyOp21
 70
     1
102
RTVSPropertyOp22
 70
     1
102
RTVSPropertyOp23
 70
     1
102
RTVSPropertyOp24
 70
     1
102
RTVSPropertyOp25
 70
     1
102
RTVSPropertyOp26
 70
     1
102
RTVSPropertyOp27
 70
     1
102
RTVSPropertyOp28
 70
     1
102
RTVSPropertyOp29
 70
     1
102
RTVSPropertyOp30
 70
     1
102
RTVSPropertyOp31
 70
     1
102
RTVSPropertyOp32
 70
     1
102
RTVSPropertyOp33
 70
     1
102
RTVSPropertyOp34
 70
     1
102
RTVSPropertyOp35
 70
     1
102
RTVSPropertyOp36
 70
     1
102
RTVSPropertyOp37
 70
     1
102
RTVSPropertyOp38
 70
     1
102
RTVSPropertyOp39
 70
     1
102
RTVSPropertyOp40
 70
     1
102
RTVSPropertyOp41
 70
     1
102
RTVSPropertyOp42
 70
     1
102
RTVSPropertyOp43
 70
     1
102
RTVSPropertyOp44
 70
     1
102
RTVSPropertyOp45
 70
     1
102
RTVSPropertyOp46
 70
     1
102
RTVSPropertyOp47
 70
     1
102
RTVSPropertyOp48
 70
     1
102
RTVSPropertyOp49
 70
     1
102
RTVSPropertyOp50
 70
     1
102
RTVSPropertyOp51
 70
     0
102
RTVSPropertyOp52
 70
     0
102
RTVSPropertyOp53
 70
     1
102
RTVSPropertyOp54
 70
     1
102
RTVSPropertyOp55
 70
     1
102
RTVSPropertyOp56
 70
     1
102
RTVSPropertyOp57
 70
     1
102
RTVSPost2010Prop28
280
     0
102
RTVSPost2010PropOp28
 70
     1
102
RTVSPost2010Prop29
280
     1
102
RTVSPost2010PropOp29
 70
     1
102
RTVSPost2010Prop30
280
     1
102
RTVSPost2010PropOp30
 70
     1
102
RTVSPost2010Prop31
280
     0
102
RTVSPost2010PropOp31
 70
     1
102
RTVSPost2010Prop32
280
     0
102
RTVSPost2010PropOp32
 70
     1
102
RTVSPost2010Prop33
280
     0
102
RTVSPost2010PropOp33
 70
     1
102
RTVSPost2010Prop34
280
     0
102
RTVSPost2010PropOp34
 70
     1
102
RTVSPost2010Prop35
280
     0
102
RTVSPost2010PropOp35
 70
     1
102
RTVSPost2010Prop36
280
     0
102
RTVSPost2010PropOp36
 70
     1
102
RTVSPost2010Prop37
 90
       50
102
RTVSPost2010PropOp37
 70
     1
102
RTVSPost2010Prop38
140
0.0
102
RTVSPost2010PropOp38
 70
     1
102
RTVSPost2010Prop39
140
1.0
102
RTVSPost2010PropOp39
 70
     1
102
RTVSPost2010Prop40
 90
        0
102
RTVSPost2010PropOp40
 70
     1
102
RTVSPost2010Prop41ColorIndex
 90
       18
102
RTVSPost2010Prop41ColorRGB
 90
        0
102
RTVSPost2010PropOp41
 70
     1
102
RTVSPost2010Prop42
 90
       50
102
RTVSPost2010PropOp42
 70
     1
102
RTVSPost2010Prop43
 90
        3
102
RTVSPost2010PropOp43
 70
     1
102
RTVSPost2010Prop44ColorIndex
 90
        5
102
RTVSPost2010Prop44ColorRGB
 90
      255
102
RTVSPost2010PropOp44
 70
     1
102
RTVSPost2010Prop45
280
     0
102
RTVSPost2010PropOp45
 70
     1
102
RTVSPost2010Prop46
 90
       50
102
RTVSPost2010PropOp46
 70
     1
102
RTVSPost2010Prop47
 90
       50
102
RTVSPost2010PropOp47
 70
     1
102
RTVSPost2010Prop48
 90
       50
102
RTVSPost2010PropOp48
 70
     1
102
RTVSPost2010Prop49
280
     0
102
RTVSPost2010PropOp49
 70
     1
102
RTVSPost2010Prop50
 90
       50
102
RTVSPost2010PropOp50
 70
     1
102
RTVSPost2010Prop51ColorIndex
 90
      256
102
RTVSPost2010Prop51ColorRGB
 90
-16777216
102
RTVSPost2010PropOp51
 70
     0
102
RTVSPost2010Prop52
140
1.0
102
RTVSPost2010PropOp52
 70
     0
102
RTVSPost2010Prop53
 90
        2
102
RTVSPost2010PropOp53
 70
     1
102
RTVSPost2010Prop54
  1
strokes_ogs.tif
102
RTVSPost2010PropOp54
 70
     1
102
RTVSPost2010Prop55
280
     0
102
RTVSPost2010PropOp55
 70
     1
102
RTVSPost2010Prop56
140
1.0
102
RTVSPost2010PropOp56
 70
     1
102
RTVSPost2010Prop57
140
1.0
102
RTVSPost2010PropOp57
 70
     1
  0
XRECORD
  5
A33
102
{ACAD_REACTORS
330
A30
102
}
330
A30
100
AcDbXrecord
280
     1
1071
  6887019
1071
  9372877
 70
    25
 70
   104
 10
0.0
 20
0.0
 30
0.0
 10
0.0
 20
-8.186487195103108
 30
0.0
 10
0.0
 20
0.0
 30
-1.0
 70
     0
  0
XRECORD
  5
A34
102
{ACAD_REACTORS
330
A30
102
}
330
A30
100
AcDbXrecord
280
     1
1071
   575085
1071
   763560
 70
    25
 70
   104
 70
     0
 70
     0
  0
XRECORD
  5
A35
102
{ACAD_REACTORS
330
A30
102
}
330
A30
100
AcDbXrecord
280
     1
1071
  6895636
1071
  9291323
 70
    25
 70
   104
 40
0.0
  0
XRECORD
  5
A36
102
{ACAD_REACTORS
330
A30
102
}
330
A30
100
AcDbXrecord
280
     1
1071
135625452
1071
184556386
 70
    25
 70
   104
 10
-0.0000000000000016
 20
-6.35
 30
0.0
  1
Single
  0
XRECORD
  5
A37
102
{ACAD_REACTORS
330
A30
102
}
330
A30
100
AcDbXrecord
280
     1
1071
  2551693
1071
  3435815
 70
    25
 70
   104
 10
0.0
 20
0.0
 30
0.0
  0
XRECORD
  5
A38
102
{ACAD_REACTORS
330
A30
102
}
330
A30
100
AcDbXrecord
280
     1
1071
  4195796
1071
  5656503
 70
    25
 70
   104
 10
0.0
 20
0.0
 30
0.0
  0
XRECORD
  5
A39
102
{ACAD_REACTORS
330
A30
102
}
330
A30
100
AcDbXrecord
280
     1
1071
 18597260
1071
 25303744
 70
    25
 70
   104
 10
-49.58749999999995
 20
6.350000000000123
 30
0.0
 10
-49.58749999999995
 20
-6.349999999999874
 30
0.0
 10
0.0
 20
0.0
 30
-1.0
  0
XRECORD
  5
A3A
102
{ACAD_REACTORS
330
A30
102
}
330
A30
100
AcDbXrecord
280
     1
1071
  6895636
1071
  9291323
 70
    25
 70
   104
 40
0.0
  0
XRECORD
  5
A3B
102
{ACAD_REACTORS
330
A30
102
}
330
A30
100
AcDbXrecord
280
     1
1071
  6895636
1071
  9291323
 70
    25
 70
   104
 40
0.0
  0
XRECORD
  5
A31
102
{ACAD_REACTORS
330
A30
102
}
330
A30
100
AcDbXrecord
280
     1
1071
 50242585
1071
 68333042
 70
    25
 70
   104
 10
0.0
 20
0.0
 30
0.0
 10
-39.68503937007871
 20
0.0000000000000049
 30
0.0
 10
0.0
 20
0.0
 30
-1.889763779527558
 10
-39.68503937007871
 20
0.0000000000000049
 30
0.0
  0
XRECORD
  5
A32
102
{ACAD_REACTORS
330
A30
102
}
330
A30
100
AcDbXrecord
280
     1
1071
 18597260
1071
 25303744
 70
    25
 70
   104
 10
0.0
 20
0.0
 30
0.0
 10
-47.99999999999996
 20
0.0000000000000799
 30
0.0
 10
0.0
 20
0.0
 30
-1.0
  0
XRECORD
  5
A1A
102
{ACAD_REACTORS
330
A17
102
}
330
A17
100
AcDbXrecord
280
     1
1071
  6887019
1071
  9372877
 70
    25
 70
   104
 10
0.0
 20
0.0
 30
0.0
 10
0.0
 20
-8.186487195103108
 30
0.0
 10
0.0
 20
0.0
 30
-1.0
 70
     1
  0
XRECORD
  5
A1B
102
{ACAD_REACTORS
330
A17
102
}
330
A17
100
AcDbXrecord
280
     1
1071
   575085
1071
   763560
 70
    25
 70
   104
 70
     0
 70
     1
  0
XRECORD
  5
A1C
102
{ACAD_REACTORS
330
A17
102
}
330
A17
100
AcDbXrecord
280
     1
1071
  6895636
1071
  9291323
 70
    25
 70
   104
 40
0.0
  0
XRECORD
  5
A1D
102
{ACAD_REACTORS
330
A17
102
}
330
A17
100
AcDbXrecord
280
     1
1071
135625452
1071
184556386
 70
    25
 70
   104
 10
-0.0000000000000016
 20
-6.35
 30
0.0
  1
Single
  0
XRECORD
  5
A1E
102
{ACAD_REACTORS
330
A17
102
}
330
A17
100
AcDbXrecord
280
     1
1071
  2551693
1071
  3435815
 70
    25
 70
   104
 10
0.0
 20
0.0
 30
0.0
  0
XRECORD
  5
A1F
102
{ACAD_REACTORS
330
A17
102
}
330
A17
100
AcDbXrecord
280
     1
1071
  4195796
1071
  5656503
 70
    25
 70
   104
 10
0.0
 20
0.0
 30
0.0
  0
XRECORD
  5
A20
102
{ACAD_REACTORS
330
A17
102
}
330
A17
100
AcDbXrecord
280
     1
1071
 18597260
1071
 25303744
 70
    25
 70
   104
 10
49.58749999999995
 20
6.350000000000123
 30
0.0
 10
49.58749999999995
 20
-6.349999999999874
 30
0.0
 10
0.0
 20
0.0
 30
1.0
  0
XRECORD
  5
A21
102
{ACAD_REACTORS
330
A17
102
}
330
A17
100
AcDbXrecord
280
     1
1071
  6895636
1071
  9291323
 70
    25
 70
   104
 40
0.0
  0
XRECORD
  5
A22
102
{ACAD_REACTORS
330
A17
102
}
330
A17
100
AcDbXrecord
280
     1
1071
  6895636
1071
  9291323
 70
    25
 70
   104
 40
0.0
  0
XRECORD
  5
A18
102
{ACAD_REACTORS
330
A17
102
}
330
A17
100
AcDbXrecord
280
     1
1071
 50242585
1071
 68333042
 70
    25
 70
   104
 10
0.0
 20
0.0
 30
0.0
 10
39.68503937007871
 20
0.0000000000000049
 30
0.0
 10
0.0
 20
0.0
 30
1.889763779527559
 10
39.68503937007871
 20
0.0000000000000049
 30
0.0
  0
XRECORD
  5
A19
102
{ACAD_REACTORS
330
A17
102
}
330
A17
100
AcDbXrecord
280
     1
1071
 18597260
1071
 25303744
 70
    25
 70
   104
 10
0.0
 20
0.0
 30
0.0
 10
47.99999999999996
 20
0.0000000000000799
 30
0.0
 10
0.0
 20
0.0
 30
1.0
  0
ENDSEC
  0
EOF
