material_deviation_avg,equipment_idle_ratio,days_elapsed_pct,budget_size,project_type_encoded,overrun_binary
0.20940854754202187,0.1770236095385294,0.26365042812241857,58.01483856819786,1,1
0.09511242578918676,0.041466975212824844,0.73336283622364,55.94683260913161,1,0
0.23658393685812462,0.2761974130074415,0.20799782555402319,32.33925189298393,0,1
0.3941453741534445,0.09425356031693806,0.1882927217369889,36.621661970351944,0,1
0.07785239254979953,0.4118445340829866,0.7036232819570278,46.36494604316671,0,1
0.0778553477491475,0.5157009792685964,0.27751146738418625,144.4967209290495,2,1
0.40425830679133046,0.6342283268293691,0.3607568386499075,66.35440641023315,1,1
0.25813825124752354,0.27170217319000567,0.5039433469514792,76.26931147939112,1,1
0.03549461053170862,0.16115555595365097,0.4819486192201142,248.65600125090424,0,0
0.21766080784547365,0.3019616530585536,0.7022922563052493,253.66277310528096,1,1
0.03658481529375679,0.24747616586330073,0.6299170244268568,71.82984408619402,0,1
0.03616864435735376,0.2773672197869529,0.6477367379395857,54.34264030645092,0,0
0.16355320888188613,0.47222499596045936,0.7069461810571387,45.08076906638299,1,1
-0.05,0.21903951367592533,0.3487208183099455,156.68236697777553,1,0
-0.05,0.25130404126245265,0.3739833150304026,76.41921831630611,0,0
0.01878824473662491,0.13449891422559376,0.472298085711221,66.07590042677238,0,0
-0.05,0.2575375190463321,0.3613428470784972,46.94930205755319,0,0
0.1765645198671493,0.5758311543371692,0.9371971886252339,48.631276475238344,0,1
-0.04344433359381797,0.17478898807467766,0.7919441374582151,116.28528824440302,1,0
-0.05,0.4404393990716352,0.23995648501762515,31.426434043895636,2,1
0.3838167784058797,0.23996872315505707,0.10475503249958909,199.5161040306757,0,1
0.07936026591242358,0.4457504855829945,0.13636577801017769,58.728450453685085,0,1
0.1321550768438263,0.41814573239418396,0.30745393338648647,79.86128918746999,0,1
-0.05,0.12477872464880943,0.19714759296132806,30.889540562764488,1,0
0.02201110958546712,0.4135696874278296,0.5533373976586863,89.1310046133758,0,0
0.1399660661477759,0.08552216071945434,0.8292959393182547,69.2236969755878,1,1
-0.05,0.10238495285184403,0.7262376877762432,86.48193264064824,0,0
0.18762564330222095,0.22850508874050057,0.28326770361986187,292.17914332515545,1,0
0.0118850358146151,0.5466614162505907,0.43940436762191803,103.7680828685166,2,1
0.06749512503721017,0.35108503224370974,0.531710078101586,47.6685882007603,2,1
0.011692809798708556,0.13941057604626686,0.7886749720778351,50.95506019226436,2,1
0.45341007321160876,0.05369951548994858,0.8132533626402401,144.9088535741657,1,1
0.11757049954717189,0.3806987361056626,0.8732605651216095,254.41190653665845,2,1
-0.05,0.2794224044294483,0.5328584629274439,112.79075952466661,0,0
0.268058084178574,0.3066911814390244,0.6901335344704834,156.17391025591056,0,1
-0.05,0.34303308364673246,0.1950303155488466,146.6120787567576,0,0
0.15759544710085596,0.47611454437072104,0.5804956159608847,280.12936958207945,1,1
-0.05,0.2554704259647891,0.3113880380504649,18.92204911281336,2,0
-0.05,0.5012006017832084,0.4669593522726194,153.5114491348711,0,0
0.15543502245644222,0.15400666296079904,0.6389429320607114,197.7470789525228,1,0
0.25292398439917385,0.06323234040516468,0.31843804717571395,30.846430390766557,1,1
0.1508462906141947,0.44834545888275384,0.14435729912724693,44.32130348613867,2,1
0.0991833091701167,0.10997586339778063,0.1086987779474439,45.57565995505835,1,0
0.06580133479392802,0.29980310270744265,0.11883560521284332,50.24785416775331,2,1
-0.05,0.5363077304756033,0.10709727688670422,61.22933221467139,0,0
-0.009571957511047557,0.06705426999363957,0.19380179807419418,109.29845399101161,0,0
0.03708502122723825,0.3373425781481131,0.3035654073846104,179.92493226545224,1,1
0.3102820007194048,0.06163751556213369,0.28803828705495427,213.8026869748709,0,1
0.18185129212232304,0.2669105924136806,0.9387771050529122,46.050634958560835,0,1
-0.05,0.014681933127792124,0.3601051894276017,45.79787080371396,1,0
0.1783351144910631,0.09291290127017372,0.20830766585548924,257.92206664250045,1,0
0.050685189525063026,0.16208459011388984,0.5637281625425943,151.01741304346163,1,0
-0.0018459600550725652,0.05558771864927384,0.8292638370878821,96.18677493136383,0,0
0.2301017319913562,0.3628731421368042,0.6763513202695238,131.45562476962863,1,1
0.30557991404927115,0.32618555306964203,0.3516697757651328,87.89623530847801,0,1
0.2876304214409157,0.5516768599767246,0.5773737358227367,136.9571011414352,0,1
-0.031059154180074933,0.10991865606237472,0.7076275780703477,68.79607148466475,1,0
0.06434177234678137,0.21718481039517945,0.7188888185125809,111.61371621545356,0,0
0.1796274176526415,0.07822097883115157,0.6665576870030355,26.884856150653473,0,0
0.29559812288202464,0.1767688055025618,0.8401888610592753,51.9235562131234,1,1
0.033748637187847805,0.5954379734962468,0.8395896395924887,52.37299304549721,0,0
0.08658138420051292,0.39717268660938093,0.5920960754959528,66.71888013981722,2,1
-0.05,0.1055672064555032,0.4653779137445304,42.89646390913323,1,0
-0.05,0.031185910555505757,0.6453347512303348,58.74259481287474,2,0
0.26625464803095567,0.027957961979081927,0.7954802011648936,26.80179197664117,0,1
0.3641232051427481,0.36797659433535934,0.10480428911500703,139.62501727532134,1,1
0.10703817811553991,0.159129571300425,0.9431974576626234,84.26690356303916,0,1
0.30063592162056435,0.7380869638355531,0.25545970647981936,23.007814377739358,1,1
0.18509448450857413,0.24369917696780016,0.4997116378109797,46.16103627421945,0,1
0.003878444171077633,0.17097774059130702,0.8412252746164367,117.83450523658072,0,1
0.1850512089915145,0.08072398199878913,0.29128433918756946,58.298854389141844,2,1
0.39684658196387446,0.4477791997522805,0.5052759403153257,51.54456802075097,0,1
0.11355131296020872,0.19735165471552502,0.2126948531540023,84.8025708014813,0,0
0.4016358580465211,0.26147296955370153,0.43581487657996365,118.4958605790358,0,1
-0.05,0.2791904822094437,0.2505651365740521,28.528912147397797,1,0
0.2679424507875403,0.24924642287697085,0.4090835864554835,139.78461657985665,0,1
0.13566847228287082,0.38880045320267814,0.4174445842738137,47.45421610357669,0,1
0.06617867691614385,0.08983097773481848,0.9441951711585828,88.73528620754026,0,0
0.1365169397763904,0.2393537041475697,0.9455910749082064,87.5021957598322,1,1
-0.05,0.20045204994057464,0.19756833686152056,59.04778937264214,1,0
0.08045906018924785,0.40099694375353145,0.7170734624290951,39.68892585630025,0,1
0.18428026287211435,0.4674355152035755,0.14398365771873597,71.62547175899196,0,1
0.3860209280534729,0.12791579245418194,0.12566321303661035,330.38685219625125,0,1
0.026711360710743468,0.40373494198452503,0.18953381010821968,30.285225175753563,0,0
-0.025528848520773778,0.08948655761560051,0.9206628084567439,348.5739543472651,0,0
0.029683732154783427,0.24781566399063273,0.8997340157104927,73.12885800029986,0,0
0.2847723811863733,0.26449203451846,0.2648386472385784,92.60074006389608,1,1
0.17917519973874318,0.4549932251283338,0.2374214852206548,37.736634155421925,2,1
0.024643163321933018,0.38950793387251037,0.30445482353855496,48.5689513996081,0,0
0.2123881379604041,0.09718177285658083,0.5382149449638708,60.19999564481967,1,1
0.13747395888264727,0.3828986050331805,0.5842489372300984,38.9954129793274,1,1
0.29435609829592,0.297838427885603,0.2883544158735303,76.16222722667978,1,1
-0.0063695568979234285,0.5903979088514874,0.7431293698764534,65.00000108283149,2,1
0.06102081361240172,0.17609833187507087,0.36312019399225315,395.6875615864856,0,0
0.049420532436211626,0.2144134952920709,0.8838116266999988,35.41801721205506,0,1
-0.05,0.6204682337798468,0.6582143004882209,97.72451154429316,1,1
0.1733016498716237,0.48723314496000425,0.4708985151580699,109.75789938315812,0,1
0.16698994899238007,0.09620692451496077,0.7714252014474186,38.234703090408644,0,1
0.12092042219564296,0.24965580347196684,0.795227432139665,155.93854640907344,0,1
0.07777431599247356,0.34123779909224605,0.3469093647676021,65.45339676896457,0,1
-0.05,0.4009150563139554,0.3887573622606717,12.256890623610484,1,0
0.044283841902235374,0.11793590761943248,0.8955618806693129,152.60909077993085,0,0
0.05831138702518149,0.5572754113921149,0.24002988260878114,36.83495626153301,0,0
-0.02440990845989141,0.06294278801876782,0.13582785441849407,38.93057933979596,0,0
0.09096857190011835,0.12295220654768162,0.48594702421811675,156.07265973006145,0,0
0.1927291542266169,0.5302969759506505,0.7810284152070845,68.18815122591587,2,1
0.4595134622178954,0.2709993961105075,0.7559178903641339,187.58230712821336,0,1
0.15142400630973102,0.27708902751884185,0.8816010345759077,237.0172388591664,2,1
0.16635907033009759,0.301184192228817,0.5532205647136842,53.73460630922662,1,1
0.1065997351620899,0.14014940155761468,0.1850549708315533,169.79808515697178,1,0
-0.05,0.07373378490111673,0.6003856281856136,49.187098272968825,0,0
0.11522750241914095,0.32915651051709327,0.7616362722002298,537.2656869528962,0,1
0.13084143778938476,0.359768584824016,0.17932890222935244,51.70913179467691,2,1
0.5633835802473515,0.30977747327024047,0.2467587909329513,204.56176367995735,2,1
0.08537502633939795,0.18035041428788406,0.11044706198232027,176.80227551934715,0,0
0.17427852162005025,0.11049325801614986,0.6046046925297888,115.91651777779734,0,0
0.1137518814530562,0.2268526189451653,0.8537242331540187,52.64469484719166,0,1
-0.05,0.6389059701703222,0.6700638186017845,79.74882487501587,2,1
0.32570810661270366,0.24313915351568324,0.9347340744523347,16.07281779842657,0,1
0.2553479458836193,0.21596804604807857,0.15357860462479733,107.72008216479729,1,0
0.2623857504677484,0.24855717435847977,0.8675509223787717,119.06770308560507,1,1
-0.043689741863052994,0.23747045971287373,0.7919580442786786,100.16306773717338,1,0
0.37250297596849785,0.5319284493276698,0.36710529242457923,8.34243435581674,1,1
-0.05,0.39043892434622446,0.927497569061664,32.703785768143085,0,1
0.22563427688404863,0.16973758904288572,0.3447470859457028,49.4779548456841,2,1
0.5142820126457961,0.204026175015018,0.8559090152539857,113.67314106975523,1,1
-0.05,0.25492632671059895,0.848636290513061,113.46235688548677,1,0
0.018066408671501055,0.28906082696293733,0.7440089741125265,78.5567243030199,0,0
0.13793724571577543,0.14078969013769074,0.5789499027409241,149.63461602021275,1,1
0.029374382259084147,0.18846863488275697,0.20200233717435484,39.60700908751202,0,0
-0.05,0.5651992012277928,0.5521759743220235,146.67041644021373,0,0
0.13234133546508492,0.5441384134079766,0.4032768173066944,131.60350915824526,1,1
-0.05,0.20749581324893812,0.7733844781820489,121.75901279303261,1,0
0.2052466375143327,0.1937947313120766,0.7444098255223182,77.81760221403276,1,1
-0.04549636216208455,0.39173659785710696,0.8740206312667144,389.39531434953045,0,0
0.39898819290315707,0.0549042835324885,0.1126056380669517,133.56076606448585,1,1
-0.020985592620522686,0.513200034727355,0.7877377342995892,41.484974830265955,0,1
0.06202892708297839,0.16801384883050952,0.8976927451559684,109.79822691048297,1,0
0.26643309912654056,0.34984513829632496,0.7709053817419276,164.34809380565673,0,1
-0.05,0.06470899156806993,0.2106652908898117,56.233525650354174,1,0
0.1609427882287433,0.3992098512519557,0.1690872391147546,215.1677158060315,1,0
0.355285695770837,0.3602074853627584,0.1177184538365457,122.19607962236275,0,1
-0.05,0.3368158164406375,0.6344334419538603,13.818625137712313,0,0
0.15323409453581477,0.12566751557557146,0.6352217540809042,114.40417601079707,1,1
0.16677890296471623,0.18674564305294103,0.9388766570854804,65.05133168544172,1,1
0.2607281169199158,0.3090542956810058,0.4383366979884814,138.34407119319204,1,1
-0.05,0.16110471655100672,0.3821203421628723,191.59272061523984,1,0
-0.05,0.15601939383489905,0.6307611881067335,105.22802242706037,0,0
0.21394948181104156,0.4891720840330514,0.8017673716314548,341.1089020522588,0,1
0.17345724118197348,0.0405952160464261,0.8962578570945515,78.02540605816553,0,1
0.16508871306225778,0.5013100171730703,0.7826555412521827,148.39153071382032,0,1
0.18236067770945563,0.125480123667906,0.46267288352343405,171.3921248216212,1,1
-0.002404449884128343,0.37832624698778555,0.6396771000152545,83.27290489448123,0,0
0.16180566548898062,0.32221290371486117,0.8278544277086994,167.8413933688583,2,1
0.1727530451937626,0.12136225357209524,0.5170182350649786,55.9389887535919,1,0
-0.008583255244746207,0.16476671994108208,0.2841836471495838,64.19627998017344,2,1
0.45583941200605615,0.42106902306580285,0.244264923785692,31.5006773171117,2,1
0.20528992576412175,0.22306564310409913,0.10013408289134823,109.1941284504061,0,0
-0.05,0.7475416808203147,0.7105022957340916,116.76943396998954,1,1
0.23817964955408932,0.17653263115212867,0.19443262751909193,231.22945445912808,0,1
-0.05,0.16939987569774237,0.3072632347415494,169.51001379036998,0,0
0.26167522867364135,0.10123676310915995,0.3531948817943743,71.6765441048942,1,1
0.3285472042213327,0.15521976788527783,0.5763228811162531,35.07386443523522,0,1
-0.02772281730330789,0.2516719879928031,0.43826368570140384,127.26611934385501,2,1
0.2934077032639779,0.6988438963940432,0.6734728932196875,218.8972710789043,1,1
0.1943005668485697,0.16287619472878653,0.14729286042939732,164.70367974537564,1,0
0.2679708287990082,0.03586107451957101,0.20534831512477353,214.3439611686162,0,1
0.4614227368777105,0.18689261626561332,0.5243297780032767,75.9813849215024,1,1
0.0758301391194833,0.28021975907890234,0.38642006966980535,61.97337302503794,0,0
-0.015672509584348127,0.5039853388745347,0.35144135833865575,49.922855213787145,1,0
-0.0401125973325942,0.2905356993774629,0.15697386718189432,86.08049326526279,0,0
-0.026845851293778894,0.21370325400439458,0.8613612985358012,84.53176350727101,1,1
0.10612169230546124,0.17420404077010232,0.6880457982062931,106.20191098248392,0,0
0.18140735546699588,0.39919600736253635,0.203375433296702,81.17132418559211,0,1
0.1698043438794034,0.2659319496638474,0.15528906407656953,80.8906155096175,0,0
0.26889298482648427,0.4020401338219225,0.9286416534165566,48.35863297283025,0,0
0.12234034053802326,0.1054043592980552,0.6789966678735792,191.19526025355702,1,0
0.381636133888317,0.18962207868009487,0.4548376604296803,95.69963168356973,0,1
0.0723617700171679,0.3548328182831716,0.6964713846424171,78.29195505504165,0,1
0.6096304499861314,0.07851743073924757,0.7428820185081352,49.504154601727485,1,1
0.2326201225977011,0.12350488995470801,0.7629678720304623,31.01495512945494,0,1
-0.034288360154930864,0.24137784545030638,0.506195709805099,256.3058233737351,0,0
-0.05,0.4688543103047804,0.46540034440612077,140.2898958732604,1,1
0.20684503474377336,0.5491671814360513,0.1093738716285653,24.5537778409648,0,1
0.07977669864134684,0.13208665662881736,0.8875735478705623,165.75550489782816,0,0
0.24852008893657654,0.29893631402013454,0.6128116966306015,188.29030289825255,0,1
0.20518277242323807,0.5146805029932751,0.27268084661147285,99.43467519404264,0,1
0.1068907957217629,0.40089713682600786,0.8816629065082211,323.27026807079324,1,1
-0.032422869252312886,0.2842255949831302,0.8776921165047519,107.05853208182617,0,0
-0.05,0.31754411011338207,0.9408065397111814,28.97812333764655,1,0
0.0396273086279362,0.13848346987034896,0.8429480786681319,120.55851067370065,0,0
0.274151782978225,0.20097123645401038,0.948116729647055,109.49926548890582,0,1
0.1585368739434367,0.24188964316220724,0.3079832599047817,55.55438889511134,0,1
-0.05,0.2295611941890383,0.8159121474193489,142.42948989576547,1,0
0.15117256665321277,0.2156860757163646,0.7995740624763997,23.70930974010644,2,1
0.18935712835119062,0.12310958018220286,0.2962993053376237,198.8306509077032,1,0
-0.03909433851620395,0.5160624858560737,0.18367191665084215,44.58968869494279,2,1
0.14767051907019502,0.2623139249573352,0.9325074366259597,40.937360260528614,0,1
0.13047756932027998,0.2309942687514944,0.35162086879251875,82.18231904538374,0,0
-0.05,0.09595128593448145,0.8402580218976351,127.27859463359515,0,0
0.184401724862691,0.340353357371217,0.10350808147341331,102.63091989909567,0,0
0.2209412147462822,0.15694670027434335,0.11787108613666188,49.69342682840409,0,0
0.3149492237715499,0.1620025771710848,0.4959906123919131,60.04705873419016,0,1
0.3096843693662825,0.19459935313145535,0.30290748134480405,36.363521737941355,0,1
-0.05,0.3889033363849212,0.6863650909205696,75.20788496342433,0,0
-0.0488085071847221,0.3240072686151163,0.5807296767327612,212.72855676474083,0,0
0.21270634809755876,0.05696068686177275,0.16586292783291773,89.71066424344177,0,0
0.21248147116419758,0.5068443274386882,0.2382340518683595,179.02606393344033,2,1
0.21270858353508862,0.30439250526781686,0.42984187954965214,288.3921166274614,0,1
0.8,0.2972452247392276,0.2577634543621182,56.23757820409823,1,1
0.22276029192477004,0.1367056096153261,0.7733889951573393,77.53592656736343,1,1
0.3244018152325078,0.44914011712217095,0.453659700220288,511.2988683737073,0,1
0.2917203174287764,0.25181479605739426,0.1794170868161244,285.8521529942839,0,1
0.23725042523504364,0.16951392607312646,0.5116914669313061,23.619588273469397,0,1
0.06325153596473779,0.08014649270573643,0.17721245390220203,122.6970921833353,1,0
0.25661445968878815,0.23253705235538352,0.20959670960684462,90.05746745819867,0,0
-0.019108538616762927,0.4841625365767797,0.3036683572239745,174.36703754122166,0,0
0.07737265078679839,0.1693257626556566,0.8305985494603663,49.601297170103166,0,0
0.032634561390761374,0.07477892700140167,0.8859206524830261,45.984910145986454,2,1
0.13473734508953805,0.18524232349219433,0.8023190699322587,52.41241169907055,0,1
0.5366385420012316,0.16796351370450527,0.3839656348051701,56.96614608416471,1,1
-0.05,0.2763354949660545,0.3315794749425069,172.82151097773385,0,1
0.2435268342674124,0.13097855154707988,0.5667823371717033,34.989186670447374,2,1
-0.05,0.1542500262093677,0.7135751864531454,54.70247088787746,1,0
0.03505226415790197,0.08993538353011882,0.9443668699361486,21.515854620920955,0,1
0.31601110745412586,0.3465590425511273,0.2118351050970873,201.4808336962363,2,1
0.1315704034371833,0.16499025374641893,0.14189819917023377,248.84347380528854,1,0
-0.05,0.1454381844637113,0.6902025056459803,69.29281736578837,0,0
-0.00875466766679428,0.451163889216197,0.8073919159783196,70.92624314560545,0,1
0.24232759480824165,0.5292063498589319,0.8193964628864597,129.35719376671244,1,1
-0.011465993709084604,0.37717719713879494,0.6766940167155865,292.8280585574808,1,0
0.15896254612475547,0.49771530922633084,0.9109134335013089,124.82198447219159,1,1
0.12820293118268647,0.42318456662924475,0.5343540490128988,51.51981268515122,1,1
0.0027119374309529237,0.21733647489695554,0.8767425785857805,24.65406861911809,1,0
0.5059099360785586,0.10549743468741869,0.9226403164427945,36.888468294834226,0,1
0.234105424017242,0.17711581607683305,0.8200838384526415,95.4474238467309,1,1
-0.05,0.15601042342477014,0.3632947787698275,53.28942900767266,0,0
0.15356177665849696,0.3583027272484148,0.266783303494751,105.21166359076958,2,0
0.0008784363416901586,0.2382117203777517,0.5659020552345456,57.838855309170775,1,0
0.2734380002633203,0.04443763713492062,0.4850625378231602,38.608901356047454,1,1
-0.02265373291788611,0.17743415640634938,0.846094590863823,35.106092637954006,0,1
0.09934744053595818,0.08105034586883751,0.18502692040708066,314.1540929769434,0,0
0.2108977102164823,0.23325972978998843,0.3190790521147908,183.3121063568548,0,1
0.27583593495062186,0.4563029734443914,0.7390291028409022,359.39223241231963,1,1
-0.05,0.11099512270858747,0.1807386482307153,138.65110206976917,1,0
0.05978977754862929,0.524107383079782,0.3726497519184452,63.81618701301736,0,0
0.03450984399102788,0.2494485341513156,0.4290820849458856,259.4782120973881,1,0
0.0024007381367318614,0.35765966969172464,0.6292047270782865,87.66700465746648,1,1
0.4377817632505974,0.1411241998676989,0.2344127488614599,107.41216203708338,0,1
0.19289670797297198,0.25621935561558057,0.8315138167972531,86.98541811555094,0,1
-0.05,0.5239791499617252,0.48041090014633314,8.520513632874623,1,0
0.2852151504698597,0.4819498063691885,0.8794684550984729,324.987919164036,1,1
0.501988115462274,0.2639644320402215,0.49768942658884185,133.3267866042397,1,1
0.30584374689920646,0.22351415888456408,0.3337842200996234,117.19725421804705,1,1
-0.05,0.27642704708167387,0.22055450438452365,85.67654922558697,2,1
0.03283786688407475,0.32112925534140707,0.1031833305045921,102.59018406809548,0,0
0.34804400685359205,0.557406885681536,0.5523338622371102,55.82249092342764,0,1
-0.007380503811380529,0.16218908617481992,0.1910831923878849,147.41673115764436,0,1
0.1998874970663211,0.15480747939205203,0.43296859908650154,31.636810266025133,0,1
0.25943412961728063,0.20960392282734935,0.6008809970515236,104.46527776258999,0,1
-0.046847484884054935,0.10686653718771086,0.33433301236729523,141.0703604865731,0,0
0.10928543590887599,0.36441921405229005,0.24894064851119796,76.78925280615978,2,0
-0.05,0.06985421523280302,0.7585133792179404,121.10939571636351,2,0
-0.05,0.5752524381494896,0.9047724964393774,40.72867892563924,0,1
0.07453773274923114,0.28165155884564697,0.1853743551826711,41.568330167415425,1,0
-0.05,0.37944115369394515,0.2322517757272567,108.78502605955306,1,1
0.4138340347076943,0.045659631002925305,0.9160107586648109,154.9092906034505,1,1
-0.05,0.3907392159198113,0.13211658854040934,20.08769574430054,1,0
0.040791992394542925,0.32590294062100394,0.9309874860679014,136.6764574153299,0,1
0.14353330391149643,0.3450841502829877,0.10394781062224046,58.29048075700396,1,0
0.3794291920319008,0.23701367390107056,0.8426183573036315,77.15027398674557,1,1
-0.05,0.4243518655493258,0.36122640383958704,30.826837597678335,1,1
0.32936947538789274,0.12881200099088816,0.897800529450702,45.54524410608922,2,1
0.12184195098352567,0.3299114686361586,0.36940349534024763,194.9806378241279,2,1
-0.05,0.06675553056618239,0.6561603733039476,92.41512901600707,1,0
0.20317862536738873,0.10571078303232644,0.16802768430104614,66.272649032654,1,0
0.1558307452032246,0.5357995621053333,0.3059803397356782,82.00738612436683,2,1
0.01196096211141695,0.15957134377575063,0.7576274445073631,133.13577334592077,0,0
0.1325643752982034,0.12287989871766325,0.5493829756269968,128.04677116842043,0,0
0.05064355256488316,0.30995644773932673,0.888773702518988,84.77311052795355,0,1
0.14043312214522463,0.5006741240171694,0.4644386970901512,215.80328793082148,2,1
0.2391835214137884,0.19253338124350866,0.8393405109418346,195.6583663428773,1,1
0.40548302690616334,0.6798139772747849,0.48161212185650193,125.29834121468743,0,1
-0.05,0.16580692395614124,0.9323610368966875,94.03710386238475,2,0
0.5039460074381279,0.44532573170634104,0.9158592241890452,152.3007030480473,1,1
-0.05,0.28710346659034747,0.37976619972266823,115.74782906829385,2,0
0.092678682893595,0.20515210248463084,0.8530351198542827,210.32207734576411,0,1
0.22589709716722378,0.3569482999794101,0.8204696680833018,184.8693023067972,1,1
0.17057853619230587,0.08720531597496316,0.2790783377284284,39.86093927534192,1,0
0.007914086432293119,0.23791157291652001,0.6306468406657793,37.759211659833156,1,0
0.08253799493569046,0.2125906368597829,0.16177996825134264,51.36722712211544,1,0
0.03125983176141009,0.3380474712276761,0.8112041124959424,196.5488403949137,1,1
0.013914343750041927,0.29052756084271986,0.24836400097797207,25.506996895431595,0,0
0.2729283774637844,0.3479181328972756,0.16019249617789982,123.44625896556862,1,0
0.1842627874737085,0.42219960770511694,0.4401862312079895,120.30551586866649,0,1
-0.004723727146917753,0.24249642318363557,0.590383817809697,228.17627060652435,0,0
0.28192797757798516,0.3024763373927353,0.8266794147758053,103.98752630063657,0,1
0.17531391375778968,0.5685546252018754,0.928106146693476,30.735934886058253,0,1
0.26631518139101285,0.29393240112032726,0.4735686356843841,41.78410614601494,0,1
0.2333331915462502,0.23718069472344744,0.1513798845374797,34.96695884052836,1,0
-0.02921910196597302,0.4348483136027772,0.7367482421719901,58.536168428904844,1,1
0.019167412764545477,0.24766475341982122,0.5803972677903468,77.76401142372416,0,0
0.2545128489221871,0.5915252921662858,0.4807076431177937,35.43311302171803,1,1
0.22986664777802368,0.49414273786873564,0.3628785469733612,291.9345380929094,0,1
0.11623771308645334,0.19275092244199293,0.5270387486670053,31.179938850106385,0,0
0.14111892899558076,0.21570858057122805,0.3878776637884763,264.2465949861871,1,0
0.3499796812419165,0.4548274324248505,0.7434600875852562,232.3234136224933,1,1
0.013517150009550616,0.43203347294911104,0.5623096420187449,184.6832212374179,1,1
0.21847752861060682,0.4727380263938699,0.8453206080309952,51.67565154497408,0,1
0.08360532256189906,0.2538973946761992,0.5620123274520258,118.38721122829557,1,0
0.08081738341910034,0.28572136176326274,0.30252305133894053,32.398207369296856,1,1
0.3177798333576942,0.2317922806044498,0.8234280998973228,186.55491162018387,2,1
0.26857494281784533,0.23320414628000993,0.5736361881905373,84.84382171019479,0,1
0.2664317344801149,0.16973032592208812,0.27581488242202706,64.88028667443767,1,0
0.35498618528777925,0.49151217411248727,0.6299816384627888,33.81836921201715,1,1
0.12378069149389663,0.33195877515080124,0.40405925020106337,12.403703595803346,2,1
0.24275153483309347,0.34270313402458813,0.8177447704482559,39.21923496657886,0,1
0.06415198381317791,0.47320746037150585,0.4853047778495614,219.2556841821202,1,1
0.17834994344791957,0.057826174727944005,0.7174751543913042,65.21785344026814,0,1
0.09657425021381677,0.3342823374545915,0.1812057764908016,78.61298696179225,1,0
0.13745927369868927,0.5055663733930453,0.43662069435699424,152.08559489047852,0,1
0.22712826457864443,0.10926771693672341,0.9357552210015389,381.66188638754795,0,1
-0.02727972298202505,0.47637186210417104,0.787191246055576,259.8238038936954,1,1
0.4966297096233828,0.3351520189164386,0.23594968201188934,41.35246351937033,0,1
-0.05,0.31131126560378347,0.33609944205566683,19.0286082260413,0,0
-0.05,0.31565145210422435,0.3803434375279069,594.4825761435648,0,0
0.3284599572300122,0.13425930596426694,0.6528107264211288,552.9089216573537,0,0
0.2624992849133284,0.04261251654027319,0.7434455455662072,104.66480151316227,2,1
0.2323415670693879,0.44024925150934274,0.7370976174867233,32.57709400535853,1,1
0.23310219166757037,0.1195934956640864,0.5333929478604423,194.52899512002995,1,1
0.11779558088755536,0.2000779313230957,0.7891974571624285,82.56724491300571,0,1
-0.041505786867449684,0.7007817975708072,0.47151637034385385,82.23780420551235,2,1
0.13364482047487072,0.2817555447671213,0.20529848050122762,184.1161989803509,0,0
-0.0018891080721801096,0.34926511547555156,0.5797755654057413,117.62478822732842,1,0
0.2955215520151952,0.18348662812958907,0.9094561769109406,34.86027996513666,0,1
0.09352967132961504,0.5023166737897836,0.7740446036836346,69.42218270329776,1,0
-0.028589495422652073,0.06245007841002178,0.591895550538406,152.76829212519087,1,0
0.06215054850246118,0.4354437700393007,0.6497848112967324,135.39572378969396,0,1
0.19432766176961236,0.0920630148030118,0.8909777229802367,111.0092198402498,0,1
0.018529580495284553,0.6257518883853295,0.46409137526971644,189.94572312389283,1,1
-0.02799967120195765,0.37700811694720254,0.3816850181012418,67.39874582087131,0,0
0.1638636980685442,0.1271719790497805,0.9306553302503816,103.8487818313929,0,1
0.1640939827995701,0.27435287356315835,0.8339266634837834,6.046845431989204,0,1
0.028750228433196648,0.38256661568693123,0.374587046925812,62.82039895948074,1,0
0.03521310498870189,0.17843961982715925,0.4942135077567844,165.8563955426872,1,0
0.16176898872437454,0.2162905367743838,0.45281640965662917,65.87008718912591,0,1
-0.05,0.5209740341645329,0.22673132687071884,61.99278991730429,0,0
-0.05,0.279074004926693,0.9141464252412702,39.12797321075357,1,0
-0.009319959825438484,0.48498879957497276,0.443665566536795,200.87698668881217,1,0
0.0815795126918675,0.3481128642195799,0.8440297202422218,139.5985242269847,0,1
0.17596336180764083,0.37769730827879666,0.2609527935285653,174.22223174944875,1,1
0.38556411905091936,0.45526763848906865,0.5656901890416368,22.624396844719016,0,1
0.27437873217636344,0.564636774420852,0.12036717735562935,79.17336687117219,0,1
0.09121106460658311,0.13525495524082082,0.7495874112659623,71.94566589611671,2,1
0.116577082577516,0.41890629703440113,0.5937768135093366,71.91915455356579,2,1
-0.05,0.6277239733678208,0.6317511459492897,54.99146355115584,0,1
0.11666763552136981,0.42330626189328024,0.14396275017145543,68.2458470122292,0,0
0.0680414449943751,0.3242865327317485,0.2793825806773231,177.6323253612956,0,0
0.1780893408608561,0.5237323534287259,0.16318124150054314,19.486441524998067,0,1
-0.028901569839418134,0.6843643932117193,0.34557716843324005,373.0960206102161,0,1
0.21348237256341102,0.35926527588984386,0.6333231565298283,132.56497465958458,0,1
0.395893004340464,0.3939614324212918,0.581258086669769,87.01969596825344,2,1
0.10042317327776563,0.3799956547644613,0.6203273483713817,185.94804692669112,2,1
0.19230810997780945,0.08417433653931046,0.5668635806712101,28.177737163440188,1,1
0.24422591850800024,0.43722711473977127,0.33207447632448045,52.89132177999688,1,1
0.04778031506054947,0.09410779357588527,0.30783137274276146,81.70699808620124,0,0
0.160336646725875,0.3982612864989766,0.21650073100609407,268.39191893267696,0,0
0.12226663214072307,0.07765506645751091,0.8217102436679682,86.73025068496149,0,1
0.1375816977387897,0.12821245493162958,0.6240074547600578,129.02984535561993,1,0
-0.019141761093983967,0.21425064305656616,0.2585343606284508,56.16741605445398,0,0
0.12441183136660969,0.18980885239554654,0.2506279728480536,132.88361303890537,2,1
0.20963969242418096,0.449549690409468,0.8420802612972161,344.3958334140749,1,1
0.3812058494031075,0.23408313613509113,0.7313212341988213,199.6211566177703,0,1
0.2926687486953372,0.10047468691113758,0.6604892179195656,84.33822562814103,0,1
0.5075728423520801,0.1752910699720822,0.4458344914084048,154.5306838843466,1,1
-0.018122561319848907,0.31120624590899987,0.3226792296367399,142.88120684924388,2,0
0.277017714609722,0.30725814341699853,0.9325331486459002,134.99937345557177,1,1
0.1530015610329033,0.31622983906163077,0.7776536387693801,219.10754639119722,0,0
0.514164527979181,0.4493230296578294,0.35651233966583495,217.80107867265951,1,1
-0.025493691363927262,0.4992607592612914,0.8204300768367204,81.31033437020247,0,1
-0.031149931592539676,0.37973287476095796,0.7450921563224793,150.43081074053035,2,1
0.012109323820076012,0.25879512048478875,0.35251846739629866,66.25586989116356,1,0
-0.05,0.21720650202910807,0.4625699261053937,43.014707106452036,1,0
0.025364096097463013,0.6337271424536701,0.25806042858237266,72.55936072236382,0,1
-0.016643879079665636,0.3024225452045582,0.19439457772139296,84.68830178560766,1,0
0.14707088156571738,0.35324383153672906,0.7143477279137422,23.82499426097133,0,1
0.1815160756398887,0.19600880118123296,0.3273850787507866,179.1576326302078,0,0
0.4577107510588595,0.19460414633823603,0.7970504608843155,9.836890567795148,0,1
0.2910762908734891,0.12016596269169015,0.9462674047872621,789.858291552306,2,1
0.016157341980767445,0.2881738348704263,0.16512684184020138,299.31702831338,1,0
-0.04171464084270443,0.19451076843381124,0.5020798563211453,73.05357095137818,0,0
0.20854545087117102,0.22190174670034968,0.7817531754141825,90.69852444362715,2,1
-0.05,0.49244241405815076,0.7706082620600484,114.70659254149781,0,1
0.44966257785378366,0.08506599782258312,0.7459975845813231,56.18622890574841,0,1
0.3322992217298316,0.17078468035505964,0.3966456950066243,105.01417258716344,0,1
0.03554838262115313,0.3275299415979275,0.4857752673322945,80.22217860397302,1,0
-0.05,0.3146017534698956,0.6057231037402496,83.47789165626408,1,0
0.36369702734977427,0.5591300431761457,0.9278494960372685,104.08093844990441,0,1
0.09938282785452877,0.05690746574113332,0.3784151802977189,31.47450211307469,1,0
0.34280693615522306,0.5215862971395819,0.884672304559329,92.91227601197224,0,1
-0.05,0.11091117446247269,0.32895338045342004,102.59181946972376,1,0
0.012112495868320888,0.22652284530795472,0.9407132956526488,99.79116946467401,0,1
0.12094386594927296,0.08232379528839835,0.669724133803453,75.74219446024843,1,0
0.12845650687765356,0.02033762111179792,0.4939847583047683,223.69560484808233,1,0
0.03898821513373614,0.515099224706211,0.6213818638540641,67.8349776251368,1,1
0.23211298782254977,0.1524295832997067,0.3316514936841758,107.97078977099383,0,1
-0.05,0.401561690342304,0.3330477788847466,254.12798730570626,1,0
0.09437169269616717,0.1934741652155991,0.19652136226696976,84.47867097327365,0,0
0.1416532137081418,0.5676055160091945,0.19694275304958897,106.86545506914278,2,1
0.21259899013057482,0.207457529958512,0.3955209802485746,83.33697189226118,0,1
0.24809067805600016,0.24303279275432918,0.7484271562119159,242.2319734141218,0,1
-0.05,0.16867962259904035,0.6167754924584381,73.24575915534251,1,0
-0.05,0.11978721348434995,0.1871968762813677,251.30910156753592,1,0
0.3499818279417316,0.4281637369757693,0.8244010462295243,82.85811476032495,0,1
0.17981652215632649,0.2805328520070296,0.6111624829415564,45.26038837936455,2,1
-0.014727576580179647,0.025530459181464824,0.9167272402670628,155.01138044647627,2,1
0.3992073555940541,0.5758838933798938,0.6696576472995264,70.54605316925314,1,1
0.14082143417271456,0.24667491342653283,0.24889863414855384,147.87993866100055,0,1
0.33227349313148874,0.12659141193795395,0.5027158579616489,10.139883328796689,1,1
0.1321533266538196,0.07690526282307505,0.6512229579151235,90.3927630571425,0,1
0.4909346264787577,0.13178659947560378,0.12402499589248105,62.32207899444934,0,1
0.4359613516397768,0.34235225040309447,0.11267372453158672,38.45132096564747,2,1
0.07518645327376677,0.4422870444385288,0.20999255050878274,57.82418990117087,2,1
0.29488277117178396,0.22902080143355766,0.3139147697886502,56.885329852849615,2,1
0.23616767092532653,0.8133424050014515,0.4651167549925742,86.62698430777193,0,1
0.3663536803558227,0.20792342426577648,0.5143244026958201,30.148610352161267,0,1
-0.05,0.26083444259376065,0.21732346759721227,115.93376355759553,0,0
0.24348926279971905,0.10952628416623476,0.6723828422484561,268.5324674297658,0,1
0.31051640763292576,0.25085125200039493,0.6067173524420546,112.70150754304501,0,1
-0.05,0.46152626905013167,0.3502944840149862,171.94779054351827,0,0
-0.05,0.6224521206393593,0.11161090091999822,216.08027100914856,1,1
-0.05,0.3984798933684013,0.16600072805029714,242.06144762888079,1,0
0.07150676979997961,0.058734322284688646,0.4329405591842135,401.86288737472915,1,0
0.2491576060432732,0.09968586243360074,0.23087819849083133,60.37882121883867,1,0
0.390424269377285,0.05874538677015844,0.42029666522577525,50.66385878224993,0,1
0.13333706047555952,0.14049481279644285,0.6339552138338018,168.47249779882088,0,0
0.4131507982028325,0.18135617969878268,0.565151813697391,158.63611202148553,1,1
-0.05,0.12077322769540527,0.2964995006667851,167.4257952532997,1,0
-0.05,0.3803905055871858,0.3922491175699395,408.0647910543013,1,0
0.11000141419860862,0.11550874706878707,0.621926518681353,90.83965569901508,0,0
0.1891317808090753,0.3442408863859198,0.8317267738369314,126.586421359919,0,1
0.11411494534306324,0.4240345061051237,0.7402314229280457,41.086902584815945,1,1
-0.05,0.22282399733200586,0.5703900228084027,496.8344634966794,2,1
0.10395839288769808,0.49661588793271977,0.40794904856901326,68.76975653406643,2,1
-0.05,0.3672419812866422,0.41029358591053466,70.34609384808216,1,0
0.2405410587894069,0.1766046090707247,0.8475047137247366,68.21060744868636,1,1
0.18598768429743268,0.25806347299908466,0.13335703963446444,53.73600779816709,1,0
-0.04917836153892394,0.18946469672779903,0.9397852477572217,50.221858535593796,1,0
0.027503954879395165,0.41553989542792674,0.6647190992238279,59.206810274157974,1,1
-0.05,0.3736665773648109,0.6789670442115319,30.18554772117742,2,1
0.10871776249082905,0.31574326822413956,0.13229816170903083,48.02615045912789,1,0
0.29192561769022285,0.08399329541065491,0.6146998836575813,428.0202421293133,2,1
-0.05,0.17040026056912042,0.5120613510768799,162.15037005262857,0,0
0.210728372793212,0.1477675605532415,0.18991207085995693,188.8066246684635,1,0
0.024553628692960655,0.039946971742571044,0.33623370915395523,230.84974167450076,1,0
-0.02271710980722194,0.10329415178606531,0.8567672877816035,390.45301872947016,0,0
0.10073453520817958,0.10515294927659564,0.56749015348606,21.820763242909244,1,0
-0.05,0.22786647909438923,0.45140408889782246,33.6527073079353,0,0
0.020343125037507237,0.40368453719585895,0.1617798324646893,47.32416586583922,1,1
-0.05,0.18541250912330293,0.7070032982919597,61.81933396135895,1,0
0.47365052392495005,0.23563203212078124,0.6974231998866276,70.77773596906354,0,1
0.12634743935491113,0.23568719520267642,0.621937065926679,62.95485975539738,0,0
-0.005950591438665415,0.2556894500410284,0.5337232492875518,107.28052476485999,1,0
0.15851638393215994,0.27731658935159587,0.4687167418762668,92.59510815863483,1,0
0.09978095105565063,0.4929038584246122,0.6042804290397934,50.487822261118765,0,1
0.08022547208401987,0.22461636012846697,0.2983861339691457,15.792907998494336,2,1
0.23055000600781653,0.4978941595164927,0.9000702045510005,40.678717156766275,1,1
0.2563513878085149,0.2708167713466874,0.6004753498031951,58.00963267441579,1,1
0.02450979343010505,0.2447966527292512,0.36451357770122006,73.87219094379388,0,0
0.016352716683957602,0.7069398340941843,0.4822278732523837,36.461832646013434,2,1
0.07049069451270407,0.4405181037535751,0.7848320705453584,60.7857159782772,0,1
-0.05,0.04283204593560013,0.23737365162075283,36.42335133728169,1,0
-0.05,0.3382887652701045,0.34891027909122135,81.39749664277572,1,0
0.3660373681400144,0.1093125928188253,0.6775818193260721,38.150045000982246,0,1
0.41609418843023105,0.2790779756873904,0.3681658255098903,45.64418765798683,1,1
0.0751735128798519,0.12319567633573482,0.773626429582246,31.59670033014762,0,0
0.22378025335003793,0.31085490028701984,0.2108854641007567,79.61475528263801,1,1
0.1760250278178365,0.5807638662086987,0.7482832448864172,45.00806896538726,1,1
0.6741985455219428,0.3520188680892029,0.15809895762298132,185.94062704886795,2,1
0.32152348405822384,0.21162448830095731,0.11070372076737058,124.5466336640189,2,1
0.09697483353346202,0.19060156650468274,0.8634899910073378,85.12480770142987,1,1
-0.05,0.5287406174504465,0.5941383343924538,47.56092887025211,1,1
-0.05,0.3441654266410305,0.3990528625237898,122.04822386981134,1,0
0.15662345445610015,0.509483025220101,0.29770544141927285,156.42250497771522,0,1
-0.016143134151174604,0.3888300984943921,0.6243529157716936,100.90209898416755,1,0
-0.05,0.24862235523960224,0.5326518560062274,324.71941935014627,2,0
0.003616880836345218,0.32585022418213927,0.9428581092004874,130.02280452049877,0,1
-0.05,0.6161490898475421,0.9357335886556839,186.95833303913378,0,1
0.42368549431306163,0.2637367830498125,0.6397708812203682,100.16835620426535,0,1
0.2786951562509011,0.18218694455348772,0.47643993019000697,154.55214733686088,0,1
0.11856492456300886,0.171892970512924,0.5174698237644628,47.5877328060452,0,0
0.3863899450002046,0.39670589681207996,0.6801072063013326,62.38228304061909,0,1
0.1339262953765713,0.2024517443898647,0.18633836260007416,119.04372264150798,0,0
-0.03503115623908745,0.22863765281597825,0.37909926273911043,118.35393511840734,1,0
0.3941623339085383,0.46349070456281477,0.16398140485306328,135.11002660082835,0,1
0.21700380786323856,0.10118673151915425,0.16235664558938162,217.09049924729248,1,0
-0.05,0.2799184058289093,0.2664633556100987,28.78985483898599,2,1
0.08573903794495052,0.4914679824608622,0.5124652664042428,41.282470299595,2,1
-0.03761128560925628,0.31599410767455666,0.7670581729883709,108.1650296180223,1,0
-0.05,0.2817194221228608,0.5126715074909917,50.426109902617334,0,0
0.2867119585556954,0.3774191190742991,0.38515511897673926,1342.400345424464,2,1
0.4636949952846235,0.3231700330669986,0.17000004178624442,135.98923053203262,1,1
-0.05,0.2453787438648542,0.5677511947056602,84.54934436052123,0,0
0.22133446260430273,0.05079942872190077,0.33057829851070025,59.59815287333558,0,0
0.0028843375580711456,0.3893073782684028,0.6226940512295753,61.305537509957624,0,0
0.032317430922354715,0.09094489894008022,0.9306095782625555,92.21405221148127,0,0
0.013369093637003546,0.40660733444171865,0.19461717325591765,98.45361721906852,0,0
-0.035518338542366884,0.04913317291823275,0.2803065889136489,62.46714160934631,2,0
0.12873389303006885,0.13406080555620095,0.5021303573844685,72.3473049914667,1,0
-0.02957102095398681,0.3113574232014944,0.92332174304404,263.86237494384596,1,0
0.16868222864037097,0.23475450753864355,0.7560383098294962,272.49055967830265,1,1
0.11095714029915535,0.20655144744303597,0.8634948141884056,110.12622236031672,1,1
0.07698935156404624,0.6816552682617121,0.3836576212044239,30.783912072627203,2,1
-0.043361459167487626,0.4125868136483029,0.9432327027118054,138.49060997453896,2,0
0.016181160497700103,0.053121042959720026,0.1874078936545338,312.1319307154646,0,0
0.25597042064863607,0.49061904250908245,0.1450269701391857,269.29969885607613,2,1
0.2101650937723885,0.4547962996448925,0.8272622329959238,161.9909844673596,1,1
-0.05,0.36081494259459335,0.8881751396759382,280.88304261213807,0,0
0.13787981497726065,0.18806662822322226,0.17699755391418648,93.94480396871768,1,1
0.255249682206922,0.396148132078496,0.19641331273396528,148.78203400072218,1,1
-0.05,0.2841761625924747,0.12819803409240774,52.21550842036592,2,1
0.2178048346283883,0.4365609916533659,0.1888314282463155,113.72831074994558,0,1
0.0007277233897475949,0.14190926688076597,0.27800684428023875,260.76702786877644,1,0
0.22270776034676867,0.17512991611967793,0.9245651260735008,56.17440751074319,0,0
-0.017386648177653036,0.10939522362794184,0.6676811889037283,45.18861869862446,0,0
-0.05,0.15094659543979538,0.7617700716907607,97.31869916180378,0,0
-0.05,0.19977115884535762,0.7597184931377937,75.0887116850893,1,0
0.12865529039904874,0.32373719499724907,0.5548126873123325,151.3081032491716,1,1
0.16675005030986673,0.15229284112134703,0.7778656310560645,62.63926884261421,0,0
-0.04277699251879355,0.27150653100697675,0.6064364025314741,355.9362680457329,1,1
0.2349466425799273,0.48509930163334536,0.367364182962854,32.080844954468986,0,1
-0.05,0.35969416552293865,0.5769435924531406,245.4241231955247,0,0
0.10810563624348302,0.19668016242726186,0.5534822982143365,48.81905057684854,1,1
-0.05,0.015531497830961472,0.7999350956954225,21.396210188142593,0,0
0.0026695005956113432,0.2799801593212404,0.9344681347744102,108.88585427958436,1,1
0.12853176083695453,0.18606212320601692,0.449386180607791,73.42860776023286,0,0
-0.03487440575111142,0.11690970530073955,0.7488820766751557,37.051635939425836,0,0
0.050780002038631436,0.28672806899006137,0.18479855343241353,23.450656415384547,1,0
0.3011327056585993,0.4524646695830735,0.7603066640310452,89.41704913298186,1,1
0.01615946348583322,0.17178147128900662,0.4157043751942473,196.5013916159113,0,0
0.27042458017172555,0.4198229253993504,0.13348163845623368,143.73377366717995,1,0
-0.05,0.23346542109232404,0.40875925177785066,94.1948320932362,1,0
0.2153647520247509,0.3430824449809528,0.6190463382833981,132.0364549834267,1,0
0.37948235171842204,0.4799059691988199,0.20136264252924657,88.07852041669143,0,1
-0.05,0.015933791449791294,0.8854293185657164,28.68059052281341,1,0
-0.02344114598468583,0.35244812387156554,0.16602155128191282,28.883913441491735,1,0
0.22387298289249719,0.6577252418827442,0.8905057118581912,76.51334551638745,0,1
0.08345183051226132,0.5379363637806488,0.7010668902453334,79.16049476522306,2,1
0.18680625720683558,0.12275555219550162,0.38025534910207304,177.82254997707383,2,1
0.011282666391152302,0.3162967511292953,0.43213779555272924,164.9831552045692,2,1
0.13558616174512197,0.7182985797189214,0.7296879600228325,146.07298770900525,1,1
0.09197809762942569,0.2096374939492888,0.6112504357490263,71.93578381157364,1,0
0.33020077109876533,0.47984139810788023,0.6708964832367034,29.82891615813206,1,1
0.16579575179421835,0.30096354758337374,0.430789924036458,125.16800935131339,1,1
0.1807684791735364,0.21998463055148423,0.5146414595364591,137.02117153080147,1,0
0.04586214609795587,0.47774106931540994,0.9413873614322094,13.31877681270932,1,1
0.032230879666951165,0.4771332841901341,0.28183443992476004,46.179198636524426,0,0
0.04213952619246823,0.13018424985566324,0.4551777585438117,51.787898282692616,0,0
0.19100138562809343,0.5303993887030928,0.34804970943787217,98.95648033391723,2,1
0.044222793452352666,0.0053680844501438315,0.7503447838738723,47.33791943859505,0,0
0.1721594742413543,0.2142283776069361,0.7494107318158626,87.31238718560917,1,1
0.49357214375617897,0.29078800334020394,0.34857864184778653,76.06376850259737,2,1
0.2768024466177046,0.21064687555536693,0.16918176913803545,79.25578625470956,1,0
0.06131576420978859,0.2798311894927176,0.10971777517137345,50.74862708478419,2,1
0.3362185059895101,0.18351478160566112,0.4633329532561127,53.99070794940529,1,1
0.04654643285612074,0.26322314115715506,0.44878695518540523,37.93166882299392,0,0
-0.05,0.42006642843461356,0.9401313968438835,122.0040148086075,1,1
-0.05,0.27754244114871157,0.49933176434302773,142.14989548795896,0,0
-0.05,0.6236265478175447,0.31795561413910756,48.5942708347886,0,1
0.05672757287256444,0.2746747326009883,0.8575450248767472,303.8432905289546,0,0
0.12331530825411931,0.23117562051690402,0.5174077572055417,69.98765308881974,0,1
0.42175871620955085,0.7501009462025124,0.6092992899289911,306.1724480817813,0,1
0.17884692727754928,0.48770314027533535,0.1813184038639808,53.855162164757125,0,1
0.08056190481440444,0.38579893959303424,0.4254789462303079,17.79180180982922,1,1
0.2692930046130281,0.06754745429414084,0.9025901233027187,124.18324536167438,1,1
-0.05,0.5795435339820293,0.6010795765491116,109.8192776332627,0,1
0.16241062045954185,0.4220781732681007,0.39282657687109246,92.52834557701448,0,1
0.25875573489965403,0.1076063974617847,0.631817103536854,53.850625398275405,1,1
-0.05,0.3737010222714219,0.8738494261413987,87.56157144962843,1,1
0.3258757277772472,0.13742430887514978,0.3328920104017016,59.79920901554925,2,1
0.18092935334899454,0.5327875402080797,0.5293492107000732,70.67701026269992,0,1
0.04524817549785577,0.5502437465751491,0.914887055824992,176.4973398541786,2,1
0.23390073589913127,0.45279732056725525,0.24653672180368474,104.31068312177138,1,1
0.5287247144047913,0.18582648585372022,0.7117143367572047,146.6371414766988,1,1
0.15273592591052912,0.43911412045465,0.6223088569725349,74.77661442338827,0,1
0.16467970553406047,0.08755286918647076,0.6777238614695396,68.46934476051834,0,1
0.03731503808275606,0.30255530983062434,0.3985366860674342,35.77373537061361,0,0
-0.03297198650366254,0.22692574261383391,0.36679746746120023,66.9516495215833,0,0
0.26946044697796423,0.22079468487527212,0.6815782200001148,6.316140590263214,1,1
-0.03409508866359609,0.0932182061227306,0.2832117923388635,56.13853229624724,1,0
0.13288192269949065,0.29187932762260266,0.4567065331301543,84.31001486492877,1,1
0.034021659582279,0.12935005514766454,0.2599484491449803,141.30757864866712,1,0
0.20621636863435053,0.19306595004172766,0.10705911495483028,72.60673586089683,1,1
0.1800591789516507,0.3841686148129106,0.924548756032359,118.8828832109832,0,1
0.3067571899664219,0.2900182703688738,0.46694753185795623,15.739430661420268,2,1
0.028197048206145534,0.19685360478657662,0.9239471722568514,86.01575853397102,1,1
0.07142251164719317,0.1316670998839262,0.2192749918026522,23.48584186286834,0,1
-0.05,0.34576405728229137,0.5992617625388631,34.23872068735365,0,0
0.04002721318629991,0.35987407068966043,0.27082792787255366,77.49919596876553,1,0
0.1879140887480734,0.16974687545557585,0.7715630079187835,249.88759338721997,1,1
0.25625795099616333,0.20723311870103758,0.7661475404468289,121.1422422280549,0,1
-0.04598975835197258,0.2979050442506653,0.195716076683415,91.3396337230269,1,0
0.2765290656190188,0.12899233875418872,0.8752547849449307,88.62160604423676,1,1
0.36401481458489116,0.3257121702747576,0.2654352001227409,50.86102359030319,1,1
0.19441828258026617,0.11183973069886616,0.6210307403509563,58.25402969124357,0,0
0.45782324626045184,0.14440003664758458,0.9377885770745484,126.70997789744712,0,1
-0.019282055838643147,0.007274704741306602,0.8500370545514092,29.71677155489843,2,1
-0.05,0.13863910240454763,0.9130793392769936,144.66825725562708,2,1
-0.05,0.0468492653975621,0.39120895553540147,65.96962087612641,0,0
0.38928797606805293,0.20079260746707878,0.18973929588654387,174.24209101643177,0,1
0.2377858181437304,0.17154965153338303,0.2600948422960326,194.19732198656843,0,1
0.10999475923611808,0.05177184339479075,0.5254206608151217,23.606752405757902,0,0
0.17039435273756764,0.27036668637481137,0.7742452265323237,56.52796036266146,1,1
-0.05,0.5279243840181365,0.22763059755629395,45.402984902968576,2,1
0.5602353563310287,0.6678969467219104,0.6607718024216435,21.1114939248343,0,1
0.14325981275554095,0.06144969359913295,0.37504096343358506,39.40817882028594,0,0
0.1396910630288807,0.3090567782564249,0.39002176153333046,634.6062172467473,2,1
0.25063799230176453,0.3527065663574891,0.6626300706342373,146.58535942515843,0,1
0.2065816617126084,0.40359326057619216,0.4969495066032372,417.3104273251801,2,1
0.16029912437024363,0.21443261539524658,0.7902282990720948,174.73643484143818,1,1
-0.022285401980156133,0.34084369794317704,0.232530733213403,49.72587747762673,2,1
0.20486430428447922,0.41236108761951057,0.7714560293019826,66.32607066903819,0,1
0.45876440936550605,0.5724359543433041,0.15459996084880773,144.13479587542315,0,1
0.36217560830789597,0.2929788735913856,0.26494579820876424,127.74102379485313,0,1
0.40677359279509145,0.03928016313148428,0.6577272573276906,56.71997193548755,0,1
0.027981178242386676,0.22325775316575855,0.8266868080344105,26.896750055723903,0,0
-0.05,0.3399068359357701,0.3147776835784467,1249.1379469092549,2,0
0.09735835438206333,0.18368118718776022,0.37811286495457597,80.40531348521455,1,0
0.13003048421196503,0.3885662769655529,0.556552636043729,69.36683597165216,1,1
0.3169544733247707,0.08462733526759525,0.27983688551590696,98.56020415138637,0,0
-0.05,0.6434052833138456,0.7894828223493797,74.12976425826817,1,0
0.39531905750291046,0.17970506049704416,0.7575911482548966,99.3037292927733,1,1
0.0915585782557819,0.0990454947431122,0.22349795517091436,252.03244491664847,0,0
0.04316140740946439,0.1320147770620504,0.49425527204413733,81.48029535675633,2,1
-0.05,0.4865241768823066,0.7586036016564282,35.51061438451992,0,1
-0.05,0.14214708714319613,0.38673010143790254,79.09779232160979,0,0
0.2681707051131446,0.3203225821877145,0.6381407993100718,62.08339580661322,0,1
0.1331972340939127,0.5834896095027,0.14268115323893682,281.2149011437064,1,1
-0.05,0.12776866366844378,0.6173854464499202,229.72782802476112,1,0
-0.05,0.5111639862554721,0.22975503300051595,98.1032014253999,0,0
0.05955875412777692,0.40875435210312244,0.8059958263472836,32.36285505310146,0,1
0.42042387455209074,0.04062935717394039,0.40213204404340674,33.76032138053457,0,1
0.07327355675455113,0.43840097094062275,0.33932078331896637,91.11282823877649,0,1
-0.05,0.44352682389611603,0.8147556302047622,117.8082585688946,0,1
0.07576624846453002,0.035930195465749236,0.14262241961103866,66.70645631334592,0,0
0.0709097574454193,0.25996915860043185,0.4371174794341931,61.30517943692392,0,0
-0.05,0.2884957018176471,0.4145030094887767,56.02290435516472,2,1
0.1102269240267938,0.20906870283677964,0.34208031811211825,88.34811224917566,1,0
0.07843178456243796,0.18510293303371547,0.8749911822012555,13.380388877173875,1,1
0.2453171456664153,0.07187748488844417,0.7382891344892138,37.297962369133494,0,1
0.4528120970901621,0.34772456456415163,0.15433468956314797,54.50864558319581,0,1
0.3227817053185963,0.009063576455491072,0.707484332019711,236.51285365827073,0,1
0.07160003570013049,0.2707572855994038,0.5482042631594749,46.94370352592981,0,0
-0.05,0.2061700110820898,0.8657377102413423,103.998295903615,0,0
0.5832047645849748,0.23538928965900957,0.3660037747461047,107.90316458947443,2,1
0.1306593181226079,0.37027859563450843,0.5880376996681455,254.2538569000386,2,1
0.12250727254433032,0.20744051778707873,0.5256419835298382,247.1664325162643,0,1
0.1156574843201994,0.33200075489313624,0.5161267702934649,85.96993352610575,0,1
0.1556552569382139,0.24355644163812606,0.4876895895896307,61.53537465232034,2,1
0.09401512585369035,0.18292874408417037,0.2747850542024391,52.92805389863283,0,0
0.016740838761557464,0.26544838867192205,0.7423534341185338,74.22859267919341,1,0
0.021565390576729418,0.3712972710645472,0.4836356278283954,63.610167030563716,2,1
0.11410441136112029,0.3393430997282359,0.9147388337522149,140.17644177413197,2,1
0.022183541195922307,0.01610866484751807,0.32168716311385986,125.99570939967667,0,0
-0.008312240881889588,0.3700401819965376,0.6803322636829849,144.5233307382986,0,0
0.13915744098454141,0.3093305217887315,0.8996095176932422,246.5160170220686,0,1
0.07410410086424604,0.034376929980175934,0.6639395745636786,399.5325733274328,2,0
0.39071873794488393,0.4080696401915166,0.8405819714747854,99.45752958744887,2,1
-0.05,0.28691050458305856,0.8033588157934551,216.92919654950649,1,0
0.3164712333460431,0.6273568756267822,0.4061000581656533,67.94318579489162,1,1
0.3442953346495732,0.13000318586576287,0.610105348948572,232.29441257621556,1,1
-0.05,0.36834962922318115,0.23282213883965225,210.44142023869327,1,0
0.05831623306553722,0.20681781732201704,0.5551970002912596,201.69018370041235,1,0
0.05314064412075753,0.5017603426553671,0.29585867604218663,97.05286916438315,1,1
-0.05,0.25704534872496765,0.7321762927095787,52.73679814010134,1,0
-0.020007003766357556,0.6041340990775811,0.5488496586083059,29.49961610017239,0,0
-0.05,0.07846811578243269,0.44954325823691144,87.17958913669929,1,0
0.4354086798162521,0.29559458383927883,0.32847753174193095,306.8656512724202,0,1
0.288422110766543,0.36847770164693944,0.9488937095650938,70.25448003416167,0,1
0.34887991709894856,0.39310715634519816,0.16095394275219277,168.69650437249646,1,1
0.24990097152778232,0.529186384271065,0.13702657848655703,176.8251021152453,1,1
-0.05,0.30996582592299404,0.2846687904197849,71.7401830200304,2,1
0.025586352069640744,0.0567761306426929,0.9254115898336467,258.030003298686,0,0
0.20808742102102523,0.15550031250253407,0.9323524430719867,8.785225626089211,1,1
-0.05,0.0949941831727461,0.6566885745563156,33.84528765153203,0,0
0.24833971743102984,0.6594625321905624,0.848090667125444,43.27149754334336,2,1
0.07674142833153569,0.23492957049674604,0.2818674712146761,46.722599721983094,0,0
0.052532254641072446,0.2024783509487901,0.92623578005013,117.80260219907969,1,0
0.24797279427662847,0.34119850118462985,0.22136712261862995,113.5258134616595,1,0
0.19996739606748715,0.3712930873250693,0.18595640995440954,123.37055364344113,0,1
0.05502609015256561,0.2579043518687058,0.19537980836018198,145.01906192123,2,1
0.32867936460556463,0.32843642335088175,0.58715873478168,42.09446859160603,2,1
-0.05,0.4197319573933808,0.7638282406103445,33.96936695394335,0,0
0.23086840924996746,0.13084133584036514,0.4116671011934381,123.60064279369317,0,1
0.22675822643430907,0.32750574850149805,0.9312115896182075,54.37009840571236,0,1
0.06428164092348174,0.3090666018759184,0.46925711740058007,25.626320394097874,0,0
0.17870394400358122,0.4432956418443808,0.22788126815723384,195.79641641049503,2,1
-0.05,0.45195397183953334,0.4960717359582162,274.81043293982253,2,0
0.2863248634572422,0.17662501625710236,0.6771815906090738,312.8515233687673,0,1
0.08671761544026196,0.06628959192412616,0.8073919134287219,104.54380573245466,0,0
0.025909856306572887,0.2660565893616861,0.489953046463104,148.52386862054536,1,0
0.3088216606506401,0.350135842218205,0.6045658021417923,269.3184689235047,0,1
-0.006781864297696671,0.5160959312188699,0.32724300533502537,53.885820240073286,0,0
-0.05,0.1097055673936324,0.6490290474446868,218.88405212116115,0,0
-0.05,0.06263991629038376,0.9380761523577921,112.20381421698421,1,0
0.22908179124221512,0.13255741096760387,0.14169553669962479,186.9739536527488,1,0
-0.05,0.05832776626883096,0.8535510700993926,104.4673326904798,1,0
0.4358629527571856,0.32540251244543544,0.5779401273523943,253.9164733347661,0,1
-0.05,0.28860452011995313,0.31428386062795494,107.64287232286839,1,0
0.42536214629220687,0.35318268862041563,0.9116562535078692,27.46237133067138,1,1
0.1579831440964713,0.13398942398866828,0.510851157600064,287.59156769302336,2,1
0.10259163986332936,0.4067854267970843,0.3819367139223778,42.18123303102353,0,0
0.021914564374389045,0.15629445451515767,0.254272984030215,245.29132068664907,2,0
0.19184450058337277,0.29695838258246554,0.3077843787181628,83.74744768583211,2,1
0.11322575356352729,0.6434014985611503,0.8079216853527261,230.62863776061778,0,1
0.3185943387629738,0.14212150321881287,0.622248507919591,223.14346198334627,0,1
0.14056097675916712,0.16699735743790217,0.8762587765650686,126.99076654587314,2,1
0.14705431706313796,0.12969655149386994,0.297173184334118,135.209882195775,1,1
0.05454980180150594,0.1782872715496214,0.20296778777156627,126.2296533715431,2,0
0.10974978773020785,0.1707652951825317,0.10517440132925152,17.974250302974816,1,0
0.17540431840057064,0.18526477559652793,0.5316827319735947,98.95489845001842,1,1
-0.05,0.21893111788688133,0.9485608908246899,36.86080012504783,0,0
-0.05,0.3382750971926416,0.6907204784958431,103.22898902391009,0,0
0.2537875369240887,0.4604493989406266,0.3621354031703742,36.0766543737063,2,1
0.15075577886302954,0.30110227435041076,0.8453297955722459,34.88435496933413,0,1
0.08688299945651776,0.24097964885512327,0.7644639260897657,325.03978863424396,0,1
0.12331810795177077,0.041859411542165034,0.11310289116505837,211.78209885546414,1,0
0.1825647069651008,0.649237693775418,0.794331408459869,89.71930219578387,1,1
0.022843257544314932,0.2810720906179367,0.3554477436527216,104.35670853027385,0,0
-0.02009485057241628,0.29134280698889403,0.22722244489606092,73.82276695860708,0,0
0.15525214591758268,0.5462926117906662,0.2923812137765134,142.01051452115433,0,1
-0.05,0.18968961415942878,0.4982928337188681,52.41309720526818,0,0
0.19348549602860493,0.2485969038960578,0.46113773800780933,199.33607319119045,1,1
-0.05,0.4392210898888791,0.3455542044680927,73.51801859956723,0,0
0.30524801471861585,0.46360692555333594,0.2463855738759778,64.3361964296947,2,1
0.20506754683434775,0.2672577269945208,0.7478961711958438,91.59442567829318,1,1
0.1660853521764976,0.2819303733536357,0.9415933161746795,56.0970112696965,1,1
0.2968843771101925,0.5692730228078995,0.7611228433567369,117.09035241058334,0,1
0.41978540000326375,0.2236700886792262,0.35154642252081003,58.56340002766287,1,1
0.30258661170326345,0.23061271313703677,0.30808761720031336,130.95043361562938,0,1
-0.05,0.3531544202561912,0.2850159946560475,238.12725868544337,0,0
-0.05,0.23214236376262243,0.21619081331568085,50.629917198330006,1,0
0.007532656014777803,0.23843899928388845,0.5686309672384561,81.08837701670973,0,0
0.12469638903795008,0.36526332118874694,0.6145903161603425,130.19906785647044,1,1
0.21317862368444213,0.4133211757037022,0.6996772615636666,63.51741472991894,0,0
-0.010633886367623802,0.1412777499469272,0.6781813652936177,130.51086090969173,0,0
0.1536180176058741,0.2789410612672031,0.3484833145908751,140.37523519328545,2,1
-0.015968927823598045,0.4770180100982217,0.3807643545873196,214.1355918247139,1,1
0.009926795461449311,0.361797462056256,0.6792873551259871,55.43482260317026,1,0
-0.05,0.2961979733556478,0.3970304946660841,42.342012980741174,1,0
-0.04618198429996276,0.3462252555015791,0.2807297111764161,70.382037984849,0,0
-0.05,0.10846004019288348,0.41818573064222864,41.5043453241914,1,0
-0.05,0.22690828159919452,0.331271533941281,141.4008215046456,0,0
0.3096555233894111,0.15051581206901055,0.17506581303579113,35.53787253736292,1,1
-0.05,0.29450633404439086,0.8056180669351555,581.9666447146118,1,1
0.5938287716707303,0.5362160322633829,0.8251446807834808,253.84968214588096,2,1
0.20879722215856006,0.13751560636675203,0.2867877551418475,90.92732996544683,1,1
0.1532705022650773,0.26431929318681086,0.1550563695964215,180.1726565849353,0,0
-0.03450440043261843,0.16674076091080736,0.7280033217485026,24.30199652639258,1,0
0.24605577829361844,0.12875606452853877,0.2797993319839016,677.6959019452963,0,0
0.016385191277200686,0.3268563949085386,0.43442016602133116,56.1388625761542,0,0
0.14196176663616505,0.11576307637312196,0.15451496440177576,81.74478934775006,0,0
0.580815216888383,0.3384170503055753,0.2923291470446699,20.39425758411205,1,0
0.10270921804956301,0.3598383820137326,0.7739669365801903,132.82465086406336,0,1
0.3268691987314216,0.17378302708345014,0.7837369798779216,37.148547581327,0,1
-0.006571756522659733,0.2783028816737725,0.27602210115455383,97.64364826256413,2,1
0.11370207171054689,0.6741949637316157,0.3855267683406861,58.240468820604654,1,1
0.43874411441439176,0.0363521567719536,0.21410265622968205,38.0083112172815,0,1
0.007145929598201872,0.22449436638611184,0.16304673574218403,47.300023796258486,0,0
0.44624074043944717,0.5983467250653779,0.943345957281148,107.83803518436008,1,1
0.24739534838198557,0.34663607642548144,0.6572548585581133,32.2916028164024,2,1
0.018755980339031822,0.4031675737816288,0.560782032818571,49.4494365260194,0,1
0.23383339302999376,0.5280499551515648,0.7506737253445046,153.02766239410795,1,1
0.29505980093281137,0.4599431294093182,0.8140655857345654,721.9702260607104,1,0
0.23192579319909534,0.3354609478388799,0.7857075528380184,131.9035608097974,1,1
-0.05,0.3901195855163728,0.11405853189639512,43.21513090074823,2,1
-0.010884691648476358,0.14652283416598802,0.2587867134619237,67.10836252067664,1,0
0.07544664560072914,0.23358324898373145,0.6566695068001563,92.32096033261581,2,1
0.10660198276199166,0.5355852061194166,0.4193954456333685,68.06478957921536,0,1
0.23172097755912202,0.5458906890817872,0.9351102534019409,185.38718564266222,1,1
0.15198618016798568,0.29324689662939285,0.6655940737425159,107.12311563355783,1,1
-0.05,0.2606005376897788,0.9130665724198255,186.09958021092405,0,0
0.18843561318107338,0.14618807443405762,0.27122950939892476,69.99648088833878,1,1
0.22990543415108816,0.38358291962866264,0.8343634738977695,259.92683193523465,0,0
0.22076228062758715,0.03720628790873445,0.3731494599429416,78.79200501963062,0,0
0.3145405305998319,0.15265935678690293,0.9411300870021357,41.39036418927212,0,1
0.2701059878188027,0.32909401726592674,0.2340353712621752,513.8114168440188,1,1
0.20265241426111857,0.30340905103521687,0.5388888460125776,20.905615402557938,2,1
0.10737017193744353,0.2662427753170681,0.7739178537615536,49.849527591146725,0,1
-0.05,0.23935286409338105,0.46774610851343046,54.50964827315183,1,0
0.19733127944386544,0.06726024683917943,0.4978714511594997,669.5762291331265,0,0
0.15738378368936,0.5421148900980919,0.9384024261798798,382.02540335209795,2,1
0.16888419069516722,0.166930655302071,0.46151192775598027,297.419177234279,1,1
-0.05,0.3125025751898585,0.613461285509204,69.09435747776816,1,0
-0.05,0.5754859263203815,0.1463587115738781,626.9974057555598,1,0
0.30956751359992263,0.42508896579516403,0.815878568178721,120.86589232719425,0,1
0.11288007230580209,0.6034669008975112,0.650942841632612,196.72576365280702,1,1
0.2426701255270724,0.1644219334624456,0.4434170874333915,103.934023133818,2,1
0.125097307703483,0.2086997984846618,0.1137441089613418,86.52442490657593,0,0
0.12535610510923412,0.48071818860732274,0.6029184975044782,73.59499795511485,1,1
0.28889108507567957,0.25076845023001687,0.11075915421153787,76.11824643132996,2,1
0.027111948920872694,0.13701348082005577,0.10102307182266523,146.46599990212823,0,0
0.137301739849377,0.6245064211462499,0.6236837778269514,120.7545338234952,2,1
0.03679044803309235,0.19181205542314084,0.2606645072343711,87.77905369956675,2,1
0.041790679062183186,0.2992083215716564,0.26310441726038103,301.1532267399625,1,0
0.06434901777564492,0.26848915928564887,0.6552808309578321,8.386284258844299,0,0
0.1599840788940683,0.3144923311622377,0.14564260974846815,135.35619677299408,0,0
0.03382524810057408,0.16635921230399522,0.36639472725337285,159.8428212691403,0,0
0.3460361026032337,0.03517978079936163,0.2270171168207162,225.33096897473587,1,1
-0.04102931439951071,0.3458810311827689,0.5931499143270538,85.46465059834931,1,1
0.08636310405095537,0.3484719423435887,0.6625003815182864,106.30752296404127,1,1
0.04084840951064851,0.08214105244379034,0.712965475559187,198.09737577623613,0,0
0.3804560191836719,0.21571526754008652,0.3169465343807806,296.76278721352134,0,1
0.15537985977208343,0.08269297157896618,0.1758622888910964,70.77962748157,1,0
0.30573201710435427,0.4167176195864318,0.16688110840061315,111.45050895655257,1,1
-0.05,0.08798265186203791,0.4622288161831152,344.76367126529266,2,0
0.1680690478564666,0.3530655050389947,0.9039677477033078,16.45745126837822,1,1
0.28013354321221867,0.38241656334813184,0.28506967910997094,51.83107745047728,1,1
0.13481111806957635,0.2537913909739236,0.31823036114031694,290.8096073831499,1,0
0.3117864675117632,0.6066784600310963,0.18575548178998008,215.7305697661465,1,1
0.026888078981933003,0.019293773873010477,0.6147347328098407,136.72288891510038,0,0
0.3736825392334044,0.4187109793560707,0.6778919428550986,62.873357292169345,2,1
0.533801662251465,0.3403779918999732,0.6464915269366459,44.458012339006025,1,1
0.05468905912086136,0.4848744923943458,0.831960706588064,56.0939242545766,0,1
0.03980954614786107,0.6146509543014494,0.5134619597721609,310.56914837341225,0,1
0.38160920588118613,0.28244542696617414,0.21428848465200478,54.44798534898021,0,1
0.40432298623152824,0.23873026417379783,0.34599436109875076,97.62546501161941,1,1
0.025885195112411705,0.5366935287842728,0.663065477408149,49.25613281906651,0,1
0.04436637292274569,0.16882476789617254,0.6211536776803258,176.65862961169177,0,0
0.0692787704051087,0.421936365707615,0.5513526602815181,58.49954495864441,1,1
-0.05,0.32649520209421795,0.680519755885384,83.25639043333354,0,0
-0.045357350367155685,0.5665498107719812,0.6417822228173045,23.413067193308233,1,0
-0.05,0.0714647231169887,0.8491261560452089,24.761880920758102,0,0
-0.018203561718743128,0.061517378481216155,0.5981139208565521,90.57140586293652,1,0
0.11375672027037938,0.2076698374564722,0.7618111548954729,31.183037460715628,0,1
0.16215865185657374,0.27820649078075316,0.3114010825714977,484.9614054927932,0,1
0.39909008870653384,0.38762730112288585,0.6764551969007078,17.301297701020776,0,1
-0.05,0.13732166561977882,0.8668650006252743,47.45869534543228,1,0
0.29717803172578505,0.04255493968319861,0.42787247871485823,91.227892926684,1,1
0.08148200803940839,0.7027228461514909,0.7622385592378496,67.21481266245483,0,1
0.11109653226256207,0.20317663544645967,0.71607090601612,37.21394790428495,1,0
0.24146750858998867,0.46368862189199295,0.1505972673410491,41.83183817397214,0,1
-0.05,0.12020468764069948,0.5942820631804614,40.750851615183436,2,0
0.1888337543131291,0.22828599728377968,0.21066094682068204,71.5661820136399,2,1
0.14996139747835008,0.08954028761679939,0.9222212963960025,429.03704690178716,1,0
0.20864122752146683,0.6489173234820785,0.7896963772955577,95.80834955127818,1,1
0.17205035590340725,0.18626639539481818,0.1932652310600521,231.90328077014172,1,0
0.561954025183961,0.06984079086096595,0.20348919800052667,135.0413565936536,1,1
0.00520680283476313,0.5452485679678547,0.6053027766757261,219.44242959968062,1,1
0.024420548099672826,0.20766620943513778,0.3931557980472058,9.583362843815133,2,1
0.00783470524354242,0.5846635252330284,0.1296699802121429,70.557895324166,1,1
0.02001411855115416,0.3427464554989851,0.5603952816580952,256.13594495748913,1,0
0.005270317084826809,0.28745988068587547,0.42966833473296984,56.974929730997346,1,0
0.33402297559935934,0.42033422198834225,0.18591501851598125,368.6982400721168,1,1
0.37569076463817386,0.15739539363225663,0.7816323334175852,295.0403489280764,1,1
0.017265667125094267,0.1947627208764054,0.877815250486985,61.848968861447574,0,0
-0.02982400315876116,0.3006972383626088,0.7431048439120105,60.187770555733174,0,0
0.20485480014955273,0.41727790375865326,0.7990589635138357,40.00943599289908,0,1
0.020599852029425172,0.27909865689419444,0.28401698217619975,54.397849101723175,1,0
0.23392772719599192,0.044377672256745285,0.32403700828081083,33.57993609784039,0,0
0.15652614375323393,0.3086928661865369,0.2772484092543096,126.85553817638903,2,1
-0.05,0.21988137682584608,0.7503039166607294,28.082954906184018,1,0
0.39855093623941107,0.2779642391875149,0.9057295170943225,145.90947759589633,1,1
0.4432579811571939,0.24802811702810665,0.7093116257238172,148.77914492764413,0,1
0.009698035712810485,0.2439313657508924,0.8492467501476225,23.832173031479044,1,0
0.050213719211522845,0.28669068665997793,0.6428942306506966,311.0192741639806,1,0
0.17145577033048287,0.45677590314148764,0.4295109154749792,135.75983907103395,1,0
0.1802022221976645,0.11575628162141428,0.46189737269075937,163.98228720700078,0,1
0.23853796908110947,0.21332273652689307,0.1640232173422941,49.06116763872743,1,1
0.4818368169779429,0.10900919371050445,0.12673861595912217,148.102306454012,1,1
0.08814949905107111,0.20700143984835262,0.6911542635607157,221.65336879231796,1,0
-0.023693504016921663,0.27856890114410343,0.4726645582095035,83.18884637071243,2,1
-0.05,0.1169248202694525,0.569382807846435,446.5440123712231,2,0
-0.011567407189545437,0.31549142985616624,0.5740120604790538,93.24698335594456,2,0
0.11403714488271652,0.3162212044643837,0.3357694413333062,224.22020799475982,1,0
0.44302041543320175,0.13422725697303833,0.5045086342050671,113.79596291586206,2,1
0.026829966173489136,0.22304193248192541,0.5001461884175469,143.79910571037195,1,0
0.16028183129500173,0.043855712182668656,0.43016313804367845,23.63985800332176,0,0
0.11704387870690462,0.1366266134402893,0.7975740758909099,121.1274128778024,0,1
0.3339107892206551,0.1935168773138802,0.48348940313445654,49.99984567854022,0,1
0.5748478366572518,0.1753686069103065,0.6130978458300896,45.73579974152881,0,1
0.02444362087434228,0.05910023636451087,0.8611921023237021,363.3194764340111,0,1
0.03190090034672001,0.10248072450369504,0.836298579430084,75.8671513019059,0,0
0.3079489578724329,0.22215603808345902,0.8568588732122904,40.340605213197186,1,1
0.24274046813273603,0.5000285008772033,0.3295042469952619,67.53829008144247,0,1
0.452407318632486,0.4009126906691318,0.12973511506185342,31.80551863983041,0,1
0.2251070733586735,0.2714066205793128,0.32190677991102984,283.4703620181728,1,1
0.05532742365832928,0.36171810344678385,0.33690124377760233,51.59658069374661,1,0
0.22631786952461566,0.525270632394125,0.8729562777162228,137.47470645833965,2,1
0.3195666445049234,0.09372930398294126,0.651856322912275,266.36974738970594,1,1
0.2676867926155255,0.5416592873103925,0.16944836566189445,60.332917784737916,0,1
0.2113093255993136,0.37596276335834095,0.21507180660943598,137.7744524899792,0,1
0.3120014441260477,0.4574049041565562,0.2323247067106791,39.48540682106187,0,1
0.3304732062802211,0.10113053816123027,0.6358584859435846,636.9019093740511,0,1
0.36878861838675486,0.1982753755768706,0.7251019216809526,190.39561805840532,0,1
0.23676777976613567,0.4417852325659172,0.8306973239805867,77.16259732291121,2,1
0.08991874554296622,0.2546060207547748,0.8995410681853065,48.50820773567752,0,1
0.1464084635579981,0.23121024686283925,0.2714488737784755,82.17102596337509,0,0
0.3371716139715042,0.5268198911496275,0.3633066120154417,68.58082811426121,0,1
-0.027048420777702503,0.23330830747946868,0.30427444863310604,429.38572601721575,1,0
0.18636119559712222,0.31115695134245586,0.40494733234621705,33.76997932704575,0,0
0.04919901378107508,0.524666091044456,0.8774653413101869,100.26745228159643,0,1
0.12517406812826715,0.559748196328072,0.5888456818984573,88.70617882458198,0,1
0.35012133526931377,0.13000533513897383,0.7274631127258242,81.94692320684328,0,1
0.1543978322435826,0.2266906582078569,0.5166013507077647,82.52544549674091,0,0
0.1283585786681068,0.39422686523611117,0.12452922633570586,82.03478395592472,1,1
-0.05,0.5965756479476296,0.1545661630981422,180.99200392240107,0,0
0.2543256418848997,0.1326139166973097,0.5572345765777029,146.52375378547865,1,1
0.23618715260539358,0.40259383540597493,0.7109706795970218,125.85485381560161,1,1
0.5093858501949828,0.23855608755377553,0.2830309483994218,7.947111348785746,1,1
0.06459991770845985,0.5207941326840836,0.7136231378934584,114.41542449176957,0,1
0.159447058979509,0.14495928591700527,0.7890659074609855,23.938511259206102,0,1
0.16488906306793594,0.5300851166238831,0.45011285660779454,150.96622412583298,0,1
0.4039415903574254,0.3911389771858987,0.7344563479174891,292.83165689581193,1,1
0.10284680417034861,0.21296874618134354,0.44342545777919096,42.905872725325445,1,0
0.17022387463866107,0.06885748190542336,0.676598035036767,73.00846710235527,0,0
0.22942137174897703,0.3495093655024614,0.7493974919216115,55.72982358006247,1,1
0.15358964216814447,0.2538970213381382,0.9431376255618942,241.85670449814853,1,1
0.039641949380904914,0.049966501551172604,0.3935871627540567,97.12728241865418,1,0
0.15493619872169537,0.5390471040258038,0.44938466348841977,358.7635385402538,0,1
0.31325371497475896,0.2180087472010178,0.24077705049864562,125.3366556677611,1,0
-0.05,0.5118208698936791,0.2734620996415359,109.28510881583954,0,0
0.14393454134643768,0.36383550059999703,0.689385752208621,95.0654332997207,1,1
-0.006021746689051172,0.5445112071782316,0.8794887516313046,173.19076578984004,0,1
0.3351083932064716,0.021424560859513445,0.4354142089120545,22.41770484217955,0,1
-0.05,0.30393615862501594,0.25286777981021,96.3777305865417,2,0
0.019394067491114095,0.6520465348706161,0.34233457447554494,85.1115581680357,1,1
0.18789813751161374,0.14106139002088292,0.48679394908691787,160.82793418708414,0,1
0.4017943252621813,0.2987765014304245,0.34705277996056316,77.46596784233114,0,1
0.10816495300686219,0.09442851918802522,0.2985422206535863,39.21316187937561,1,0
0.02006408519522429,0.6359035595895273,0.7255868154435176,90.5480401213641,2,1
0.4586082724993062,0.21821606088093304,0.10666818305452971,37.853656373872255,1,1
-0.05,0.31548241620622397,0.5583459482360107,19.29392404317627,2,1
-0.05,0.2607079261211888,0.7747017859752907,161.04727979364455,0,0
0.19920260100959983,0.4224273898295277,0.32629404336984796,143.05787349692957,1,1
0.029630239616529996,0.17082926524558278,0.6127977840202147,130.80043375598558,1,0
-0.05,0.2565863199801682,0.6685650897758251,255.27534260864866,1,1
0.24750416051388358,0.2651574433650202,0.6567709919443264,52.8773186402296,0,1
0.16388412847881578,0.06069065270309632,0.47897218906891004,28.648717729823133,1,1
0.0184658464673889,0.03981419539660806,0.3945912896944124,85.11269301362083,1,0
-0.05,0.3354249355384948,0.8105354620736414,68.16967107103913,1,0
0.27704231909042604,0.04610898882254193,0.7446790634498845,45.88615449548425,1,1
0.23703621203255898,0.22876947246039814,0.37306689740182564,84.44670938169197,1,1
0.10214834451971107,0.12774179627077423,0.1875663152758752,55.186363407048766,1,0
0.45239465928857986,0.2880155464028137,0.16103641362864882,20.72199659091993,0,1
-0.05,0.41482868396751027,0.18013458121409565,63.24769266673942,0,0
-0.05,0.412519320532224,0.5954389570132363,36.2666964373756,1,1
-0.004543452578623999,0.32382135747885105,0.14391284945464122,108.34476999657416,2,1
0.11179451705601039,0.31353705931765424,0.3863878437194326,53.259287014307574,0,0
0.16380110087808453,0.4400307639755862,0.7402197466270949,219.05113140776703,1,1
0.07657750958586063,0.3212658186958191,0.35019594153807143,324.76208036078174,0,0
0.1833699713725734,0.18063380661030148,0.7488118656031103,155.01239762677682,0,1
-0.05,0.04570184569445863,0.7336469824759969,26.02816066562949,1,0
0.3798776287331867,0.48569234685371127,0.30895306273823386,300.1123183545507,1,1
0.1052127878893376,0.6518362739185918,0.7194988530788337,317.531288615885,0,1
0.32111324968586297,0.19314955151795596,0.7356101425312855,91.38052753015066,1,1
0.18169056234798675,0.20605113739292036,0.4378358368169728,259.3921289859679,1,1
0.2022155794476811,0.04119536324293344,0.2788574111802905,57.89667113425422,2,1
0.22255811044179669,0.2056788360416841,0.5430801858580887,20.22669470707807,0,1
0.2005875408031167,0.25109787232048447,0.8831879498001668,48.99765545470537,1,1
0.23569009677615788,0.13708514515114265,0.6436742225672526,359.04247377312834,0,1
0.3592474554238376,0.1302740052424783,0.24698412298317202,27.306808347339256,0,1
0.15537381054626462,0.27226555093312327,0.6803433860234919,89.98266363927713,1,1
0.2476206763659322,0.24611140006925436,0.4631225731895594,92.50984901352932,1,1
0.1038475750282992,0.1412021092298885,0.602799477752067,59.717230976479634,0,0
0.3792210987809051,0.4861145992171175,0.7239544297696416,63.129155815550654,2,1
-0.001750614370668549,0.014780399990921697,0.5377052487872781,95.37336126026018,1,0
0.4441692779239468,0.4539745004458399,0.7918863783873122,57.41296371117022,1,1
0.11277156888401818,0.14232334105250088,0.7138322424191336,28.85701744195714,1,1
-0.05,0.24148516808347148,0.6228123390157341,106.91408354064703,0,0
0.14305879468394206,0.33406224991965594,0.22817389345749878,212.44715306057657,1,1
-0.0025892983454785523,0.2810880917112684,0.810556744274833,180.48686678335002,0,0
0.27131583881797033,0.2061293731635253,0.8955197475218436,47.09710932930644,2,1
0.002527683725569635,0.18514483032691872,0.2164203552379006,33.082937553123365,0,0
0.03968698202133965,0.24593288911295919,0.515004960018416,71.71139738204619,0,0
-0.05,0.4382524363063503,0.3200554306749288,315.52351378351716,1,0
0.03858486253516619,0.3490695177338801,0.7413448113117299,150.87904105238943,0,0
-0.05,0.11797091530700014,0.713385190603995,158.09114620839648,0,1
-0.05,0.5547513375151625,0.2197523524848389,183.43961897327304,0,0
0.25687463810597355,0.07677377226121533,0.8454731805723915,126.04175614340949,2,1
0.26144402855714977,0.4839746396768906,0.25382710438130196,99.13542434830913,1,1
0.19658236112129365,0.36769343785541203,0.7776701718008913,152.90938901847593,0,1
-0.05,0.08133912099374865,0.48843330568380416,58.152398019425966,0,0
0.11141195589444362,0.45553429315943345,0.3790314495244286,29.032897712239933,0,1
0.11935154296369768,0.3740042746314323,0.2345033732730815,160.51662948470192,1,1
-0.05,0.34039059318099796,0.24247211772463498,242.30335752030507,1,0
0.3906116943180871,0.1467751624799286,0.6626069714957652,36.79693113089115,0,1
0.2779252123036208,0.26731000106425495,0.5678658297550524,173.7360486936506,0,1
0.08022644871066048,0.16045474274024674,0.2037726084035478,345.3687099036848,0,0
0.12483945101901553,0.30505491860505535,0.1957931813725764,89.85551923853032,0,1
0.15750890543055945,0.10389755243693713,0.16146398855687275,46.786666206271754,0,0
-0.05,0.5856177790771253,0.7322022452675124,99.3267518224662,1,1
0.07550807114629254,0.28277292831949336,0.7050997724448957,57.94955121686841,0,1
-0.0027571646396037375,0.21349160042160203,0.1496663422263889,54.96056411897342,1,0
-0.05,0.3559589768372399,0.576229564257427,127.30009525275369,1,0
0.06940194728052812,0.5734595733853664,0.17197473195628643,24.953558068255248,0,1
0.44358357483291405,0.1639735907199302,0.8681839050176003,28.356516481268898,1,1
0.23535171502806176,0.41380820189462775,0.8710498063031126,91.41711404373481,1,1
0.01718778183909657,0.2933154218576188,0.6934980413411606,88.42486150697327,0,0
0.22306490064410855,0.24207956740808184,0.8872605832235324,118.4917883597587,1,1
0.3718839785854804,0.027126752195815736,0.7897350758516369,403.5015426144,0,1
0.2864340629242984,0.3306799193500325,0.804257789537992,97.86717760915911,2,1
0.13073346658563134,0.40271808547001314,0.5842516729844432,145.2618128691587,1,1
0.003551380012996694,0.49027942323195844,0.36015031848374945,41.24680484626562,1,1
0.24568019645044617,0.4097408355054224,0.2851292478489583,166.39261240770338,2,1
0.19082736937591493,0.23165967049274275,0.37812001873308976,59.07969575345172,1,1
0.2811347796049918,0.13816533619505017,0.6342211155757027,95.31018386416038,1,1
0.23433092430275448,0.031426297406720205,0.2467580554575391,82.51013216696866,1,0
0.3089194887574803,0.42131836858830984,0.3198442011417234,205.69189378444378,0,1
0.023657661919097767,0.33242093563212066,0.49785173337614474,31.56404816168875,1,1
0.35713093181417865,0.26139806288100587,0.29809258374592323,14.489280386152824,0,1
0.15556792884463194,0.13597794871736024,0.6003471192586524,75.88764129302704,0,1
0.49354695707254775,0.05855693160632409,0.8846996241878803,130.95123546281903,1,1
-0.004053807256122213,0.6014318584295841,0.7358759608476575,101.67846197603728,0,1
0.4324734845697449,0.542582950337692,0.666462622026576,241.23302859000705,0,1
0.1556239410232766,0.6298113016787912,0.595313254586212,127.72737878875618,1,1
0.0027447593493993006,0.5844102972718348,0.5147557228685051,57.335577768958544,0,1
0.03290054987022212,0.2623930633446406,0.2585792806894608,14.008494234838182,0,0
0.062337484525022364,0.13723390477446187,0.8605038871128357,74.45167168287047,1,1
0.19634987035234494,0.21205340635920894,0.3112556017109109,204.86827298700953,1,1
0.21411038784638992,0.14378316666901567,0.17761254594143666,65.7830215490671,1,0
0.016733999291055776,0.16497031625303862,0.7375129023443909,92.07985695646317,1,0
0.11561617339302309,0.35072344799765787,0.24927320418149143,126.10163432642436,1,1
0.5056086645501354,0.1236767140023194,0.41611159960999966,39.955490641371505,1,1
0.430957770618128,0.3001301290644164,0.12404218904733277,148.20385390946097,0,1
0.19853826054132578,0.08817666749276759,0.21650775115938087,333.51819847284656,1,0
0.12684062607027605,0.2813573235923288,0.24722308614592525,78.3941508827075,2,1
0.14160563880928703,0.2627604540410931,0.14624860858765126,36.479427171023936,0,0
0.23043323509147498,0.5717220352780182,0.6581584131294184,85.34647760495386,0,1
-0.05,0.09787928660380361,0.8114566264326496,15.187803631719435,0,0
0.07367222326379788,0.18090841061389792,0.4173180954110498,117.86296206781282,1,0
-0.05,0.19189297244548909,0.8433900052104706,129.25917561907332,0,0
0.19186016206895026,0.4378854504808222,0.28134458837610754,343.954380954968,1,1
0.23649526914649338,0.27657048229760856,0.3765818600270535,77.07694171130635,1,1
0.03302643678611268,0.3600801505110385,0.22812644407649313,124.80946201848971,1,0
0.4033176173922059,0.29820374710933634,0.6274753161061488,45.19423426041175,0,1
-0.05,0.11032125402614003,0.4568891522397608,67.68457452951421,1,0
-0.05,0.1518890752929192,0.6212908448156138,26.571830494225132,0,0
0.16040132734079496,0.390328238498523,0.747423669585056,77.02794691661654,1,1
0.3084776944701878,0.33110688613123673,0.5638475636280061,70.5098683899784,1,1
0.42310698446241635,0.2008776114080248,0.6334858016665197,114.36096582196713,0,1
0.03740083268359079,0.04897961730116127,0.894962767235183,54.659470633252,2,1
0.3141625500176332,0.12330677773666152,0.35420466316751664,96.2237569359768,0,1
0.1130684754898727,0.3349205797884951,0.40528934783886017,68.94409477327184,2,1
0.08892708601065247,0.1397202806821597,0.7100478574529363,69.04790156821264,0,1
0.27905878874760104,0.5791007161606667,0.6196096894970786,95.99440041636385,0,1
0.23741811811441554,0.7419448036885942,0.2517529688587576,92.98315557077282,0,1
-0.05,0.229838746712316,0.4197252135089167,165.4947101127463,0,0
0.3857772629506612,0.4154026027994106,0.4976623111560077,81.73526694637057,1,1
0.36841644374654126,0.3325062048861093,0.45648136227313096,68.03972465451174,1,1
0.0073987137282847115,0.426517797894386,0.25153358707373463,77.89439849447051,1,0
0.19124463601873362,0.6609010846342681,0.8857655780166229,50.818919000737445,0,1
0.208925433530893,0.2930990674380786,0.7479709474398795,67.49618819823449,0,1
0.16692127784830327,0.013338125594690553,0.5091524572916745,457.111329419157,1,0
0.020945072307824372,0.33712256543589203,0.678051874060811,43.37386155896158,0,1
-0.0008922062288492794,0.5170278545537692,0.8626902713151935,72.02944061685218,1,1
0.11540026722153984,0.057227944692269175,0.21574802100733553,66.02338974918555,1,0
0.3310912234666856,0.6068938944826024,0.31281709310093103,73.86674378346716,0,1
0.2178480278269978,0.6435601389477845,0.5612960601681483,69.06226941348865,1,0
0.05328942022450092,0.44023672812312487,0.7791588156495048,112.5493825100817,1,1
0.25890576791670206,0.07909472550479474,0.13081666112529827,22.91656287750155,1,0
-0.05,0.26411880581258146,0.9364154276669064,206.38372484961732,0,1
0.3267778260669786,0.1450596760975019,0.4866706124500376,149.316205180074,0,1
-0.05,0.34464245759930123,0.40534646952846454,33.30483997932969,0,0
0.05476063054743621,0.12057825936537216,0.3488157721638061,14.65436409634623,0,0
-0.05,0.5177780423520806,0.24820320150324088,41.19604609107143,0,0
-0.05,0.2290506178869762,0.7728378225905237,74.13344877014207,1,0
0.32894882172813344,0.21150460958675008,0.912102040034182,709.2680472828584,1,1
0.03581378376385956,0.19627872082327022,0.4515980416185885,139.0182990043766,1,0
0.18237069871152883,0.18236175387586814,0.9095575905404377,21.198454554642534,0,1
0.11155429580174686,0.2522517475269617,0.800227973119779,51.84588645696581,2,1
0.20586734890016184,0.04065240918944571,0.5088934583548705,86.26552597205722,0,0
0.13382794039084595,0.3578187963663263,0.6729222522572128,110.27164740948407,1,1
-0.05,0.15550326169247852,0.46973655229489353,31.443771271520752,2,0
0.2993280275004852,0.4235698184514463,0.5749148969806696,80.80249288743236,1,1
0.031123815030963745,0.44685219369483503,0.14933938646572825,50.69811294636053,2,1
-0.05,0.4449458737235301,0.6918239540054532,37.22546797137356,1,1
0.04293927102613575,0.3495493880605239,0.1449009478115162,110.79443166941935,0,0
0.39013676231417593,0.3159843982220047,0.794522204881702,167.18512623254054,0,1
0.2730399135804287,0.49764687439639277,0.8012048900414738,176.4139146273728,0,1
0.05724261580658534,0.35301906041150677,0.3015156944227824,142.52381105990625,0,0
0.057133613222682816,0.348523207774895,0.37511336388043026,60.46739979769114,1,1
0.06210569078087113,0.39836736091044056,0.5091138217745493,159.43555698987967,0,1
0.49381463704095135,0.5924717736409679,0.6071634708926092,115.26612098430255,1,1
0.1887483814016796,0.6535663036221161,0.3442506124806972,100.19852884542678,0,1
0.19740749649439254,0.06796828775507222,0.6036134439371362,55.182479505517506,0,1
0.3054510217257316,0.44717098881103223,0.35311901224490405,60.491272481505106,2,1
0.16298204862477242,0.11589173380314252,0.14716711291040158,95.49840529825224,0,0
0.07337241375227344,0.28143334907335055,0.10214841735712261,633.9052996152329,1,0
0.08465702716470391,0.11956740938013885,0.1859783992306643,114.54800400352677,1,0
0.10711177330546848,0.19888562321116215,0.7734130951394155,55.20476092470285,0,0
0.11329999742822851,0.07044139226118197,0.9172166155258366,46.25124784488642,1,0
0.2509733178546564,0.4551597928900048,0.4629212693890363,60.73904336816999,0,1
0.1293502594453139,0.379625712051158,0.5357813604324514,513.8003459742671,1,1
0.25187521389880424,0.6618131445009781,0.2248209437124122,65.40473675214409,1,1
0.10547101558045519,0.44064618606645983,0.5683766497781334,185.9534600628149,0,1
0.1341543342568963,0.06948792611562547,0.2229566667059303,66.63682839561044,1,0
-0.05,0.5095985612755747,0.6195321815190055,110.93535375221725,0,1
0.28493898144644664,0.1493362462553793,0.8932698674437257,169.59211307940885,1,1
0.18236792566163867,0.314720980619649,0.2663437584075836,56.96731715557887,2,1
0.29964181977473736,0.10387418789996018,0.7498791603485366,53.898932723883426,2,1
-0.05,0.5929483893002673,0.11997705939557544,339.3716282840633,1,0
0.49590744686053095,0.14932316516690733,0.41917265512337787,197.8826772468758,0,1
0.09487386693206873,0.17296957661999926,0.1941362316559327,169.44660373066006,2,1
0.319472907012753,0.5397535652724146,0.3996041253563445,168.98687251809932,0,1
-0.05,0.20638116668271503,0.24750638169305098,130.01637325612901,1,0
0.23029930291126255,0.5549298642100525,0.41730924160445426,452.2434543005571,0,1
-0.05,0.26469616515204925,0.4548943851914008,93.23532201799233,2,0
0.007721587074755079,0.20752197434122818,0.3555024543637806,142.852109207814,1,0
0.4645256436960215,0.053680119741308374,0.6581286570521597,28.19852459149399,1,1
0.0856771678625976,0.44520273384232933,0.8810242435700731,46.526937722795246,0,1
0.1591379171723501,0.6184913264668911,0.44050606798948144,34.44434386643445,1,1
0.27661219152397576,0.3079636847431777,0.26349168300376824,249.44809732884642,1,1
0.20922273983506884,0.6201983383691245,0.33011434446658583,11.681050090686554,1,1
0.14707540292584376,0.15909065280331444,0.8259006999719136,65.24516747653617,0,0
0.18569298044392057,0.3646050375441866,0.5858937647796257,8.207387947689691,0,1
0.5526148053428894,0.1976561346945491,0.4867593774609137,46.29202423982411,0,1
0.10962861653395463,0.5660612912767989,0.2271912132825877,60.77878761676967,0,1
0.15619782840869414,0.2127014778705359,0.48226821207521464,272.5703851924343,0,1
0.3091177912813702,0.3177348235421192,0.3367182028537786,123.63112718414875,0,1
0.3189946679324371,0.45414648296824117,0.9016886586753468,46.223428564553046,0,1
0.3336654550008684,0.545266438474012,0.8514595930033716,211.19269766519213,0,1
0.23497143996525321,0.6096707303826775,0.1713171605539683,91.31050156680186,0,1
-0.05,0.0540647978366633,0.5391554658720564,92.76352258878293,2,0
0.41401767581419724,0.45879491919932563,0.29129959368747127,34.3933349372325,1,1
-0.05,0.2797013575382582,0.44916052609564705,40.77173325297053,0,0
0.17447438374302598,0.3072771084580013,0.8453207985137379,46.52185303983306,1,1
-0.01576965300348443,0.32623161549080326,0.5483873419052631,93.42593828616893,1,1
0.10845509761326133,0.10722526643173298,0.3840829993651459,95.80439699592284,2,1
0.17917723385462647,0.3770639818680073,0.2767051009892475,309.5978294341031,0,0
0.17784429878104915,0.16405303958143092,0.7802761304955158,122.49180555886124,0,1
0.19594573576235125,0.09330735258658554,0.630840313059695,10.318593325169426,2,1
0.41046802843055646,0.42918851852003115,0.49785564136229654,111.06477507003103,0,1
0.20163617427251634,0.4391404412077546,0.28486170078353135,28.218757462413162,0,1
0.07605180564768324,0.4907174735759635,0.3841094180335616,41.56353666042646,0,1
0.2935356902919043,0.23375009773159186,0.9158669127277407,47.005490903437156,0,1
0.3341046880064353,0.5873590601705874,0.5420764469649592,52.949008210396805,2,1
-0.05,0.27353861055878254,0.44059438905676496,29.960519142951174,0,0
0.22753201257297445,0.5338089235523403,0.5432087359960753,105.93075254564546,2,1
0.2462110936159617,0.4977652419867526,0.7621402300146674,29.118047528654216,2,1
0.06643856939520146,0.19639232316728122,0.3890925960274385,119.74136029036849,1,0
0.36762722639609147,0.20698281621196843,0.2519002027927175,538.925240894035,0,1
0.09298999433414519,0.3092807852183382,0.5971957005881906,31.078390947793427,0,1
0.1426037616248776,0.6464823574417933,0.665423487958907,71.69290269107347,0,1
0.08884707162890347,0.2201679526464557,0.7058103025147671,11.956010348739461,0,1
0.12280422856466415,0.3283080109753143,0.8496894521512102,70.75702080719206,1,1
-0.05,0.33252998755671026,0.4154980025857461,150.53170434534798,0,0
-0.05,0.21432489810933478,0.16405166179455805,160.2141543676023,2,0
0.407010911380495,0.572961885670593,0.9145962960863009,95.76439768530776,1,1
-0.03245304269729901,0.20519381117795477,0.4697601383218539,183.35253855146667,1,0
-0.05,0.3413790661984561,0.6297688832221616,690.1049094769736,2,0
-0.05,0.36965400535978404,0.6663595246590484,354.1936331710201,0,0
0.004986885415889597,0.44574191783478245,0.564536652396023,59.262886881326075,0,1
-0.05,0.3298240899255619,0.2744689002758296,28.194214880766076,0,0
0.4155627288245464,0.1697069302969916,0.7418715925987202,65.04496934348143,0,1
0.30176707608167413,0.5634015339795546,0.7831891781584693,42.1997285056607,1,1
-0.0038670621319902843,0.010196305733309296,0.5700292481148238,129.16337013856202,0,0
0.5254384449619756,0.24975737013497698,0.5152769864971153,34.9894003492058,0,1
0.296717787658487,0.28196937401071487,0.19684745565878753,84.92275290412992,2,1
0.06153035096844796,0.40258254268631727,0.17135891227481626,175.98719621775,0,0
-0.05,0.19538293948857569,0.38863011872899944,83.05003867531057,1,0
0.5323696630663335,0.39933212326921586,0.36421923218978425,42.22231791551614,0,1
-0.05,0.32099579652469723,0.9106079833187805,230.40790682933616,0,0
-0.05,0.39945070041779657,0.7660793310769153,20.021671145348005,1,1
0.30406267776173523,0.4488438519283061,0.6609356509702009,69.25282616613562,2,1
0.5591554331410691,0.37861394276732835,0.5400008756649642,87.06648143782105,0,1
0.36916910733189323,0.4650848299745363,0.24226240111765363,91.17009400752269,0,1
0.2215036416094247,0.34548953893602097,0.9316881713566413,104.00061835683188,0,1
0.22705578149975147,0.164556678652816,0.4187845935041785,146.69445054645982,0,1
0.2736148005804554,0.1366464192248491,0.1908867620801581,87.50308490189259,0,1
0.2566071461616177,0.36716886306510804,0.5197290613583841,67.05769540514295,1,1
0.17061445631448763,0.1466526371833348,0.8428983098711207,64.97018837297894,0,1
0.13875619871133768,0.03959656491633954,0.85419735151073,55.190308011718734,0,0
0.10873323697808596,0.5967975038025918,0.10932102864798017,169.022976188701,1,1
-0.015713625996001734,0.6429565418317447,0.8533513830386897,53.66586919142256,0,1
0.06947848616398067,0.14532007470929792,0.3307615848748797,177.2244285327971,0,0
-0.05,0.2151998557400064,0.13312650937315962,91.39577626118405,2,0
0.10229886717694502,0.16813499932082843,0.8206217298084432,59.32294455447423,0,1
-0.05,0.35865151241403903,0.834286742589977,147.63245496696163,1,0
-0.05,0.16118621192947327,0.6067964178659975,50.301598716131295,0,0
0.15238094720762613,0.1980749629322979,0.5882686937019046,149.98679135454233,0,1
0.37056041154202785,0.42307013488049805,0.7911522317282065,106.71704547487266,0,1
0.28529698908041634,0.10168847227389954,0.7683631198037378,55.86512193818601,0,1
-0.05,0.3039864056944973,0.8565896524262985,137.40157632771147,0,0
-0.05,0.0932043709013969,0.5698353304571979,139.3894453416862,0,0
0.28933881383787885,0.13766859448242402,0.9225000288228874,227.24203538848772,2,1
-0.05,0.08085886008776844,0.9467248062933377,194.98402067067067,1,0
0.07956603300053557,0.2637039916695148,0.1990629184988377,133.35559627725874,0,0
0.21900937782441932,0.2999989955419524,0.8221121956210037,36.52245361676333,1,1
-0.05,0.02798350076654308,0.5248489190863007,638.3390640556729,2,0
0.13896759110627277,0.2504144814476039,0.4294313875548573,29.285925174643406,1,1
-0.05,0.07901370765622755,0.6211114634003078,192.36806448047435,0,0
0.011753824088781534,0.6539070556854912,0.14757072367270596,127.1067206300386,2,1
0.17756074814565664,0.4509939487709603,0.5304919509520178,35.18733096370959,0,1
-0.05,0.3320008315966244,0.8402569845226666,81.49643271307934,0,0
0.1992854528328718,0.46022285720393047,0.2814422887181235,84.52080279644616,1,1
0.11646519619319738,0.22138573813787707,0.4624314105540114,255.817979152052,2,1
0.2194481917950866,0.41973697615822614,0.8985587545576441,50.87396399271367,2,1
0.16030454413163905,0.1423201089770203,0.4642792621348427,72.99887242969362,2,1
0.36554527739529197,0.2562395342290904,0.40461248748253853,13.889654965805956,0,0
0.1425404104766233,0.12757284673255387,0.4744561509048715,360.6147573988719,2,1
0.04270700259745447,0.753457172358904,0.5415348515399229,38.23018571703611,0,1
0.14201355054581108,0.03826143912083909,0.6371926425117485,116.9245308720463,0,0
0.21779364522654981,0.08385604092061551,0.7805888807792214,83.00274970489708,1,1
0.12879481265862677,0.1472667855195153,0.48428687489966715,83.22928146314105,0,0
0.12730650441669883,0.5223169476065463,0.7948587948266193,172.067972533785,1,1
-0.006358503805215965,0.24067820649124144,0.5536625621492686,342.75296473193816,0,0
0.0006778348408293389,0.16309698194543631,0.387708433812781,110.0786308079982,2,0
-0.05,0.39366537538113805,0.659258203901502,152.02765028986238,0,0
0.4349238137736491,0.7313887034077508,0.7100639165319677,117.10994909552473,0,1
-0.05,0.19802573757255126,0.5743416292850644,203.1663576283144,2,1
-0.004722935603263312,0.42426472247948044,0.1481227271645149,62.15721469465688,0,0
-0.00931330780245554,0.45313610974004515,0.24440044388670115,212.79142136768903,1,0
0.2810863878499994,0.16137387275917656,0.34250306275669395,218.85291704504792,1,0
0.066909057907435,0.08403141133803967,0.3402317650587692,214.01146897915757,1,0
0.3445935730812721,0.17318531122180753,0.67240768020984,53.0843260193501,1,1
-0.001228312363896339,0.3488472438861067,0.1155963624225877,78.67535007776178,0,0
0.17021894920028435,0.26933320198233174,0.7423295104920918,109.02460503535922,2,1
-0.030362469586756313,0.2190969919273949,0.32554110358589317,30.063937511009318,0,0
0.5061268429992098,0.13844417239497292,0.3635185692836871,322.4461567453605,0,1
-0.05,0.14654278243889482,0.5487233537523356,89.13737982881106,0,0
0.17576772784086495,0.3410801952659176,0.28353676079811385,112.97226093020214,1,1
0.23407983856777773,0.22662661650385416,0.8518006165391984,56.73529184418839,1,1
0.1944838375412697,0.248131863936149,0.17256346242758047,31.140149039527145,2,1
0.0866482214020125,0.011288886856373222,0.4777250079559051,55.52181972123005,1,0
0.09663227404798329,0.1796304257336534,0.8220089290366565,107.2715371362135,1,1
0.12788606495623972,0.5184896742641242,0.6234673102580504,154.2759759460927,2,1
0.09353963970687204,0.49392221609647996,0.34848008846623846,102.45597893078698,0,1
0.29349824102308375,0.46787091326335545,0.45764617660999163,118.7926115902834,1,1
0.5178941402864432,0.4445010010555506,0.7006902232911374,68.74327408396472,1,1
0.01965147869858995,0.2792707649792415,0.9272716318593144,133.88736047665802,0,1
-0.05,0.459735829054941,0.8591679106225184,294.79090048797576,1,1
0.10410923129677413,0.1676482459134817,0.3910678871250203,158.19549114556457,0,0
0.5843476807777773,0.49029515395421974,0.9484681973946788,172.02391547418165,1,1
-0.024661422234551533,0.1905332437639825,0.10297896400139954,113.88772782138969,1,0
0.4150410249799321,0.42833865643320157,0.12348529243715284,27.044291403154933,2,1
0.4219861465337593,0.38421558326519695,0.8002644378955147,39.027509743073004,2,1
0.02035411649256097,0.2470388269276336,0.2695432838080942,129.52846196847483,1,0
0.22241695425334956,0.027577931345271547,0.15165387813680473,89.23280655248445,1,0
0.41311139216313686,0.5703076004290429,0.3015758622510269,127.98003934962604,0,1
0.05175700662225233,0.36290162650219815,0.46218513088373114,344.1710369599795,0,0
0.08335553518157487,0.27197951974525986,0.720981329868394,160.90736060082287,2,1
0.01529743548924413,0.32062222572817095,0.6306851975685246,246.43763626923334,2,1
-0.05,0.06848935279224207,0.30197803492635733,97.10036279339823,2,0
0.0031300418881187175,0.1451965604342744,0.5277798808854968,47.19214494156311,0,0
-0.05,0.48906939996118465,0.8872819895887833,85.94495838960138,2,1
0.12613502428666068,0.5707999278834134,0.792756610436194,47.2852566900246,2,1
-0.01859518159055551,0.1221118822977808,0.37471131710702443,313.13548785250777,0,1
0.1620814641223346,0.31990659288970436,0.9349248771523418,169.4084835967887,1,1
-0.05,0.2864796801727,0.7023273403698613,136.51165523306406,1,0
0.17955844179860225,0.4254476061773757,0.15308195231676452,241.95567828064665,1,1
0.27003521308960643,0.211067729489257,0.12988660629534288,17.884865785569385,2,1
-0.05,0.41158605271605975,0.24314675665852548,144.10041184828123,0,0
0.18733018257256298,0.4491558671991043,0.7186774878426248,31.547153799999702,1,1
0.3409804186451926,0.26793124519078654,0.2561780869660637,89.49613511067757,1,1
-0.05,0.41766802910529877,0.5347637538275085,70.14986808148882,0,0
0.42106302963078657,0.150108946801192,0.17927110215370698,152.83964343980557,2,1
0.1954234216858881,0.47182917581289624,0.8827532341556658,108.04521870051593,1,1
-0.006902134036513602,0.08879666648103435,0.39236652154603247,264.03818659768916,0,0
0.10996156602161292,0.4678561070838936,0.8719122480765361,55.616630778613384,0,1
0.22049884425391003,0.4688915625596437,0.9031442956239626,158.74378885850447,0,1
0.13368097045423408,0.34844406917218707,0.10520935021662868,102.49136729496196,1,0
0.21697607864034646,0.264080582240048,0.49451490911892226,24.331402108893837,2,1
-0.04572124675428593,0.1839016666596838,0.12095764735085895,43.1683174222151,0,0
0.15048494832649403,0.41065611985185674,0.8723888513574699,79.84582383613206,0,1
-0.05,0.059614022899604026,0.5406464130243894,219.16699202630605,0,0
0.09997930895723393,0.18162748643710225,0.1637024107937223,130.44849128441697,1,0
-0.04270337546366215,0.37457060797482544,0.19373521903508184,35.3747872176104,2,1
-0.012395389666157969,0.1913520229422708,0.42598267081882824,80.45894204168467,1,0
0.3424967715378787,0.21214506472215292,0.899199063941956,452.25453824253674,1,1
0.3164358217069684,0.2939671196096951,0.6889727788328687,98.39388598929729,1,1
0.22964486176329185,0.27749119186196053,0.8374760362607625,69.2788413493468,0,1
-0.05,0.08585787626857316,0.4114881493889827,133.405279959556,1,0
0.06304647905493566,0.23368255004054264,0.13673164461749857,165.78876261672823,1,0
0.338357585996253,0.33192020930403915,0.9281699916237519,62.49367314985367,1,1
0.14550904445518284,0.4309775708003919,0.11459704206301412,134.56667747322683,2,1
0.5374793171967049,0.5405277045945869,0.9055039051189256,69.19221820832743,1,1
0.19079721109098693,0.36248858833460823,0.41337581027177295,160.04612924518813,1,1
0.15456884096820567,0.03054343973064911,0.1085768442685993,103.1056846117191,2,1
0.06435903644354975,0.681042092567164,0.6857836469658319,132.36645649149514,2,1
0.1440373628608108,0.37589840268091435,0.933459258426651,49.040827382301046,1,1
0.0925554294515021,0.21200515932702618,0.9207818644119536,46.66390215924469,0,1
0.24745956180394627,0.23840619499328705,0.23679645952205566,191.78939016261862,0,1
0.29220641702302513,0.34563722106028966,0.25406063515623173,84.47730301344603,1,1
-0.0214781028914309,0.13651635783174879,0.580708077426711,113.07234031681472,0,0
-0.05,0.12164616902923703,0.6417091024640758,70.44862060152475,0,0
-0.05,0.26009056477661086,0.7285052266159857,184.74590956621861,0,0
0.21143843884425784,0.6852982278784152,0.2538928064013254,55.35417115723771,1,1
-0.05,0.4036573143827592,0.9151560237497692,80.763005509819,1,1
-0.05,0.12586831298425438,0.6429283678458522,168.81344849420964,0,0
0.18994414881557353,0.01366579653308466,0.8199898810399716,230.0678255926004,0,0
0.5687399131379023,0.11703296646827728,0.559055857991546,59.20420484641411,1,1
0.1189072359228192,0.3327911607805335,0.45213532045140015,431.7070294297436,0,1
0.27092833940129557,0.20757618311556142,0.9306054706057465,115.65288738603002,0,1
0.1347292845385617,0.45945073513635587,0.5948031651968606,39.08181973919523,1,1
0.10219986242559431,0.14149213049644796,0.836842545379302,120.93360051153331,1,0
0.2854337669377983,0.25408657673001384,0.9102985369113464,66.26094298864878,0,1
0.06775058204604276,0.5067721582223921,0.6740514329573603,127.3901965151307,1,1
0.16813061653294253,0.13770392341978277,0.5665978767408737,86.98320046208028,0,1
0.17790560511528244,0.179715216973904,0.10298422327405303,95.52795738697792,1,0
-0.0002562816557487718,0.2464218506051932,0.1340166946281551,43.41153975481095,0,0
0.2985676229165741,0.31662133738986803,0.2707235336434489,198.7502446690817,0,1
0.08850724379482644,0.263497431819295,0.25810716707759596,35.6981228538738,1,0
-0.016034128708712042,0.062310940745533644,0.3165449759198685,37.07667566666434,1,0
0.21657177184267262,0.13432106246488335,0.35919444204301165,120.7700445678465,0,0
-0.041724236722386704,0.2198364844037171,0.406055669518119,324.4967101053033,0,0
0.12507260832644307,0.20664981346717362,0.4574570365585451,67.892496635136,1,1
0.11835858060404336,0.48814650018623307,0.1840363876876125,157.71314708141244,1,1
0.31546120184968407,0.5758705082513509,0.13600764215986474,212.4426652754985,0,1
0.2054456819183915,0.5098772553009548,0.6728527817120699,172.73308638967953,1,1
0.11549514742587409,0.12310986037732494,0.556734601116616,70.17789452673392,0,1
0.2671979338560517,0.5340564936477953,0.4775225718871017,37.60596292469375,1,1
0.37023735882311637,0.30002336426508447,0.6392739499930995,15.393755612195978,0,1
0.2204058551433352,0.20303599789428606,0.8035274961230093,72.94659517186116,0,1
0.1218634715718085,0.2610230477770125,0.46353897274877387,231.0120548942912,0,0
-0.05,0.34914959384447847,0.6449515452941824,36.622661379916494,0,0
-0.05,0.544808127323102,0.9105363902598849,157.61697452724536,0,1
0.06505955321615983,0.4105295472785979,0.8136808214823266,42.09285351150202,0,1
0.010287803611329027,0.026592238491727645,0.46210068892704803,97.98927766562863,0,0
0.08634516546261972,0.5846196094727675,0.6480093121425315,158.5758917972354,0,1
0.1301969864814793,0.048186078783462406,0.25051028362854877,53.11204031799308,1,0
0.21534469578421153,0.3619976181916694,0.5764438571608264,103.17099368099139,0,1
0.10731021994936357,0.44452164760997975,0.9341290474676763,64.58143145026709,1,1
0.20757029588871634,0.41585471518936307,0.540567847922144,158.24095882276126,0,1
0.13160539466582163,0.08841067401107656,0.8884925543116251,108.66325916044319,0,0
-0.05,0.47156252336881577,0.44623468242777165,94.17983939762046,1,1
-0.04908037088737577,0.33683060364941414,0.9490181031069365,313.1492669612256,2,1
0.09406423997010921,0.19457492804201545,0.5923370299434242,152.9092967493494,0,0
-0.05,0.15088005388344686,0.13592864510054437,51.81701172859125,0,0
0.2279871713993168,0.3404639347063897,0.5987415771876798,84.04134493523632,1,1
0.3955351498218655,0.35872160015474136,0.33338679132765714,84.71400802079205,2,1
0.339377133305517,0.08514646798266187,0.1276091237305105,95.99111720768765,2,1
0.08158028323256256,0.3699980733267337,0.7977253089904638,678.3120421933207,0,0
0.38833070463299135,0.44797171299013,0.33437019143364255,121.10785523789765,0,1
0.14676014229638007,0.07670930483966332,0.7770662709395236,17.659571727947938,1,0
0.05932452519875292,0.41681985710402475,0.34498494551248693,58.30925465091249,1,0
0.009587520562630847,0.46417205144638596,0.26517740079270813,19.184493643632972,1,1
0.0655554564321369,0.19897428617710292,0.9278452379887633,69.14193317242689,2,1
0.050128172662578824,0.639928882421978,0.4073985285917666,18.359585638322645,1,1
0.15067492002758778,0.15478843739264395,0.6111697797266863,44.82327891683515,0,1
0.14890331658897563,0.20594769325472548,0.6184842688923008,26.666891475265782,0,1
0.1205482836276146,0.15573245088813878,0.5764024598474765,122.40413379880411,1,0
0.19864887055434297,0.5888845644749964,0.8774913819930324,90.0559811828548,0,1
0.33431632946154144,0.23380701751390207,0.6732749106618382,114.70571471011934,0,1
0.29091974437943824,0.21327022865368866,0.44317305348919067,82.79427273611441,0,1
-0.05,0.12861869744422982,0.8330233268456328,29.50506076051554,0,0
-0.05,0.5364299550377335,0.25390346424856974,135.75029004236757,0,0
0.28817758402306926,0.15720208835782998,0.5626012439688548,418.9617589001368,1,1
-0.05,0.17273218119277434,0.9079678161521929,124.88209633795148,0,0
0.07954222765931696,0.03891429203810689,0.6315879853983507,64.02414773434691,1,0
-0.05,0.16272404737435256,0.7944231829036448,28.71863626132988,0,0
-0.05,0.08364830380448468,0.6555266167134138,43.53418203342129,0,0
0.21746329107686185,0.25455112086946324,0.8134652340072067,129.33833530651108,2,1
0.2566479288544764,0.4015869776065282,0.902814697868457,212.40491330885993,2,1
0.016228127869190506,0.18866569044671833,0.3319834684028263,110.90710286466827,0,0
-0.05,0.20766741435570296,0.24421191906821102,170.70037587573557,1,0
0.021675999314553107,0.10810147948426987,0.5113921377826589,158.56151023412912,0,0
0.19052472097245837,0.5902607848461704,0.6965830628005835,134.99361933128452,2,1
-0.05,0.5259796292366464,0.2931125652048837,53.155475742059394,0,0
0.15300478556024802,0.41088934497948276,0.10348623286564201,103.45521456886765,0,1
0.11724422714886079,0.3922349105705297,0.39149484846119953,45.663429915910754,1,1
0.22427246992819588,0.11129403700392516,0.9235304351476201,91.28104578385037,1,1
0.14152446631454757,0.3473639010928386,0.6907223415149697,117.29484702965578,0,1
-0.05,0.32958582242614637,0.4411266273500404,344.8215531285622,1,0
0.33538287029960845,0.35988043290814703,0.2636896827448143,31.570224714039078,0,1
0.0914646768551454,0.033883747183487925,0.4026762226915349,132.3177338432629,2,1
0.11508518288821226,0.16277630859638342,0.24436351830606076,294.4146869354956,0,0
-0.04798823263317528,0.10633735220011342,0.1903599481160087,165.1870077926182,2,0
0.040209194785528146,0.15514878502076812,0.8707310166866707,175.27503245514927,0,1
-0.039264488524842156,0.19275398322617518,0.9480027876191525,144.04934600925733,0,0
0.08886970921378386,0.2800948577628053,0.23949727365642176,254.33889037492204,2,1
0.42810752642562183,0.35146957058792777,0.14634417504653777,37.71347529651356,2,1
-0.05,0.5224220920136249,0.38027144107428046,29.703315341058016,1,0
-0.05,0.13641262291991726,0.49241030364720306,89.5621401421271,0,0
0.3848106589488495,0.40461626590677485,0.27409806001447634,15.975723953546096,1,1
0.0823217381126641,0.2716328618851711,0.35621117502877464,240.9324595401776,1,1
-0.000433092958784978,0.04735502183409085,0.27074012533790903,239.0259578766424,1,0
0.3071828437312938,0.2953528753343766,0.7581214831675835,63.64492290112895,1,1
0.01098920284736446,0.501248339082625,0.7056912517601716,66.91234790485473,0,1
0.4486817484384485,0.4858502070448036,0.6397087883968344,84.95502678986182,1,1
0.24202665684106844,0.21971353137155483,0.4291351785173241,93.84237568411893,1,1
0.03217594653377352,0.25375045340022895,0.8726848001171005,99.6574828695546,0,1
0.5083154783877906,0.3985891943176731,0.924102660304767,140.69377013641542,1,1
0.01097131385939909,0.3642702929704493,0.24759341573160018,78.40587945501757,1,1
0.25357716696167526,0.3043079001079424,0.28956074520009634,191.43620936895346,1,1
0.17387266447316854,0.18833112950100692,0.5467863738003141,128.606611482665,0,1
0.3543134320917837,0.4520658278042114,0.1775629838899085,55.39167121112966,1,1
0.4010720154108335,0.1808939135249467,0.4709811389996459,261.9333636618173,0,1
0.125760746831838,0.44398219961401614,0.5945225750610537,30.368151496444888,1,1
-0.015615216662313025,0.11152235305439816,0.5437625354667331,83.61871438703504,1,0
0.20279498572904095,0.3755998873241692,0.38127229561632214,195.1042284932507,1,1
-0.0019887665553791067,0.10669662286658413,0.5610789351656258,50.478197786999885,0,0
0.48240970455479215,0.42801124954811975,0.9149808111200206,115.31234815416396,1,1
0.14457635959489273,0.5276909753362007,0.27511479364766966,139.02748919895697,2,1
0.05424212076382043,0.27350652432077155,0.6566066546349031,45.221873899787454,0,1
0.1532424550556835,0.3682565543636485,0.13688719003264407,84.94617531487184,2,1
-0.05,0.5020573965730817,0.1564539438092197,79.42370980512905,1,1
-0.05,0.47329916456668497,0.5690539905900472,57.89376647158273,1,0
0.33607450342999656,0.15549752140302814,0.18919830327875703,567.5562603603356,0,0
0.0017590297851487607,0.22332391866798174,0.11899477016282874,48.88716644964452,0,0
-0.05,0.5626481648234721,0.24578604800081885,201.12854585329276,2,1
0.2165974954549115,0.2609172476263037,0.5801217953496383,65.7433934719293,0,1
0.33342674783933945,0.36539673233562386,0.6978398113410925,37.73888702423622,0,1
0.24941159591971201,0.200105295485411,0.272106779520173,97.73418490513623,1,1
0.29928858344504694,0.2790882966522514,0.6680205216269482,151.30152612778068,0,1
-0.016223115942502947,0.5845293062890545,0.25510488143434495,187.99355118845435,1,1
-0.05,0.21867159288245783,0.6214388126365685,314.1316258017943,1,0
0.3902400573519876,0.2737280175593227,0.45016572791142906,949.7483283278285,2,1
0.06191762900841556,0.23557197297001925,0.6557295829335742,109.99240995519692,1,0
0.07485005703809147,0.44874729582574296,0.9457948396073601,52.959435942511014,0,1
0.3590749455328304,0.3416095459898453,0.8971444204476776,129.32122965524107,0,1
0.22012140169211877,0.18853630084764772,0.10363949416068809,72.75005337110774,1,0
0.20205979897468937,0.0697274072743297,0.8526229497079598,188.8159826286249,0,1
0.5097004220821951,0.28700376979694314,0.15651717589855155,31.88923726044889,2,1
0.004166718531574257,0.4231623401429899,0.9100895982358682,598.6443210878617,1,1
0.2870112230546227,0.25444631134523715,0.339551827234732,178.54460818922246,0,1
0.1302623624814752,0.3667331463052714,0.4247296058495803,23.40142190674576,2,1
0.16834661019538624,0.2709725560304517,0.17789247439936867,51.048536598056984,0,1
0.3951243167542557,0.4014667875987283,0.19543184457957316,172.92618640868847,0,1
0.21141043613213228,0.4634281692866867,0.7177294804449217,230.69009851253364,1,1
0.21689329422893394,0.05329464507829071,0.9026824003860479,32.531534077101384,2,1
0.31305132071576436,0.2216669158299189,0.619136220711163,159.24130294112646,1,1
0.05430850868228064,0.22661367700726837,0.7084725131977894,18.95614402378273,0,0
-0.031057740121021138,0.2584065917858716,0.7476742829075804,83.80823795621299,0,0
-0.05,0.13908263683369385,0.32339213337000045,219.12393296051874,0,0
-0.05,0.3297479813202082,0.1384451862821827,57.90405495649412,0,0
0.490117283389258,0.17004366347810917,0.1015918323312933,26.962908457313794,0,1
-0.05,0.2847728657807562,0.39805189051091583,101.18715653622851,1,0
0.08017434775456103,0.24980065812412877,0.3052445939693337,55.49122536334217,2,1
0.07017360601999428,0.11596206812035247,0.15297006629180782,148.95536433622271,0,0
0.17533320560563814,0.2073025882078416,0.25259904861961674,44.33342265054454,0,0
0.2668326982570734,0.39991775561691667,0.20582406352775562,48.51584706960427,1,1
0.2748852279047541,0.17935977336697176,0.8776466235247647,17.871336978473245,1,1
0.015046061057591084,0.34275347901563313,0.2192271314402936,103.12643594171358,2,1
0.08991809151844593,0.27822147794923524,0.5570011943895273,79.14455965752042,0,1
0.17086439108789392,0.05235015124256764,0.6041400618453399,34.788687545708804,0,1
0.07523559728696153,0.0621503949558326,0.5619660390523387,105.11331629156722,1,0
0.4093222036835987,0.11391237660606987,0.18419796908358976,204.72267133987737,1,1
0.20837549129488525,0.10229515449266618,0.3709786074879685,75.75812090158476,0,1
0.2522780014889672,0.7352244450116939,0.1435797825936803,111.55676448320527,1,1
0.2393186283601343,0.3847735905736189,0.43631942698186865,112.01681564000087,0,1
0.3312252943473585,0.23154854976608477,0.2603090915808532,34.34773708240585,0,1
0.15258388056666725,0.23786919937584425,0.5773876532917228,466.50496185039117,1,1
-0.05,0.2040041905022354,0.6888871347717355,61.76396698366455,0,0
0.1919438313154755,0.41915853582091644,0.5523018811740005,152.15396890661225,1,1
0.0027557591174707796,0.18797968822767502,0.46910119211968637,166.56276773662125,0,0
0.024848997285043764,0.24432428860511557,0.4292334077281885,80.50537064671829,0,0
0.22554552337591677,0.3970802845779711,0.8154380028824532,146.26733661557054,0,1
0.3428909528580544,0.22078531761749004,0.28646285530547955,109.58005493716234,0,1
0.12382888381249109,0.07705042322834559,0.7240855885995384,28.95920728009794,0,1
0.17558994226781346,0.5512016763768751,0.7438599760291011,69.00519826958605,1,1
0.42639869003434283,0.3046329519476903,0.45632000618012425,55.14462492476277,1,1
0.16333557230794227,0.38810956978868133,0.35270550934179346,62.215487686352205,0,1
0.588302960552471,0.38279389831293276,0.49996026313907893,31.7152442903216,0,1
0.22179173621367793,0.42720346022185285,0.17923183700879375,221.66050916453645,2,0
-0.05,0.12433201768324816,0.1390405273947265,324.27571420479813,0,0
0.25560149179881586,0.0932996632793853,0.19486271953410803,196.8421976916873,0,0
0.1886085092789,0.5549327567438236,0.25907327674289227,248.7437821433677,0,1
0.3521554957348942,0.32212773081969487,0.5285502972873366,68.32612044212043,1,1
0.2411726432285925,0.006476030053495402,0.8217661407369538,54.10867542270433,0,1
0.09507792288292072,0.32390163923628956,0.30029598219973397,48.285454322063906,1,1
-0.05,0.10705277787370084,0.8948877091347613,150.6940976085036,0,0
0.08237581368851545,0.17379161789223949,0.9116717225947529,107.948087742546,0,0
-0.03309368175767402,0.28335918004310423,0.9150689141184244,84.62439912137472,0,0
0.015505779035149908,0.18379395584475328,0.8119283244748752,253.691467895612,1,0
0.22594411279570972,0.5524445878734532,0.4092512846780625,124.45610494973856,1,1
0.4205828107832531,0.08485274740503805,0.1617813243522296,46.01989900352873,0,1
0.19104087536813658,0.37309638445250687,0.5834959220015207,52.20994200876582,0,1
-0.05,0.27018494321410325,0.5748792273466486,155.336641028128,1,0
0.20002848027962533,0.10732848282315356,0.8224794020431562,207.13821631746418,1,1
0.3353936675962172,0.44611022360912533,0.9465923933041893,139.95825307291054,0,1
0.010239077222511203,0.31263942862961386,0.5319337105761254,410.55544973552423,1,1
0.09587690999887481,0.07413978050904986,0.39342342638381667,332.95446290120077,0,0
0.12264387505125547,0.37523231496504034,0.258016454822827,128.10223651459532,0,1
-0.021281696354803203,0.18307929039433812,0.10407985109476513,46.022733108060585,0,0
0.2366904780918946,0.5372939560911973,0.5327466386155473,31.563771476072045,1,1
0.09822933325059932,0.40832378767989214,0.5721908666972064,66.02903727520724,0,1
0.195515839903265,0.30150941761351546,0.8011977078447877,164.44411024614584,1,1
-0.039748592004378025,0.26877666367357206,0.5288904227088805,388.1212005705233,1,0
0.04125750594178612,0.54342060898865,0.878998096366148,125.70748087250581,1,1
0.25002864440899886,0.22075028966638235,0.6338709550857201,229.28785785948835,0,1
0.052890032623481936,0.0364518523866052,0.8142858024879206,73.97698350077023,0,0
0.4308534932220129,0.300411123422785,0.22605647458658504,148.1485223833381,2,1
0.04806548658937157,0.3569831083139295,0.8270357107569675,173.935660498148,1,1
0.16044325063533946,0.17224087301411908,0.6738722762772711,18.473265509561344,1,1
0.2878663497371562,0.20795118226096937,0.24469807757258097,64.66686633847269,0,0
-0.05,0.27088766991001095,0.26129902442410924,192.43536044126898,0,0
-0.05,0.04194774751904856,0.8875255261875881,112.12055412225325,1,0
-0.05,0.48193529361030685,0.12738305638281694,34.563145709455064,0,0
0.3472651386168928,0.26960042286556285,0.49315470180135024,12.882916088253513,1,1
0.020665533739359587,0.6208246543019971,0.36645399644398635,67.17998787899907,0,1
0.5804758714202853,0.4688335591908051,0.6653158239986638,85.00681635483471,0,1
0.018435432241670047,0.2541619893693439,0.8136849794336432,44.3832275478035,0,1
0.15321923457546666,0.13877425576752234,0.4063214033230841,100.93411221133837,0,0
0.3975797914622176,0.34278507490600635,0.4628667742244116,134.97767545803913,0,1
0.4810967198686421,0.45820602434306884,0.934630116826202,153.93797115726264,1,1
0.49107064379455156,0.10640682124217354,0.7663290332273224,13.670836756989345,0,1
0.3375059215067656,0.10093206898383483,0.8626235112920226,31.45543938951853,0,1
0.30433125464606325,0.49698915383818526,0.4729478875538853,70.54860333670167,2,1
0.22665485085621295,0.35005452197862574,0.29896477338649796,142.27168507960332,0,1
0.2601049937099948,0.30719488333279055,0.45008394557848397,133.13813667446598,0,1
0.020786571060863984,0.22967342138208813,0.7086781301567864,131.3014675473284,1,0
-0.02727579901601529,0.4628837200078556,0.19301584411058242,66.23875048346684,2,1
0.11939259766602862,0.15731488468909344,0.3298987397740325,69.2617807790642,0,0
0.08936676794551288,0.1532323238045852,0.13964051539235184,50.26638609685459,0,0
0.038418951121090464,0.12620172947520752,0.4674955775874118,166.42675496053036,1,0
0.24534974054220876,0.149553568239941,0.8033288755826712,43.10370558259836,0,1
0.2919549375426919,0.22582571868089082,0.12096413505330919,177.68798450835197,1,1
0.1359132395325325,0.7948839089703768,0.674024997786091,106.30183955466029,2,1
0.38595541458994714,0.31524460670736754,0.8926214933366786,86.83106221206843,2,1
-0.05,0.3685319696129212,0.30138868228450494,53.230507443697896,0,0
0.08514129732965073,0.14154232907559453,0.6895896146185009,30.434185847942437,0,1
-0.009028017708504893,0.36187376810334265,0.9288366159351702,53.61762265395608,2,1
-0.05,0.23806837052604987,0.9179363511295937,69.13039508895889,0,0
0.10511747654831413,0.20420580841266806,0.2996898140747718,13.528256211094801,0,0
0.09808544849100896,0.5050040708327036,0.18528139523025838,76.87001478757772,1,0
0.39242095378358355,0.4198707864938515,0.22604015721152856,188.5731309823025,0,0
0.23354610321985997,0.1848673399341691,0.6967303182098208,141.70881084698664,0,1
-0.05,0.3446433197370657,0.7168950441352842,60.52371667677166,2,1
0.4537366619401539,0.5555536043507401,0.6731010773839691,93.4614487776715,0,1
0.3397860651945635,0.6206594596247637,0.38566662958090236,57.689105592342294,0,1
0.22477758662435082,0.3326109293853477,0.2443103987944038,101.39345945581302,0,1
0.07923286220703024,0.4655578011923071,0.5936469281594151,308.612442714656,1,1
-0.05,0.38774042090762295,0.5111283788941865,195.35121519775942,0,1
0.05300278030721045,0.2838027171456893,0.7195090250539579,136.5424348800079,0,0
0.3159747515467535,0.18027770961226802,0.4751560668827782,60.6847281035724,1,1
0.4592255350682296,0.3606903214452604,0.3878437404834981,164.01382357375667,1,1
0.397783835088994,0.26174892980378583,0.3494567907551622,23.347699082642364,0,1
0.032007104078470655,0.3709464413376127,0.2797497720422846,73.56116333640995,1,1
-0.05,0.174630537726529,0.3258844197586622,143.59102230023643,0,0
0.1453595244440167,0.3656360562780008,0.18060587301748615,162.76980627692478,1,0
-0.05,0.15573460616986673,0.3948284592895561,153.83915248117034,0,0
0.17817018855326067,0.12272776231574709,0.13108434050851447,113.96194209301619,0,0
0.09343153446623964,0.5411885797368532,0.25845177009137776,76.97032952364316,1,1
0.03611342966371639,0.33350088411195233,0.7347548779265147,138.43221395105698,0,1
-0.05,0.11605761118979938,0.37664864037512924,42.001745104652485,0,0
0.21244801918254896,0.28270255620596996,0.6680014644307423,45.79881371499645,0,1
0.02411384886085595,0.3202449016408759,0.7093515492576857,94.57448652053675,1,1
-0.05,0.3727884423006114,0.5940075413222965,103.3951560398476,0,0
-0.05,0.46293765041442997,0.9148930801605886,20.894957400328824,0,1
0.11504731709088548,0.30685237668604837,0.11822388662964628,129.55650328192996,0,0
0.43900528740055395,0.16341578506865345,0.7278547529999208,167.03154759585053,0,1
0.4190266586186166,0.11291657035485815,0.9149686473493468,84.62009855993665,0,1
0.03772267381447107,0.2919959339279233,0.8329309699499984,601.5881209186074,0,0
0.011601829134879504,0.3911316578997541,0.24270878803426132,52.12537711681985,0,0
0.20437936609350427,0.21201952769077337,0.3777972603139723,67.43271387907461,0,1
-0.05,0.17591720072213005,0.2465840638949956,65.62432762192996,1,1
0.17432254196750385,0.17816691055291842,0.6111121092424985,84.69443618123486,1,1
0.2578944501092443,0.18500932622098668,0.7053597846825684,69.20133467350223,2,1
0.34084798029917535,0.2872224558534371,0.3695127039585995,29.21118150753419,0,1
0.1019722662336085,0.244077624744839,0.5585805878866511,58.1346204314437,2,0
0.08333872496814615,0.10039067460857114,0.6872824845605158,83.25460506116764,0,1
-0.038036865616181,0.5070846832395546,0.4581388441193911,240.53308932905784,2,1
-0.0288384637271748,0.4574986724481241,0.8259132008871404,524.1587616596674,0,1
0.07923379945772518,0.20267801089675044,0.7558174449946445,262.0090691610512,0,0
0.18612579122691203,0.27088059251508484,0.15496571227298506,48.40953392578581,0,1
0.28444523272198485,0.12363565798874872,0.6279565042272046,51.591261712979346,0,1
-0.02457221112246208,0.21260934820701644,0.3000267183157872,79.24443092056914,1,0
0.3886839424127139,0.017791437165485813,0.573890524967184,375.27050443381097,1,0
0.07119775181233762,0.21266938294373128,0.9133551762380213,78.85894563347115,2,1
0.11615388701728149,0.3617735658739731,0.8472027038694125,31.124460072621975,1,1
-0.014498102246608219,0.22923178351761772,0.44383894264786194,60.283491318528654,0,0
-0.05,0.23828607842092847,0.3477867795927004,164.95039650414316,0,0
0.2791281713449889,0.43911062365213016,0.29924488274702016,156.32735240622745,2,1
0.252631901476638,0.324077488541341,0.5526376392930421,76.69424452779927,1,1
0.0693610397187216,0.15635726196781882,0.1971111852693479,155.5133746992206,1,0
0.13205832910047693,0.3922074447459127,0.5668837569090113,14.606435773072548,0,1
0.21286905918673787,0.23270648589013807,0.10113359356717322,97.81357665664352,1,1
-0.05,0.602107206748992,0.37527218613396807,179.2082140987416,2,1
0.024770518077666934,0.2547529986376896,0.2869441667559941,46.233718977517235,0,0
0.2629676423319289,0.11757099516942705,0.9255359714666647,46.105358090251634,0,1
-0.05,0.1758669119258064,0.7181559716344821,20.223422811732764,0,0
0.17284042778999326,0.22854099500160785,0.3972053733929021,321.15262449501154,1,1
-0.05,0.47715251249524276,0.17891832355102744,50.59621739111165,0,0
0.20395739683803474,0.20132766670773308,0.5392805054870304,109.16217519290494,0,1
0.11358453318645295,0.10506157212915405,0.281430699127136,145.93096000469086,0,0
-0.05,0.13685484929887212,0.5559651140136042,301.7667473892239,1,0
0.32965308380229086,0.07034352731387361,0.8100580010520586,79.58946865843491,0,1
-0.012226483823648854,0.3295606459230273,0.6234236692861775,58.466630049431146,0,0
-0.025845438662588566,0.22102250805580095,0.6387201566132519,103.38440398757656,2,1
0.1561024555015697,0.3871636978318811,0.5598757457033897,251.45504378954263,2,1
0.3267547228971687,0.4147605023306233,0.8881757877366977,78.55994585907189,0,1
-0.05,0.2506060401001621,0.8921172817575128,41.934326290129846,1,0
0.13110237297263488,0.47401534562609954,0.5358147209125194,26.242854785774814,1,1
0.19718697005950314,0.057470115233799336,0.35989556407197876,33.88464941837819,0,0
0.24475900930736594,0.38548114536670913,0.49064895499752736,179.7403299481409,0,1
0.15175947994990052,0.4871259736927597,0.25857422536627334,69.65123412038999,0,1
0.053934988965001984,0.2627365663712483,0.6408926680203759,55.36697362653483,0,1
-0.028966239716769537,0.1881101007522715,0.5250784854148982,50.76596864095938,0,0
0.13550589894834744,0.5491198284603409,0.1878054061412879,96.35474952649176,1,1
-0.05,0.14414643419034595,0.2680006139516731,74.32414943724999,0,0
-0.05,0.28680884417947,0.5076871627695978,72.34846850758247,1,1
0.1985807647483802,0.17421239774138444,0.8544506421110295,264.92827851688537,0,1
0.28270827139551513,0.16349890804070852,0.5814321125364328,308.0964938070381,1,1
-0.05,0.10412103245534904,0.6793047501772002,24.828263503976327,0,0
-0.05,0.519476829484264,0.3881742672823233,116.98832984570127,1,0
0.2314477669809356,0.14095813584713604,0.5856996840875991,48.352132243507995,1,1
0.4903491845481058,0.19427256987064126,0.48027284924235725,73.80297990524663,1,1
0.12374286738157342,0.3706607601227964,0.6602604257296866,115.28677363795043,0,1
-0.0110405294212442,0.26714176321463384,0.1429892311671588,75.93092659691692,1,0
0.08707864060112877,0.18160050377854414,0.5193051838031153,108.24183150552261,2,1
0.36747775544667327,0.1725392066812919,0.35159373137237193,154.2193847283107,1,1
0.0037264477575836424,0.2745845282196118,0.3772573020862229,113.9387975268832,0,0
-0.023854561197045654,0.18097731996695146,0.9167798168243522,53.652655074856334,1,0
0.033106166007234164,0.39132830918221145,0.25529059080467537,54.415025209153924,0,0
-0.05,0.37926599193446736,0.3645584646918074,28.452492389858175,2,1
0.14208065687906318,0.29652571754562623,0.533408689371241,45.46140671595771,1,1
0.4124421225245209,0.3526147575112777,0.83357290592718,432.53129819343343,0,1
0.17815426916088523,0.19368654373016678,0.45416957072541486,47.769967197400035,0,1
0.07457636961726823,0.26825781427280815,0.7322854887549454,34.649973125783376,0,0
0.06747397159520206,0.1821569819938059,0.8279179834825819,116.27316453985385,2,1
-0.05,0.5261826701604474,0.3635139024485716,82.41011568651562,0,1
0.2789597598864886,0.124777547929926,0.43383765600790347,76.97844214571668,0,1
0.10598930453769563,0.2507956364705972,0.4030727901351028,277.8931738541772,2,1
0.08751361555368738,0.28578641062653054,0.8079274373252329,139.67263184462507,0,0
0.6947593622120749,0.26210906425601715,0.13769483266056098,58.909693615991195,0,1
0.1737755235058235,0.48697290897867657,0.362157925504378,64.09839123838533,1,1
-0.015322389017133176,0.21664215830146583,0.6774972739558603,60.215559891488546,0,0
0.0432556326830022,0.2806081650503514,0.5806269746305412,181.23448630367596,0,0
0.32672022765541586,0.3466370552987023,0.47084595539964014,70.34993759093112,0,1
0.1403886738967976,0.29428594709795913,0.5589559931381767,21.444692911253487,1,1
-0.05,0.3114475008804538,0.26794689795407056,86.60384871458268,2,1
0.2854612082235366,0.167090865294795,0.46610912836680884,26.3213184713216,0,1
-0.00026593539701891267,0.10411726646726938,0.5264475365498967,516.6597227953441,0,0
0.4571935997191582,0.19708533475315376,0.8660107536614113,41.573613240910625,0,1
0.31440865182863675,0.38684222489626,0.3217098883833799,79.08381091047546,1,1
0.039482058781424786,0.2894650765385653,0.8376542268401926,110.67103891775457,0,1
0.3505829451123203,0.25555015930450037,0.6476051907020846,71.45539947192741,2,1
0.13221399189493258,0.2244111143255999,0.11728970640746084,71.37699930248192,0,0
0.2734992615219995,0.6009842472388122,0.7159366363644846,126.14875791323718,2,1
0.20725190711300545,0.5705924664824104,0.13021909591669684,305.2016687242372,1,1
-0.03234419789835724,0.25665449677539803,0.9477739577917411,166.33557192401182,1,1
0.004161030182856837,0.08333335564029919,0.8417411845375181,293.7740994749024,0,0
0.305392947164609,0.7559339192671153,0.3527421854090388,38.96659394384016,1,1
0.059740440220822644,0.8197328139974288,0.3187995456671996,116.03479541534058,0,1
0.0473432766164406,0.4854447487553563,0.4242249197897675,101.92088159374951,0,0
-0.05,0.23468462865882858,0.40274192051727653,119.2083775166256,0,0
0.19624783180682298,0.5687097367494747,0.41648714562757394,270.69306472457816,2,1
0.4912544854637661,0.44364396924515725,0.37053506420155835,75.4423418328439,1,1
-0.05,0.27424981718571895,0.6279633958210816,65.07870000131967,1,1
0.12435950220109644,0.3147057490708939,0.23962411416253035,137.9904718122775,1,1
0.37419969997477726,0.11641480154355668,0.8190840985791111,21.70272476665344,0,1
0.10566454957577127,0.4648783447730996,0.790542111426618,74.47908596719569,1,1
0.2014269233249521,0.4309058841775285,0.5050107266769799,80.85374041356782,1,1
-0.05,0.24724729471637014,0.8248204704867654,43.108194513213185,1,0
0.19709527749737674,0.09706141868862438,0.3100733095257493,209.69355626490284,0,0
0.08631403229918122,0.16667383336712324,0.11493063734837192,38.48265984213984,2,0
0.2974313992223753,0.13539731702903812,0.6263267362753495,80.74544576433289,2,1
0.3337294892816552,0.393239784217615,0.48922299592000806,113.80947521926834,1,1
0.5861214555633505,0.2601014419905871,0.58208986435149,265.8045459901599,0,1
0.22433397117844361,0.449376511086293,0.8644384976656425,89.26012432982233,1,1
0.17864333698478996,0.07481741644834426,0.9244367375310519,190.36111533196043,1,1
0.15498917428392048,0.4079151952527249,0.6392851687922625,157.66559737462484,0,1
0.0564300672940761,0.30733510152467397,0.7494472513745726,99.36163217530003,0,1
0.1809270918231044,0.3947673712026059,0.17123716846408965,37.652120475156394,0,1
0.0668277461749747,0.1512084421902838,0.23660824715777978,28.569374181971078,1,0
0.15032297572853057,0.2510662961669584,0.72322408421003,98.02321331038851,0,1
0.35716755640943276,0.21498906239845655,0.4666606379298016,58.31401744338314,0,1
-0.05,0.4648024619149102,0.47907047984374485,187.805879466042,1,1
0.32517814100322817,0.07971572994900748,0.36231652939012116,163.4791099817925,1,1
0.35708071212117576,0.1085876979811247,0.6162529259560822,77.65773858512969,0,1
0.09874766514160582,0.11974062491566158,0.2573902886037722,35.652870439178834,0,0
-0.05,0.10952186295257084,0.6328788374168112,135.44808626142554,2,1
0.010592042323002149,0.1201867153746156,0.24772902856495374,39.8706491566085,1,0
0.3534590183809997,0.24888934497421297,0.15425212950325656,49.069068245776364,0,1
0.11588374878620121,0.32866482126390084,0.3808040353942018,41.11888106933743,2,0
-0.05,0.09219996496200467,0.2964692907083705,80.575866568362,0,0
0.029140514178920857,0.24199911537895674,0.8556428927728824,229.55757448559285,2,1
0.2713116047708195,0.30310426110928274,0.14671043578833262,89.65485053419859,0,1
0.21841204227624827,0.4030058374834903,0.2501216386880044,63.1444555004685,0,1
0.07699222214945502,0.05060047096710167,0.566411664745592,26.56270212224693,0,0
0.05397160587335624,0.3448931859287495,0.5089071122203526,140.00801455383487,0,1
0.04948353317211206,0.3035474128758345,0.13897421561849632,48.21529600700502,1,0
-0.04603383320973045,0.23886620033675662,0.10616456381287281,98.89059077503293,1,0
0.4107676241044995,0.17093896791706076,0.9398577506669774,67.80426558949655,1,1
0.06198231554195882,0.1080732345725088,0.6600094953050124,176.01016968668876,0,1
0.3390885337485894,0.07212621128164151,0.41059521126632326,79.37717721977602,0,1
0.3938368893460412,0.38813670972220216,0.49986741051375516,85.8720945405802,0,1
0.2996959616666328,0.08731142074935945,0.3265676023861439,132.76726630135255,0,0
0.04230834371075129,0.11697491644079362,0.39314271613922824,485.68105634950047,1,0
0.1926714162605897,0.3224531691266633,0.6516877971779819,183.23281260112645,0,1
0.11564479084963508,0.026861395076378185,0.850390029037265,83.857180102161,1,0
-0.04266633493142308,0.26887149138736227,0.25651051961900717,90.2477253026181,1,1
0.17838467070988853,0.19523149568767242,0.8143072795775209,59.15212005183722,0,1
-0.05,0.30456243134300215,0.2033231350905287,42.098134863794066,1,0
0.33378228992308145,0.14970705612865684,0.2827433900501325,57.84687136611899,0,1
0.03636888648628925,0.22793003725016892,0.13159899484219909,48.534788478439665,0,0
0.15620873805711105,0.3284554701342941,0.21969008277904956,151.8198631264502,1,1
0.17099181687830559,0.5144052031331324,0.8797076736444429,38.20796927828438,0,1
0.07339710473326608,0.18120706127316275,0.4905229346256218,261.53508665781237,0,0
0.22560488426554942,0.17272747725048362,0.16601598251160052,164.2906486143918,1,1
0.034517341807945606,0.10919795876437816,0.9157678123331171,91.50571080416553,0,0
0.2768335135423039,0.2311963786845543,0.8471434615948525,90.04007861697679,1,1
-0.05,0.4311116916368805,0.7414801427379201,57.63758961344446,0,0
0.14274832431835413,0.36320975358824,0.8934518731554241,111.72802044338036,0,1
0.46900721983049126,0.3437868850399363,0.2871100077103995,214.96473051762166,2,1
-0.05,0.4087224436012568,0.8109138990585734,51.28892439813144,1,0
-0.0019940946944732724,0.17908836547049728,0.6864925169011602,26.397949293668262,0,0
0.2125034129386047,0.01802217303548483,0.8392953621325351,157.99677222860203,0,1
0.15232472074912762,0.16446720091967335,0.7773748308812353,116.68672497506236,2,1
0.18311341786924065,0.3903189145471523,0.3945208037003013,36.739077068259725,0,1
0.20805368342657943,0.13043653099606284,0.7582387564646672,50.063234844802054,1,1
0.23424986434111858,0.4073982795830809,0.32308785753715674,45.27326043166076,1,1
0.31974597155212015,0.25065058284390856,0.37930333857384657,50.41930738586395,1,1
0.19376735824713226,0.2879255951606096,0.19171985963952973,69.48103216045178,1,1
0.07657362216866236,0.40161639338592314,0.8948151235833984,72.73059656364975,1,1
0.24106326621649163,0.20147342162670484,0.3473528588902393,53.48306575995999,1,1
0.4619787482811388,0.5711153654737801,0.542529095395734,49.08085029664005,1,1
0.09612592565113676,0.2526767595418192,0.4326329109962638,74.96134081658874,1,0
-0.05,0.558844381422837,0.9159389024959762,102.94071375374783,0,1
0.31927452047165505,0.29622089423626075,0.38479179529771,69.89280917451472,0,1
0.09833139048835232,0.17375533918871547,0.7617639482092856,227.45072435139457,1,0
-0.05,0.37401806296362206,0.827103731436503,135.16147456181685,2,1
0.2725359018870759,0.30236733395400656,0.47026552285882106,25.21208175917384,0,1
0.0236409265282939,0.09475942530772673,0.4214460422849916,136.8632445520281,0,0
0.10370400918525105,0.4956365040135205,0.7355839477927337,146.1210205263028,2,1
0.1797564595024226,0.34285434964467326,0.8759615832602989,63.574473231968256,1,1
0.15428994236023194,0.5254171748804622,0.7416919731114024,27.21700413934354,0,1
0.2477013270850271,0.29643331451476884,0.2930574107530858,90.59992701991516,1,1
0.0416124532974282,0.15049657669911554,0.8550615853220495,89.46371095018416,2,1
0.2123590436716949,0.3050993507735498,0.4294444173213081,36.696559745918755,1,1
0.0732815980348949,0.3034175371012581,0.5897950000112442,28.191615949717576,1,0
0.2529858865597505,0.17667660620005357,0.8067202763988044,83.9278216035096,0,1
0.2307661471223496,0.1957719969363305,0.2601355522904184,74.70434424659354,2,1
-0.04837896636802716,0.24238820297591845,0.7668336153259201,64.46920756667895,1,0
0.31547678091150577,0.5242593831582256,0.6067383782240758,84.20644078469408,2,1
0.02352657987947135,0.05100566077914025,0.859340395553467,37.25472941560984,0,0
0.26545040369060613,0.21626978693301843,0.2461748415670115,63.57011752570503,0,1
0.1861117164122413,0.5259764006103478,0.4575799014847892,137.91809914119432,0,1
0.45087306182312203,0.0935055489057235,0.8079166289368118,68.03511273926911,0,1
0.07977612317306662,0.7948058166470459,0.11634694793824615,23.62775363498668,1,1
0.057122976698724445,0.40165533294293754,0.19537116175079644,61.67299654518879,2,1
0.11650447094020813,0.12138555264611711,0.9419804308432245,38.2396612337731,1,1
0.06542763908983042,0.298310633967815,0.33833505180179796,111.46482130969244,2,1
0.263989542349569,0.16495307853042324,0.9292117146653603,116.17177592515382,0,1
-0.05,0.1529382085576855,0.25515181835737283,23.878543636804977,1,0
-0.05,0.3111916175626455,0.40693027655623526,165.20884097715194,1,0
-0.05,0.03991240877186907,0.739939027828035,36.975330941792244,1,0
0.2910553665552436,0.053659207864530406,0.6591116461524517,313.35785130671655,1,1
0.42791040706474653,0.3182142680979291,0.5939540399396972,86.57222082357025,1,0
0.10119914066325512,0.18075797370012864,0.5504142994342565,33.211134664937546,1,1
0.08961208982579809,0.3640557086995937,0.8169243771150292,36.10427009218764,0,1
0.13260938936037264,0.2608799119347449,0.2997062784083838,118.92300101973915,1,0
0.3291380944694743,0.15596353991453946,0.47610028794449066,65.82239224281321,2,1
-0.04692356415430332,0.3785193435272143,0.23213444833298869,83.31902148839339,0,0
0.16290641689226132,0.302337746371279,0.6065503563710987,327.0863443877602,1,1
0.29553557336083736,0.7672429890629722,0.3129627606306221,51.44970603286206,1,1
0.21019695058917215,0.1855467360743156,0.3837657546918779,94.44052640429014,1,1
0.15412469098777382,0.09630752226362548,0.5005631091299989,280.3042414553645,1,0
0.3001882966620854,0.47600430235916774,0.12275499784765867,111.76637781380713,2,1
-0.05,0.22894135696305834,0.178147245532712,24.896265485329252,0,0
0.24201755751556336,0.11151994216391814,0.6830398376019866,134.8699808291673,0,1
0.002266377037063713,0.3119859888731634,0.4646244836098812,35.50230818889683,1,1
-0.05,0.2916090381621074,0.8350716886999111,277.3959819194056,1,0
0.21201646791449652,0.2536866590296014,0.6904712030975695,46.60491072767192,1,1
0.3672585381293324,0.3623798560294576,0.10688580040022408,968.3635705740584,0,1
0.09525926736701545,0.18466532912825498,0.6242054811520645,291.16810787422986,0,1
0.291517418496529,0.46444320597423794,0.17966613615075894,47.59415427265208,2,1
0.41021008643795615,0.3356162648369526,0.7637932028219201,91.46999948164093,0,1
0.3566846016451285,0.10443655618211217,0.9427815350367267,164.5007986661099,1,1
0.4151936152868507,0.37069153050063336,0.5515189751052848,168.49875809031482,1,1
0.2535829483929406,0.20592513278660787,0.6803625751650108,128.23557575523898,1,1
0.1335780550022867,0.7739604557651556,0.30171703676053885,245.11493661352176,0,1
-0.05,0.176459068556819,0.47195808219072455,81.58332109175461,1,0
0.07570875213660926,0.1086120056800174,0.827681032400926,67.12965275006303,2,1
-0.031784387156914506,0.16134039078289278,0.24230950558431352,68.20438163685026,0,0
0.5107696891496065,0.22389435589428225,0.3257052647716978,178.8770298315488,0,1
0.0883405537621794,0.2274442729895193,0.4786186239931256,120.55967182694921,0,0
0.14217686522120743,0.3604458420110737,0.7054115580674118,113.6390199235713,0,1
0.21926736768728416,0.06801129144977802,0.4195013615763228,170.0661364618954,2,0
0.12784844034704165,0.1308637344236113,0.8885724378155533,17.446831805086063,2,1
0.42510918727753555,0.26916728385670613,0.1802884935784113,115.35969839899747,2,0
0.007923114887798649,0.09062321295448135,0.4151835679131204,107.2170314087454,1,0
0.15502934194270368,0.38581110782029926,0.7026110049141586,342.08062847128195,1,1
-0.01364470542564869,0.13462023686311153,0.2920887508122686,26.499599354746223,0,0
-0.05,0.18176079944126686,0.657951164095222,312.85796634395797,1,0
0.009881563637048618,0.08671500456148368,0.23958441449324405,95.6147697234821,1,0
0.11333337653128583,0.0797779791639122,0.14758324213243343,133.11209922369576,2,0
0.042725599586893204,0.4667113550674009,0.20286335923635151,344.03212171327374,1,1
-0.004635776377294079,0.23462617796568244,0.8904870656640145,140.97872809245712,2,1
-0.05,0.1509094262690012,0.5689882504986186,124.00162019024607,2,0
0.10504099692683494,0.4011850064190916,0.7768939091577016,109.27120908570812,2,1
-0.05,0.7362058914355981,0.3827563257692935,61.143128952688485,0,1
0.25681007346412843,0.2184471772023477,0.6037598507026296,87.988726682537,1,1
0.13483915552821057,0.4699267489150663,0.5207093136492429,50.78442875882218,1,1
-0.05,0.43491550786413563,0.9038772654919498,86.86424350589013,0,1
0.06434236613102458,0.2994639079970963,0.7354384406459937,13.891198558548945,0,1
-0.015388153006304972,0.2397061180698788,0.7209612367720921,126.87871803220892,1,0
0.17745141187545246,0.664582651962105,0.1394002790191376,81.66374918499305,0,1
0.361281080284166,0.10000139427788506,0.5672192186531374,68.78852963831535,0,1
-0.05,0.5260871285486125,0.4969427358165426,107.31908151587268,1,0
0.1407046942465351,0.21646972025506492,0.8886659266152653,28.592626263455333,2,1
0.09117609679800473,0.18390930986555948,0.3187406899611024,421.329841024651,1,0
0.2408412137610838,0.0835751494984771,0.32935843529743014,82.91251624738966,0,0
0.15837539308278403,0.2127651940364753,0.4496443115492753,80.10389291838584,0,1
-0.015354479712987423,0.0917366575984314,0.3068642563954196,41.58265078719685,0,0
0.06257029158000874,0.469934473588362,0.20980633013743707,91.75822291397819,0,1
-0.023284654224628026,0.2593427798090144,0.8288026196531807,273.02624121128395,0,0
0.3136812849477477,0.3792374326992001,0.5745350457433285,206.17657617806825,2,1
0.1238360967609496,0.21929833016933348,0.8321583111130817,178.3147417479157,1,1
0.4622143234355413,0.3586589879571438,0.8064645505931415,139.36817345695755,0,1
0.10908105351336826,0.14634003085063454,0.3397360015712204,67.57012705778992,0,0
-0.007513218043883302,0.1871429434457787,0.5655768276756329,28.21544340078513,1,0
-0.05,0.12724351227413871,0.1707350473290599,76.64382051063404,1,0
-0.05,0.387302669046323,0.8779641014261446,74.53753532510616,0,1
-0.05,0.16820390373403707,0.4436233078053802,208.31170751181318,2,0
0.168082797182067,0.3822011844735794,0.4346247563056682,115.29710908392735,0,1
0.2115705041813881,0.020898411833256237,0.3573420650252602,326.96372182870925,0,0
-0.05,0.5557597705778299,0.4915641830040982,234.62554834832792,0,0
0.2811068965337008,0.22394140970592283,0.31399547856363086,62.47731384668697,1,1
0.03304901069698089,0.37254415581886124,0.4186244318772838,21.410825159495584,0,1
0.14642274215739887,0.02098405465462142,0.7799549912971495,272.72397064761986,0,1
0.41019971308597636,0.05059258945790459,0.809117178047396,267.0693008813202,0,1
0.2814310768557957,0.7945363708814471,0.3585551059842387,30.175511781230234,1,1
0.07166448337695018,0.1781725144165805,0.49866226596986973,301.0848190334179,0,0
-0.04041460057475174,0.5310129530485904,0.8427468098380444,122.20423915932986,0,1
-0.05,0.13730371527256038,0.14477233205524256,102.3653624951684,0,0
-0.009447597463635604,0.2753409346090931,0.8557732176964176,327.6108933459558,0,0
0.08199655701101499,0.25466498110495867,0.2863066938044819,263.94695068637304,1,0
-0.05,0.14270700421211402,0.6767583575822195,151.57260659483214,0,0
0.09637374592338514,0.2393693720523304,0.5951689419269102,131.44304667262935,0,1
0.13383333893257826,0.09904749567239608,0.5699996359608642,147.39490781137937,1,0
0.07952592327454586,0.5961039827723912,0.8304561910398981,65.36284991121923,0,1
0.002999535451777252,0.27384519417917336,0.18633632209796208,86.13525903553686,0,0
0.15035784095401097,0.23943843079795413,0.3949738215267906,43.734894137485284,0,1
0.1995493169224936,0.09592199406868976,0.5575148343930507,68.96286555810026,2,1
-0.05,0.31208395624414015,0.7895955258541337,67.13415273077662,1,0
0.3739678283543286,0.09131534061322015,0.2839766208999208,54.14987712597386,1,1
0.10225413618883289,0.09817901122297269,0.7824903651681347,100.4235962564495,2,1
0.12339293213007257,0.1406934063398773,0.43969271011984534,69.46446448517541,2,1
0.2474785961861803,0.036471021649683265,0.2605767779686411,134.5300745005993,1,0
0.16197890362743028,0.09036712999611436,0.7451384743769602,24.585172304602978,1,0
0.29156459410438407,0.2751210734555541,0.17726406625336566,82.21322397358973,0,1
0.17168234973632834,0.2933224133773137,0.5375522679641265,100.00711286834297,0,1
0.009761272564721174,0.09793866259816449,0.15429441628260515,70.21041122828926,1,0
0.18507063453709827,0.3540293523738803,0.4029551768841194,78.42053665251484,2,1
-0.05,0.3927334586612469,0.6109152791554338,25.3252821545224,0,0
0.13954074703977415,0.4211069715116278,0.5726982102641311,119.72311285038924,1,1
0.11401860168399705,0.467208932956789,0.4439571052189666,151.1215962678945,0,1
0.08253896569094285,0.20919936198081218,0.4646907948762983,133.5972711490681,0,1
0.09686324794099246,0.16709537736963567,0.29275412034815157,206.6407229863043,0,0
-0.05,0.241350623731198,0.48750020016048745,105.76542652856527,1,0
0.021229516606626933,0.2970794634573549,0.910266627362709,132.01888024545045,0,1
0.13671208220540065,0.4132021119127898,0.8228849801162218,101.98977781533858,1,1
0.14877415055953205,0.05845621703141029,0.22344793871489224,156.02879533148828,2,0
-0.05,0.3169942157081124,0.1253136692227828,25.48821761560241,2,1
0.3478274113556461,0.21634844110989762,0.893495665809136,44.04162571213284,0,1
-0.03591147267861014,0.24093155533643826,0.5477372873986355,320.38382355087344,2,1
0.2945022960948126,0.2313028502568061,0.5571621496769116,12.57425339835516,0,1
0.19689498513690326,0.14569234387139093,0.7636102963505439,80.46784439703838,0,1
0.003679084228115456,0.2881557546953736,0.36748562779062754,229.94035924953693,1,0
0.43955596066971214,0.3161669790412176,0.5096214335106019,83.54550617733604,0,1
-0.05,0.3058204403043435,0.9233634761747269,65.10433538933525,0,0
0.28544775124980026,0.17907672524396392,0.6713263838925461,99.83684878295072,0,1
0.3001048172477361,0.20611416739718258,0.23068327719641804,67.86387468873814,1,1
-0.0007116376337960723,0.04237739064612579,0.2132427357867003,92.26635841625644,0,0
0.3706437540115792,0.13737262698351882,0.2736250445830546,52.106785009249585,1,1
0.07499162737218851,0.073293223457093,0.7517049232576098,218.53354700724853,1,0
0.17196485327037425,0.4095096724865307,0.3510704532645237,281.07230147278955,1,0
0.16685793097881974,0.16371536778163837,0.11818051967381782,80.90598020714258,2,1
0.09582442653530139,0.2867243602555089,0.9025482089798126,29.689945806041443,0,1
0.26594548916876076,0.2504815421468936,0.24425640393567408,59.20023217452726,0,0
0.26282796969939837,0.22634544101240253,0.1081244582258583,77.69641147294043,0,1
-0.05,0.09787676083985698,0.3015618620258245,134.8861516487244,0,0
0.3547812437180674,0.1932734616160555,0.2997744690504136,40.18884306721675,1,0
-0.05,0.4774340144308879,0.4587044632188646,48.65089207667874,0,1
0.30585831678149833,0.40220432676005763,0.8823313567750313,135.44164864830984,0,1
0.322806924628965,0.526643700658367,0.8473071801122332,190.78117023181343,1,1
-0.05,0.5618571836782187,0.48836037173506375,54.747119961137294,1,1
0.04605342816817473,0.23883779607401057,0.4492649192430356,30.982618597590694,1,0
-0.05,0.3888028999152428,0.5717577235036235,1245.502772894701,1,0
0.08131421454802765,0.19678683124568414,0.30693591017600086,168.45074452005628,1,0
0.06455382884656657,0.2682875891614247,0.1443572431714084,72.70404267200716,1,0
0.26033889580848113,0.28175607964871835,0.8983405157455256,180.4087338798392,0,1
0.3558555743015295,0.3896707918039192,0.25869413714559686,81.48628274700803,2,1
0.37122308594219205,0.464239270392065,0.2686406198588589,180.13841205930785,1,1
0.018809755215905624,0.24624341943088582,0.5015912795258555,102.25958774670964,0,0
0.082340062725985,0.28390099184545364,0.5178713431142811,96.83587339311848,0,1
-0.05,0.2322842010078658,0.11566907824563066,82.19829053341155,1,0
-0.02505661196931397,0.2789698335886024,0.2257615279578751,28.278305858195345,2,1
0.2936732939575424,0.2626657390278319,0.4214315957766305,424.314921750412,0,1
0.4108049082386817,0.3549203203128289,0.6811710894839582,42.38408185443721,0,1
-0.05,0.13580358804154044,0.29415568830714545,30.32526334712523,2,0
0.013356433352479033,0.1626143298030193,0.4595622793054982,75.92242488505087,2,0
0.11524696374739313,0.43623663725440737,0.5737433050089968,41.713405384397696,0,0
0.1704290085875292,0.3288580333651671,0.8553036204297982,86.36908225967655,0,1
-0.025728633585896304,0.19363262766618522,0.3771599269780548,156.05540100466058,1,0
0.19633098800353616,0.5840364554906169,0.213524525983961,199.58542105903905,0,1
0.034708917527235095,0.035345614946842505,0.515881392012967,172.73948237590037,2,0
0.11739859124190975,0.25681603541862563,0.7347133614314527,70.49165656165081,0,1
0.21833116464066593,0.242844044324238,0.1933807934948234,93.66021151953579,0,0
0.12115600856596881,0.45060167594505257,0.4609809679424164,124.74894038877409,0,1
0.04145053970521764,0.20120255300939469,0.11511737007311092,22.060089277463593,0,1
0.10027023529335044,0.24203678964164194,0.12852530440016346,142.09100890594027,0,1
0.10409466734303964,0.27770672452244666,0.5105103587341657,28.054823274536744,0,1
0.053398014621217016,0.11459227463231245,0.35346770342829004,460.48361728085894,1,0
0.07341670871992156,0.2958076505489145,0.8183412041546003,65.13017322833672,0,0
0.407756490690849,0.2714119953989378,0.6118311602074861,77.64132765096605,2,1
0.22096550062942294,0.4816905964950782,0.4858430174815418,48.62969344688149,0,1
0.06681354275475113,0.6850453067539968,0.4467450653961519,54.381497390834355,1,1
0.2454517928119324,0.4770412591877109,0.5226586581611288,555.1702676830803,0,1
0.059912491843918204,0.22619995820099928,0.13437300653076215,191.00426371232243,0,0
0.3311624347655954,0.10815875338211413,0.8588743529575609,26.06616319382513,1,1
0.18653559459565688,0.16265556792838198,0.9485576823738645,299.8763792447459,1,1
0.10068561407923879,0.17644892541605123,0.2542640561298939,233.82987478590258,1,0
0.20058904664584998,0.10490339272132464,0.2023255200584268,71.88229791482829,1,0
-0.05,0.4529803309720262,0.22204084393130596,115.04893431317969,1,0
-0.05,0.3951666074119449,0.6618729994992121,88.94736021231935,0,0
-0.05,0.25029583424751206,0.6622247126831585,436.18389133985556,2,0
0.1457297570574672,0.2363619490218344,0.8207355379366492,47.60643060261964,1,0
0.4318526999073165,0.36097805658461996,0.7390524301623153,101.1706290368291,2,1
0.5216340263146738,0.30034159006034905,0.4822362223639388,63.91050435053932,1,1
0.23484919825933628,0.21399250572873518,0.620927057330521,28.604603783024427,0,1
0.21015200549000224,0.21886764771212514,0.6850419698128066,519.7306018917218,0,1
-0.05,0.4426153927073689,0.5358259997424414,34.978959959585715,1,0
0.02231871604787608,0.15350102995655035,0.5043033367838912,107.35094743936492,1,0
-0.021801075343482995,0.4433654211521142,0.6483328287962552,22.36370908497168,1,1
0.008247432314799116,0.3253350724500852,0.5738533666293056,65.41447528501574,1,0
0.08973411265473787,0.56565594075909,0.6473509595355238,126.16304232099041,0,1
0.035023696014517075,0.2202397286675619,0.6209265578688592,46.535376877343005,0,1
-0.05,0.1044566260728614,0.7113170764366065,143.94646801852372,0,0
0.25462384610115607,0.31498128454200114,0.6463829824654446,72.58564147829885,1,1
-0.05,0.1355731263412047,0.5417811134716772,227.70843344673534,1,0
0.1630644355400069,0.13055575101121267,0.6795272895917285,267.5773626446312,0,0
0.4933348805549952,0.5447537220816466,0.4820596704076139,56.294913877773574,1,1
-0.0454892264855562,0.458297034584871,0.3054205420767109,95.71607790302532,0,0
-0.05,0.2513733219633596,0.10120548711382815,104.247031054285,0,1
0.06851924006158006,0.28966514880992145,0.5759695250739667,147.7437621357763,1,1
0.3181727342997428,0.2792099640260489,0.6020569426173448,91.05881323083756,0,1
0.47250254175970685,0.3627972552869115,0.9262416200593572,104.8120522305158,1,1
-0.05,0.21561593307625704,0.4072565839801342,74.08957396411618,1,0
0.2094058601825739,0.013998007373799335,0.43501325640406496,98.71055624700834,2,0
0.0362441177795904,0.08292415012706633,0.27152964414086167,254.25867513242815,0,0
0.10092929622525558,0.17481305800830646,0.15995415095172363,150.93761307073353,0,0
0.5959818024630663,0.2143874083053291,0.7568838189324795,157.74889735239321,1,1
-0.05,0.3829665781040867,0.31222890468842623,160.5260539509509,1,0
0.1656731390690232,0.48251884664016637,0.6175691318755322,79.59513538230122,1,1
0.20418477091777798,0.1721247551674376,0.6846070802136592,116.17081311596908,0,1
0.31544153848908246,0.2689146079713267,0.5005511841979006,37.783067681387685,0,1
0.1376369676247612,0.37933700786961716,0.8448992960731129,248.40143451271183,1,1
0.17544909711073842,0.17192241932574226,0.4772256148327695,9.714616957692316,1,1
0.049503257864077596,0.4637907771848696,0.34217232958550037,83.95502897457366,0,1
0.1684428494241193,0.07672885439365665,0.8616131945173789,224.2399719394349,0,0
0.05822539041046611,0.24571857035331027,0.8323296416124629,30.232141699207695,1,1
0.23188294017408914,0.24469616010566342,0.23943395501495104,123.94326667503584,0,1
0.05347013951214588,0.3727294203642797,0.12206686560083281,52.21588937550125,0,0
0.18787807090239356,0.11165826697996167,0.17648772289717757,67.01774183531747,0,0
0.11473269353670389,0.4657699051750481,0.3435652887707445,191.85747305193976,0,1
0.3226890451389902,0.40286889135392423,0.9264208314804541,105.47200272762922,1,1
0.11074912975407247,0.2511483030636773,0.5747387301867013,17.681436531536868,0,1
-0.05,0.21785846334980966,0.4172724722248785,41.217361705690145,0,0
0.3471458701285185,0.36202118927167676,0.8554086804208344,196.42262501004703,0,1
-0.04303181415527141,0.4091058526954105,0.4851658817567247,128.91511629441897,0,0
0.002322059043212435,0.4301266324631075,0.367952834140868,364.49340500468867,1,0
0.012780967072171426,0.17045847687962806,0.9000365994338088,345.8890556437782,0,0
0.36739885677074713,0.14861809154528466,0.8220900162637762,68.45686890155929,1,1
-0.05,0.14771472152976958,0.8171181191065248,666.866745472053,0,0
0.6847947360587988,0.4456815551059094,0.5354420315926811,91.79737806926036,0,1
0.3100902256318893,0.25098821527313986,0.7710226389931367,41.673489051752796,0,1
0.16018300454324874,0.12367697005988552,0.2524503553748691,54.222074670450745,0,0
0.11011907988906844,0.38382887729202736,0.587239513922807,14.799892478366827,1,1
0.17139973347437826,0.39727100324553744,0.9362690344204138,325.5822788788332,0,1
0.21380203710828088,0.21891389079204032,0.3473146659402674,322.40534563060066,1,0
0.23613880547101024,0.09487596715277204,0.7751994798605238,39.94861682459069,0,1
0.22000880388062072,0.7369290084627342,0.5169066461268571,75.01533574955012,0,1
0.1361245226259448,0.23589884754543217,0.13383483073877422,97.17233341385645,0,0
0.0844790843446813,0.3585391370756685,0.7485664881433173,41.75075597365349,1,1
0.09277080894236789,0.22583343197898553,0.24328377273329588,22.10753222204336,0,0
0.08491650953651741,0.15226984612263797,0.6367525320628376,76.07456037871303,0,0
0.3240786174360716,0.3284605320005925,0.17281456493992697,69.62588829430788,0,1
0.22684021001055513,0.11947758587093814,0.90483728787157,65.97467836075661,0,1
-0.05,0.3726880031657027,0.3479653041033068,107.57334027643707,2,1
0.23806213977535695,0.5856838473440281,0.29249498792578565,282.4822528436668,1,1
0.15505251504937947,0.20306593133913795,0.20976594345638416,70.63500366475517,1,0
0.11663242383973846,0.18730793072300556,0.9041018643381906,103.16755344168114,1,0
0.05006667844400055,0.1336147543659826,0.7051181810751094,161.01482137802236,1,0
0.3223402895974824,0.1931248424929694,0.7304117554103753,140.23426438504652,0,1
0.2905547631821144,0.21987205885070596,0.524493877173208,55.06207473993181,1,1
-0.019117980208249646,0.45939990989543045,0.5035186174799109,97.23217726364858,0,0
0.19326941168241632,0.3320312301706407,0.19351805654275517,139.49543212968632,0,1
-0.05,0.4353973697178231,0.5758649312463929,36.50024343401879,1,0
-0.05,0.19605250252876155,0.3098790208424719,247.3566466221192,1,0
0.007190899573806267,0.3139811553207685,0.930573532880345,282.95026047901086,1,1
0.27523082502889656,0.2987229163684188,0.7770937990128752,50.490025183084356,1,1
0.2915625081676956,0.038365250487443985,0.4510432511639545,105.10249476682944,0,1
0.21235537561751272,0.04394597146740671,0.22864006988780308,150.4788594176953,0,0
0.25051724163263944,0.04959484484746865,0.7675319374679663,58.17808136402991,0,0
0.2129120916806925,0.2395636514821449,0.2037457020191186,132.32897759134065,1,1
0.0045333128598686045,0.40624597853522315,0.2609336904725099,102.57605270241669,2,1
0.1977460580413093,0.1450204160911776,0.2797924400825933,27.817503862160855,0,1
0.26407371454098283,0.09108176175620504,0.5733570425321302,129.97330104458982,0,1
0.25577243936644334,0.17726857938609017,0.7689981558918113,37.33331408263592,0,1
0.33400440686543575,0.2568282802399632,0.36716764691598835,190.82605023596705,2,1
0.24749469249619147,0.13523063677427852,0.171969342133996,52.61657267007466,1,0
0.1832606773574849,0.10432270541008071,0.4948576939957563,79.12047201207233,0,0
0.3126270428969569,0.09870751983713322,0.7358937049859452,269.83836477559777,2,1
0.11522617333516919,0.6799009194853185,0.28841426662428005,133.9016154497694,1,1
-0.03873743722098921,0.08161594989342616,0.2869358658334681,37.95574456566581,0,0
0.0906479464901225,0.34615131813062555,0.9051429732447042,39.96750477626934,2,1
-0.014082476065160832,0.6697424146261156,0.9110306680513012,55.73218284861399,0,1
